date,country,event_type,raw_value,fatalities
2025-04-22,Germany,internal_violence,30.1,4
2025-04-22,Germany,repression,26.1,4
2025-04-22,Germany,domestic_attack,23.9,5
2025-04-22,Germany,war_activity,22.7,3
2025-04-22,Germany,external_attack,21.5,4
2025-04-22,Germany,regional_spillover,25.8,3
2025-04-23,Germany,internal_violence,31.7,7
2025-04-23,Germany,repression,31.4,6
2025-04-23,Germany,domestic_attack,26.4,4
2025-04-23,Germany,war_activity,25.5,3
2025-04-23,Germany,external_attack,21.4,4
2025-04-23,Germany,regional_spillover,25.1,5
2025-04-24,Germany,internal_violence,32.0,4
2025-04-24,Germany,repression,29.3,6
2025-04-24,Germany,domestic_attack,24.3,3
2025-04-24,Germany,war_activity,26.1,6
2025-04-24,Germany,external_attack,23.2,5
2025-04-24,Germany,regional_spillover,24.9,5
2025-04-25,Germany,internal_violence,34.4,5
2025-04-25,Germany,repression,31.9,6
2025-04-25,Germany,domestic_attack,26.0,5
2025-04-25,Germany,war_activity,24.2,5
2025-04-25,Germany,external_attack,22.8,3
2025-04-25,Germany,regional_spillover,28.4,6
2025-04-26,Germany,internal_violence,31.0,5
2025-04-26,Germany,repression,25.2,5
2025-04-26,Germany,domestic_attack,27.0,3
2025-04-26,Germany,war_activity,22.2,3
2025-04-26,Germany,external_attack,23.1,3
2025-04-26,Germany,regional_spillover,25.1,5
2025-04-27,Germany,internal_violence,33.5,7
2025-04-27,Germany,repression,27.4,3
2025-04-27,Germany,domestic_attack,26.6,3
2025-04-27,Germany,war_activity,21.4,3
2025-04-27,Germany,external_attack,24.0,5
2025-04-27,Germany,regional_spillover,23.4,5
2025-04-28,Germany,internal_violence,32.2,4
2025-04-28,Germany,repression,28.8,4
2025-04-28,Germany,domestic_attack,23.7,3
2025-04-28,Germany,war_activity,24.6,5
2025-04-28,Germany,external_attack,20.3,4
2025-04-28,Germany,regional_spillover,24.0,3
2025-04-29,Germany,internal_violence,33.3,4
2025-04-29,Germany,repression,27.6,4
2025-04-29,Germany,domestic_attack,27.0,6
2025-04-29,Germany,war_activity,24.0,4
2025-04-29,Germany,external_attack,21.2,5
2025-04-29,Germany,regional_spillover,24.7,4
2025-04-30,Germany,internal_violence,35.7,7
2025-04-30,Germany,repression,28.1,6
2025-04-30,Germany,domestic_attack,26.5,4
2025-04-30,Germany,war_activity,25.3,3
2025-04-30,Germany,external_attack,24.9,3
2025-04-30,Germany,regional_spillover,28.4,6
2025-05-01,Germany,internal_violence,37.1,5
2025-05-01,Germany,repression,32.1,6
2025-05-01,Germany,domestic_attack,29.6,5
2025-05-01,Germany,war_activity,23.4,4
2025-05-01,Germany,external_attack,22.0,2
2025-05-01,Germany,regional_spillover,26.0,4
2025-05-02,Germany,internal_violence,34.5,7
2025-05-02,Germany,repression,31.4,4
2025-05-02,Germany,domestic_attack,29.4,4
2025-05-02,Germany,war_activity,22.7,5
2025-05-02,Germany,external_attack,22.3,3
2025-05-02,Germany,regional_spillover,25.6,4
2025-05-03,Germany,internal_violence,34.7,5
2025-05-03,Germany,repression,29.5,5
2025-05-03,Germany,domestic_attack,25.9,4
2025-05-03,Germany,war_activity,21.9,5
2025-05-03,Germany,external_attack,24.6,3
2025-05-03,Germany,regional_spillover,26.5,3
2025-05-04,Germany,internal_violence,32.7,5
2025-05-04,Germany,repression,27.7,4
2025-05-04,Germany,domestic_attack,24.4,5
2025-05-04,Germany,war_activity,25.7,4
2025-05-04,Germany,external_attack,22.3,3
2025-05-04,Germany,regional_spillover,28.3,6
2025-05-05,Germany,internal_violence,31.2,7
2025-05-05,Germany,repression,28.6,6
2025-05-05,Germany,domestic_attack,27.3,5
2025-05-05,Germany,war_activity,25.3,5
2025-05-05,Germany,external_attack,22.8,5
2025-05-05,Germany,regional_spillover,28.0,5
2025-05-06,Germany,internal_violence,32.8,6
2025-05-06,Germany,repression,28.7,5
2025-05-06,Germany,domestic_attack,24.9,5
2025-05-06,Germany,war_activity,24.8,3
2025-05-06,Germany,external_attack,22.8,3
2025-05-06,Germany,regional_spillover,27.4,4
2025-05-07,Germany,internal_violence,37.7,8
2025-05-07,Germany,repression,30.6,6
2025-05-07,Germany,domestic_attack,30.0,6
2025-05-07,Germany,war_activity,22.0,3
2025-05-07,Germany,external_attack,22.7,5
2025-05-07,Germany,regional_spillover,30.0,6
2025-05-08,Germany,internal_violence,38.0,6
2025-05-08,Germany,repression,32.5,5
2025-05-08,Germany,domestic_attack,31.3,6
2025-05-08,Germany,war_activity,26.5,6
2025-05-08,Germany,external_attack,21.5,5
2025-05-08,Germany,regional_spillover,26.6,4
2025-05-09,Germany,internal_violence,35.2,7
2025-05-09,Germany,repression,30.0,6
2025-05-09,Germany,domestic_attack,30.9,6
2025-05-09,Germany,war_activity,25.4,3
2025-05-09,Germany,external_attack,24.3,4
2025-05-09,Germany,regional_spillover,29.3,6
2025-05-10,Germany,internal_violence,32.1,4
2025-05-10,Germany,repression,30.8,7
2025-05-10,Germany,domestic_attack,25.4,5
2025-05-10,Germany,war_activity,23.2,5
2025-05-10,Germany,external_attack,21.2,3
2025-05-10,Germany,regional_spillover,26.8,4
2025-05-11,Germany,internal_violence,32.7,6
2025-05-11,Germany,repression,27.8,5
2025-05-11,Germany,domestic_attack,28.5,5
2025-05-11,Germany,war_activity,25.7,4
2025-05-11,Germany,external_attack,23.9,3
2025-05-11,Germany,regional_spillover,27.4,3
2025-05-12,Germany,internal_violence,31.0,6
2025-05-12,Germany,repression,31.6,4
2025-05-12,Germany,domestic_attack,27.4,6
2025-05-12,Germany,war_activity,22.2,3
2025-05-12,Germany,external_attack,25.8,4
2025-05-12,Germany,regional_spillover,28.1,4
2025-05-13,Germany,internal_violence,35.2,5
2025-05-13,Germany,repression,32.8,7
2025-05-13,Germany,domestic_attack,27.6,6
2025-05-13,Germany,war_activity,26.2,4
2025-05-13,Germany,external_attack,22.1,5
2025-05-13,Germany,regional_spillover,25.9,3
2025-05-14,Germany,internal_violence,37.1,5
2025-05-14,Germany,repression,31.1,6
2025-05-14,Germany,domestic_attack,28.5,4
2025-05-14,Germany,war_activity,22.9,3
2025-05-14,Germany,external_attack,25.7,5
2025-05-14,Germany,regional_spillover,28.4,3
2025-05-15,Germany,internal_violence,34.7,4
2025-05-15,Germany,repression,30.5,5
2025-05-15,Germany,domestic_attack,28.5,4
2025-05-15,Germany,war_activity,22.2,4
2025-05-15,Germany,external_attack,23.7,5
2025-05-15,Germany,regional_spillover,26.9,4
2025-05-16,Germany,internal_violence,38.8,7
2025-05-16,Germany,repression,29.8,4
2025-05-16,Germany,domestic_attack,30.3,5
2025-05-16,Germany,war_activity,24.3,3
2025-05-16,Germany,external_attack,26.4,3
2025-05-16,Germany,regional_spillover,26.5,4
2025-05-17,Germany,internal_violence,35.0,5
2025-05-17,Germany,repression,29.4,5
2025-05-17,Germany,domestic_attack,24.9,6
2025-05-17,Germany,war_activity,23.1,4
2025-05-17,Germany,external_attack,21.9,3
2025-05-17,Germany,regional_spillover,27.8,5
2025-05-18,Germany,internal_violence,33.6,7
2025-05-18,Germany,repression,28.0,5
2025-05-18,Germany,domestic_attack,25.6,4
2025-05-18,Germany,war_activity,23.0,4
2025-05-18,Germany,external_attack,23.2,4
2025-05-18,Germany,regional_spillover,27.9,5
2025-05-19,Germany,internal_violence,32.5,7
2025-05-19,Germany,repression,32.0,6
2025-05-19,Germany,domestic_attack,26.1,4
2025-05-19,Germany,war_activity,22.6,5
2025-05-19,Germany,external_attack,22.6,5
2025-05-19,Germany,regional_spillover,25.8,6
2025-05-20,Germany,internal_violence,36.4,7
2025-05-20,Germany,repression,28.7,4
2025-05-20,Germany,domestic_attack,25.3,5
2025-05-20,Germany,war_activity,25.1,3
2025-05-20,Germany,external_attack,22.9,5
2025-05-20,Germany,regional_spillover,29.7,4
2025-05-21,Germany,internal_violence,37.4,5
2025-05-21,Germany,repression,34.7,6
2025-05-21,Germany,domestic_attack,27.4,4
2025-05-21,Germany,war_activity,26.8,5
2025-05-21,Germany,external_attack,25.9,5
2025-05-21,Germany,regional_spillover,31.2,6
2025-05-22,Germany,internal_violence,37.9,6
2025-05-22,Germany,repression,31.2,6
2025-05-22,Germany,domestic_attack,26.8,5
2025-05-22,Germany,war_activity,21.9,5
2025-05-22,Germany,external_attack,26.8,6
2025-05-22,Germany,regional_spillover,30.0,4
2025-05-23,Germany,internal_violence,35.7,4
2025-05-23,Germany,repression,32.5,7
2025-05-23,Germany,domestic_attack,26.7,3
2025-05-23,Germany,war_activity,23.1,5
2025-05-23,Germany,external_attack,21.8,3
2025-05-23,Germany,regional_spillover,30.2,5
2025-05-24,Germany,internal_violence,34.8,6
2025-05-24,Germany,repression,28.2,5
2025-05-24,Germany,domestic_attack,24.9,4
2025-05-24,Germany,war_activity,21.6,2
2025-05-24,Germany,external_attack,25.7,6
2025-05-24,Germany,regional_spillover,28.5,6
2025-05-25,Germany,internal_violence,33.3,5
2025-05-25,Germany,repression,28.4,6
2025-05-25,Germany,domestic_attack,23.7,5
2025-05-25,Germany,war_activity,23.4,3
2025-05-25,Germany,external_attack,21.7,2
2025-05-25,Germany,regional_spillover,27.9,5
2025-05-26,Germany,internal_violence,35.5,5
2025-05-26,Germany,repression,31.0,6
2025-05-26,Germany,domestic_attack,24.3,5
2025-05-26,Germany,war_activity,23.4,4
2025-05-26,Germany,external_attack,21.8,3
2025-05-26,Germany,regional_spillover,26.0,6
2025-05-27,Germany,internal_violence,32.1,5
2025-05-27,Germany,repression,32.8,6
2025-05-27,Germany,domestic_attack,29.9,5
2025-05-27,Germany,war_activity,22.5,5
2025-05-27,Germany,external_attack,24.7,4
2025-05-27,Germany,regional_spillover,27.5,5
2025-05-28,Germany,internal_violence,34.4,7
2025-05-28,Germany,repression,28.6,4
2025-05-28,Germany,domestic_attack,28.0,5
2025-05-28,Germany,war_activity,22.0,3
2025-05-28,Germany,external_attack,25.1,3
2025-05-28,Germany,regional_spillover,30.4,4
2025-05-29,Germany,internal_violence,34.7,6
2025-05-29,Germany,repression,34.1,4
2025-05-29,Germany,domestic_attack,26.6,5
2025-05-29,Germany,war_activity,21.5,4
2025-05-29,Germany,external_attack,25.6,4
2025-05-29,Germany,regional_spillover,27.7,3
2025-05-30,Germany,internal_violence,36.0,7
2025-05-30,Germany,repression,29.1,5
2025-05-30,Germany,domestic_attack,29.6,4
2025-05-30,Germany,war_activity,21.5,3
2025-05-30,Germany,external_attack,20.9,2
2025-05-30,Germany,regional_spillover,26.8,4
2025-05-31,Germany,internal_violence,30.6,5
2025-05-31,Germany,repression,26.1,5
2025-05-31,Germany,domestic_attack,28.7,5
2025-05-31,Germany,war_activity,22.6,3
2025-05-31,Germany,external_attack,24.5,4
2025-05-31,Germany,regional_spillover,27.7,3
2025-06-01,Germany,internal_violence,28.9,4
2025-06-01,Germany,repression,28.3,5
2025-06-01,Germany,domestic_attack,27.1,3
2025-06-01,Germany,war_activity,20.2,3
2025-06-01,Germany,external_attack,25.2,4
2025-06-01,Germany,regional_spillover,26.1,5
2025-06-02,Germany,internal_violence,30.4,4
2025-06-02,Germany,repression,28.3,5
2025-06-02,Germany,domestic_attack,26.1,3
2025-06-02,Germany,war_activity,25.5,4
2025-06-02,Germany,external_attack,21.9,2
2025-06-02,Germany,regional_spillover,27.6,3
2025-06-03,Germany,internal_violence,31.1,7
2025-06-03,Germany,repression,27.7,6
2025-06-03,Germany,domestic_attack,27.6,4
2025-06-03,Germany,war_activity,22.6,4
2025-06-03,Germany,external_attack,20.3,5
2025-06-03,Germany,regional_spillover,28.8,5
2025-06-04,Germany,internal_violence,35.6,5
2025-06-04,Germany,repression,31.2,6
2025-06-04,Germany,domestic_attack,29.0,5
2025-06-04,Germany,war_activity,23.3,3
2025-06-04,Germany,external_attack,24.9,4
2025-06-04,Germany,regional_spillover,28.0,3
2025-06-05,Germany,internal_violence,36.2,5
2025-06-05,Germany,repression,31.0,5
2025-06-05,Germany,domestic_attack,24.9,5
2025-06-05,Germany,war_activity,23.4,4
2025-06-05,Germany,external_attack,23.9,3
2025-06-05,Germany,regional_spillover,25.2,4
2025-06-06,Germany,internal_violence,33.7,5
2025-06-06,Germany,repression,27.8,4
2025-06-06,Germany,domestic_attack,28.6,4
2025-06-06,Germany,war_activity,23.7,5
2025-06-06,Germany,external_attack,20.8,4
2025-06-06,Germany,regional_spillover,29.1,6
2025-06-07,Germany,internal_violence,31.5,4
2025-06-07,Germany,repression,25.1,4
2025-06-07,Germany,domestic_attack,27.2,4
2025-06-07,Germany,war_activity,20.4,2
2025-06-07,Germany,external_attack,23.9,3
2025-06-07,Germany,regional_spillover,24.6,5
2025-06-08,Germany,internal_violence,29.8,6
2025-06-08,Germany,repression,26.9,6
2025-06-08,Germany,domestic_attack,24.7,4
2025-06-08,Germany,war_activity,23.0,5
2025-06-08,Germany,external_attack,20.0,4
2025-06-08,Germany,regional_spillover,27.3,6
2025-06-09,Germany,internal_violence,28.0,6
2025-06-09,Germany,repression,26.6,5
2025-06-09,Germany,domestic_attack,21.9,3
2025-06-09,Germany,war_activity,24.6,3
2025-06-09,Germany,external_attack,24.6,3
2025-06-09,Germany,regional_spillover,25.7,5
2025-06-10,Germany,internal_violence,31.8,4
2025-06-10,Germany,repression,26.3,5
2025-06-10,Germany,domestic_attack,27.4,3
2025-06-10,Germany,war_activity,25.6,4
2025-06-10,Germany,external_attack,23.0,4
2025-06-10,Germany,regional_spillover,27.3,6
2025-06-11,Germany,internal_violence,35.2,7
2025-06-11,Germany,repression,26.3,3
2025-06-11,Germany,domestic_attack,25.6,4
2025-06-11,Germany,war_activity,21.1,5
2025-06-11,Germany,external_attack,24.2,4
2025-06-11,Germany,regional_spillover,28.4,3
2025-06-12,Germany,internal_violence,34.8,5
2025-06-12,Germany,repression,28.9,6
2025-06-12,Germany,domestic_attack,25.6,5
2025-06-12,Germany,war_activity,23.0,5
2025-06-12,Germany,external_attack,25.5,3
2025-06-12,Germany,regional_spillover,28.0,4
2025-06-13,Germany,internal_violence,31.0,6
2025-06-13,Germany,repression,29.8,5
2025-06-13,Germany,domestic_attack,23.6,3
2025-06-13,Germany,war_activity,25.7,6
2025-06-13,Germany,external_attack,21.5,5
2025-06-13,Germany,regional_spillover,27.0,6
2025-06-14,Germany,internal_violence,31.6,5
2025-06-14,Germany,repression,25.0,6
2025-06-14,Germany,domestic_attack,22.1,4
2025-06-14,Germany,war_activity,22.2,4
2025-06-14,Germany,external_attack,22.2,5
2025-06-14,Germany,regional_spillover,27.0,5
2025-06-15,Germany,internal_violence,29.2,5
2025-06-15,Germany,repression,27.4,4
2025-06-15,Germany,domestic_attack,24.8,5
2025-06-15,Germany,war_activity,19.9,2
2025-06-15,Germany,external_attack,23.3,5
2025-06-15,Germany,regional_spillover,25.2,5
2025-06-16,Germany,internal_violence,28.3,5
2025-06-16,Germany,repression,27.1,3
2025-06-16,Germany,domestic_attack,23.8,4
2025-06-16,Germany,war_activity,20.0,2
2025-06-16,Germany,external_attack,21.2,3
2025-06-16,Germany,regional_spillover,27.0,5
2025-06-17,Germany,internal_violence,30.7,4
2025-06-17,Germany,repression,28.7,6
2025-06-17,Germany,domestic_attack,24.5,5
2025-06-17,Germany,war_activity,21.8,5
2025-06-17,Germany,external_attack,22.6,5
2025-06-17,Germany,regional_spillover,23.7,4
2025-06-18,Germany,internal_violence,29.9,6
2025-06-18,Germany,repression,25.7,3
2025-06-18,Germany,domestic_attack,24.5,3
2025-06-18,Germany,war_activity,21.2,4
2025-06-18,Germany,external_attack,21.0,3
2025-06-18,Germany,regional_spillover,25.6,4
2025-06-19,Germany,internal_violence,32.8,7
2025-06-19,Germany,repression,27.2,5
2025-06-19,Germany,domestic_attack,26.5,5
2025-06-19,Germany,war_activity,21.5,4
2025-06-19,Germany,external_attack,21.9,5
2025-06-19,Germany,regional_spillover,26.8,4
2025-06-20,Germany,internal_violence,29.3,4
2025-06-20,Germany,repression,27.3,6
2025-06-20,Germany,domestic_attack,26.6,4
2025-06-20,Germany,war_activity,22.8,4
2025-06-20,Germany,external_attack,22.3,4
2025-06-20,Germany,regional_spillover,28.0,6
2025-06-21,Germany,internal_violence,31.1,6
2025-06-21,Germany,repression,28.5,5
2025-06-21,Germany,domestic_attack,23.9,4
2025-06-21,Germany,war_activity,23.4,5
2025-06-21,Germany,external_attack,20.7,5
2025-06-21,Germany,regional_spillover,27.5,4
2025-06-22,Germany,internal_violence,26.9,6
2025-06-22,Germany,repression,23.4,3
2025-06-22,Germany,domestic_attack,22.5,4
2025-06-22,Germany,war_activity,21.0,2
2025-06-22,Germany,external_attack,19.2,3
2025-06-22,Germany,regional_spillover,21.8,3
2025-06-23,Germany,internal_violence,30.9,5
2025-06-23,Germany,repression,25.9,5
2025-06-23,Germany,domestic_attack,21.0,3
2025-06-23,Germany,war_activity,20.4,3
2025-06-23,Germany,external_attack,20.8,2
2025-06-23,Germany,regional_spillover,25.8,6
2025-06-24,Germany,internal_violence,33.3,7
2025-06-24,Germany,repression,27.3,4
2025-06-24,Germany,domestic_attack,22.6,3
2025-06-24,Germany,war_activity,22.8,4
2025-06-24,Germany,external_attack,22.6,5
2025-06-24,Germany,regional_spillover,25.4,5
2025-06-25,Germany,internal_violence,34.4,5
2025-06-25,Germany,repression,28.4,5
2025-06-25,Germany,domestic_attack,23.6,4
2025-06-25,Germany,war_activity,22.6,3
2025-06-25,Germany,external_attack,21.5,2
2025-06-25,Germany,regional_spillover,27.2,5
2025-06-26,Germany,internal_violence,31.3,6
2025-06-26,Germany,repression,31.6,6
2025-06-26,Germany,domestic_attack,27.8,4
2025-06-26,Germany,war_activity,21.0,3
2025-06-26,Germany,external_attack,24.5,5
2025-06-26,Germany,regional_spillover,24.2,3
2025-06-27,Germany,internal_violence,34.5,7
2025-06-27,Germany,repression,29.7,4
2025-06-27,Germany,domestic_attack,26.3,3
2025-06-27,Germany,war_activity,23.9,4
2025-06-27,Germany,external_attack,23.0,5
2025-06-27,Germany,regional_spillover,25.1,4
2025-06-28,Germany,internal_violence,33.4,5
2025-06-28,Germany,repression,24.9,3
2025-06-28,Germany,domestic_attack,24.1,3
2025-06-28,Germany,war_activity,25.2,4
2025-06-28,Germany,external_attack,22.3,2
2025-06-28,Germany,regional_spillover,25.8,4
2025-06-29,Germany,internal_violence,32.0,4
2025-06-29,Germany,repression,28.3,5
2025-06-29,Germany,domestic_attack,22.7,3
2025-06-29,Germany,war_activity,20.6,3
2025-06-29,Germany,external_attack,23.5,4
2025-06-29,Germany,regional_spillover,24.0,4
2025-06-30,Germany,internal_violence,28.7,5
2025-06-30,Germany,repression,24.6,4
2025-06-30,Germany,domestic_attack,22.0,2
2025-06-30,Germany,war_activity,23.1,4
2025-06-30,Germany,external_attack,22.7,3
2025-06-30,Germany,regional_spillover,26.7,4
2025-07-01,Germany,internal_violence,32.1,6
2025-07-01,Germany,repression,30.2,6
2025-07-01,Germany,domestic_attack,28.1,6
2025-07-01,Germany,war_activity,22.0,5
2025-07-01,Germany,external_attack,24.4,4
2025-07-01,Germany,regional_spillover,25.8,4
2025-07-02,Germany,internal_violence,31.3,4
2025-07-02,Germany,repression,32.2,4
2025-07-02,Germany,domestic_attack,28.5,5
2025-07-02,Germany,war_activity,23.8,2
2025-07-02,Germany,external_attack,21.2,5
2025-07-02,Germany,regional_spillover,29.1,6
2025-07-03,Germany,internal_violence,36.4,5
2025-07-03,Germany,repression,28.4,6
2025-07-03,Germany,domestic_attack,26.2,5
2025-07-03,Germany,war_activity,25.7,5
2025-07-03,Germany,external_attack,22.7,5
2025-07-03,Germany,regional_spillover,29.1,6
2025-07-04,Germany,internal_violence,35.0,6
2025-07-04,Germany,repression,29.7,6
2025-07-04,Germany,domestic_attack,29.4,5
2025-07-04,Germany,war_activity,23.0,4
2025-07-04,Germany,external_attack,22.0,4
2025-07-04,Germany,regional_spillover,27.2,4
2025-07-05,Germany,internal_violence,33.1,7
2025-07-05,Germany,repression,29.4,6
2025-07-05,Germany,domestic_attack,28.4,4
2025-07-05,Germany,war_activity,22.4,4
2025-07-05,Germany,external_attack,22.1,4
2025-07-05,Germany,regional_spillover,25.8,5
2025-07-06,Germany,internal_violence,29.6,6
2025-07-06,Germany,repression,28.4,5
2025-07-06,Germany,domestic_attack,26.8,5
2025-07-06,Germany,war_activity,24.2,5
2025-07-06,Germany,external_attack,23.7,3
2025-07-06,Germany,regional_spillover,27.1,4
2025-07-07,Germany,internal_violence,33.8,4
2025-07-07,Germany,repression,28.0,4
2025-07-07,Germany,domestic_attack,25.1,6
2025-07-07,Germany,war_activity,22.8,5
2025-07-07,Germany,external_attack,24.6,3
2025-07-07,Germany,regional_spillover,24.7,3
2025-07-08,Germany,internal_violence,36.9,7
2025-07-08,Germany,repression,30.7,5
2025-07-08,Germany,domestic_attack,29.7,5
2025-07-08,Germany,war_activity,22.5,3
2025-07-08,Germany,external_attack,21.9,4
2025-07-08,Germany,regional_spillover,26.7,4
2025-07-09,Germany,internal_violence,37.1,6
2025-07-09,Germany,repression,33.9,5
2025-07-09,Germany,domestic_attack,26.1,3
2025-07-09,Germany,war_activity,23.4,3
2025-07-09,Germany,external_attack,21.2,4
2025-07-09,Germany,regional_spillover,28.0,5
2025-07-10,Germany,internal_violence,36.9,7
2025-07-10,Germany,repression,30.4,4
2025-07-10,Germany,domestic_attack,30.9,4
2025-07-10,Germany,war_activity,26.4,6
2025-07-10,Germany,external_attack,22.1,5
2025-07-10,Germany,regional_spillover,29.1,4
2025-07-11,Germany,internal_violence,34.0,6
2025-07-11,Germany,repression,33.6,4
2025-07-11,Germany,domestic_attack,27.6,5
2025-07-11,Germany,war_activity,25.5,3
2025-07-11,Germany,external_attack,22.5,3
2025-07-11,Germany,regional_spillover,29.3,4
2025-07-12,Germany,internal_violence,34.8,7
2025-07-12,Germany,repression,30.6,4
2025-07-12,Germany,domestic_attack,30.4,5
2025-07-12,Germany,war_activity,24.4,4
2025-07-12,Germany,external_attack,21.8,5
2025-07-12,Germany,regional_spillover,30.3,4
2025-07-13,Germany,internal_violence,35.6,5
2025-07-13,Germany,repression,30.8,5
2025-07-13,Germany,domestic_attack,27.4,5
2025-07-13,Germany,war_activity,22.2,4
2025-07-13,Germany,external_attack,26.2,4
2025-07-13,Germany,regional_spillover,29.1,6
2025-07-14,Germany,internal_violence,36.6,6
2025-07-14,Germany,repression,33.0,5
2025-07-14,Germany,domestic_attack,28.5,5
2025-07-14,Germany,war_activity,26.8,4
2025-07-14,Germany,external_attack,23.2,4
2025-07-14,Germany,regional_spillover,28.8,5
2025-07-15,Germany,internal_violence,37.2,6
2025-07-15,Germany,repression,32.4,4
2025-07-15,Germany,domestic_attack,29.5,5
2025-07-15,Germany,war_activity,22.5,2
2025-07-15,Germany,external_attack,27.0,4
2025-07-15,Germany,regional_spillover,28.7,4
2025-07-16,Germany,internal_violence,39.2,6
2025-07-16,Germany,repression,33.1,4
2025-07-16,Germany,domestic_attack,29.2,6
2025-07-16,Germany,war_activity,23.5,4
2025-07-16,Germany,external_attack,25.6,3
2025-07-16,Germany,regional_spillover,28.6,5
2025-07-17,Germany,internal_violence,41.9,8
2025-07-17,Germany,repression,37.6,7
2025-07-17,Germany,domestic_attack,29.5,4
2025-07-17,Germany,war_activity,28.3,4
2025-07-17,Germany,external_attack,27.9,3
2025-07-17,Germany,regional_spillover,29.6,6
2025-07-18,Germany,internal_violence,41.4,6
2025-07-18,Germany,repression,37.0,5
2025-07-18,Germany,domestic_attack,32.9,5
2025-07-18,Germany,war_activity,26.2,3
2025-07-18,Germany,external_attack,22.1,3
2025-07-18,Germany,regional_spillover,30.9,6
2025-07-19,Germany,internal_violence,35.1,5
2025-07-19,Germany,repression,33.9,5
2025-07-19,Germany,domestic_attack,27.4,4
2025-07-19,Germany,war_activity,24.9,4
2025-07-19,Germany,external_attack,22.8,5
2025-07-19,Germany,regional_spillover,26.6,5
2025-07-20,Germany,internal_violence,35.7,5
2025-07-20,Germany,repression,32.2,5
2025-07-20,Germany,domestic_attack,31.4,6
2025-07-20,Germany,war_activity,26.6,4
2025-07-20,Germany,external_attack,22.2,4
2025-07-20,Germany,regional_spillover,30.9,5
2025-07-21,Germany,internal_violence,36.7,5
2025-07-21,Germany,repression,33.8,5
2025-07-21,Germany,domestic_attack,28.7,4
2025-07-21,Germany,war_activity,22.7,4
2025-07-21,Germany,external_attack,24.2,5
2025-07-21,Germany,regional_spillover,28.4,3
2025-07-22,Germany,internal_violence,39.5,6
2025-07-22,Germany,repression,34.9,7
2025-07-22,Germany,domestic_attack,31.0,6
2025-07-22,Germany,war_activity,24.9,5
2025-07-22,Germany,external_attack,23.3,3
2025-07-22,Germany,regional_spillover,29.9,4
2025-07-23,Germany,internal_violence,41.9,7
2025-07-23,Germany,repression,37.6,6
2025-07-23,Germany,domestic_attack,30.6,6
2025-07-23,Germany,war_activity,25.4,3
2025-07-23,Germany,external_attack,22.8,5
2025-07-23,Germany,regional_spillover,28.7,4
2025-07-24,Germany,internal_violence,41.7,6
2025-07-24,Germany,repression,36.9,7
2025-07-24,Germany,domestic_attack,30.9,6
2025-07-24,Germany,war_activity,24.1,3
2025-07-24,Germany,external_attack,26.6,6
2025-07-24,Germany,regional_spillover,34.4,6
2025-07-25,Germany,internal_violence,40.8,6
2025-07-25,Germany,repression,35.8,5
2025-07-25,Germany,domestic_attack,31.3,6
2025-07-25,Germany,war_activity,27.6,3
2025-07-25,Germany,external_attack,24.8,4
2025-07-25,Germany,regional_spillover,31.0,6
2025-07-26,Germany,internal_violence,41.7,6
2025-07-26,Germany,repression,37.0,5
2025-07-26,Germany,domestic_attack,31.1,4
2025-07-26,Germany,war_activity,24.2,5
2025-07-26,Germany,external_attack,24.7,4
2025-07-26,Germany,regional_spillover,32.8,4
2025-07-27,Germany,internal_violence,40.3,6
2025-07-27,Germany,repression,31.9,6
2025-07-27,Germany,domestic_attack,32.3,5
2025-07-27,Germany,war_activity,24.1,4
2025-07-27,Germany,external_attack,23.3,5
2025-07-27,Germany,regional_spillover,28.7,4
2025-07-28,Germany,internal_violence,42.2,7
2025-07-28,Germany,repression,34.1,6
2025-07-28,Germany,domestic_attack,30.1,7
2025-07-28,Germany,war_activity,24.2,3
2025-07-28,Germany,external_attack,24.3,3
2025-07-28,Germany,regional_spillover,29.5,5
2025-07-29,Germany,internal_violence,42.6,7
2025-07-29,Germany,repression,37.5,8
2025-07-29,Germany,domestic_attack,33.1,4
2025-07-29,Germany,war_activity,27.2,3
2025-07-29,Germany,external_attack,26.9,4
2025-07-29,Germany,regional_spillover,30.1,5
2025-07-30,Germany,internal_violence,44.9,8
2025-07-30,Germany,repression,39.2,8
2025-07-30,Germany,domestic_attack,36.4,5
2025-07-30,Germany,war_activity,26.6,3
2025-07-30,Germany,external_attack,27.5,5
2025-07-30,Germany,regional_spillover,34.9,4
2025-07-31,Germany,internal_violence,46.2,8
2025-07-31,Germany,repression,35.9,5
2025-07-31,Germany,domestic_attack,36.0,7
2025-07-31,Germany,war_activity,27.6,4
2025-07-31,Germany,external_attack,28.8,5
2025-07-31,Germany,regional_spillover,32.2,4
2025-08-01,Germany,internal_violence,41.4,7
2025-08-01,Germany,repression,39.1,7
2025-08-01,Germany,domestic_attack,36.5,6
2025-08-01,Germany,war_activity,24.6,4
2025-08-01,Germany,external_attack,28.9,5
2025-08-01,Germany,regional_spillover,33.9,7
2025-08-02,Germany,internal_violence,38.7,7
2025-08-02,Germany,repression,35.5,5
2025-08-02,Germany,domestic_attack,33.8,6
2025-08-02,Germany,war_activity,25.5,5
2025-08-02,Germany,external_attack,25.6,4
2025-08-02,Germany,regional_spillover,29.8,6
2025-08-03,Germany,internal_violence,37.6,7
2025-08-03,Germany,repression,35.6,7
2025-08-03,Germany,domestic_attack,30.9,6
2025-08-03,Germany,war_activity,24.1,3
2025-08-03,Germany,external_attack,26.2,5
2025-08-03,Germany,regional_spillover,29.1,6
2025-08-04,Germany,internal_violence,41.4,6
2025-08-04,Germany,repression,37.6,6
2025-08-04,Germany,domestic_attack,34.0,5
2025-08-04,Germany,war_activity,24.0,4
2025-08-04,Germany,external_attack,27.2,4
2025-08-04,Germany,regional_spillover,32.0,5
2025-08-05,Germany,internal_violence,43.5,8
2025-08-05,Germany,repression,37.6,7
2025-08-05,Germany,domestic_attack,34.0,4
2025-08-05,Germany,war_activity,27.7,3
2025-08-05,Germany,external_attack,27.3,5
2025-08-05,Germany,regional_spillover,31.1,6
2025-08-06,Germany,internal_violence,42.7,8
2025-08-06,Germany,repression,40.1,7
2025-08-06,Germany,domestic_attack,33.4,5
2025-08-06,Germany,war_activity,28.2,5
2025-08-06,Germany,external_attack,28.4,6
2025-08-06,Germany,regional_spillover,30.8,7
2025-08-07,Germany,internal_violence,44.8,8
2025-08-07,Germany,repression,37.0,5
2025-08-07,Germany,domestic_attack,33.7,5
2025-08-07,Germany,war_activity,27.8,5
2025-08-07,Germany,external_attack,24.2,5
2025-08-07,Germany,regional_spillover,34.5,6
2025-08-08,Germany,internal_violence,45.4,8
2025-08-08,Germany,repression,35.7,5
2025-08-08,Germany,domestic_attack,33.6,4
2025-08-08,Germany,war_activity,25.3,5
2025-08-08,Germany,external_attack,27.7,6
2025-08-08,Germany,regional_spillover,31.4,4
2025-08-09,Germany,internal_violence,41.9,6
2025-08-09,Germany,repression,35.3,4
2025-08-09,Germany,domestic_attack,35.0,7
2025-08-09,Germany,war_activity,27.4,5
2025-08-09,Germany,external_attack,25.7,5
2025-08-09,Germany,regional_spillover,30.8,4
2025-08-10,Germany,internal_violence,41.5,6
2025-08-10,Germany,repression,32.6,6
2025-08-10,Germany,domestic_attack,34.0,5
2025-08-10,Germany,war_activity,27.1,6
2025-08-10,Germany,external_attack,25.1,4
2025-08-10,Germany,regional_spillover,32.4,7
2025-08-11,Germany,internal_violence,37.9,5
2025-08-11,Germany,repression,35.6,6
2025-08-11,Germany,domestic_attack,33.1,7
2025-08-11,Germany,war_activity,26.1,6
2025-08-11,Germany,external_attack,22.9,3
2025-08-11,Germany,regional_spillover,32.9,5
2025-08-12,Germany,internal_violence,41.0,7
2025-08-12,Germany,repression,36.7,7
2025-08-12,Germany,domestic_attack,34.3,5
2025-08-12,Germany,war_activity,28.2,4
2025-08-12,Germany,external_attack,24.4,4
2025-08-12,Germany,regional_spillover,30.8,4
2025-08-13,Germany,internal_violence,42.9,6
2025-08-13,Germany,repression,36.6,5
2025-08-13,Germany,domestic_attack,33.6,6
2025-08-13,Germany,war_activity,28.7,5
2025-08-13,Germany,external_attack,27.2,3
2025-08-13,Germany,regional_spillover,30.2,4
2025-08-14,Germany,internal_violence,42.1,8
2025-08-14,Germany,repression,35.7,7
2025-08-14,Germany,domestic_attack,33.7,6
2025-08-14,Germany,war_activity,25.3,4
2025-08-14,Germany,external_attack,27.4,5
2025-08-14,Germany,regional_spillover,34.0,6
2025-08-15,Germany,internal_violence,39.0,7
2025-08-15,Germany,repression,35.9,5
2025-08-15,Germany,domestic_attack,32.8,7
2025-08-15,Germany,war_activity,29.0,5
2025-08-15,Germany,external_attack,27.0,5
2025-08-15,Germany,regional_spillover,31.3,4
2025-08-16,Germany,internal_violence,37.8,7
2025-08-16,Germany,repression,33.5,6
2025-08-16,Germany,domestic_attack,34.6,5
2025-08-16,Germany,war_activity,27.8,3
2025-08-16,Germany,external_attack,23.9,3
2025-08-16,Germany,regional_spillover,31.3,4
2025-08-17,Germany,internal_violence,38.0,7
2025-08-17,Germany,repression,31.9,4
2025-08-17,Germany,domestic_attack,31.6,6
2025-08-17,Germany,war_activity,23.6,2
2025-08-17,Germany,external_attack,23.5,5
2025-08-17,Germany,regional_spillover,28.4,4
2025-08-18,Germany,internal_violence,40.3,7
2025-08-18,Germany,repression,36.0,6
2025-08-18,Germany,domestic_attack,29.9,5
2025-08-18,Germany,war_activity,25.0,5
2025-08-18,Germany,external_attack,24.9,4
2025-08-18,Germany,regional_spillover,31.1,4
2025-08-19,Germany,internal_violence,41.2,7
2025-08-19,Germany,repression,33.9,5
2025-08-19,Germany,domestic_attack,30.3,7
2025-08-19,Germany,war_activity,28.4,4
2025-08-19,Germany,external_attack,24.2,5
2025-08-19,Germany,regional_spillover,30.7,6
2025-08-20,Germany,internal_violence,40.9,6
2025-08-20,Germany,repression,34.0,7
2025-08-20,Germany,domestic_attack,34.5,6
2025-08-20,Germany,war_activity,25.2,4
2025-08-20,Germany,external_attack,23.5,3
2025-08-20,Germany,regional_spillover,33.1,4
2025-08-21,Germany,internal_violence,38.5,5
2025-08-21,Germany,repression,36.8,5
2025-08-21,Germany,domestic_attack,32.8,6
2025-08-21,Germany,war_activity,28.6,6
2025-08-21,Germany,external_attack,27.4,4
2025-08-21,Germany,regional_spillover,29.9,5
2025-08-22,Germany,internal_violence,37.1,5
2025-08-22,Germany,repression,36.7,7
2025-08-22,Germany,domestic_attack,31.3,5
2025-08-22,Germany,war_activity,27.2,5
2025-08-22,Germany,external_attack,22.6,4
2025-08-22,Germany,regional_spillover,32.2,5
2025-08-23,Germany,internal_violence,37.3,6
2025-08-23,Germany,repression,35.2,6
2025-08-23,Germany,domestic_attack,27.5,5
2025-08-23,Germany,war_activity,22.5,4
2025-08-23,Germany,external_attack,22.0,4
2025-08-23,Germany,regional_spillover,31.3,6
2025-08-24,Germany,internal_violence,37.1,6
2025-08-24,Germany,repression,34.6,6
2025-08-24,Germany,domestic_attack,28.3,5
2025-08-24,Germany,war_activity,26.2,6
2025-08-24,Germany,external_attack,25.2,4
2025-08-24,Germany,regional_spillover,29.8,5
2025-08-25,Germany,internal_violence,37.3,8
2025-08-25,Germany,repression,34.1,5
2025-08-25,Germany,domestic_attack,29.3,5
2025-08-25,Germany,war_activity,26.9,3
2025-08-25,Germany,external_attack,21.7,5
2025-08-25,Germany,regional_spillover,30.7,4
2025-08-26,Germany,internal_violence,38.9,8
2025-08-26,Germany,repression,31.2,4
2025-08-26,Germany,domestic_attack,31.2,5
2025-08-26,Germany,war_activity,24.6,4
2025-08-26,Germany,external_attack,23.2,3
2025-08-26,Germany,regional_spillover,30.1,6
2025-08-27,Germany,internal_violence,36.0,6
2025-08-27,Germany,repression,31.9,6
2025-08-27,Germany,domestic_attack,32.7,7
2025-08-27,Germany,war_activity,25.9,3
2025-08-27,Germany,external_attack,22.3,4
2025-08-27,Germany,regional_spillover,29.2,5
2025-08-28,Germany,internal_violence,40.4,7
2025-08-28,Germany,repression,32.4,5
2025-08-28,Germany,domestic_attack,28.9,4
2025-08-28,Germany,war_activity,26.4,5
2025-08-28,Germany,external_attack,26.9,5
2025-08-28,Germany,regional_spillover,29.1,4
2025-08-29,Germany,internal_violence,35.8,5
2025-08-29,Germany,repression,33.7,4
2025-08-29,Germany,domestic_attack,29.9,4
2025-08-29,Germany,war_activity,23.9,3
2025-08-29,Germany,external_attack,24.7,5
2025-08-29,Germany,regional_spillover,27.6,6
2025-08-30,Germany,internal_violence,36.2,7
2025-08-30,Germany,repression,30.2,5
2025-08-30,Germany,domestic_attack,27.3,5
2025-08-30,Germany,war_activity,22.1,4
2025-08-30,Germany,external_attack,26.0,4
2025-08-30,Germany,regional_spillover,25.6,4
2025-08-31,Germany,internal_violence,31.2,6
2025-08-31,Germany,repression,30.0,6
2025-08-31,Germany,domestic_attack,25.6,4
2025-08-31,Germany,war_activity,24.1,5
2025-08-31,Germany,external_attack,23.3,3
2025-08-31,Germany,regional_spillover,24.9,3
2025-09-01,Germany,internal_violence,31.2,5
2025-09-01,Germany,repression,28.4,4
2025-09-01,Germany,domestic_attack,27.5,4
2025-09-01,Germany,war_activity,23.9,4
2025-09-01,Germany,external_attack,24.3,4
2025-09-01,Germany,regional_spillover,29.3,6
2025-09-02,Germany,internal_violence,37.0,6
2025-09-02,Germany,repression,29.5,4
2025-09-02,Germany,domestic_attack,29.8,5
2025-09-02,Germany,war_activity,21.5,5
2025-09-02,Germany,external_attack,23.7,5
2025-09-02,Germany,regional_spillover,27.3,4
2025-09-03,Germany,internal_violence,37.0,7
2025-09-03,Germany,repression,30.7,6
2025-09-03,Germany,domestic_attack,27.4,5
2025-09-03,Germany,war_activity,24.4,3
2025-09-03,Germany,external_attack,25.7,6
2025-09-03,Germany,regional_spillover,29.5,4
2025-09-04,Germany,internal_violence,38.2,8
2025-09-04,Germany,repression,32.1,6
2025-09-04,Germany,domestic_attack,26.3,3
2025-09-04,Germany,war_activity,21.9,5
2025-09-04,Germany,external_attack,22.9,5
2025-09-04,Germany,regional_spillover,30.4,6
2025-09-05,Germany,internal_violence,34.0,6
2025-09-05,Germany,repression,30.5,5
2025-09-05,Germany,domestic_attack,27.8,6
2025-09-05,Germany,war_activity,23.6,3
2025-09-05,Germany,external_attack,21.1,4
2025-09-05,Germany,regional_spillover,29.1,5
2025-09-06,Germany,internal_violence,30.9,4
2025-09-06,Germany,repression,27.7,5
2025-09-06,Germany,domestic_attack,25.7,5
2025-09-06,Germany,war_activity,23.9,4
2025-09-06,Germany,external_attack,22.4,3
2025-09-06,Germany,regional_spillover,26.2,5
2025-09-07,Germany,internal_violence,29.3,5
2025-09-07,Germany,repression,28.5,6
2025-09-07,Germany,domestic_attack,25.9,6
2025-09-07,Germany,war_activity,23.2,5
2025-09-07,Germany,external_attack,24.3,4
2025-09-07,Germany,regional_spillover,26.0,6
2025-09-08,Germany,internal_violence,29.4,6
2025-09-08,Germany,repression,28.4,5
2025-09-08,Germany,domestic_attack,26.0,5
2025-09-08,Germany,war_activity,20.7,3
2025-09-08,Germany,external_attack,24.7,4
2025-09-08,Germany,regional_spillover,26.9,4
2025-09-09,Germany,internal_violence,29.7,4
2025-09-09,Germany,repression,26.3,5
2025-09-09,Germany,domestic_attack,24.4,6
2025-09-09,Germany,war_activity,20.9,3
2025-09-09,Germany,external_attack,22.0,3
2025-09-09,Germany,regional_spillover,26.9,4
2025-09-10,Germany,internal_violence,30.3,4
2025-09-10,Germany,repression,26.6,6
2025-09-10,Germany,domestic_attack,26.4,3
2025-09-10,Germany,war_activity,21.6,5
2025-09-10,Germany,external_attack,23.2,3
2025-09-10,Germany,regional_spillover,25.8,4
2025-09-11,Germany,internal_violence,35.8,5
2025-09-11,Germany,repression,29.4,6
2025-09-11,Germany,domestic_attack,26.3,3
2025-09-11,Germany,war_activity,21.6,5
2025-09-11,Germany,external_attack,22.3,4
2025-09-11,Germany,regional_spillover,27.5,6
2025-09-12,Germany,internal_violence,34.2,5
2025-09-12,Germany,repression,28.3,6
2025-09-12,Germany,domestic_attack,27.4,3
2025-09-12,Germany,war_activity,22.6,3
2025-09-12,Germany,external_attack,23.8,5
2025-09-12,Germany,regional_spillover,25.2,4
2025-09-13,Germany,internal_violence,28.6,4
2025-09-13,Germany,repression,24.4,4
2025-09-13,Germany,domestic_attack,25.8,3
2025-09-13,Germany,war_activity,22.2,3
2025-09-13,Germany,external_attack,19.9,4
2025-09-13,Germany,regional_spillover,25.2,4
2025-09-14,Germany,internal_violence,26.1,4
2025-09-14,Germany,repression,22.7,5
2025-09-14,Germany,domestic_attack,21.8,2
2025-09-14,Germany,war_activity,21.4,4
2025-09-14,Germany,external_attack,23.9,4
2025-09-14,Germany,regional_spillover,24.1,4
2025-09-15,Germany,internal_violence,30.4,5
2025-09-15,Germany,repression,26.7,4
2025-09-15,Germany,domestic_attack,20.4,5
2025-09-15,Germany,war_activity,19.2,3
2025-09-15,Germany,external_attack,19.4,2
2025-09-15,Germany,regional_spillover,24.7,4
2025-09-16,Germany,internal_violence,27.4,4
2025-09-16,Germany,repression,27.2,3
2025-09-16,Germany,domestic_attack,23.2,3
2025-09-16,Germany,war_activity,21.6,5
2025-09-16,Germany,external_attack,20.7,5
2025-09-16,Germany,regional_spillover,22.8,4
2025-09-17,Germany,internal_violence,30.5,6
2025-09-17,Germany,repression,27.8,4
2025-09-17,Germany,domestic_attack,24.1,6
2025-09-17,Germany,war_activity,21.8,2
2025-09-17,Germany,external_attack,22.1,3
2025-09-17,Germany,regional_spillover,23.0,3
2025-09-18,Germany,internal_violence,31.5,6
2025-09-18,Germany,repression,29.2,5
2025-09-18,Germany,domestic_attack,22.4,4
2025-09-18,Germany,war_activity,20.5,3
2025-09-18,Germany,external_attack,21.3,2
2025-09-18,Germany,regional_spillover,28.4,5
2025-09-19,Germany,internal_violence,29.5,5
2025-09-19,Germany,repression,27.7,6
2025-09-19,Germany,domestic_attack,22.8,4
2025-09-19,Germany,war_activity,23.1,5
2025-09-19,Germany,external_attack,23.8,5
2025-09-19,Germany,regional_spillover,25.5,4
2025-09-20,Germany,internal_violence,26.5,3
2025-09-20,Germany,repression,24.3,4
2025-09-20,Germany,domestic_attack,22.7,3
2025-09-20,Germany,war_activity,20.1,2
2025-09-20,Germany,external_attack,22.5,3
2025-09-20,Germany,regional_spillover,24.4,5
2025-09-21,Germany,internal_violence,29.4,5
2025-09-21,Germany,repression,24.5,5
2025-09-21,Germany,domestic_attack,22.6,4
2025-09-21,Germany,war_activity,21.7,3
2025-09-21,Germany,external_attack,18.9,3
2025-09-21,Germany,regional_spillover,23.3,2
2025-09-22,Germany,internal_violence,28.6,3
2025-09-22,Germany,repression,23.5,5
2025-09-22,Germany,domestic_attack,22.1,4
2025-09-22,Germany,war_activity,19.9,3
2025-09-22,Germany,external_attack,22.7,4
2025-09-22,Germany,regional_spillover,22.3,3
2025-09-23,Germany,internal_violence,26.2,3
2025-09-23,Germany,repression,25.3,3
2025-09-23,Germany,domestic_attack,24.9,5
2025-09-23,Germany,war_activity,22.7,3
2025-09-23,Germany,external_attack,23.9,5
2025-09-23,Germany,regional_spillover,21.8,2
2025-09-24,Germany,internal_violence,28.6,5
2025-09-24,Germany,repression,25.1,4
2025-09-24,Germany,domestic_attack,23.7,3
2025-09-24,Germany,war_activity,20.7,4
2025-09-24,Germany,external_attack,24.4,5
2025-09-24,Germany,regional_spillover,24.7,5
2025-09-25,Germany,internal_violence,30.7,7
2025-09-25,Germany,repression,28.5,4
2025-09-25,Germany,domestic_attack,21.3,5
2025-09-25,Germany,war_activity,21.0,5
2025-09-25,Germany,external_attack,24.1,3
2025-09-25,Germany,regional_spillover,23.4,4
2025-09-26,Germany,internal_violence,27.1,5
2025-09-26,Germany,repression,24.0,5
2025-09-26,Germany,domestic_attack,24.1,4
2025-09-26,Germany,war_activity,22.7,4
2025-09-26,Germany,external_attack,21.0,4
2025-09-26,Germany,regional_spillover,22.8,3
2025-09-27,Germany,internal_violence,28.3,3
2025-09-27,Germany,repression,26.3,6
2025-09-27,Germany,domestic_attack,22.7,3
2025-09-27,Germany,war_activity,23.5,4
2025-09-27,Germany,external_attack,18.7,5
2025-09-27,Germany,regional_spillover,24.1,3
2025-09-28,Germany,internal_violence,25.2,5
2025-09-28,Germany,repression,23.6,5
2025-09-28,Germany,domestic_attack,21.7,2
2025-09-28,Germany,war_activity,21.5,5
2025-09-28,Germany,external_attack,20.4,3
2025-09-28,Germany,regional_spillover,23.7,5
2025-09-29,Germany,internal_violence,25.0,6
2025-09-29,Germany,repression,23.6,4
2025-09-29,Germany,domestic_attack,20.9,2
2025-09-29,Germany,war_activity,18.6,3
2025-09-29,Germany,external_attack,22.5,4
2025-09-29,Germany,regional_spillover,23.1,3
2025-09-30,Germany,internal_violence,29.3,6
2025-09-30,Germany,repression,23.4,4
2025-09-30,Germany,domestic_attack,21.1,4
2025-09-30,Germany,war_activity,22.1,4
2025-09-30,Germany,external_attack,21.2,2
2025-09-30,Germany,regional_spillover,24.2,3
2025-10-01,Germany,internal_violence,29.5,6
2025-10-01,Germany,repression,25.1,6
2025-10-01,Germany,domestic_attack,25.9,4
2025-10-01,Germany,war_activity,22.4,4
2025-10-01,Germany,external_attack,22.0,5
2025-10-01,Germany,regional_spillover,22.4,4
2025-10-02,Germany,internal_violence,32.1,4
2025-10-02,Germany,repression,25.0,3
2025-10-02,Germany,domestic_attack,21.2,4
2025-10-02,Germany,war_activity,23.0,3
2025-10-02,Germany,external_attack,21.6,4
2025-10-02,Germany,regional_spillover,23.4,3
2025-10-03,Germany,internal_violence,29.2,5
2025-10-03,Germany,repression,22.4,5
2025-10-03,Germany,domestic_attack,24.5,4
2025-10-03,Germany,war_activity,23.3,3
2025-10-03,Germany,external_attack,22.0,4
2025-10-03,Germany,regional_spillover,26.3,5
2025-10-04,Germany,internal_violence,28.2,4
2025-10-04,Germany,repression,21.6,3
2025-10-04,Germany,domestic_attack,21.2,3
2025-10-04,Germany,war_activity,21.1,4
2025-10-04,Germany,external_attack,22.4,3
2025-10-04,Germany,regional_spillover,22.5,3
2025-10-05,Germany,internal_violence,27.1,5
2025-10-05,Germany,repression,22.1,5
2025-10-05,Germany,domestic_attack,22.3,3
2025-10-05,Germany,war_activity,19.6,2
2025-10-05,Germany,external_attack,20.0,3
2025-10-05,Germany,regional_spillover,23.2,5
2025-10-06,Germany,internal_violence,26.5,3
2025-10-06,Germany,repression,25.8,6
2025-10-06,Germany,domestic_attack,18.6,2
2025-10-06,Germany,war_activity,20.5,2
2025-10-06,Germany,external_attack,22.6,5
2025-10-06,Germany,regional_spillover,22.0,5
2025-10-07,Germany,internal_violence,27.3,5
2025-10-07,Germany,repression,27.5,5
2025-10-07,Germany,domestic_attack,25.1,5
2025-10-07,Germany,war_activity,19.1,2
2025-10-07,Germany,external_attack,23.7,5
2025-10-07,Germany,regional_spillover,26.6,5
2025-10-08,Germany,internal_violence,28.8,6
2025-10-08,Germany,repression,25.4,4
2025-10-08,Germany,domestic_attack,23.4,3
2025-10-08,Germany,war_activity,21.6,4
2025-10-08,Germany,external_attack,20.1,4
2025-10-08,Germany,regional_spillover,26.0,3
2025-10-09,Germany,internal_violence,32.9,6
2025-10-09,Germany,repression,29.0,5
2025-10-09,Germany,domestic_attack,26.2,5
2025-10-09,Germany,war_activity,23.4,3
2025-10-09,Germany,external_attack,21.3,2
2025-10-09,Germany,regional_spillover,26.3,3
2025-10-10,Germany,internal_violence,27.6,5
2025-10-10,Germany,repression,24.1,3
2025-10-10,Germany,domestic_attack,24.8,3
2025-10-10,Germany,war_activity,19.9,3
2025-10-10,Germany,external_attack,19.7,2
2025-10-10,Germany,regional_spillover,24.8,3
2025-10-11,Germany,internal_violence,27.0,5
2025-10-11,Germany,repression,26.9,4
2025-10-11,Germany,domestic_attack,21.5,4
2025-10-11,Germany,war_activity,21.8,3
2025-10-11,Germany,external_attack,20.9,3
2025-10-11,Germany,regional_spillover,26.1,5
2025-10-12,Germany,internal_violence,29.4,4
2025-10-12,Germany,repression,23.9,3
2025-10-12,Germany,domestic_attack,21.1,5
2025-10-12,Germany,war_activity,20.6,5
2025-10-12,Germany,external_attack,20.7,4
2025-10-12,Germany,regional_spillover,25.3,5
2025-10-13,Germany,internal_violence,29.0,6
2025-10-13,Germany,repression,24.7,4
2025-10-13,Germany,domestic_attack,23.8,4
2025-10-13,Germany,war_activity,21.9,2
2025-10-13,Germany,external_attack,20.3,4
2025-10-13,Germany,regional_spillover,23.1,5
2025-10-14,Germany,internal_violence,27.1,3
2025-10-14,Germany,repression,23.8,5
2025-10-14,Germany,domestic_attack,21.9,2
2025-10-14,Germany,war_activity,23.5,3
2025-10-14,Germany,external_attack,19.5,2
2025-10-14,Germany,regional_spillover,22.1,3
2025-10-15,Germany,internal_violence,32.2,7
2025-10-15,Germany,repression,24.6,5
2025-10-15,Germany,domestic_attack,22.9,4
2025-10-15,Germany,war_activity,22.7,5
2025-10-15,Germany,external_attack,20.3,3
2025-10-15,Germany,regional_spillover,25.5,5
2025-10-16,Germany,internal_violence,33.4,4
2025-10-16,Germany,repression,30.3,4
2025-10-16,Germany,domestic_attack,26.6,3
2025-10-16,Germany,war_activity,20.5,3
2025-10-16,Germany,external_attack,23.0,4
2025-10-16,Germany,regional_spillover,25.0,5
2025-10-17,Germany,internal_violence,30.8,6
2025-10-17,Germany,repression,29.5,4
2025-10-17,Germany,domestic_attack,27.3,6
2025-10-17,Germany,war_activity,20.2,3
2025-10-17,Germany,external_attack,23.8,3
2025-10-17,Germany,regional_spillover,23.2,4
2025-10-18,Germany,internal_violence,31.5,6
2025-10-18,Germany,repression,24.7,4
2025-10-18,Germany,domestic_attack,25.5,4
2025-10-18,Germany,war_activity,20.3,5
2025-10-18,Germany,external_attack,20.4,2
2025-10-18,Germany,regional_spillover,22.1,4
2025-10-19,Germany,internal_violence,30.5,6
2025-10-19,Germany,repression,28.0,4
2025-10-19,Germany,domestic_attack,24.1,5
2025-10-19,Germany,war_activity,19.5,4
2025-10-19,Germany,external_attack,21.8,3
2025-10-19,Germany,regional_spillover,27.0,4
2025-10-20,Germany,internal_violence,31.9,6
2025-10-20,Germany,repression,23.5,3
2025-10-20,Germany,domestic_attack,24.7,4
2025-10-20,Germany,war_activity,21.4,2
2025-10-20,Germany,external_attack,21.8,3
2025-10-20,Germany,regional_spillover,27.3,4
2025-10-21,Germany,internal_violence,29.6,4
2025-10-21,Germany,repression,24.9,5
2025-10-21,Germany,domestic_attack,26.6,4
2025-10-21,Germany,war_activity,21.9,3
2025-10-21,Germany,external_attack,24.4,3
2025-10-21,Germany,regional_spillover,23.0,5
2025-10-22,Germany,internal_violence,30.7,5
2025-10-22,Germany,repression,30.9,4
2025-10-22,Germany,domestic_attack,27.6,4
2025-10-22,Germany,war_activity,21.3,2
2025-10-22,Germany,external_attack,23.1,5
2025-10-22,Germany,regional_spillover,25.5,3
2025-10-23,Germany,internal_violence,36.0,5
2025-10-23,Germany,repression,27.2,5
2025-10-23,Germany,domestic_attack,28.1,4
2025-10-23,Germany,war_activity,21.3,4
2025-10-23,Germany,external_attack,23.6,3
2025-10-23,Germany,regional_spillover,28.5,5
2025-10-24,Germany,internal_violence,30.8,4
2025-10-24,Germany,repression,27.4,3
2025-10-24,Germany,domestic_attack,24.2,5
2025-10-24,Germany,war_activity,23.6,3
2025-10-24,Germany,external_attack,24.4,5
2025-10-24,Germany,regional_spillover,24.9,5
2025-10-25,Germany,internal_violence,30.6,6
2025-10-25,Germany,repression,26.6,6
2025-10-25,Germany,domestic_attack,22.7,5
2025-10-25,Germany,war_activity,20.6,3
2025-10-25,Germany,external_attack,20.4,2
2025-10-25,Germany,regional_spillover,25.1,5
2025-10-26,Germany,internal_violence,32.4,6
2025-10-26,Germany,repression,26.8,4
2025-10-26,Germany,domestic_attack,21.8,2
2025-10-26,Germany,war_activity,19.8,4
2025-10-26,Germany,external_attack,23.9,4
2025-10-26,Germany,regional_spillover,24.7,4
2025-10-27,Germany,internal_violence,32.8,6
2025-10-27,Germany,repression,29.1,6
2025-10-27,Germany,domestic_attack,26.9,5
2025-10-27,Germany,war_activity,25.0,4
2025-10-27,Germany,external_attack,25.0,4
2025-10-27,Germany,regional_spillover,23.2,3
2025-10-28,Germany,internal_violence,32.0,5
2025-10-28,Germany,repression,28.5,5
2025-10-28,Germany,domestic_attack,25.8,5
2025-10-28,Germany,war_activity,21.5,5
2025-10-28,Germany,external_attack,23.3,3
2025-10-28,Germany,regional_spillover,27.7,5
2025-10-29,Germany,internal_violence,34.6,4
2025-10-29,Germany,repression,29.1,5
2025-10-29,Germany,domestic_attack,27.7,5
2025-10-29,Germany,war_activity,22.9,4
2025-10-29,Germany,external_attack,24.5,3
2025-10-29,Germany,regional_spillover,26.6,6
2025-10-30,Germany,internal_violence,32.6,6
2025-10-30,Germany,repression,33.8,5
2025-10-30,Germany,domestic_attack,26.8,5
2025-10-30,Germany,war_activity,22.6,4
2025-10-30,Germany,external_attack,23.1,3
2025-10-30,Germany,regional_spillover,25.8,6
2025-10-31,Germany,internal_violence,36.7,8
2025-10-31,Germany,repression,32.9,6
2025-10-31,Germany,domestic_attack,30.4,6
2025-10-31,Germany,war_activity,26.1,5
2025-10-31,Germany,external_attack,24.2,5
2025-10-31,Germany,regional_spillover,26.9,6
2025-11-01,Germany,internal_violence,31.4,4
2025-11-01,Germany,repression,31.0,4
2025-11-01,Germany,domestic_attack,27.3,5
2025-11-01,Germany,war_activity,25.5,3
2025-11-01,Germany,external_attack,25.2,6
2025-11-01,Germany,regional_spillover,27.5,4
2025-11-02,Germany,internal_violence,34.8,6
2025-11-02,Germany,repression,27.4,4
2025-11-02,Germany,domestic_attack,23.8,5
2025-11-02,Germany,war_activity,24.1,3
2025-11-02,Germany,external_attack,22.4,4
2025-11-02,Germany,regional_spillover,23.6,5
2025-11-03,Germany,internal_violence,31.3,6
2025-11-03,Germany,repression,30.4,4
2025-11-03,Germany,domestic_attack,28.5,5
2025-11-03,Germany,war_activity,26.0,3
2025-11-03,Germany,external_attack,22.7,5
2025-11-03,Germany,regional_spillover,24.6,5
2025-11-04,Germany,internal_violence,36.5,5
2025-11-04,Germany,repression,28.3,4
2025-11-04,Germany,domestic_attack,29.9,6
2025-11-04,Germany,war_activity,22.0,5
2025-11-04,Germany,external_attack,21.1,5
2025-11-04,Germany,regional_spillover,26.4,4
2025-11-05,Germany,internal_violence,37.7,6
2025-11-05,Germany,repression,30.8,5
2025-11-05,Germany,domestic_attack,26.7,3
2025-11-05,Germany,war_activity,23.5,4
2025-11-05,Germany,external_attack,25.9,6
2025-11-05,Germany,regional_spillover,29.4,6
2025-11-06,Germany,internal_violence,39.5,8
2025-11-06,Germany,repression,34.7,7
2025-11-06,Germany,domestic_attack,31.4,5
2025-11-06,Germany,war_activity,24.9,5
2025-11-06,Germany,external_attack,23.4,3
2025-11-06,Germany,regional_spillover,30.3,5
2025-11-07,Germany,internal_violence,37.8,7
2025-11-07,Germany,repression,34.5,5
2025-11-07,Germany,domestic_attack,29.5,5
2025-11-07,Germany,war_activity,27.0,3
2025-11-07,Germany,external_attack,22.1,4
2025-11-07,Germany,regional_spillover,26.4,5
2025-11-08,Germany,internal_violence,35.9,7
2025-11-08,Germany,repression,30.8,6
2025-11-08,Germany,domestic_attack,30.5,5
2025-11-08,Germany,war_activity,25.7,3
2025-11-08,Germany,external_attack,24.8,4
2025-11-08,Germany,regional_spillover,25.2,3
2025-11-09,Germany,internal_violence,34.5,6
2025-11-09,Germany,repression,29.7,4
2025-11-09,Germany,domestic_attack,28.9,6
2025-11-09,Germany,war_activity,24.3,3
2025-11-09,Germany,external_attack,21.7,4
2025-11-09,Germany,regional_spillover,24.6,4
2025-11-10,Germany,internal_violence,37.2,7
2025-11-10,Germany,repression,28.0,5
2025-11-10,Germany,domestic_attack,30.0,5
2025-11-10,Germany,war_activity,21.8,4
2025-11-10,Germany,external_attack,22.3,3
2025-11-10,Germany,regional_spillover,28.7,6
2025-11-11,Germany,internal_violence,33.5,6
2025-11-11,Germany,repression,32.9,5
2025-11-11,Germany,domestic_attack,30.2,5
2025-11-11,Germany,war_activity,24.1,5
2025-11-11,Germany,external_attack,24.7,4
2025-11-11,Germany,regional_spillover,29.0,5
2025-11-12,Germany,internal_violence,39.3,7
2025-11-12,Germany,repression,34.1,4
2025-11-12,Germany,domestic_attack,30.2,5
2025-11-12,Germany,war_activity,24.9,5
2025-11-12,Germany,external_attack,22.7,5
2025-11-12,Germany,regional_spillover,31.1,5
2025-11-13,Germany,internal_violence,35.8,5
2025-11-13,Germany,repression,35.5,6
2025-11-13,Germany,domestic_attack,32.8,6
2025-11-13,Germany,war_activity,22.4,4
2025-11-13,Germany,external_attack,24.2,5
2025-11-13,Germany,regional_spillover,31.3,7
2025-11-14,Germany,internal_violence,39.0,6
2025-11-14,Germany,repression,32.1,7
2025-11-14,Germany,domestic_attack,29.2,6
2025-11-14,Germany,war_activity,25.4,4
2025-11-14,Germany,external_attack,22.8,3
2025-11-14,Germany,regional_spillover,28.4,5
2025-11-15,Germany,internal_violence,34.4,6
2025-11-15,Germany,repression,32.4,6
2025-11-15,Germany,domestic_attack,30.3,6
2025-11-15,Germany,war_activity,24.6,5
2025-11-15,Germany,external_attack,23.3,3
2025-11-15,Germany,regional_spillover,29.0,6
2025-11-16,Germany,internal_violence,32.7,6
2025-11-16,Germany,repression,33.5,6
2025-11-16,Germany,domestic_attack,27.4,6
2025-11-16,Germany,war_activity,24.3,5
2025-11-16,Germany,external_attack,22.2,3
2025-11-16,Germany,regional_spillover,26.2,3
2025-11-17,Germany,internal_violence,34.2,5
2025-11-17,Germany,repression,29.6,4
2025-11-17,Germany,domestic_attack,30.6,5
2025-11-17,Germany,war_activity,22.3,5
2025-11-17,Germany,external_attack,25.5,5
2025-11-17,Germany,regional_spillover,27.5,6
2025-11-18,Germany,internal_violence,38.7,6
2025-11-18,Germany,repression,31.5,4
2025-11-18,Germany,domestic_attack,31.0,5
2025-11-18,Germany,war_activity,23.3,3
2025-11-18,Germany,external_attack,22.6,5
2025-11-18,Germany,regional_spillover,29.4,6
2025-11-19,Germany,internal_violence,41.3,6
2025-11-19,Germany,repression,32.0,5
2025-11-19,Germany,domestic_attack,31.0,4
2025-11-19,Germany,war_activity,24.5,3
2025-11-19,Germany,external_attack,26.3,4
2025-11-19,Germany,regional_spillover,32.3,5
2025-11-20,Germany,internal_violence,40.4,8
2025-11-20,Germany,repression,32.4,6
2025-11-20,Germany,domestic_attack,31.3,5
2025-11-20,Germany,war_activity,27.2,4
2025-11-20,Germany,external_attack,24.1,5
2025-11-20,Germany,regional_spillover,32.7,7
2025-11-21,Germany,internal_violence,35.7,6
2025-11-21,Germany,repression,32.3,5
2025-11-21,Germany,domestic_attack,30.6,4
2025-11-21,Germany,war_activity,22.8,4
2025-11-21,Germany,external_attack,26.3,4
2025-11-21,Germany,regional_spillover,27.8,4
2025-11-22,Germany,internal_violence,37.5,6
2025-11-22,Germany,repression,30.7,4
2025-11-22,Germany,domestic_attack,27.1,4
2025-11-22,Germany,war_activity,26.7,3
2025-11-22,Germany,external_attack,24.1,4
2025-11-22,Germany,regional_spillover,28.4,4
2025-11-23,Germany,internal_violence,38.1,6
2025-11-23,Germany,repression,29.2,6
2025-11-23,Germany,domestic_attack,25.9,3
2025-11-23,Germany,war_activity,24.7,3
2025-11-23,Germany,external_attack,21.6,4
2025-11-23,Germany,regional_spillover,30.2,4
2025-11-24,Germany,internal_violence,36.3,6
2025-11-24,Germany,repression,30.8,4
2025-11-24,Germany,domestic_attack,26.3,6
2025-11-24,Germany,war_activity,25.0,3
2025-11-24,Germany,external_attack,22.5,5
2025-11-24,Germany,regional_spillover,28.1,6
2025-11-25,Germany,internal_violence,39.3,8
2025-11-25,Germany,repression,32.3,4
2025-11-25,Germany,domestic_attack,32.5,4
2025-11-25,Germany,war_activity,27.5,6
2025-11-25,Germany,external_attack,26.9,5
2025-11-25,Germany,regional_spillover,27.6,3
2025-11-26,Germany,internal_violence,39.9,7
2025-11-26,Germany,repression,33.1,6
2025-11-26,Germany,domestic_attack,34.0,5
2025-11-26,Germany,war_activity,26.6,6
2025-11-26,Germany,external_attack,24.5,4
2025-11-26,Germany,regional_spillover,27.9,4
2025-11-27,Germany,internal_violence,38.2,6
2025-11-27,Germany,repression,33.2,5
2025-11-27,Germany,domestic_attack,33.9,7
2025-11-27,Germany,war_activity,28.0,5
2025-11-27,Germany,external_attack,26.0,5
2025-11-27,Germany,regional_spillover,30.4,5
2025-11-28,Germany,internal_violence,39.8,7
2025-11-28,Germany,repression,31.8,4
2025-11-28,Germany,domestic_attack,33.1,6
2025-11-28,Germany,war_activity,27.3,5
2025-11-28,Germany,external_attack,22.7,5
2025-11-28,Germany,regional_spillover,27.7,4
2025-11-29,Germany,internal_violence,37.7,7
2025-11-29,Germany,repression,34.3,6
2025-11-29,Germany,domestic_attack,29.8,5
2025-11-29,Germany,war_activity,25.1,5
2025-11-29,Germany,external_attack,26.3,5
2025-11-29,Germany,regional_spillover,31.6,6
2025-11-30,Germany,internal_violence,35.3,5
2025-11-30,Germany,repression,34.4,6
2025-11-30,Germany,domestic_attack,27.0,5
2025-11-30,Germany,war_activity,25.8,5
2025-11-30,Germany,external_attack,23.3,4
2025-11-30,Germany,regional_spillover,30.0,5
2025-12-01,Germany,internal_violence,36.9,5
2025-12-01,Germany,repression,32.7,7
2025-12-01,Germany,domestic_attack,29.3,6
2025-12-01,Germany,war_activity,26.6,6
2025-12-01,Germany,external_attack,26.9,5
2025-12-01,Germany,regional_spillover,28.2,3
2025-12-02,Germany,internal_violence,37.6,5
2025-12-02,Germany,repression,34.4,5
2025-12-02,Germany,domestic_attack,31.4,6
2025-12-02,Germany,war_activity,23.5,4
2025-12-02,Germany,external_attack,23.6,3
2025-12-02,Germany,regional_spillover,31.2,5
2025-12-03,Germany,internal_violence,39.0,6
2025-12-03,Germany,repression,35.1,5
2025-12-03,Germany,domestic_attack,30.1,6
2025-12-03,Germany,war_activity,24.1,3
2025-12-03,Germany,external_attack,24.3,4
2025-12-03,Germany,regional_spillover,31.3,6
2025-12-04,Germany,internal_violence,40.3,7
2025-12-04,Germany,repression,35.6,5
2025-12-04,Germany,domestic_attack,30.0,6
2025-12-04,Germany,war_activity,23.3,5
2025-12-04,Germany,external_attack,23.9,5
2025-12-04,Germany,regional_spillover,30.1,6
2025-12-05,Germany,internal_violence,37.1,5
2025-12-05,Germany,repression,33.5,4
2025-12-05,Germany,domestic_attack,29.4,5
2025-12-05,Germany,war_activity,24.7,4
2025-12-05,Germany,external_attack,26.2,6
2025-12-05,Germany,regional_spillover,31.4,6
2025-12-06,Germany,internal_violence,34.9,5
2025-12-06,Germany,repression,32.0,6
2025-12-06,Germany,domestic_attack,30.0,5
2025-12-06,Germany,war_activity,26.4,6
2025-12-06,Germany,external_attack,22.8,2
2025-12-06,Germany,regional_spillover,31.2,6
2025-12-07,Germany,internal_violence,33.6,7
2025-12-07,Germany,repression,30.5,5
2025-12-07,Germany,domestic_attack,27.6,3
2025-12-07,Germany,war_activity,26.8,6
2025-12-07,Germany,external_attack,23.2,3
2025-12-07,Germany,regional_spillover,28.7,4
2025-12-08,Germany,internal_violence,39.4,8
2025-12-08,Germany,repression,30.7,6
2025-12-08,Germany,domestic_attack,30.6,6
2025-12-08,Germany,war_activity,22.8,5
2025-12-08,Germany,external_attack,21.9,3
2025-12-08,Germany,regional_spillover,30.1,6
2025-12-09,Germany,internal_violence,41.0,6
2025-12-09,Germany,repression,35.1,7
2025-12-09,Germany,domestic_attack,32.0,6
2025-12-09,Germany,war_activity,27.7,3
2025-12-09,Germany,external_attack,26.4,3
2025-12-09,Germany,regional_spillover,31.7,4
2025-12-10,Germany,internal_violence,37.2,8
2025-12-10,Germany,repression,35.3,6
2025-12-10,Germany,domestic_attack,32.9,5
2025-12-10,Germany,war_activity,27.6,6
2025-12-10,Germany,external_attack,27.5,4
2025-12-10,Germany,regional_spillover,28.7,4
2025-12-11,Germany,internal_violence,40.6,8
2025-12-11,Germany,repression,35.5,7
2025-12-11,Germany,domestic_attack,30.1,6
2025-12-11,Germany,war_activity,27.6,4
2025-12-11,Germany,external_attack,26.5,4
2025-12-11,Germany,regional_spillover,33.2,7
2025-12-12,Germany,internal_violence,37.5,6
2025-12-12,Germany,repression,34.3,4
2025-12-12,Germany,domestic_attack,33.9,6
2025-12-12,Germany,war_activity,24.8,5
2025-12-12,Germany,external_attack,22.7,5
2025-12-12,Germany,regional_spillover,29.0,6
2025-12-13,Germany,internal_violence,39.7,6
2025-12-13,Germany,repression,33.3,7
2025-12-13,Germany,domestic_attack,27.9,4
2025-12-13,Germany,war_activity,24.1,3
2025-12-13,Germany,external_attack,26.0,5
2025-12-13,Germany,regional_spillover,27.7,5
2025-12-14,Germany,internal_violence,38.6,6
2025-12-14,Germany,repression,30.9,5
2025-12-14,Germany,domestic_attack,28.7,5
2025-12-14,Germany,war_activity,24.4,3
2025-12-14,Germany,external_attack,24.1,3
2025-12-14,Germany,regional_spillover,28.3,4
2025-12-15,Germany,internal_violence,36.7,7
2025-12-15,Germany,repression,33.8,5
2025-12-15,Germany,domestic_attack,32.2,6
2025-12-15,Germany,war_activity,22.9,5
2025-12-15,Germany,external_attack,22.7,4
2025-12-15,Germany,regional_spillover,30.0,5
2025-12-16,Germany,internal_violence,36.4,6
2025-12-16,Germany,repression,32.9,5
2025-12-16,Germany,domestic_attack,31.7,4
2025-12-16,Germany,war_activity,22.8,5
2025-12-16,Germany,external_attack,23.6,5
2025-12-16,Germany,regional_spillover,27.8,3
2025-12-17,Germany,internal_violence,39.0,8
2025-12-17,Germany,repression,36.9,7
2025-12-17,Germany,domestic_attack,29.2,6
2025-12-17,Germany,war_activity,27.0,3
2025-12-17,Germany,external_attack,25.8,4
2025-12-17,Germany,regional_spillover,29.4,6
2025-12-18,Germany,internal_violence,41.3,8
2025-12-18,Germany,repression,37.3,5
2025-12-18,Germany,domestic_attack,32.8,5
2025-12-18,Germany,war_activity,26.1,3
2025-12-18,Germany,external_attack,23.5,5
2025-12-18,Germany,regional_spillover,31.7,6
2025-12-19,Germany,internal_violence,39.0,6
2025-12-19,Germany,repression,34.4,5
2025-12-19,Germany,domestic_attack,33.6,5
2025-12-19,Germany,war_activity,26.6,6
2025-12-19,Germany,external_attack,26.9,6
2025-12-19,Germany,regional_spillover,29.3,6
2025-12-20,Germany,internal_violence,36.7,7
2025-12-20,Germany,repression,35.0,5
2025-12-20,Germany,domestic_attack,29.8,5
2025-12-20,Germany,war_activity,23.4,4
2025-12-20,Germany,external_attack,26.0,4
2025-12-20,Germany,regional_spillover,27.8,5
2025-12-21,Germany,internal_violence,36.8,7
2025-12-21,Germany,repression,30.0,6
2025-12-21,Germany,domestic_attack,30.7,7
2025-12-21,Germany,war_activity,25.0,3
2025-12-21,Germany,external_attack,22.6,3
2025-12-21,Germany,regional_spillover,26.4,3
2025-12-22,Germany,internal_violence,34.4,5
2025-12-22,Germany,repression,32.2,6
2025-12-22,Germany,domestic_attack,31.1,5
2025-12-22,Germany,war_activity,25.8,5
2025-12-22,Germany,external_attack,22.0,4
2025-12-22,Germany,regional_spillover,30.7,5
2025-12-23,Germany,internal_violence,35.9,6
2025-12-23,Germany,repression,35.3,6
2025-12-23,Germany,domestic_attack,31.2,5
2025-12-23,Germany,war_activity,24.3,3
2025-12-23,Germany,external_attack,22.2,3
2025-12-23,Germany,regional_spillover,30.4,6
2025-12-24,Germany,internal_violence,37.7,5
2025-12-24,Germany,repression,33.0,5
2025-12-24,Germany,domestic_attack,32.5,6
2025-12-24,Germany,war_activity,26.4,3
2025-12-24,Germany,external_attack,27.1,5
2025-12-24,Germany,regional_spillover,31.9,5
2025-12-25,Germany,internal_violence,41.1,7
2025-12-25,Germany,repression,32.9,4
2025-12-25,Germany,domestic_attack,31.8,6
2025-12-25,Germany,war_activity,24.2,3
2025-12-25,Germany,external_attack,24.7,4
2025-12-25,Germany,regional_spillover,31.0,4
2025-12-26,Germany,internal_violence,41.0,8
2025-12-26,Germany,repression,32.2,4
2025-12-26,Germany,domestic_attack,28.6,5
2025-12-26,Germany,war_activity,24.3,3
2025-12-26,Germany,external_attack,22.5,4
2025-12-26,Germany,regional_spillover,31.2,4
2025-12-27,Germany,internal_violence,36.0,6
2025-12-27,Germany,repression,31.3,6
2025-12-27,Germany,domestic_attack,30.4,4
2025-12-27,Germany,war_activity,24.9,5
2025-12-27,Germany,external_attack,23.0,4
2025-12-27,Germany,regional_spillover,26.5,4
2025-12-28,Germany,internal_violence,34.0,5
2025-12-28,Germany,repression,29.6,5
2025-12-28,Germany,domestic_attack,31.8,5
2025-12-28,Germany,war_activity,27.0,4
2025-12-28,Germany,external_attack,25.6,5
2025-12-28,Germany,regional_spillover,29.2,5
2025-12-29,Germany,internal_violence,36.4,7
2025-12-29,Germany,repression,32.1,5
2025-12-29,Germany,domestic_attack,30.2,5
2025-12-29,Germany,war_activity,22.3,4
2025-12-29,Germany,external_attack,23.8,5
2025-12-29,Germany,regional_spillover,30.5,4
2025-12-30,Germany,internal_violence,40.2,6
2025-12-30,Germany,repression,31.0,7
2025-12-30,Germany,domestic_attack,29.9,5
2025-12-30,Germany,war_activity,23.3,3
2025-12-30,Germany,external_attack,21.8,5
2025-12-30,Germany,regional_spillover,28.4,4
2025-12-31,Germany,internal_violence,39.5,6
2025-12-31,Germany,repression,34.1,7
2025-12-31,Germany,domestic_attack,29.7,4
2025-12-31,Germany,war_activity,26.8,6
2025-12-31,Germany,external_attack,26.4,3
2025-12-31,Germany,regional_spillover,29.1,6
2026-01-01,Germany,internal_violence,42.3,8
2026-01-01,Germany,repression,36.0,7
2026-01-01,Germany,domestic_attack,33.6,6
2026-01-01,Germany,war_activity,25.1,4
2026-01-01,Germany,external_attack,22.6,5
2026-01-01,Germany,regional_spillover,28.8,4
2026-01-02,Germany,internal_violence,37.1,5
2026-01-02,Germany,repression,32.4,5
2026-01-02,Germany,domestic_attack,31.9,4
2026-01-02,Germany,war_activity,24.5,4
2026-01-02,Germany,external_attack,26.0,4
2026-01-02,Germany,regional_spillover,28.7,4
2026-01-03,Germany,internal_violence,35.6,6
2026-01-03,Germany,repression,33.6,5
2026-01-03,Germany,domestic_attack,28.0,6
2026-01-03,Germany,war_activity,26.1,4
2026-01-03,Germany,external_attack,26.4,4
2026-01-03,Germany,regional_spillover,30.8,5
2026-01-04,Germany,internal_violence,35.1,5
2026-01-04,Germany,repression,32.9,4
2026-01-04,Germany,domestic_attack,28.4,6
2026-01-04,Germany,war_activity,23.2,5
2026-01-04,Germany,external_attack,21.1,2
2026-01-04,Germany,regional_spillover,30.4,4
2026-01-05,Germany,internal_violence,34.6,7
2026-01-05,Germany,repression,34.3,5
2026-01-05,Germany,domestic_attack,26.8,4
2026-01-05,Germany,war_activity,21.8,3
2026-01-05,Germany,external_attack,25.6,6
2026-01-05,Germany,regional_spillover,29.4,4
2026-01-06,Germany,internal_violence,35.6,7
2026-01-06,Germany,repression,34.8,7
2026-01-06,Germany,domestic_attack,31.2,4
2026-01-06,Germany,war_activity,27.5,5
2026-01-06,Germany,external_attack,21.6,2
2026-01-06,Germany,regional_spillover,29.1,6
2026-01-07,Germany,internal_violence,37.9,5
2026-01-07,Germany,repression,35.5,6
2026-01-07,Germany,domestic_attack,29.9,5
2026-01-07,Germany,war_activity,23.0,5
2026-01-07,Germany,external_attack,25.2,3
2026-01-07,Germany,regional_spillover,29.6,6
2026-01-08,Germany,internal_violence,37.0,8
2026-01-08,Germany,repression,34.8,5
2026-01-08,Germany,domestic_attack,28.6,5
2026-01-08,Germany,war_activity,24.2,3
2026-01-08,Germany,external_attack,27.2,5
2026-01-08,Germany,regional_spillover,32.1,7
2026-01-09,Germany,internal_violence,38.8,7
2026-01-09,Germany,repression,33.7,6
2026-01-09,Germany,domestic_attack,28.1,4
2026-01-09,Germany,war_activity,22.8,4
2026-01-09,Germany,external_attack,25.6,4
2026-01-09,Germany,regional_spillover,29.6,3
2026-01-10,Germany,internal_violence,38.8,7
2026-01-10,Germany,repression,33.3,6
2026-01-10,Germany,domestic_attack,29.9,6
2026-01-10,Germany,war_activity,21.7,5
2026-01-10,Germany,external_attack,25.7,4
2026-01-10,Germany,regional_spillover,28.1,5
2026-01-11,Germany,internal_violence,37.1,7
2026-01-11,Germany,repression,32.2,4
2026-01-11,Germany,domestic_attack,26.2,5
2026-01-11,Germany,war_activity,21.7,5
2026-01-11,Germany,external_attack,26.4,6
2026-01-11,Germany,regional_spillover,30.5,6
2026-01-12,Germany,internal_violence,36.0,7
2026-01-12,Germany,repression,29.0,5
2026-01-12,Germany,domestic_attack,26.4,3
2026-01-12,Germany,war_activity,23.6,5
2026-01-12,Germany,external_attack,22.6,5
2026-01-12,Germany,regional_spillover,28.9,4
2026-01-13,Germany,internal_violence,35.3,5
2026-01-13,Germany,repression,30.2,6
2026-01-13,Germany,domestic_attack,29.9,5
2026-01-13,Germany,war_activity,25.2,6
2026-01-13,Germany,external_attack,26.6,4
2026-01-13,Germany,regional_spillover,30.3,6
2026-01-14,Germany,internal_violence,36.1,7
2026-01-14,Germany,repression,34.8,7
2026-01-14,Germany,domestic_attack,29.6,5
2026-01-14,Germany,war_activity,26.0,3
2026-01-14,Germany,external_attack,26.8,4
2026-01-14,Germany,regional_spillover,30.6,4
2026-01-15,Germany,internal_violence,40.1,8
2026-01-15,Germany,repression,32.6,5
2026-01-15,Germany,domestic_attack,28.7,5
2026-01-15,Germany,war_activity,24.2,4
2026-01-15,Germany,external_attack,23.6,5
2026-01-15,Germany,regional_spillover,30.5,5
2026-01-16,Germany,internal_violence,39.3,6
2026-01-16,Germany,repression,34.0,7
2026-01-16,Germany,domestic_attack,32.0,4
2026-01-16,Germany,war_activity,22.2,3
2026-01-16,Germany,external_attack,25.6,3
2026-01-16,Germany,regional_spillover,27.2,6
2026-01-17,Germany,internal_violence,38.0,7
2026-01-17,Germany,repression,31.9,5
2026-01-17,Germany,domestic_attack,30.1,6
2026-01-17,Germany,war_activity,26.4,5
2026-01-17,Germany,external_attack,22.1,4
2026-01-17,Germany,regional_spillover,29.3,5
2026-01-18,Germany,internal_violence,37.0,5
2026-01-18,Germany,repression,31.4,6
2026-01-18,Germany,domestic_attack,26.2,5
2026-01-18,Germany,war_activity,24.8,4
2026-01-18,Germany,external_attack,22.0,4
2026-01-18,Germany,regional_spillover,26.8,4
2026-01-19,Germany,internal_violence,35.5,6
2026-01-19,Germany,repression,30.6,5
2026-01-19,Germany,domestic_attack,30.2,4
2026-01-19,Germany,war_activity,26.7,4
2026-01-19,Germany,external_attack,22.2,5
2026-01-19,Germany,regional_spillover,27.2,6
2026-01-20,Germany,internal_violence,36.5,6
2026-01-20,Germany,repression,32.3,5
2026-01-20,Germany,domestic_attack,29.7,5
2026-01-20,Germany,war_activity,26.4,4
2026-01-20,Germany,external_attack,21.7,4
2026-01-20,Germany,regional_spillover,29.0,6
2026-01-21,Germany,internal_violence,36.8,6
2026-01-21,Germany,repression,33.2,5
2026-01-21,Germany,domestic_attack,31.7,6
2026-01-21,Germany,war_activity,24.0,4
2026-01-21,Germany,external_attack,26.7,5
2026-01-21,Germany,regional_spillover,28.5,5
2026-01-22,Germany,internal_violence,40.9,8
2026-01-22,Germany,repression,34.3,5
2026-01-22,Germany,domestic_attack,28.9,6
2026-01-22,Germany,war_activity,25.2,5
2026-01-22,Germany,external_attack,22.9,3
2026-01-22,Germany,regional_spillover,31.1,5
2026-01-23,Germany,internal_violence,37.7,7
2026-01-23,Germany,repression,31.9,6
2026-01-23,Germany,domestic_attack,30.8,5
2026-01-23,Germany,war_activity,23.8,4
2026-01-23,Germany,external_attack,26.0,3
2026-01-23,Germany,regional_spillover,27.0,4
2026-01-24,Germany,internal_violence,36.8,7
2026-01-24,Germany,repression,31.6,5
2026-01-24,Germany,domestic_attack,29.2,4
2026-01-24,Germany,war_activity,21.6,4
2026-01-24,Germany,external_attack,23.1,5
2026-01-24,Germany,regional_spillover,29.0,6
2026-01-25,Germany,internal_violence,32.3,6
2026-01-25,Germany,repression,32.3,4
2026-01-25,Germany,domestic_attack,25.8,4
2026-01-25,Germany,war_activity,25.4,5
2026-01-25,Germany,external_attack,21.7,3
2026-01-25,Germany,regional_spillover,26.1,4
2026-01-26,Germany,internal_violence,35.5,7
2026-01-26,Germany,repression,31.7,6
2026-01-26,Germany,domestic_attack,28.3,3
2026-01-26,Germany,war_activity,22.8,2
2026-01-26,Germany,external_attack,21.0,4
2026-01-26,Germany,regional_spillover,25.1,4
2026-01-27,Germany,internal_violence,37.1,7
2026-01-27,Germany,repression,33.6,7
2026-01-27,Germany,domestic_attack,27.4,5
2026-01-27,Germany,war_activity,23.4,3
2026-01-27,Germany,external_attack,24.6,4
2026-01-27,Germany,regional_spillover,27.7,5
2026-01-28,Germany,internal_violence,35.9,7
2026-01-28,Germany,repression,32.9,6
2026-01-28,Germany,domestic_attack,32.2,7
2026-01-28,Germany,war_activity,25.3,5
2026-01-28,Germany,external_attack,24.1,3
2026-01-28,Germany,regional_spillover,27.6,4
2026-01-29,Germany,internal_violence,36.9,5
2026-01-29,Germany,repression,35.3,5
2026-01-29,Germany,domestic_attack,28.5,5
2026-01-29,Germany,war_activity,26.7,4
2026-01-29,Germany,external_attack,22.5,5
2026-01-29,Germany,regional_spillover,30.4,5
2026-01-30,Germany,internal_violence,38.0,8
2026-01-30,Germany,repression,31.7,4
2026-01-30,Germany,domestic_attack,30.1,4
2026-01-30,Germany,war_activity,26.9,5
2026-01-30,Germany,external_attack,24.1,4
2026-01-30,Germany,regional_spillover,31.4,4
2026-01-31,Germany,internal_violence,38.3,8
2026-01-31,Germany,repression,32.1,4
2026-01-31,Germany,domestic_attack,28.9,4
2026-01-31,Germany,war_activity,25.3,3
2026-01-31,Germany,external_attack,26.5,3
2026-01-31,Germany,regional_spillover,25.5,5
2026-02-01,Germany,internal_violence,34.2,6
2026-02-01,Germany,repression,28.1,5
2026-02-01,Germany,domestic_attack,25.7,6
2026-02-01,Germany,war_activity,23.1,3
2026-02-01,Germany,external_attack,23.5,3
2026-02-01,Germany,regional_spillover,26.5,5
2026-02-02,Germany,internal_violence,37.8,8
2026-02-02,Germany,repression,28.5,5
2026-02-02,Germany,domestic_attack,27.6,5
2026-02-02,Germany,war_activity,26.3,3
2026-02-02,Germany,external_attack,25.2,5
2026-02-02,Germany,regional_spillover,25.4,5
2026-02-03,Germany,internal_violence,36.3,6
2026-02-03,Germany,repression,34.5,5
2026-02-03,Germany,domestic_attack,27.8,3
2026-02-03,Germany,war_activity,25.1,5
2026-02-03,Germany,external_attack,25.3,4
2026-02-03,Germany,regional_spillover,29.4,5
2026-02-04,Germany,internal_violence,40.8,8
2026-02-04,Germany,repression,32.1,4
2026-02-04,Germany,domestic_attack,30.0,4
2026-02-04,Germany,war_activity,26.8,6
2026-02-04,Germany,external_attack,24.0,4
2026-02-04,Germany,regional_spillover,31.1,5
2026-02-05,Germany,internal_violence,36.0,6
2026-02-05,Germany,repression,32.2,5
2026-02-05,Germany,domestic_attack,28.7,4
2026-02-05,Germany,war_activity,24.8,5
2026-02-05,Germany,external_attack,22.3,2
2026-02-05,Germany,regional_spillover,28.4,4
2026-02-06,Germany,internal_violence,37.7,8
2026-02-06,Germany,repression,35.5,5
2026-02-06,Germany,domestic_attack,29.9,4
2026-02-06,Germany,war_activity,26.1,5
2026-02-06,Germany,external_attack,23.6,4
2026-02-06,Germany,regional_spillover,28.5,4
2026-02-07,Germany,internal_violence,35.5,5
2026-02-07,Germany,repression,31.8,6
2026-02-07,Germany,domestic_attack,28.0,5
2026-02-07,Germany,war_activity,25.0,4
2026-02-07,Germany,external_attack,23.0,5
2026-02-07,Germany,regional_spillover,25.9,5
2026-02-08,Germany,internal_violence,34.7,7
2026-02-08,Germany,repression,33.0,5
2026-02-08,Germany,domestic_attack,25.1,4
2026-02-08,Germany,war_activity,26.5,4
2026-02-08,Germany,external_attack,21.7,3
2026-02-08,Germany,regional_spillover,27.1,3
2026-02-09,Germany,internal_violence,35.3,7
2026-02-09,Germany,repression,31.2,6
2026-02-09,Germany,domestic_attack,26.1,4
2026-02-09,Germany,war_activity,23.9,4
2026-02-09,Germany,external_attack,24.3,4
2026-02-09,Germany,regional_spillover,29.8,4
2026-02-10,Germany,internal_violence,35.8,7
2026-02-10,Germany,repression,33.5,7
2026-02-10,Germany,domestic_attack,26.3,4
2026-02-10,Germany,war_activity,26.8,5
2026-02-10,Germany,external_attack,23.3,5
2026-02-10,Germany,regional_spillover,26.8,6
2026-02-11,Germany,internal_violence,35.5,5
2026-02-11,Germany,repression,32.2,5
2026-02-11,Germany,domestic_attack,32.3,7
2026-02-11,Germany,war_activity,26.9,3
2026-02-11,Germany,external_attack,26.0,5
2026-02-11,Germany,regional_spillover,31.3,6
2026-02-12,Germany,internal_violence,36.6,7
2026-02-12,Germany,repression,32.7,7
2026-02-12,Germany,domestic_attack,28.2,4
2026-02-12,Germany,war_activity,23.9,4
2026-02-12,Germany,external_attack,24.8,5
2026-02-12,Germany,regional_spillover,27.4,5
2026-02-13,Germany,internal_violence,37.6,6
2026-02-13,Germany,repression,35.4,7
2026-02-13,Germany,domestic_attack,29.2,4
2026-02-13,Germany,war_activity,23.7,3
2026-02-13,Germany,external_attack,22.2,3
2026-02-13,Germany,regional_spillover,27.1,6
2026-02-14,Germany,internal_violence,33.7,5
2026-02-14,Germany,repression,33.0,7
2026-02-14,Germany,domestic_attack,30.1,6
2026-02-14,Germany,war_activity,26.9,4
2026-02-14,Germany,external_attack,22.8,5
2026-02-14,Germany,regional_spillover,29.8,6
2026-02-15,Germany,internal_violence,36.3,7
2026-02-15,Germany,repression,29.1,6
2026-02-15,Germany,domestic_attack,25.4,3
2026-02-15,Germany,war_activity,25.2,3
2026-02-15,Germany,external_attack,21.3,4
2026-02-15,Germany,regional_spillover,26.1,6
2026-02-16,Germany,internal_violence,34.9,5
2026-02-16,Germany,repression,31.2,6
2026-02-16,Germany,domestic_attack,28.6,4
2026-02-16,Germany,war_activity,21.9,3
2026-02-16,Germany,external_attack,20.9,3
2026-02-16,Germany,regional_spillover,26.7,5
2026-02-17,Germany,internal_violence,38.3,8
2026-02-17,Germany,repression,29.0,4
2026-02-17,Germany,domestic_attack,30.8,6
2026-02-17,Germany,war_activity,25.8,3
2026-02-17,Germany,external_attack,26.4,3
2026-02-17,Germany,regional_spillover,26.0,5
2026-02-18,Germany,internal_violence,38.4,7
2026-02-18,Germany,repression,34.5,5
2026-02-18,Germany,domestic_attack,30.8,6
2026-02-18,Germany,war_activity,25.6,5
2026-02-18,Germany,external_attack,26.2,5
2026-02-18,Germany,regional_spillover,26.6,6
2026-02-19,Germany,internal_violence,40.0,6
2026-02-19,Germany,repression,31.9,4
2026-02-19,Germany,domestic_attack,28.9,4
2026-02-19,Germany,war_activity,26.6,3
2026-02-19,Germany,external_attack,24.0,4
2026-02-19,Germany,regional_spillover,26.6,6
2026-02-20,Germany,internal_violence,37.1,6
2026-02-20,Germany,repression,30.3,4
2026-02-20,Germany,domestic_attack,30.2,6
2026-02-20,Germany,war_activity,23.1,3
2026-02-20,Germany,external_attack,21.3,3
2026-02-20,Germany,regional_spillover,27.5,5
2026-02-21,Germany,internal_violence,35.3,7
2026-02-21,Germany,repression,31.9,6
2026-02-21,Germany,domestic_attack,26.2,4
2026-02-21,Germany,war_activity,23.0,3
2026-02-21,Germany,external_attack,24.5,5
2026-02-21,Germany,regional_spillover,27.1,3
2026-02-22,Germany,internal_violence,34.9,5
2026-02-22,Germany,repression,31.0,5
2026-02-22,Germany,domestic_attack,24.8,5
2026-02-22,Germany,war_activity,23.7,5
2026-02-22,Germany,external_attack,23.1,4
2026-02-22,Germany,regional_spillover,27.8,4
2026-02-23,Germany,internal_violence,35.2,7
2026-02-23,Germany,repression,29.5,5
2026-02-23,Germany,domestic_attack,28.1,5
2026-02-23,Germany,war_activity,25.9,4
2026-02-23,Germany,external_attack,23.7,4
2026-02-23,Germany,regional_spillover,25.2,3
2026-02-24,Germany,internal_violence,33.3,5
2026-02-24,Germany,repression,31.9,5
2026-02-24,Germany,domestic_attack,28.1,4
2026-02-24,Germany,war_activity,24.8,3
2026-02-24,Germany,external_attack,21.5,4
2026-02-24,Germany,regional_spillover,27.7,4
2026-02-25,Germany,internal_violence,34.5,4
2026-02-25,Germany,repression,29.2,5
2026-02-25,Germany,domestic_attack,28.6,3
2026-02-25,Germany,war_activity,22.3,4
2026-02-25,Germany,external_attack,23.4,3
2026-02-25,Germany,regional_spillover,26.4,3
2026-02-26,Germany,internal_violence,38.8,6
2026-02-26,Germany,repression,29.9,4
2026-02-26,Germany,domestic_attack,29.2,5
2026-02-26,Germany,war_activity,26.5,5
2026-02-26,Germany,external_attack,24.1,3
2026-02-26,Germany,regional_spillover,27.5,5
2026-02-27,Germany,internal_violence,37.7,7
2026-02-27,Germany,repression,31.9,6
2026-02-27,Germany,domestic_attack,25.6,5
2026-02-27,Germany,war_activity,23.7,5
2026-02-27,Germany,external_attack,21.0,4
2026-02-27,Germany,regional_spillover,26.5,3
2026-02-28,Germany,internal_violence,30.4,5
2026-02-28,Germany,repression,27.3,5
2026-02-28,Germany,domestic_attack,24.1,5
2026-02-28,Germany,war_activity,25.7,3
2026-02-28,Germany,external_attack,22.9,4
2026-02-28,Germany,regional_spillover,24.9,5
2026-03-01,Germany,internal_violence,32.7,7
2026-03-01,Germany,repression,28.9,3
2026-03-01,Germany,domestic_attack,27.4,6
2026-03-01,Germany,war_activity,25.7,3
2026-03-01,Germany,external_attack,22.7,4
2026-03-01,Germany,regional_spillover,26.2,4
2026-03-02,Germany,internal_violence,30.5,5
2026-03-02,Germany,repression,29.7,6
2026-03-02,Germany,domestic_attack,26.7,4
2026-03-02,Germany,war_activity,20.9,3
2026-03-02,Germany,external_attack,20.4,2
2026-03-02,Germany,regional_spillover,27.4,5
2026-03-03,Germany,internal_violence,33.4,5
2026-03-03,Germany,repression,31.6,4
2026-03-03,Germany,domestic_attack,26.1,4
2026-03-03,Germany,war_activity,25.8,5
2026-03-03,Germany,external_attack,23.8,3
2026-03-03,Germany,regional_spillover,26.2,4
2026-03-04,Germany,internal_violence,32.2,7
2026-03-04,Germany,repression,29.0,6
2026-03-04,Germany,domestic_attack,30.3,6
2026-03-04,Germany,war_activity,23.5,3
2026-03-04,Germany,external_attack,21.8,2
2026-03-04,Germany,regional_spillover,27.1,3
2026-03-05,Germany,internal_violence,33.5,4
2026-03-05,Germany,repression,28.6,3
2026-03-05,Germany,domestic_attack,25.8,4
2026-03-05,Germany,war_activity,22.7,5
2026-03-05,Germany,external_attack,25.9,6
2026-03-05,Germany,regional_spillover,26.0,5
2026-03-06,Germany,internal_violence,32.2,5
2026-03-06,Germany,repression,30.4,6
2026-03-06,Germany,domestic_attack,26.6,5
2026-03-06,Germany,war_activity,24.7,4
2026-03-06,Germany,external_attack,23.8,4
2026-03-06,Germany,regional_spillover,25.1,5
2026-03-07,Germany,internal_violence,30.8,4
2026-03-07,Germany,repression,26.7,5
2026-03-07,Germany,domestic_attack,25.7,3
2026-03-07,Germany,war_activity,23.4,5
2026-03-07,Germany,external_attack,23.6,5
2026-03-07,Germany,regional_spillover,25.0,4
2026-03-08,Germany,internal_violence,29.7,4
2026-03-08,Germany,repression,27.3,6
2026-03-08,Germany,domestic_attack,23.6,5
2026-03-08,Germany,war_activity,23.7,3
2026-03-08,Germany,external_attack,19.6,3
2026-03-08,Germany,regional_spillover,26.4,3
2026-03-09,Germany,internal_violence,28.0,3
2026-03-09,Germany,repression,24.2,3
2026-03-09,Germany,domestic_attack,25.7,4
2026-03-09,Germany,war_activity,21.3,4
2026-03-09,Germany,external_attack,21.1,4
2026-03-09,Germany,regional_spillover,25.8,3
2026-03-10,Germany,internal_violence,31.6,5
2026-03-10,Germany,repression,29.0,5
2026-03-10,Germany,domestic_attack,22.9,3
2026-03-10,Germany,war_activity,22.2,5
2026-03-10,Germany,external_attack,22.6,3
2026-03-10,Germany,regional_spillover,24.4,5
2026-03-11,Germany,internal_violence,34.0,7
2026-03-11,Germany,repression,26.9,3
2026-03-11,Germany,domestic_attack,25.4,3
2026-03-11,Germany,war_activity,25.7,3
2026-03-11,Germany,external_attack,25.4,3
2026-03-11,Germany,regional_spillover,27.7,5
2026-03-12,Germany,internal_violence,35.2,5
2026-03-12,Germany,repression,30.5,5
2026-03-12,Germany,domestic_attack,27.5,5
2026-03-12,Germany,war_activity,21.9,5
2026-03-12,Germany,external_attack,21.1,5
2026-03-12,Germany,regional_spillover,24.4,4
2026-03-13,Germany,internal_violence,32.9,6
2026-03-13,Germany,repression,26.3,5
2026-03-13,Germany,domestic_attack,23.2,4
2026-03-13,Germany,war_activity,20.7,4
2026-03-13,Germany,external_attack,20.9,4
2026-03-13,Germany,regional_spillover,24.4,3
2026-03-14,Germany,internal_violence,28.9,3
2026-03-14,Germany,repression,24.1,3
2026-03-14,Germany,domestic_attack,23.5,4
2026-03-14,Germany,war_activity,21.7,3
2026-03-14,Germany,external_attack,22.0,2
2026-03-14,Germany,regional_spillover,24.7,3
2026-03-15,Germany,internal_violence,29.4,6
2026-03-15,Germany,repression,27.8,3
2026-03-15,Germany,domestic_attack,23.1,3
2026-03-15,Germany,war_activity,21.8,3
2026-03-15,Germany,external_attack,20.1,3
2026-03-15,Germany,regional_spillover,22.0,3
2026-03-16,Germany,internal_violence,27.3,4
2026-03-16,Germany,repression,25.8,3
2026-03-16,Germany,domestic_attack,24.6,4
2026-03-16,Germany,war_activity,21.1,4
2026-03-16,Germany,external_attack,19.0,4
2026-03-16,Germany,regional_spillover,25.3,4
2026-03-17,Germany,internal_violence,32.1,5
2026-03-17,Germany,repression,26.3,5
2026-03-17,Germany,domestic_attack,22.5,3
2026-03-17,Germany,war_activity,21.7,4
2026-03-17,Germany,external_attack,19.3,3
2026-03-17,Germany,regional_spillover,25.7,4
2026-03-18,Germany,internal_violence,31.9,7
2026-03-18,Germany,repression,26.6,6
2026-03-18,Germany,domestic_attack,22.3,2
2026-03-18,Germany,war_activity,24.5,4
2026-03-18,Germany,external_attack,19.9,3
2026-03-18,Germany,regional_spillover,24.9,5
2026-03-19,Germany,internal_violence,28.9,5
2026-03-19,Germany,repression,27.9,3
2026-03-19,Germany,domestic_attack,22.1,3
2026-03-19,Germany,war_activity,23.0,3
2026-03-19,Germany,external_attack,23.6,5
2026-03-19,Germany,regional_spillover,24.6,3
2026-03-20,Germany,internal_violence,32.5,6
2026-03-20,Germany,repression,24.2,5
2026-03-20,Germany,domestic_attack,23.9,5
2026-03-20,Germany,war_activity,20.3,3
2026-03-20,Germany,external_attack,23.4,5
2026-03-20,Germany,regional_spillover,26.2,3
2026-03-21,Germany,internal_violence,25.5,3
2026-03-21,Germany,repression,24.5,3
2026-03-21,Germany,domestic_attack,21.7,4
2026-03-21,Germany,war_activity,21.3,4
2026-03-21,Germany,external_attack,18.7,4
2026-03-21,Germany,regional_spillover,24.8,4
2026-03-22,Germany,internal_violence,27.2,6
2026-03-22,Germany,repression,26.3,6
2026-03-22,Germany,domestic_attack,19.9,4
2026-03-22,Germany,war_activity,22.7,4
2026-03-22,Germany,external_attack,21.0,4
2026-03-22,Germany,regional_spillover,25.8,4
2026-03-23,Germany,internal_violence,24.2,3
2026-03-23,Germany,repression,22.4,3
2026-03-23,Germany,domestic_attack,23.4,5
2026-03-23,Germany,war_activity,22.8,3
2026-03-23,Germany,external_attack,20.0,3
2026-03-23,Germany,regional_spillover,25.5,4
2026-03-24,Germany,internal_violence,26.8,6
2026-03-24,Germany,repression,25.8,3
2026-03-24,Germany,domestic_attack,21.9,4
2026-03-24,Germany,war_activity,23.1,4
2026-03-24,Germany,external_attack,19.9,3
2026-03-24,Germany,regional_spillover,26.7,4
2026-03-25,Germany,internal_violence,26.9,6
2026-03-25,Germany,repression,23.9,3
2026-03-25,Germany,domestic_attack,21.7,5
2026-03-25,Germany,war_activity,23.4,4
2026-03-25,Germany,external_attack,22.1,5
2026-03-25,Germany,regional_spillover,23.6,4
2026-03-26,Germany,internal_violence,29.9,4
2026-03-26,Germany,repression,24.9,3
2026-03-26,Germany,domestic_attack,23.1,4
2026-03-26,Germany,war_activity,24.9,6
2026-03-26,Germany,external_attack,21.6,3
2026-03-26,Germany,regional_spillover,24.6,4
2026-03-27,Germany,internal_violence,29.6,4
2026-03-27,Germany,repression,23.7,5
2026-03-27,Germany,domestic_attack,23.9,5
2026-03-27,Germany,war_activity,20.2,2
2026-03-27,Germany,external_attack,23.7,5
2026-03-27,Germany,regional_spillover,26.2,3
2026-03-28,Germany,internal_violence,24.3,5
2026-03-28,Germany,repression,22.1,4
2026-03-28,Germany,domestic_attack,19.2,4
2026-03-28,Germany,war_activity,19.3,3
2026-03-28,Germany,external_attack,22.0,2
2026-03-28,Germany,regional_spillover,21.6,5
2026-03-29,Germany,internal_violence,28.3,4
2026-03-29,Germany,repression,25.0,5
2026-03-29,Germany,domestic_attack,19.1,3
2026-03-29,Germany,war_activity,18.9,3
2026-03-29,Germany,external_attack,23.4,5
2026-03-29,Germany,regional_spillover,24.3,3
2026-03-30,Germany,internal_violence,25.1,4
2026-03-30,Germany,repression,24.6,5
2026-03-30,Germany,domestic_attack,22.5,4
2026-03-30,Germany,war_activity,20.4,3
2026-03-30,Germany,external_attack,21.2,5
2026-03-30,Germany,regional_spillover,21.1,4
2026-03-31,Germany,internal_violence,28.4,6
2026-03-31,Germany,repression,25.1,4
2026-03-31,Germany,domestic_attack,19.3,5
2026-03-31,Germany,war_activity,19.5,4
2026-03-31,Germany,external_attack,21.2,3
2026-03-31,Germany,regional_spillover,23.2,5
2026-04-01,Germany,internal_violence,27.4,6
2026-04-01,Germany,repression,23.1,4
2026-04-01,Germany,domestic_attack,24.8,3
2026-04-01,Germany,war_activity,20.3,4
2026-04-01,Germany,external_attack,19.6,3
2026-04-01,Germany,regional_spillover,23.4,5
2026-04-02,Germany,internal_violence,28.2,5
2026-04-02,Germany,repression,24.4,3
2026-04-02,Germany,domestic_attack,21.3,4
2026-04-02,Germany,war_activity,24.5,5
2026-04-02,Germany,external_attack,20.8,3
2026-04-02,Germany,regional_spillover,27.5,4
2026-04-03,Germany,internal_violence,30.4,6
2026-04-03,Germany,repression,26.6,5
2026-04-03,Germany,domestic_attack,22.7,4
2026-04-03,Germany,war_activity,23.2,3
2026-04-03,Germany,external_attack,24.1,3
2026-04-03,Germany,regional_spillover,26.6,5
2026-04-04,Germany,internal_violence,26.8,3
2026-04-04,Germany,repression,23.0,3
2026-04-04,Germany,domestic_attack,18.9,3
2026-04-04,Germany,war_activity,21.8,4
2026-04-04,Germany,external_attack,23.2,5
2026-04-04,Germany,regional_spillover,24.0,4
2026-04-05,Germany,internal_violence,24.7,4
2026-04-05,Germany,repression,20.7,4
2026-04-05,Germany,domestic_attack,18.7,2
2026-04-05,Germany,war_activity,22.3,2
2026-04-05,Germany,external_attack,23.0,3
2026-04-05,Germany,regional_spillover,25.4,3
2026-04-06,Germany,internal_violence,26.7,4
2026-04-06,Germany,repression,22.6,4
2026-04-06,Germany,domestic_attack,21.6,3
2026-04-06,Germany,war_activity,19.1,2
2026-04-06,Germany,external_attack,22.0,3
2026-04-06,Germany,regional_spillover,25.1,5
2026-04-07,Germany,internal_violence,25.3,4
2026-04-07,Germany,repression,25.5,3
2026-04-07,Germany,domestic_attack,19.7,2
2026-04-07,Germany,war_activity,20.2,3
2026-04-07,Germany,external_attack,21.8,4
2026-04-07,Germany,regional_spillover,25.1,4
2026-04-08,Germany,internal_violence,28.1,5
2026-04-08,Germany,repression,25.4,5
2026-04-08,Germany,domestic_attack,22.1,4
2026-04-08,Germany,war_activity,19.5,2
2026-04-08,Germany,external_attack,21.8,3
2026-04-08,Germany,regional_spillover,23.3,4
2026-04-09,Germany,internal_violence,30.3,4
2026-04-09,Germany,repression,27.9,6
2026-04-09,Germany,domestic_attack,22.9,3
2026-04-09,Germany,war_activity,22.1,3
2026-04-09,Germany,external_attack,19.7,4
2026-04-09,Germany,regional_spillover,23.3,3
2026-04-10,Germany,internal_violence,27.6,5
2026-04-10,Germany,repression,27.2,5
2026-04-10,Germany,domestic_attack,25.8,5
2026-04-10,Germany,war_activity,21.5,2
2026-04-10,Germany,external_attack,20.8,2
2026-04-10,Germany,regional_spillover,24.5,4
2026-04-11,Germany,internal_violence,26.5,4
2026-04-11,Germany,repression,22.6,3
2026-04-11,Germany,domestic_attack,20.8,4
2026-04-11,Germany,war_activity,19.8,2
2026-04-11,Germany,external_attack,20.6,2
2026-04-11,Germany,regional_spillover,25.2,4
2026-04-12,Germany,internal_violence,25.1,3
2026-04-12,Germany,repression,24.5,3
2026-04-12,Germany,domestic_attack,21.5,5
2026-04-12,Germany,war_activity,22.2,4
2026-04-12,Germany,external_attack,20.7,4
2026-04-12,Germany,regional_spillover,23.8,4
2025-04-22,Israel,internal_violence,60.1,9
2025-04-22,Israel,repression,54.7,10
2025-04-22,Israel,domestic_attack,50.8,8
2025-04-22,Israel,war_activity,77.4,13
2025-04-22,Israel,external_attack,79.2,12
2025-04-22,Israel,regional_spillover,71.3,11
2025-04-23,Israel,internal_violence,62.0,11
2025-04-23,Israel,repression,57.0,9
2025-04-23,Israel,domestic_attack,52.0,8
2025-04-23,Israel,war_activity,77.1,13
2025-04-23,Israel,external_attack,76.1,13
2025-04-23,Israel,regional_spillover,75.3,12
2025-04-24,Israel,internal_violence,66.5,10
2025-04-24,Israel,repression,56.5,9
2025-04-24,Israel,domestic_attack,51.9,9
2025-04-24,Israel,war_activity,79.5,13
2025-04-24,Israel,external_attack,78.5,15
2025-04-24,Israel,regional_spillover,73.1,12
2025-04-25,Israel,internal_violence,66.3,12
2025-04-25,Israel,repression,54.6,8
2025-04-25,Israel,domestic_attack,52.6,9
2025-04-25,Israel,war_activity,79.8,13
2025-04-25,Israel,external_attack,78.8,15
2025-04-25,Israel,regional_spillover,72.0,12
2025-04-26,Israel,internal_violence,62.9,9
2025-04-26,Israel,repression,53.1,10
2025-04-26,Israel,domestic_attack,50.2,9
2025-04-26,Israel,war_activity,76.1,13
2025-04-26,Israel,external_attack,76.8,12
2025-04-26,Israel,regional_spillover,75.6,11
2025-04-27,Israel,internal_violence,63.2,9
2025-04-27,Israel,repression,56.4,9
2025-04-27,Israel,domestic_attack,46.9,9
2025-04-27,Israel,war_activity,78.2,12
2025-04-27,Israel,external_attack,75.5,14
2025-04-27,Israel,regional_spillover,72.1,14
2025-04-28,Israel,internal_violence,61.6,9
2025-04-28,Israel,repression,57.1,10
2025-04-28,Israel,domestic_attack,50.3,8
2025-04-28,Israel,war_activity,78.8,13
2025-04-28,Israel,external_attack,74.7,11
2025-04-28,Israel,regional_spillover,73.9,13
2025-04-29,Israel,internal_violence,67.0,12
2025-04-29,Israel,repression,59.0,10
2025-04-29,Israel,domestic_attack,53.7,10
2025-04-29,Israel,war_activity,79.2,13
2025-04-29,Israel,external_attack,78.3,13
2025-04-29,Israel,regional_spillover,76.7,12
2025-04-30,Israel,internal_violence,65.4,11
2025-04-30,Israel,repression,57.9,9
2025-04-30,Israel,domestic_attack,53.0,8
2025-04-30,Israel,war_activity,78.2,13
2025-04-30,Israel,external_attack,79.3,14
2025-04-30,Israel,regional_spillover,73.3,13
2025-05-01,Israel,internal_violence,68.4,10
2025-05-01,Israel,repression,58.5,9
2025-05-01,Israel,domestic_attack,51.9,8
2025-05-01,Israel,war_activity,77.4,12
2025-05-01,Israel,external_attack,77.6,13
2025-05-01,Israel,regional_spillover,74.3,12
2025-05-02,Israel,internal_violence,64.7,11
2025-05-02,Israel,repression,60.5,11
2025-05-02,Israel,domestic_attack,52.9,9
2025-05-02,Israel,war_activity,76.6,13
2025-05-02,Israel,external_attack,80.7,13
2025-05-02,Israel,regional_spillover,74.8,13
2025-05-03,Israel,internal_violence,61.7,9
2025-05-03,Israel,repression,54.3,9
2025-05-03,Israel,domestic_attack,50.8,9
2025-05-03,Israel,war_activity,77.2,13
2025-05-03,Israel,external_attack,78.7,15
2025-05-03,Israel,regional_spillover,73.7,14
2025-05-04,Israel,internal_violence,63.3,11
2025-05-04,Israel,repression,55.7,8
2025-05-04,Israel,domestic_attack,49.5,7
2025-05-04,Israel,war_activity,78.5,14
2025-05-04,Israel,external_attack,79.4,12
2025-05-04,Israel,regional_spillover,73.3,13
2025-05-05,Israel,internal_violence,66.0,11
2025-05-05,Israel,repression,59.0,11
2025-05-05,Israel,domestic_attack,49.4,7
2025-05-05,Israel,war_activity,77.6,13
2025-05-05,Israel,external_attack,75.7,11
2025-05-05,Israel,regional_spillover,73.3,12
2025-05-06,Israel,internal_violence,67.8,12
2025-05-06,Israel,repression,56.4,11
2025-05-06,Israel,domestic_attack,51.9,7
2025-05-06,Israel,war_activity,76.2,13
2025-05-06,Israel,external_attack,79.3,15
2025-05-06,Israel,regional_spillover,75.2,13
2025-05-07,Israel,internal_violence,68.1,12
2025-05-07,Israel,repression,57.8,9
2025-05-07,Israel,domestic_attack,56.4,10
2025-05-07,Israel,war_activity,80.0,14
2025-05-07,Israel,external_attack,77.3,12
2025-05-07,Israel,regional_spillover,74.3,12
2025-05-08,Israel,internal_violence,69.8,12
2025-05-08,Israel,repression,61.1,10
2025-05-08,Israel,domestic_attack,56.8,9
2025-05-08,Israel,war_activity,76.7,14
2025-05-08,Israel,external_attack,78.8,15
2025-05-08,Israel,regional_spillover,76.0,13
2025-05-09,Israel,internal_violence,69.1,13
2025-05-09,Israel,repression,58.6,11
2025-05-09,Israel,domestic_attack,53.4,10
2025-05-09,Israel,war_activity,78.4,12
2025-05-09,Israel,external_attack,79.6,14
2025-05-09,Israel,regional_spillover,77.4,14
2025-05-10,Israel,internal_violence,67.8,11
2025-05-10,Israel,repression,55.5,10
2025-05-10,Israel,domestic_attack,54.8,11
2025-05-10,Israel,war_activity,78.2,14
2025-05-10,Israel,external_attack,79.1,14
2025-05-10,Israel,regional_spillover,74.9,12
2025-05-11,Israel,internal_violence,62.3,10
2025-05-11,Israel,repression,55.5,11
2025-05-11,Israel,domestic_attack,51.8,8
2025-05-11,Israel,war_activity,76.5,12
2025-05-11,Israel,external_attack,77.5,12
2025-05-11,Israel,regional_spillover,72.8,11
2025-05-12,Israel,internal_violence,64.4,10
2025-05-12,Israel,repression,56.5,8
2025-05-12,Israel,domestic_attack,49.9,9
2025-05-12,Israel,war_activity,78.0,13
2025-05-12,Israel,external_attack,75.8,14
2025-05-12,Israel,regional_spillover,77.2,13
2025-05-13,Israel,internal_violence,66.3,11
2025-05-13,Israel,repression,58.2,11
2025-05-13,Israel,domestic_attack,51.4,9
2025-05-13,Israel,war_activity,77.0,12
2025-05-13,Israel,external_attack,80.2,13
2025-05-13,Israel,regional_spillover,74.0,13
2025-05-14,Israel,internal_violence,69.4,12
2025-05-14,Israel,repression,59.0,10
2025-05-14,Israel,domestic_attack,54.6,9
2025-05-14,Israel,war_activity,78.3,15
2025-05-14,Israel,external_attack,79.1,12
2025-05-14,Israel,regional_spillover,77.3,13
2025-05-15,Israel,internal_violence,69.8,10
2025-05-15,Israel,repression,61.5,11
2025-05-15,Israel,domestic_attack,56.4,11
2025-05-15,Israel,war_activity,81.6,15
2025-05-15,Israel,external_attack,79.2,15
2025-05-15,Israel,regional_spillover,77.1,13
2025-05-16,Israel,internal_violence,68.5,13
2025-05-16,Israel,repression,61.8,10
2025-05-16,Israel,domestic_attack,51.5,9
2025-05-16,Israel,war_activity,75.6,14
2025-05-16,Israel,external_attack,75.9,12
2025-05-16,Israel,regional_spillover,77.5,13
2025-05-17,Israel,internal_violence,63.5,12
2025-05-17,Israel,repression,57.8,10
2025-05-17,Israel,domestic_attack,52.8,10
2025-05-17,Israel,war_activity,77.4,13
2025-05-17,Israel,external_attack,78.1,14
2025-05-17,Israel,regional_spillover,74.2,12
2025-05-18,Israel,internal_violence,64.5,11
2025-05-18,Israel,repression,57.0,11
2025-05-18,Israel,domestic_attack,53.4,9
2025-05-18,Israel,war_activity,77.5,13
2025-05-18,Israel,external_attack,75.3,14
2025-05-18,Israel,regional_spillover,75.7,12
2025-05-19,Israel,internal_violence,64.2,10
2025-05-19,Israel,repression,59.1,9
2025-05-19,Israel,domestic_attack,52.8,8
2025-05-19,Israel,war_activity,78.5,13
2025-05-19,Israel,external_attack,76.5,12
2025-05-19,Israel,regional_spillover,75.1,14
2025-05-20,Israel,internal_violence,66.7,10
2025-05-20,Israel,repression,58.0,10
2025-05-20,Israel,domestic_attack,53.7,8
2025-05-20,Israel,war_activity,78.4,14
2025-05-20,Israel,external_attack,76.0,13
2025-05-20,Israel,regional_spillover,72.9,11
2025-05-21,Israel,internal_violence,66.2,11
2025-05-21,Israel,repression,60.1,9
2025-05-21,Israel,domestic_attack,54.7,9
2025-05-21,Israel,war_activity,79.8,13
2025-05-21,Israel,external_attack,78.3,12
2025-05-21,Israel,regional_spillover,77.3,14
2025-05-22,Israel,internal_violence,69.2,13
2025-05-22,Israel,repression,58.6,10
2025-05-22,Israel,domestic_attack,56.3,9
2025-05-22,Israel,war_activity,77.6,15
2025-05-22,Israel,external_attack,76.7,13
2025-05-22,Israel,regional_spillover,76.7,12
2025-05-23,Israel,internal_violence,67.2,10
2025-05-23,Israel,repression,60.1,9
2025-05-23,Israel,domestic_attack,51.0,8
2025-05-23,Israel,war_activity,75.5,12
2025-05-23,Israel,external_attack,81.1,13
2025-05-23,Israel,regional_spillover,76.9,13
2025-05-24,Israel,internal_violence,63.8,11
2025-05-24,Israel,repression,55.5,10
2025-05-24,Israel,domestic_attack,51.8,9
2025-05-24,Israel,war_activity,79.7,14
2025-05-24,Israel,external_attack,78.2,13
2025-05-24,Israel,regional_spillover,77.1,13
2025-05-25,Israel,internal_violence,61.2,10
2025-05-25,Israel,repression,54.9,10
2025-05-25,Israel,domestic_attack,49.4,8
2025-05-25,Israel,war_activity,74.6,12
2025-05-25,Israel,external_attack,77.0,13
2025-05-25,Israel,regional_spillover,74.6,13
2025-05-26,Israel,internal_violence,61.3,10
2025-05-26,Israel,repression,54.6,9
2025-05-26,Israel,domestic_attack,50.2,10
2025-05-26,Israel,war_activity,77.5,14
2025-05-26,Israel,external_attack,76.0,13
2025-05-26,Israel,regional_spillover,76.6,12
2025-05-27,Israel,internal_violence,66.5,12
2025-05-27,Israel,repression,57.4,9
2025-05-27,Israel,domestic_attack,53.4,10
2025-05-27,Israel,war_activity,77.1,13
2025-05-27,Israel,external_attack,76.6,13
2025-05-27,Israel,regional_spillover,75.8,12
2025-05-28,Israel,internal_violence,64.7,11
2025-05-28,Israel,repression,58.2,9
2025-05-28,Israel,domestic_attack,52.7,7
2025-05-28,Israel,war_activity,80.2,14
2025-05-28,Israel,external_attack,78.4,13
2025-05-28,Israel,regional_spillover,74.3,13
2025-05-29,Israel,internal_violence,65.9,10
2025-05-29,Israel,repression,61.2,9
2025-05-29,Israel,domestic_attack,50.6,7
2025-05-29,Israel,war_activity,77.5,13
2025-05-29,Israel,external_attack,79.9,15
2025-05-29,Israel,regional_spillover,73.5,13
2025-05-30,Israel,internal_violence,67.9,12
2025-05-30,Israel,repression,56.3,11
2025-05-30,Israel,domestic_attack,51.0,8
2025-05-30,Israel,war_activity,80.1,13
2025-05-30,Israel,external_attack,77.8,14
2025-05-30,Israel,regional_spillover,76.6,12
2025-05-31,Israel,internal_violence,65.7,10
2025-05-31,Israel,repression,55.9,10
2025-05-31,Israel,domestic_attack,51.8,9
2025-05-31,Israel,war_activity,74.7,13
2025-05-31,Israel,external_attack,77.9,13
2025-05-31,Israel,regional_spillover,72.2,12
2025-06-01,Israel,internal_violence,62.0,9
2025-06-01,Israel,repression,57.3,10
2025-06-01,Israel,domestic_attack,48.7,9
2025-06-01,Israel,war_activity,78.0,14
2025-06-01,Israel,external_attack,79.6,15
2025-06-01,Israel,regional_spillover,75.2,12
2025-06-02,Israel,internal_violence,62.3,10
2025-06-02,Israel,repression,56.4,10
2025-06-02,Israel,domestic_attack,47.8,8
2025-06-02,Israel,war_activity,74.4,13
2025-06-02,Israel,external_attack,75.6,13
2025-06-02,Israel,regional_spillover,75.3,12
2025-06-03,Israel,internal_violence,65.7,12
2025-06-03,Israel,repression,56.1,11
2025-06-03,Israel,domestic_attack,52.2,9
2025-06-03,Israel,war_activity,76.8,13
2025-06-03,Israel,external_attack,75.3,12
2025-06-03,Israel,regional_spillover,76.1,13
2025-06-04,Israel,internal_violence,63.2,10
2025-06-04,Israel,repression,57.3,9
2025-06-04,Israel,domestic_attack,52.0,9
2025-06-04,Israel,war_activity,80.1,14
2025-06-04,Israel,external_attack,80.1,13
2025-06-04,Israel,regional_spillover,77.3,13
2025-06-05,Israel,internal_violence,62.8,11
2025-06-05,Israel,repression,59.4,9
2025-06-05,Israel,domestic_attack,54.7,11
2025-06-05,Israel,war_activity,75.0,11
2025-06-05,Israel,external_attack,77.1,12
2025-06-05,Israel,regional_spillover,72.9,13
2025-06-06,Israel,internal_violence,63.2,11
2025-06-06,Israel,repression,53.7,8
2025-06-06,Israel,domestic_attack,48.6,8
2025-06-06,Israel,war_activity,75.1,12
2025-06-06,Israel,external_attack,79.4,13
2025-06-06,Israel,regional_spillover,77.1,12
2025-06-07,Israel,internal_violence,59.8,10
2025-06-07,Israel,repression,52.9,10
2025-06-07,Israel,domestic_attack,49.3,8
2025-06-07,Israel,war_activity,78.1,13
2025-06-07,Israel,external_attack,75.4,12
2025-06-07,Israel,regional_spillover,74.4,14
2025-06-08,Israel,internal_violence,62.7,10
2025-06-08,Israel,repression,55.6,9
2025-06-08,Israel,domestic_attack,49.1,8
2025-06-08,Israel,war_activity,77.7,14
2025-06-08,Israel,external_attack,77.0,13
2025-06-08,Israel,regional_spillover,71.8,12
2025-06-09,Israel,internal_violence,62.6,12
2025-06-09,Israel,repression,52.8,8
2025-06-09,Israel,domestic_attack,45.9,6
2025-06-09,Israel,war_activity,76.7,14
2025-06-09,Israel,external_attack,74.7,11
2025-06-09,Israel,regional_spillover,70.7,11
2025-06-10,Israel,internal_violence,63.4,11
2025-06-10,Israel,repression,52.6,9
2025-06-10,Israel,domestic_attack,50.4,10
2025-06-10,Israel,war_activity,77.7,14
2025-06-10,Israel,external_attack,78.4,13
2025-06-10,Israel,regional_spillover,74.7,12
2025-06-11,Israel,internal_violence,65.7,12
2025-06-11,Israel,repression,53.5,8
2025-06-11,Israel,domestic_attack,52.5,9
2025-06-11,Israel,war_activity,77.4,12
2025-06-11,Israel,external_attack,77.7,13
2025-06-11,Israel,regional_spillover,74.2,12
2025-06-12,Israel,internal_violence,65.9,11
2025-06-12,Israel,repression,55.5,9
2025-06-12,Israel,domestic_attack,50.6,10
2025-06-12,Israel,war_activity,78.3,12
2025-06-12,Israel,external_attack,76.9,14
2025-06-12,Israel,regional_spillover,75.3,11
2025-06-13,Israel,internal_violence,62.4,10
2025-06-13,Israel,repression,55.2,8
2025-06-13,Israel,domestic_attack,48.4,7
2025-06-13,Israel,war_activity,74.7,14
2025-06-13,Israel,external_attack,79.1,13
2025-06-13,Israel,regional_spillover,72.4,11
2025-06-14,Israel,internal_violence,58.0,11
2025-06-14,Israel,repression,53.8,8
2025-06-14,Israel,domestic_attack,50.7,10
2025-06-14,Israel,war_activity,77.8,14
2025-06-14,Israel,external_attack,77.8,13
2025-06-14,Israel,regional_spillover,73.2,12
2025-06-15,Israel,internal_violence,57.6,11
2025-06-15,Israel,repression,53.8,8
2025-06-15,Israel,domestic_attack,45.9,8
2025-06-15,Israel,war_activity,75.5,12
2025-06-15,Israel,external_attack,77.5,13
2025-06-15,Israel,regional_spillover,73.1,12
2025-06-16,Israel,internal_violence,58.7,9
2025-06-16,Israel,repression,53.0,7
2025-06-16,Israel,domestic_attack,46.6,9
2025-06-16,Israel,war_activity,77.0,13
2025-06-16,Israel,external_attack,76.7,12
2025-06-16,Israel,regional_spillover,70.8,12
2025-06-17,Israel,internal_violence,59.1,10
2025-06-17,Israel,repression,51.7,10
2025-06-17,Israel,domestic_attack,48.9,8
2025-06-17,Israel,war_activity,77.5,12
2025-06-17,Israel,external_attack,74.5,12
2025-06-17,Israel,regional_spillover,73.8,13
2025-06-18,Israel,internal_violence,62.1,12
2025-06-18,Israel,repression,55.1,11
2025-06-18,Israel,domestic_attack,50.7,10
2025-06-18,Israel,war_activity,77.3,13
2025-06-18,Israel,external_attack,75.8,12
2025-06-18,Israel,regional_spillover,74.3,13
2025-06-19,Israel,internal_violence,61.1,11
2025-06-19,Israel,repression,54.9,10
2025-06-19,Israel,domestic_attack,49.7,8
2025-06-19,Israel,war_activity,77.8,13
2025-06-19,Israel,external_attack,75.0,14
2025-06-19,Israel,regional_spillover,73.3,13
2025-06-20,Israel,internal_violence,60.2,11
2025-06-20,Israel,repression,54.2,8
2025-06-20,Israel,domestic_attack,49.2,7
2025-06-20,Israel,war_activity,73.5,11
2025-06-20,Israel,external_attack,79.2,13
2025-06-20,Israel,regional_spillover,73.4,14
2025-06-21,Israel,internal_violence,58.5,10
2025-06-21,Israel,repression,50.1,9
2025-06-21,Israel,domestic_attack,45.5,8
2025-06-21,Israel,war_activity,73.3,14
2025-06-21,Israel,external_attack,75.8,12
2025-06-21,Israel,regional_spillover,72.9,11
2025-06-22,Israel,internal_violence,57.1,8
2025-06-22,Israel,repression,53.1,9
2025-06-22,Israel,domestic_attack,45.5,7
2025-06-22,Israel,war_activity,74.2,12
2025-06-22,Israel,external_attack,76.3,13
2025-06-22,Israel,regional_spillover,70.9,11
2025-06-23,Israel,internal_violence,60.1,10
2025-06-23,Israel,repression,51.6,8
2025-06-23,Israel,domestic_attack,44.9,9
2025-06-23,Israel,war_activity,74.0,12
2025-06-23,Israel,external_attack,76.3,14
2025-06-23,Israel,regional_spillover,73.8,14
2025-06-24,Israel,internal_violence,60.1,10
2025-06-24,Israel,repression,52.8,8
2025-06-24,Israel,domestic_attack,50.5,8
2025-06-24,Israel,war_activity,74.4,12
2025-06-24,Israel,external_attack,74.0,13
2025-06-24,Israel,regional_spillover,70.5,12
2025-06-25,Israel,internal_violence,62.0,12
2025-06-25,Israel,repression,52.2,10
2025-06-25,Israel,domestic_attack,48.2,9
2025-06-25,Israel,war_activity,77.9,12
2025-06-25,Israel,external_attack,78.3,13
2025-06-25,Israel,regional_spillover,72.3,12
2025-06-26,Israel,internal_violence,60.2,11
2025-06-26,Israel,repression,55.9,9
2025-06-26,Israel,domestic_attack,48.7,9
2025-06-26,Israel,war_activity,78.5,14
2025-06-26,Israel,external_attack,77.0,14
2025-06-26,Israel,regional_spillover,75.3,14
2025-06-27,Israel,internal_violence,60.2,10
2025-06-27,Israel,repression,52.3,9
2025-06-27,Israel,domestic_attack,48.6,7
2025-06-27,Israel,war_activity,78.2,12
2025-06-27,Israel,external_attack,77.2,12
2025-06-27,Israel,regional_spillover,71.4,13
2025-06-28,Israel,internal_violence,60.4,11
2025-06-28,Israel,repression,52.3,10
2025-06-28,Israel,domestic_attack,48.0,7
2025-06-28,Israel,war_activity,76.6,14
2025-06-28,Israel,external_attack,73.4,13
2025-06-28,Israel,regional_spillover,72.3,13
2025-06-29,Israel,internal_violence,57.0,10
2025-06-29,Israel,repression,51.9,8
2025-06-29,Israel,domestic_attack,44.2,6
2025-06-29,Israel,war_activity,73.3,12
2025-06-29,Israel,external_attack,73.3,12
2025-06-29,Israel,regional_spillover,68.6,13
2025-06-30,Israel,internal_violence,57.4,10
2025-06-30,Israel,repression,49.4,8
2025-06-30,Israel,domestic_attack,44.4,8
2025-06-30,Israel,war_activity,76.1,14
2025-06-30,Israel,external_attack,73.9,14
2025-06-30,Israel,regional_spillover,73.9,12
2025-07-01,Israel,internal_violence,60.5,9
2025-07-01,Israel,repression,54.9,10
2025-07-01,Israel,domestic_attack,46.8,8
2025-07-01,Israel,war_activity,73.6,12
2025-07-01,Israel,external_attack,77.9,12
2025-07-01,Israel,regional_spillover,72.8,12
2025-07-02,Israel,internal_violence,59.4,10
2025-07-02,Israel,repression,52.1,8
2025-07-02,Israel,domestic_attack,51.9,9
2025-07-02,Israel,war_activity,78.9,15
2025-07-02,Israel,external_attack,76.8,12
2025-07-02,Israel,regional_spillover,70.7,11
2025-07-03,Israel,internal_violence,63.8,11
2025-07-03,Israel,repression,54.7,10
2025-07-03,Israel,domestic_attack,51.3,10
2025-07-03,Israel,war_activity,79.0,12
2025-07-03,Israel,external_attack,79.1,14
2025-07-03,Israel,regional_spillover,75.5,13
2025-07-04,Israel,internal_violence,63.9,11
2025-07-04,Israel,repression,51.6,9
2025-07-04,Israel,domestic_attack,51.2,9
2025-07-04,Israel,war_activity,76.6,13
2025-07-04,Israel,external_attack,75.1,12
2025-07-04,Israel,regional_spillover,70.8,11
2025-07-05,Israel,internal_violence,62.3,10
2025-07-05,Israel,repression,54.3,9
2025-07-05,Israel,domestic_attack,47.4,7
2025-07-05,Israel,war_activity,75.8,11
2025-07-05,Israel,external_attack,75.4,14
2025-07-05,Israel,regional_spillover,70.8,12
2025-07-06,Israel,internal_violence,59.8,10
2025-07-06,Israel,repression,53.1,10
2025-07-06,Israel,domestic_attack,45.7,8
2025-07-06,Israel,war_activity,74.9,13
2025-07-06,Israel,external_attack,75.5,13
2025-07-06,Israel,regional_spillover,73.9,12
2025-07-07,Israel,internal_violence,60.4,11
2025-07-07,Israel,repression,54.0,8
2025-07-07,Israel,domestic_attack,49.1,8
2025-07-07,Israel,war_activity,75.1,12
2025-07-07,Israel,external_attack,78.6,13
2025-07-07,Israel,regional_spillover,72.1,13
2025-07-08,Israel,internal_violence,60.1,10
2025-07-08,Israel,repression,53.1,8
2025-07-08,Israel,domestic_attack,49.7,7
2025-07-08,Israel,war_activity,76.2,12
2025-07-08,Israel,external_attack,79.1,14
2025-07-08,Israel,regional_spillover,74.9,13
2025-07-09,Israel,internal_violence,65.3,12
2025-07-09,Israel,repression,54.9,9
2025-07-09,Israel,domestic_attack,52.3,8
2025-07-09,Israel,war_activity,75.5,11
2025-07-09,Israel,external_attack,77.7,13
2025-07-09,Israel,regional_spillover,73.7,11
2025-07-10,Israel,internal_violence,65.1,12
2025-07-10,Israel,repression,54.5,10
2025-07-10,Israel,domestic_attack,53.1,8
2025-07-10,Israel,war_activity,76.2,14
2025-07-10,Israel,external_attack,76.0,13
2025-07-10,Israel,regional_spillover,76.7,14
2025-07-11,Israel,internal_violence,63.6,11
2025-07-11,Israel,repression,53.7,9
2025-07-11,Israel,domestic_attack,51.7,9
2025-07-11,Israel,war_activity,74.7,14
2025-07-11,Israel,external_attack,74.9,14
2025-07-11,Israel,regional_spillover,71.6,12
2025-07-12,Israel,internal_violence,64.5,10
2025-07-12,Israel,repression,56.6,11
2025-07-12,Israel,domestic_attack,51.5,8
2025-07-12,Israel,war_activity,78.4,13
2025-07-12,Israel,external_attack,77.7,13
2025-07-12,Israel,regional_spillover,74.4,14
2025-07-13,Israel,internal_violence,60.7,9
2025-07-13,Israel,repression,54.3,9
2025-07-13,Israel,domestic_attack,49.8,9
2025-07-13,Israel,war_activity,79.1,14
2025-07-13,Israel,external_attack,75.2,13
2025-07-13,Israel,regional_spillover,70.6,11
2025-07-14,Israel,internal_violence,62.8,11
2025-07-14,Israel,repression,55.9,11
2025-07-14,Israel,domestic_attack,51.4,10
2025-07-14,Israel,war_activity,76.9,12
2025-07-14,Israel,external_attack,77.7,12
2025-07-14,Israel,regional_spillover,71.8,12
2025-07-15,Israel,internal_violence,64.0,10
2025-07-15,Israel,repression,59.7,11
2025-07-15,Israel,domestic_attack,54.1,10
2025-07-15,Israel,war_activity,79.7,13
2025-07-15,Israel,external_attack,75.6,13
2025-07-15,Israel,regional_spillover,73.4,13
2025-07-16,Israel,internal_violence,68.3,13
2025-07-16,Israel,repression,60.9,11
2025-07-16,Israel,domestic_attack,52.4,9
2025-07-16,Israel,war_activity,75.6,12
2025-07-16,Israel,external_attack,80.2,13
2025-07-16,Israel,regional_spillover,73.3,11
2025-07-17,Israel,internal_violence,70.4,11
2025-07-17,Israel,repression,58.2,10
2025-07-17,Israel,domestic_attack,52.6,8
2025-07-17,Israel,war_activity,78.0,15
2025-07-17,Israel,external_attack,79.0,15
2025-07-17,Israel,regional_spillover,76.4,12
2025-07-18,Israel,internal_violence,65.8,11
2025-07-18,Israel,repression,59.9,11
2025-07-18,Israel,domestic_attack,54.8,10
2025-07-18,Israel,war_activity,81.1,15
2025-07-18,Israel,external_attack,79.2,13
2025-07-18,Israel,regional_spillover,74.3,12
2025-07-19,Israel,internal_violence,67.6,11
2025-07-19,Israel,repression,59.5,9
2025-07-19,Israel,domestic_attack,50.9,9
2025-07-19,Israel,war_activity,78.9,14
2025-07-19,Israel,external_attack,77.5,14
2025-07-19,Israel,regional_spillover,73.7,11
2025-07-20,Israel,internal_violence,64.5,12
2025-07-20,Israel,repression,59.1,9
2025-07-20,Israel,domestic_attack,51.0,10
2025-07-20,Israel,war_activity,78.5,12
2025-07-20,Israel,external_attack,78.0,15
2025-07-20,Israel,regional_spillover,75.7,12
2025-07-21,Israel,internal_violence,65.4,11
2025-07-21,Israel,repression,58.4,10
2025-07-21,Israel,domestic_attack,53.8,11
2025-07-21,Israel,war_activity,80.9,14
2025-07-21,Israel,external_attack,79.1,14
2025-07-21,Israel,regional_spillover,74.8,12
2025-07-22,Israel,internal_violence,69.9,11
2025-07-22,Israel,repression,61.2,11
2025-07-22,Israel,domestic_attack,55.6,9
2025-07-22,Israel,war_activity,77.7,12
2025-07-22,Israel,external_attack,79.5,12
2025-07-22,Israel,regional_spillover,78.1,14
2025-07-23,Israel,internal_violence,69.0,11
2025-07-23,Israel,repression,64.3,10
2025-07-23,Israel,domestic_attack,59.5,10
2025-07-23,Israel,war_activity,78.2,14
2025-07-23,Israel,external_attack,79.6,13
2025-07-23,Israel,regional_spillover,78.6,13
2025-07-24,Israel,internal_violence,72.5,12
2025-07-24,Israel,repression,63.6,11
2025-07-24,Israel,domestic_attack,58.9,10
2025-07-24,Israel,war_activity,79.3,14
2025-07-24,Israel,external_attack,78.8,12
2025-07-24,Israel,regional_spillover,80.4,15
2025-07-25,Israel,internal_violence,70.6,12
2025-07-25,Israel,repression,64.9,10
2025-07-25,Israel,domestic_attack,54.7,9
2025-07-25,Israel,war_activity,79.6,15
2025-07-25,Israel,external_attack,77.2,15
2025-07-25,Israel,regional_spillover,76.7,14
2025-07-26,Israel,internal_violence,73.1,12
2025-07-26,Israel,repression,63.1,11
2025-07-26,Israel,domestic_attack,58.7,11
2025-07-26,Israel,war_activity,81.1,13
2025-07-26,Israel,external_attack,79.8,13
2025-07-26,Israel,regional_spillover,75.3,12
2025-07-27,Israel,internal_violence,71.4,12
2025-07-27,Israel,repression,64.5,10
2025-07-27,Israel,domestic_attack,56.0,8
2025-07-27,Israel,war_activity,82.0,13
2025-07-27,Israel,external_attack,81.2,15
2025-07-27,Israel,regional_spillover,75.6,11
2025-07-28,Israel,internal_violence,72.5,13
2025-07-28,Israel,repression,62.3,11
2025-07-28,Israel,domestic_attack,54.3,9
2025-07-28,Israel,war_activity,79.3,14
2025-07-28,Israel,external_attack,78.1,14
2025-07-28,Israel,regional_spillover,79.7,15
2025-07-29,Israel,internal_violence,73.2,12
2025-07-29,Israel,repression,67.6,13
2025-07-29,Israel,domestic_attack,58.5,8
2025-07-29,Israel,war_activity,78.2,13
2025-07-29,Israel,external_attack,80.0,12
2025-07-29,Israel,regional_spillover,78.8,14
2025-07-30,Israel,internal_violence,76.7,14
2025-07-30,Israel,repression,69.3,11
2025-07-30,Israel,domestic_attack,57.7,9
2025-07-30,Israel,war_activity,79.9,15
2025-07-30,Israel,external_attack,79.3,12
2025-07-30,Israel,regional_spillover,82.2,14
2025-07-31,Israel,internal_violence,74.9,13
2025-07-31,Israel,repression,66.5,10
2025-07-31,Israel,domestic_attack,59.3,10
2025-07-31,Israel,war_activity,83.4,14
2025-07-31,Israel,external_attack,80.8,15
2025-07-31,Israel,regional_spillover,80.1,15
2025-08-01,Israel,internal_violence,78.7,13
2025-08-01,Israel,repression,68.7,12
2025-08-01,Israel,domestic_attack,62.5,11
2025-08-01,Israel,war_activity,81.2,14
2025-08-01,Israel,external_attack,79.3,12
2025-08-01,Israel,regional_spillover,79.8,15
2025-08-02,Israel,internal_violence,75.5,12
2025-08-02,Israel,repression,68.1,10
2025-08-02,Israel,domestic_attack,57.6,10
2025-08-02,Israel,war_activity,80.5,14
2025-08-02,Israel,external_attack,78.4,14
2025-08-02,Israel,regional_spillover,79.5,14
2025-08-03,Israel,internal_violence,75.6,14
2025-08-03,Israel,repression,68.2,12
2025-08-03,Israel,domestic_attack,60.3,9
2025-08-03,Israel,war_activity,79.7,15
2025-08-03,Israel,external_attack,83.6,14
2025-08-03,Israel,regional_spillover,80.5,12
2025-08-04,Israel,internal_violence,74.9,12
2025-08-04,Israel,repression,67.4,13
2025-08-04,Israel,domestic_attack,62.8,11
2025-08-04,Israel,war_activity,79.4,15
2025-08-04,Israel,external_attack,80.8,13
2025-08-04,Israel,regional_spillover,79.1,15
2025-08-05,Israel,internal_violence,80.0,12
2025-08-05,Israel,repression,70.4,11
2025-08-05,Israel,domestic_attack,59.8,9
2025-08-05,Israel,war_activity,80.6,15
2025-08-05,Israel,external_attack,81.0,13
2025-08-05,Israel,regional_spillover,83.0,13
2025-08-06,Israel,internal_violence,81.8,13
2025-08-06,Israel,repression,71.4,13
2025-08-06,Israel,domestic_attack,64.6,10
2025-08-06,Israel,war_activity,80.3,14
2025-08-06,Israel,external_attack,84.9,14
2025-08-06,Israel,regional_spillover,80.2,14
2025-08-07,Israel,internal_violence,82.9,15
2025-08-07,Israel,repression,70.0,11
2025-08-07,Israel,domestic_attack,66.6,11
2025-08-07,Israel,war_activity,83.3,15
2025-08-07,Israel,external_attack,85.2,13
2025-08-07,Israel,regional_spillover,83.7,14
2025-08-08,Israel,internal_violence,78.4,12
2025-08-08,Israel,repression,71.9,13
2025-08-08,Israel,domestic_attack,63.5,10
2025-08-08,Israel,war_activity,84.6,16
2025-08-08,Israel,external_attack,79.9,12
2025-08-08,Israel,regional_spillover,85.9,16
2025-08-09,Israel,internal_violence,79.8,13
2025-08-09,Israel,repression,71.7,13
2025-08-09,Israel,domestic_attack,61.8,11
2025-08-09,Israel,war_activity,84.9,14
2025-08-09,Israel,external_attack,80.8,15
2025-08-09,Israel,regional_spillover,81.2,13
2025-08-10,Israel,internal_violence,79.3,15
2025-08-10,Israel,repression,67.9,12
2025-08-10,Israel,domestic_attack,62.7,11
2025-08-10,Israel,war_activity,80.3,14
2025-08-10,Israel,external_attack,84.7,13
2025-08-10,Israel,regional_spillover,80.7,12
2025-08-11,Israel,internal_violence,79.3,13
2025-08-11,Israel,repression,68.5,13
2025-08-11,Israel,domestic_attack,63.8,11
2025-08-11,Israel,war_activity,82.5,13
2025-08-11,Israel,external_attack,82.8,15
2025-08-11,Israel,regional_spillover,82.1,15
2025-08-12,Israel,internal_violence,79.1,14
2025-08-12,Israel,repression,71.1,12
2025-08-12,Israel,domestic_attack,65.3,10
2025-08-12,Israel,war_activity,80.6,12
2025-08-12,Israel,external_attack,81.9,15
2025-08-12,Israel,regional_spillover,85.1,14
2025-08-13,Israel,internal_violence,80.3,14
2025-08-13,Israel,repression,71.4,12
2025-08-13,Israel,domestic_attack,67.8,11
2025-08-13,Israel,war_activity,83.6,14
2025-08-13,Israel,external_attack,84.4,14
2025-08-13,Israel,regional_spillover,82.7,13
2025-08-14,Israel,internal_violence,83.9,15
2025-08-14,Israel,repression,74.3,14
2025-08-14,Israel,domestic_attack,64.6,11
2025-08-14,Israel,war_activity,83.7,15
2025-08-14,Israel,external_attack,85.3,14
2025-08-14,Israel,regional_spillover,84.8,16
2025-08-15,Israel,internal_violence,80.0,14
2025-08-15,Israel,repression,74.7,12
2025-08-15,Israel,domestic_attack,65.6,12
2025-08-15,Israel,war_activity,83.9,15
2025-08-15,Israel,external_attack,83.4,15
2025-08-15,Israel,regional_spillover,81.7,15
2025-08-16,Israel,internal_violence,78.3,12
2025-08-16,Israel,repression,70.2,11
2025-08-16,Israel,domestic_attack,65.4,11
2025-08-16,Israel,war_activity,84.8,15
2025-08-16,Israel,external_attack,82.9,13
2025-08-16,Israel,regional_spillover,85.0,15
2025-08-17,Israel,internal_violence,78.5,13
2025-08-17,Israel,repression,71.2,11
2025-08-17,Israel,domestic_attack,63.6,12
2025-08-17,Israel,war_activity,80.8,12
2025-08-17,Israel,external_attack,84.6,14
2025-08-17,Israel,regional_spillover,84.1,14
2025-08-18,Israel,internal_violence,80.6,15
2025-08-18,Israel,repression,71.8,11
2025-08-18,Israel,domestic_attack,62.3,11
2025-08-18,Israel,war_activity,83.5,15
2025-08-18,Israel,external_attack,81.1,15
2025-08-18,Israel,regional_spillover,84.3,15
2025-08-19,Israel,internal_violence,82.4,15
2025-08-19,Israel,repression,72.6,13
2025-08-19,Israel,domestic_attack,68.0,12
2025-08-19,Israel,war_activity,84.8,14
2025-08-19,Israel,external_attack,82.6,14
2025-08-19,Israel,regional_spillover,85.4,14
2025-08-20,Israel,internal_violence,82.9,14
2025-08-20,Israel,repression,70.9,11
2025-08-20,Israel,domestic_attack,65.5,10
2025-08-20,Israel,war_activity,85.7,15
2025-08-20,Israel,external_attack,86.1,14
2025-08-20,Israel,regional_spillover,84.0,14
2025-08-21,Israel,internal_violence,81.7,14
2025-08-21,Israel,repression,74.7,13
2025-08-21,Israel,domestic_attack,67.5,12
2025-08-21,Israel,war_activity,82.4,14
2025-08-21,Israel,external_attack,85.3,15
2025-08-21,Israel,regional_spillover,83.1,15
2025-08-22,Israel,internal_violence,81.9,15
2025-08-22,Israel,repression,73.8,12
2025-08-22,Israel,domestic_attack,64.7,11
2025-08-22,Israel,war_activity,85.9,16
2025-08-22,Israel,external_attack,82.9,15
2025-08-22,Israel,regional_spillover,85.0,14
2025-08-23,Israel,internal_violence,78.6,14
2025-08-23,Israel,repression,72.5,11
2025-08-23,Israel,domestic_attack,66.6,13
2025-08-23,Israel,war_activity,83.7,16
2025-08-23,Israel,external_attack,83.0,14
2025-08-23,Israel,regional_spillover,85.9,14
2025-08-24,Israel,internal_violence,79.0,14
2025-08-24,Israel,repression,67.7,12
2025-08-24,Israel,domestic_attack,61.2,9
2025-08-24,Israel,war_activity,81.1,15
2025-08-24,Israel,external_attack,84.7,14
2025-08-24,Israel,regional_spillover,82.2,13
2025-08-25,Israel,internal_violence,80.7,15
2025-08-25,Israel,repression,69.1,12
2025-08-25,Israel,domestic_attack,65.2,12
2025-08-25,Israel,war_activity,84.9,16
2025-08-25,Israel,external_attack,79.8,14
2025-08-25,Israel,regional_spillover,83.8,14
2025-08-26,Israel,internal_violence,78.4,14
2025-08-26,Israel,repression,68.6,11
2025-08-26,Israel,domestic_attack,62.8,10
2025-08-26,Israel,war_activity,83.4,13
2025-08-26,Israel,external_attack,84.2,16
2025-08-26,Israel,regional_spillover,84.0,15
2025-08-27,Israel,internal_violence,80.1,14
2025-08-27,Israel,repression,73.7,13
2025-08-27,Israel,domestic_attack,63.1,12
2025-08-27,Israel,war_activity,85.8,14
2025-08-27,Israel,external_attack,84.8,15
2025-08-27,Israel,regional_spillover,81.6,13
2025-08-28,Israel,internal_violence,79.0,14
2025-08-28,Israel,repression,71.3,13
2025-08-28,Israel,domestic_attack,65.3,11
2025-08-28,Israel,war_activity,81.2,15
2025-08-28,Israel,external_attack,81.5,13
2025-08-28,Israel,regional_spillover,83.5,16
2025-08-29,Israel,internal_violence,80.1,14
2025-08-29,Israel,repression,68.7,10
2025-08-29,Israel,domestic_attack,65.5,11
2025-08-29,Israel,war_activity,82.2,15
2025-08-29,Israel,external_attack,81.7,13
2025-08-29,Israel,regional_spillover,82.3,14
2025-08-30,Israel,internal_violence,79.5,15
2025-08-30,Israel,repression,69.8,13
2025-08-30,Israel,domestic_attack,64.2,12
2025-08-30,Israel,war_activity,80.2,15
2025-08-30,Israel,external_attack,82.3,15
2025-08-30,Israel,regional_spillover,82.1,15
2025-08-31,Israel,internal_violence,78.7,14
2025-08-31,Israel,repression,69.9,13
2025-08-31,Israel,domestic_attack,59.9,10
2025-08-31,Israel,war_activity,79.9,13
2025-08-31,Israel,external_attack,79.8,15
2025-08-31,Israel,regional_spillover,83.1,13
2025-09-01,Israel,internal_violence,77.6,15
2025-09-01,Israel,repression,67.5,11
2025-09-01,Israel,domestic_attack,61.1,11
2025-09-01,Israel,war_activity,80.2,14
2025-09-01,Israel,external_attack,79.8,13
2025-09-01,Israel,regional_spillover,80.9,13
2025-09-02,Israel,internal_violence,76.9,13
2025-09-02,Israel,repression,69.2,12
2025-09-02,Israel,domestic_attack,61.1,12
2025-09-02,Israel,war_activity,82.5,13
2025-09-02,Israel,external_attack,84.2,15
2025-09-02,Israel,regional_spillover,81.0,14
2025-09-03,Israel,internal_violence,78.0,13
2025-09-03,Israel,repression,66.4,12
2025-09-03,Israel,domestic_attack,61.7,10
2025-09-03,Israel,war_activity,81.0,12
2025-09-03,Israel,external_attack,81.0,14
2025-09-03,Israel,regional_spillover,79.8,13
2025-09-04,Israel,internal_violence,78.7,13
2025-09-04,Israel,repression,70.5,11
2025-09-04,Israel,domestic_attack,60.0,11
2025-09-04,Israel,war_activity,84.3,14
2025-09-04,Israel,external_attack,80.1,13
2025-09-04,Israel,regional_spillover,82.9,13
2025-09-05,Israel,internal_violence,75.7,13
2025-09-05,Israel,repression,69.0,10
2025-09-05,Israel,domestic_attack,60.4,12
2025-09-05,Israel,war_activity,82.2,15
2025-09-05,Israel,external_attack,83.0,13
2025-09-05,Israel,regional_spillover,82.7,13
2025-09-06,Israel,internal_violence,72.2,14
2025-09-06,Israel,repression,65.3,11
2025-09-06,Israel,domestic_attack,57.2,10
2025-09-06,Israel,war_activity,80.7,15
2025-09-06,Israel,external_attack,81.8,13
2025-09-06,Israel,regional_spillover,77.9,14
2025-09-07,Israel,internal_violence,69.7,12
2025-09-07,Israel,repression,66.2,10
2025-09-07,Israel,domestic_attack,58.8,10
2025-09-07,Israel,war_activity,81.3,13
2025-09-07,Israel,external_attack,81.5,14
2025-09-07,Israel,regional_spillover,80.7,15
2025-09-08,Israel,internal_violence,71.5,14
2025-09-08,Israel,repression,65.5,12
2025-09-08,Israel,domestic_attack,54.8,9
2025-09-08,Israel,war_activity,78.4,13
2025-09-08,Israel,external_attack,81.8,14
2025-09-08,Israel,regional_spillover,77.1,12
2025-09-09,Israel,internal_violence,74.9,12
2025-09-09,Israel,repression,61.6,10
2025-09-09,Israel,domestic_attack,57.3,10
2025-09-09,Israel,war_activity,77.6,13
2025-09-09,Israel,external_attack,78.1,12
2025-09-09,Israel,regional_spillover,77.5,14
2025-09-10,Israel,internal_violence,74.2,12
2025-09-10,Israel,repression,62.2,10
2025-09-10,Israel,domestic_attack,56.0,11
2025-09-10,Israel,war_activity,78.1,12
2025-09-10,Israel,external_attack,80.1,14
2025-09-10,Israel,regional_spillover,82.0,13
2025-09-11,Israel,internal_violence,73.1,12
2025-09-11,Israel,repression,62.0,10
2025-09-11,Israel,domestic_attack,57.4,10
2025-09-11,Israel,war_activity,79.1,14
2025-09-11,Israel,external_attack,82.0,14
2025-09-11,Israel,regional_spillover,81.1,15
2025-09-12,Israel,internal_violence,68.6,11
2025-09-12,Israel,repression,62.3,10
2025-09-12,Israel,domestic_attack,56.7,9
2025-09-12,Israel,war_activity,77.9,14
2025-09-12,Israel,external_attack,79.7,13
2025-09-12,Israel,regional_spillover,77.3,14
2025-09-13,Israel,internal_violence,70.9,11
2025-09-13,Israel,repression,58.1,11
2025-09-13,Israel,domestic_attack,56.7,10
2025-09-13,Israel,war_activity,81.6,14
2025-09-13,Israel,external_attack,76.6,13
2025-09-13,Israel,regional_spillover,75.3,12
2025-09-14,Israel,internal_violence,66.9,10
2025-09-14,Israel,repression,59.9,9
2025-09-14,Israel,domestic_attack,54.9,8
2025-09-14,Israel,war_activity,76.4,14
2025-09-14,Israel,external_attack,76.2,14
2025-09-14,Israel,regional_spillover,75.3,13
2025-09-15,Israel,internal_violence,64.0,11
2025-09-15,Israel,repression,59.8,12
2025-09-15,Israel,domestic_attack,55.4,8
2025-09-15,Israel,war_activity,75.8,14
2025-09-15,Israel,external_attack,75.7,12
2025-09-15,Israel,regional_spillover,74.9,14
2025-09-16,Israel,internal_violence,67.0,11
2025-09-16,Israel,repression,59.9,9
2025-09-16,Israel,domestic_attack,52.7,8
2025-09-16,Israel,war_activity,79.2,15
2025-09-16,Israel,external_attack,77.2,14
2025-09-16,Israel,regional_spillover,75.0,14
2025-09-17,Israel,internal_violence,67.0,10
2025-09-17,Israel,repression,59.3,10
2025-09-17,Israel,domestic_attack,55.5,9
2025-09-17,Israel,war_activity,77.6,14
2025-09-17,Israel,external_attack,77.3,12
2025-09-17,Israel,regional_spillover,74.3,13
2025-09-18,Israel,internal_violence,69.2,12
2025-09-18,Israel,repression,59.3,9
2025-09-18,Israel,domestic_attack,52.6,10
2025-09-18,Israel,war_activity,78.0,12
2025-09-18,Israel,external_attack,80.0,15
2025-09-18,Israel,regional_spillover,77.7,14
2025-09-19,Israel,internal_violence,66.7,13
2025-09-19,Israel,repression,56.4,11
2025-09-19,Israel,domestic_attack,51.7,8
2025-09-19,Israel,war_activity,77.4,12
2025-09-19,Israel,external_attack,78.6,14
2025-09-19,Israel,regional_spillover,74.0,12
2025-09-20,Israel,internal_violence,65.5,12
2025-09-20,Israel,repression,55.4,11
2025-09-20,Israel,domestic_attack,52.9,10
2025-09-20,Israel,war_activity,80.2,14
2025-09-20,Israel,external_attack,80.3,13
2025-09-20,Israel,regional_spillover,75.6,12
2025-09-21,Israel,internal_violence,65.1,12
2025-09-21,Israel,repression,55.8,11
2025-09-21,Israel,domestic_attack,52.7,8
2025-09-21,Israel,war_activity,78.7,13
2025-09-21,Israel,external_attack,77.8,13
2025-09-21,Israel,regional_spillover,75.9,13
2025-09-22,Israel,internal_violence,63.7,11
2025-09-22,Israel,repression,55.9,9
2025-09-22,Israel,domestic_attack,51.2,10
2025-09-22,Israel,war_activity,76.3,14
2025-09-22,Israel,external_attack,74.5,12
2025-09-22,Israel,regional_spillover,71.3,12
2025-09-23,Israel,internal_violence,64.3,11
2025-09-23,Israel,repression,54.7,11
2025-09-23,Israel,domestic_attack,50.8,9
2025-09-23,Israel,war_activity,75.1,13
2025-09-23,Israel,external_attack,74.9,13
2025-09-23,Israel,regional_spillover,71.6,13
2025-09-24,Israel,internal_violence,65.4,11
2025-09-24,Israel,repression,57.1,9
2025-09-24,Israel,domestic_attack,49.4,9
2025-09-24,Israel,war_activity,78.2,13
2025-09-24,Israel,external_attack,76.1,14
2025-09-24,Israel,regional_spillover,77.6,12
2025-09-25,Israel,internal_violence,67.2,12
2025-09-25,Israel,repression,58.9,10
2025-09-25,Israel,domestic_attack,49.5,9
2025-09-25,Israel,war_activity,77.2,15
2025-09-25,Israel,external_attack,80.3,15
2025-09-25,Israel,regional_spillover,73.3,12
2025-09-26,Israel,internal_violence,61.0,9
2025-09-26,Israel,repression,56.0,11
2025-09-26,Israel,domestic_attack,49.1,8
2025-09-26,Israel,war_activity,74.8,12
2025-09-26,Israel,external_attack,78.0,15
2025-09-26,Israel,regional_spillover,71.4,13
2025-09-27,Israel,internal_violence,60.6,9
2025-09-27,Israel,repression,54.7,8
2025-09-27,Israel,domestic_attack,48.7,8
2025-09-27,Israel,war_activity,75.4,12
2025-09-27,Israel,external_attack,74.5,12
2025-09-27,Israel,regional_spillover,72.0,13
2025-09-28,Israel,internal_violence,62.5,10
2025-09-28,Israel,repression,53.9,9
2025-09-28,Israel,domestic_attack,48.2,9
2025-09-28,Israel,war_activity,76.7,12
2025-09-28,Israel,external_attack,73.7,13
2025-09-28,Israel,regional_spillover,72.3,13
2025-09-29,Israel,internal_violence,60.2,9
2025-09-29,Israel,repression,55.6,10
2025-09-29,Israel,domestic_attack,50.6,9
2025-09-29,Israel,war_activity,78.1,14
2025-09-29,Israel,external_attack,76.2,14
2025-09-29,Israel,regional_spillover,73.9,13
2025-09-30,Israel,internal_violence,61.5,10
2025-09-30,Israel,repression,56.3,9
2025-09-30,Israel,domestic_attack,50.9,9
2025-09-30,Israel,war_activity,75.4,13
2025-09-30,Israel,external_attack,78.3,15
2025-09-30,Israel,regional_spillover,71.0,13
2025-10-01,Israel,internal_violence,65.3,11
2025-10-01,Israel,repression,54.2,10
2025-10-01,Israel,domestic_attack,52.0,10
2025-10-01,Israel,war_activity,76.9,12
2025-10-01,Israel,external_attack,77.8,12
2025-10-01,Israel,regional_spillover,75.8,13
2025-10-02,Israel,internal_violence,62.7,12
2025-10-02,Israel,repression,53.8,10
2025-10-02,Israel,domestic_attack,50.4,7
2025-10-02,Israel,war_activity,77.9,14
2025-10-02,Israel,external_attack,75.7,13
2025-10-02,Israel,regional_spillover,74.8,13
2025-10-03,Israel,internal_violence,64.5,10
2025-10-03,Israel,repression,54.3,8
2025-10-03,Israel,domestic_attack,47.7,8
2025-10-03,Israel,war_activity,79.0,15
2025-10-03,Israel,external_attack,77.6,13
2025-10-03,Israel,regional_spillover,75.7,13
2025-10-04,Israel,internal_violence,62.2,10
2025-10-04,Israel,repression,52.1,10
2025-10-04,Israel,domestic_attack,50.5,8
2025-10-04,Israel,war_activity,78.7,13
2025-10-04,Israel,external_attack,75.2,12
2025-10-04,Israel,regional_spillover,71.1,13
2025-10-05,Israel,internal_violence,56.7,8
2025-10-05,Israel,repression,49.5,9
2025-10-05,Israel,domestic_attack,44.4,8
2025-10-05,Israel,war_activity,78.1,15
2025-10-05,Israel,external_attack,75.5,12
2025-10-05,Israel,regional_spillover,69.8,11
2025-10-06,Israel,internal_violence,58.2,10
2025-10-06,Israel,repression,53.8,9
2025-10-06,Israel,domestic_attack,48.3,9
2025-10-06,Israel,war_activity,78.2,13
2025-10-06,Israel,external_attack,74.1,12
2025-10-06,Israel,regional_spillover,73.9,14
2025-10-07,Israel,internal_violence,61.2,10
2025-10-07,Israel,repression,54.5,10
2025-10-07,Israel,domestic_attack,46.8,9
2025-10-07,Israel,war_activity,73.6,11
2025-10-07,Israel,external_attack,75.3,14
2025-10-07,Israel,regional_spillover,72.5,14
2025-10-08,Israel,internal_violence,63.2,12
2025-10-08,Israel,repression,55.7,11
2025-10-08,Israel,domestic_attack,50.6,7
2025-10-08,Israel,war_activity,75.1,12
2025-10-08,Israel,external_attack,74.3,12
2025-10-08,Israel,regional_spillover,75.3,12
2025-10-09,Israel,internal_violence,64.9,10
2025-10-09,Israel,repression,56.1,10
2025-10-09,Israel,domestic_attack,49.4,7
2025-10-09,Israel,war_activity,77.7,13
2025-10-09,Israel,external_attack,79.8,12
2025-10-09,Israel,regional_spillover,75.3,12
2025-10-10,Israel,internal_violence,63.0,12
2025-10-10,Israel,repression,56.3,10
2025-10-10,Israel,domestic_attack,48.2,9
2025-10-10,Israel,war_activity,78.0,13
2025-10-10,Israel,external_attack,78.8,13
2025-10-10,Israel,regional_spillover,74.3,12
2025-10-11,Israel,internal_violence,60.8,10
2025-10-11,Israel,repression,55.5,11
2025-10-11,Israel,domestic_attack,47.4,8
2025-10-11,Israel,war_activity,74.6,11
2025-10-11,Israel,external_attack,74.3,12
2025-10-11,Israel,regional_spillover,74.7,14
2025-10-12,Israel,internal_violence,56.4,8
2025-10-12,Israel,repression,52.4,8
2025-10-12,Israel,domestic_attack,48.6,8
2025-10-12,Israel,war_activity,74.9,14
2025-10-12,Israel,external_attack,73.7,12
2025-10-12,Israel,regional_spillover,73.1,14
2025-10-13,Israel,internal_violence,57.2,10
2025-10-13,Israel,repression,51.1,9
2025-10-13,Israel,domestic_attack,46.9,7
2025-10-13,Israel,war_activity,75.7,12
2025-10-13,Israel,external_attack,75.7,14
2025-10-13,Israel,regional_spillover,74.1,14
2025-10-14,Israel,internal_violence,60.2,10
2025-10-14,Israel,repression,53.0,10
2025-10-14,Israel,domestic_attack,50.8,10
2025-10-14,Israel,war_activity,76.5,12
2025-10-14,Israel,external_attack,74.5,13
2025-10-14,Israel,regional_spillover,72.9,13
2025-10-15,Israel,internal_violence,64.9,11
2025-10-15,Israel,repression,54.2,10
2025-10-15,Israel,domestic_attack,50.9,8
2025-10-15,Israel,war_activity,74.2,11
2025-10-15,Israel,external_attack,78.1,14
2025-10-15,Israel,regional_spillover,74.7,12
2025-10-16,Israel,internal_violence,65.1,11
2025-10-16,Israel,repression,58.2,11
2025-10-16,Israel,domestic_attack,51.4,7
2025-10-16,Israel,war_activity,78.1,12
2025-10-16,Israel,external_attack,75.8,11
2025-10-16,Israel,regional_spillover,72.0,13
2025-10-17,Israel,internal_violence,63.9,12
2025-10-17,Israel,repression,53.8,9
2025-10-17,Israel,domestic_attack,47.7,9
2025-10-17,Israel,war_activity,77.9,15
2025-10-17,Israel,external_attack,76.4,14
2025-10-17,Israel,regional_spillover,73.1,14
2025-10-18,Israel,internal_violence,62.7,10
2025-10-18,Israel,repression,54.1,10
2025-10-18,Israel,domestic_attack,48.4,8
2025-10-18,Israel,war_activity,76.5,14
2025-10-18,Israel,external_attack,75.1,13
2025-10-18,Israel,regional_spillover,70.9,12
2025-10-19,Israel,internal_violence,61.3,11
2025-10-19,Israel,repression,52.0,8
2025-10-19,Israel,domestic_attack,45.8,8
2025-10-19,Israel,war_activity,78.7,13
2025-10-19,Israel,external_attack,76.8,12
2025-10-19,Israel,regional_spillover,72.6,13
2025-10-20,Israel,internal_violence,61.7,9
2025-10-20,Israel,repression,52.6,9
2025-10-20,Israel,domestic_attack,50.3,9
2025-10-20,Israel,war_activity,75.8,14
2025-10-20,Israel,external_attack,76.5,15
2025-10-20,Israel,regional_spillover,72.6,14
2025-10-21,Israel,internal_violence,63.1,12
2025-10-21,Israel,repression,54.1,8
2025-10-21,Israel,domestic_attack,50.3,8
2025-10-21,Israel,war_activity,74.2,14
2025-10-21,Israel,external_attack,75.5,13
2025-10-21,Israel,regional_spillover,72.7,13
2025-10-22,Israel,internal_violence,62.0,9
2025-10-22,Israel,repression,54.9,8
2025-10-22,Israel,domestic_attack,53.1,9
2025-10-22,Israel,war_activity,74.7,14
2025-10-22,Israel,external_attack,79.3,12
2025-10-22,Israel,regional_spillover,75.9,14
2025-10-23,Israel,internal_violence,62.9,11
2025-10-23,Israel,repression,56.9,10
2025-10-23,Israel,domestic_attack,52.2,8
2025-10-23,Israel,war_activity,75.2,14
2025-10-23,Israel,external_attack,75.9,14
2025-10-23,Israel,regional_spillover,76.5,15
2025-10-24,Israel,internal_violence,62.1,10
2025-10-24,Israel,repression,58.5,11
2025-10-24,Israel,domestic_attack,48.7,9
2025-10-24,Israel,war_activity,79.7,15
2025-10-24,Israel,external_attack,77.5,14
2025-10-24,Israel,regional_spillover,72.6,11
2025-10-25,Israel,internal_violence,65.3,12
2025-10-25,Israel,repression,56.5,11
2025-10-25,Israel,domestic_attack,51.7,9
2025-10-25,Israel,war_activity,75.7,14
2025-10-25,Israel,external_attack,79.9,15
2025-10-25,Israel,regional_spillover,74.8,12
2025-10-26,Israel,internal_violence,63.7,12
2025-10-26,Israel,repression,53.2,8
2025-10-26,Israel,domestic_attack,47.8,9
2025-10-26,Israel,war_activity,74.4,13
2025-10-26,Israel,external_attack,76.1,12
2025-10-26,Israel,regional_spillover,71.5,13
2025-10-27,Israel,internal_violence,61.6,10
2025-10-27,Israel,repression,56.7,9
2025-10-27,Israel,domestic_attack,52.1,7
2025-10-27,Israel,war_activity,77.3,14
2025-10-27,Israel,external_attack,75.1,12
2025-10-27,Israel,regional_spillover,75.9,12
2025-10-28,Israel,internal_violence,64.7,10
2025-10-28,Israel,repression,55.4,10
2025-10-28,Israel,domestic_attack,52.8,8
2025-10-28,Israel,war_activity,78.1,15
2025-10-28,Israel,external_attack,78.6,14
2025-10-28,Israel,regional_spillover,76.6,12
2025-10-29,Israel,internal_violence,63.3,10
2025-10-29,Israel,repression,60.9,10
2025-10-29,Israel,domestic_attack,55.5,11
2025-10-29,Israel,war_activity,77.4,13
2025-10-29,Israel,external_attack,76.8,13
2025-10-29,Israel,regional_spillover,73.4,12
2025-10-30,Israel,internal_violence,64.0,12
2025-10-30,Israel,repression,56.1,8
2025-10-30,Israel,domestic_attack,51.4,9
2025-10-30,Israel,war_activity,80.3,15
2025-10-30,Israel,external_attack,75.7,12
2025-10-30,Israel,regional_spillover,73.9,11
2025-10-31,Israel,internal_violence,65.3,10
2025-10-31,Israel,repression,60.3,9
2025-10-31,Israel,domestic_attack,52.3,10
2025-10-31,Israel,war_activity,76.3,14
2025-10-31,Israel,external_attack,78.8,15
2025-10-31,Israel,regional_spillover,74.3,14
2025-11-01,Israel,internal_violence,66.1,10
2025-11-01,Israel,repression,56.6,8
2025-11-01,Israel,domestic_attack,52.3,8
2025-11-01,Israel,war_activity,78.2,13
2025-11-01,Israel,external_attack,76.0,13
2025-11-01,Israel,regional_spillover,76.0,14
2025-11-02,Israel,internal_violence,62.6,11
2025-11-02,Israel,repression,53.8,8
2025-11-02,Israel,domestic_attack,53.2,10
2025-11-02,Israel,war_activity,76.0,12
2025-11-02,Israel,external_attack,76.8,13
2025-11-02,Israel,regional_spillover,72.5,13
2025-11-03,Israel,internal_violence,64.7,11
2025-11-03,Israel,repression,56.0,10
2025-11-03,Israel,domestic_attack,49.7,9
2025-11-03,Israel,war_activity,76.9,14
2025-11-03,Israel,external_attack,75.9,14
2025-11-03,Israel,regional_spillover,72.0,13
2025-11-04,Israel,internal_violence,64.1,12
2025-11-04,Israel,repression,60.1,11
2025-11-04,Israel,domestic_attack,53.7,11
2025-11-04,Israel,war_activity,78.9,14
2025-11-04,Israel,external_attack,76.0,14
2025-11-04,Israel,regional_spillover,74.6,12
2025-11-05,Israel,internal_violence,67.6,13
2025-11-05,Israel,repression,61.4,11
2025-11-05,Israel,domestic_attack,54.5,11
2025-11-05,Israel,war_activity,77.5,14
2025-11-05,Israel,external_attack,76.6,14
2025-11-05,Israel,regional_spillover,78.8,13
2025-11-06,Israel,internal_violence,67.4,11
2025-11-06,Israel,repression,58.1,10
2025-11-06,Israel,domestic_attack,52.0,9
2025-11-06,Israel,war_activity,76.9,15
2025-11-06,Israel,external_attack,76.9,13
2025-11-06,Israel,regional_spillover,76.3,12
2025-11-07,Israel,internal_violence,65.3,13
2025-11-07,Israel,repression,57.0,10
2025-11-07,Israel,domestic_attack,52.7,10
2025-11-07,Israel,war_activity,79.1,12
2025-11-07,Israel,external_attack,78.7,12
2025-11-07,Israel,regional_spillover,76.8,12
2025-11-08,Israel,internal_violence,66.4,11
2025-11-08,Israel,repression,60.0,11
2025-11-08,Israel,domestic_attack,52.9,8
2025-11-08,Israel,war_activity,77.9,13
2025-11-08,Israel,external_attack,76.9,14
2025-11-08,Israel,regional_spillover,73.1,12
2025-11-09,Israel,internal_violence,62.1,9
2025-11-09,Israel,repression,57.5,10
2025-11-09,Israel,domestic_attack,49.5,7
2025-11-09,Israel,war_activity,79.5,12
2025-11-09,Israel,external_attack,77.1,12
2025-11-09,Israel,regional_spillover,73.1,12
2025-11-10,Israel,internal_violence,66.0,12
2025-11-10,Israel,repression,55.6,8
2025-11-10,Israel,domestic_attack,51.7,9
2025-11-10,Israel,war_activity,78.4,12
2025-11-10,Israel,external_attack,79.5,12
2025-11-10,Israel,regional_spillover,74.4,12
2025-11-11,Israel,internal_violence,65.0,12
2025-11-11,Israel,repression,56.6,10
2025-11-11,Israel,domestic_attack,53.6,8
2025-11-11,Israel,war_activity,76.3,14
2025-11-11,Israel,external_attack,77.9,15
2025-11-11,Israel,regional_spillover,75.8,13
2025-11-12,Israel,internal_violence,68.8,11
2025-11-12,Israel,repression,62.0,10
2025-11-12,Israel,domestic_attack,57.3,11
2025-11-12,Israel,war_activity,79.4,13
2025-11-12,Israel,external_attack,76.5,13
2025-11-12,Israel,regional_spillover,75.0,14
2025-11-13,Israel,internal_violence,66.9,11
2025-11-13,Israel,repression,60.8,12
2025-11-13,Israel,domestic_attack,52.8,10
2025-11-13,Israel,war_activity,78.9,13
2025-11-13,Israel,external_attack,81.4,14
2025-11-13,Israel,regional_spillover,77.6,12
2025-11-14,Israel,internal_violence,69.4,12
2025-11-14,Israel,repression,58.0,9
2025-11-14,Israel,domestic_attack,53.6,9
2025-11-14,Israel,war_activity,80.8,15
2025-11-14,Israel,external_attack,80.7,13
2025-11-14,Israel,regional_spillover,73.9,14
2025-11-15,Israel,internal_violence,69.2,11
2025-11-15,Israel,repression,59.8,11
2025-11-15,Israel,domestic_attack,52.3,10
2025-11-15,Israel,war_activity,77.5,12
2025-11-15,Israel,external_attack,77.8,13
2025-11-15,Israel,regional_spillover,77.7,14
2025-11-16,Israel,internal_violence,64.6,12
2025-11-16,Israel,repression,56.6,11
2025-11-16,Israel,domestic_attack,55.2,10
2025-11-16,Israel,war_activity,78.2,14
2025-11-16,Israel,external_attack,77.4,13
2025-11-16,Israel,regional_spillover,77.2,12
2025-11-17,Israel,internal_violence,67.0,11
2025-11-17,Israel,repression,60.5,11
2025-11-17,Israel,domestic_attack,53.1,9
2025-11-17,Israel,war_activity,79.5,12
2025-11-17,Israel,external_attack,77.9,12
2025-11-17,Israel,regional_spillover,73.1,12
2025-11-18,Israel,internal_violence,69.2,13
2025-11-18,Israel,repression,58.9,10
2025-11-18,Israel,domestic_attack,54.5,10
2025-11-18,Israel,war_activity,79.9,15
2025-11-18,Israel,external_attack,76.9,14
2025-11-18,Israel,regional_spillover,76.3,14
2025-11-19,Israel,internal_violence,71.4,14
2025-11-19,Israel,repression,62.8,9
2025-11-19,Israel,domestic_attack,54.9,11
2025-11-19,Israel,war_activity,81.0,13
2025-11-19,Israel,external_attack,81.8,15
2025-11-19,Israel,regional_spillover,79.3,12
2025-11-20,Israel,internal_violence,69.1,11
2025-11-20,Israel,repression,59.9,11
2025-11-20,Israel,domestic_attack,54.4,8
2025-11-20,Israel,war_activity,78.6,12
2025-11-20,Israel,external_attack,77.0,14
2025-11-20,Israel,regional_spillover,76.2,13
2025-11-21,Israel,internal_violence,67.4,12
2025-11-21,Israel,repression,61.5,12
2025-11-21,Israel,domestic_attack,55.9,9
2025-11-21,Israel,war_activity,77.7,12
2025-11-21,Israel,external_attack,81.2,15
2025-11-21,Israel,regional_spillover,75.9,11
2025-11-22,Israel,internal_violence,65.2,11
2025-11-22,Israel,repression,59.3,10
2025-11-22,Israel,domestic_attack,55.3,11
2025-11-22,Israel,war_activity,76.3,12
2025-11-22,Israel,external_attack,81.2,15
2025-11-22,Israel,regional_spillover,76.1,14
2025-11-23,Israel,internal_violence,67.1,11
2025-11-23,Israel,repression,57.9,10
2025-11-23,Israel,domestic_attack,55.4,10
2025-11-23,Israel,war_activity,80.8,14
2025-11-23,Israel,external_attack,80.7,12
2025-11-23,Israel,regional_spillover,74.0,14
2025-11-24,Israel,internal_violence,67.2,11
2025-11-24,Israel,repression,60.8,10
2025-11-24,Israel,domestic_attack,52.5,8
2025-11-24,Israel,war_activity,76.3,12
2025-11-24,Israel,external_attack,77.0,12
2025-11-24,Israel,regional_spillover,77.5,13
2025-11-25,Israel,internal_violence,69.8,13
2025-11-25,Israel,repression,58.6,9
2025-11-25,Israel,domestic_attack,53.3,10
2025-11-25,Israel,war_activity,76.6,12
2025-11-25,Israel,external_attack,76.9,14
2025-11-25,Israel,regional_spillover,75.0,14
2025-11-26,Israel,internal_violence,72.0,13
2025-11-26,Israel,repression,59.4,11
2025-11-26,Israel,domestic_attack,57.8,9
2025-11-26,Israel,war_activity,81.1,15
2025-11-26,Israel,external_attack,78.1,14
2025-11-26,Israel,regional_spillover,75.8,13
2025-11-27,Israel,internal_violence,72.1,12
2025-11-27,Israel,repression,60.2,9
2025-11-27,Israel,domestic_attack,53.4,11
2025-11-27,Israel,war_activity,81.1,14
2025-11-27,Israel,external_attack,79.4,15
2025-11-27,Israel,regional_spillover,77.9,12
2025-11-28,Israel,internal_violence,70.2,13
2025-11-28,Israel,repression,63.6,10
2025-11-28,Israel,domestic_attack,56.2,8
2025-11-28,Israel,war_activity,78.1,14
2025-11-28,Israel,external_attack,81.4,13
2025-11-28,Israel,regional_spillover,75.9,13
2025-11-29,Israel,internal_violence,67.5,10
2025-11-29,Israel,repression,62.1,11
2025-11-29,Israel,domestic_attack,53.9,10
2025-11-29,Israel,war_activity,80.7,14
2025-11-29,Israel,external_attack,78.5,14
2025-11-29,Israel,regional_spillover,78.0,14
2025-11-30,Israel,internal_violence,69.2,12
2025-11-30,Israel,repression,59.9,9
2025-11-30,Israel,domestic_attack,54.4,10
2025-11-30,Israel,war_activity,77.5,14
2025-11-30,Israel,external_attack,79.3,15
2025-11-30,Israel,regional_spillover,73.2,11
2025-12-01,Israel,internal_violence,67.0,10
2025-12-01,Israel,repression,61.1,9
2025-12-01,Israel,domestic_attack,55.3,10
2025-12-01,Israel,war_activity,80.0,14
2025-12-01,Israel,external_attack,81.3,12
2025-12-01,Israel,regional_spillover,75.9,14
2025-12-02,Israel,internal_violence,69.4,10
2025-12-02,Israel,repression,63.2,11
2025-12-02,Israel,domestic_attack,54.4,10
2025-12-02,Israel,war_activity,77.9,13
2025-12-02,Israel,external_attack,79.3,13
2025-12-02,Israel,regional_spillover,77.5,12
2025-12-03,Israel,internal_violence,72.8,11
2025-12-03,Israel,repression,60.8,12
2025-12-03,Israel,domestic_attack,54.9,8
2025-12-03,Israel,war_activity,77.8,12
2025-12-03,Israel,external_attack,77.8,14
2025-12-03,Israel,regional_spillover,80.3,15
2025-12-04,Israel,internal_violence,68.7,13
2025-12-04,Israel,repression,63.5,9
2025-12-04,Israel,domestic_attack,57.9,11
2025-12-04,Israel,war_activity,78.0,13
2025-12-04,Israel,external_attack,80.6,15
2025-12-04,Israel,regional_spillover,75.8,13
2025-12-05,Israel,internal_violence,71.3,11
2025-12-05,Israel,repression,60.1,11
2025-12-05,Israel,domestic_attack,55.7,10
2025-12-05,Israel,war_activity,78.6,14
2025-12-05,Israel,external_attack,82.2,13
2025-12-05,Israel,regional_spillover,76.5,12
2025-12-06,Israel,internal_violence,66.2,11
2025-12-06,Israel,repression,57.8,11
2025-12-06,Israel,domestic_attack,54.6,8
2025-12-06,Israel,war_activity,77.3,13
2025-12-06,Israel,external_attack,76.4,14
2025-12-06,Israel,regional_spillover,76.2,13
2025-12-07,Israel,internal_violence,69.9,10
2025-12-07,Israel,repression,57.6,10
2025-12-07,Israel,domestic_attack,55.3,9
2025-12-07,Israel,war_activity,78.2,14
2025-12-07,Israel,external_attack,79.3,14
2025-12-07,Israel,regional_spillover,76.4,12
2025-12-08,Israel,internal_violence,67.6,12
2025-12-08,Israel,repression,58.3,9
2025-12-08,Israel,domestic_attack,52.8,10
2025-12-08,Israel,war_activity,77.9,12
2025-12-08,Israel,external_attack,79.2,15
2025-12-08,Israel,regional_spillover,79.0,13
2025-12-09,Israel,internal_violence,69.7,11
2025-12-09,Israel,repression,62.1,10
2025-12-09,Israel,domestic_attack,55.7,11
2025-12-09,Israel,war_activity,80.1,13
2025-12-09,Israel,external_attack,80.5,14
2025-12-09,Israel,regional_spillover,77.6,13
2025-12-10,Israel,internal_violence,73.0,13
2025-12-10,Israel,repression,63.7,12
2025-12-10,Israel,domestic_attack,56.4,11
2025-12-10,Israel,war_activity,80.3,15
2025-12-10,Israel,external_attack,81.0,15
2025-12-10,Israel,regional_spillover,79.9,15
2025-12-11,Israel,internal_violence,72.6,13
2025-12-11,Israel,repression,64.8,10
2025-12-11,Israel,domestic_attack,57.7,10
2025-12-11,Israel,war_activity,80.8,12
2025-12-11,Israel,external_attack,77.8,13
2025-12-11,Israel,regional_spillover,76.5,13
2025-12-12,Israel,internal_violence,71.0,11
2025-12-12,Israel,repression,60.2,10
2025-12-12,Israel,domestic_attack,57.7,8
2025-12-12,Israel,war_activity,78.4,13
2025-12-12,Israel,external_attack,80.5,13
2025-12-12,Israel,regional_spillover,79.4,15
2025-12-13,Israel,internal_violence,71.3,12
2025-12-13,Israel,repression,61.4,10
2025-12-13,Israel,domestic_attack,52.9,8
2025-12-13,Israel,war_activity,77.0,13
2025-12-13,Israel,external_attack,76.7,13
2025-12-13,Israel,regional_spillover,79.4,12
2025-12-14,Israel,internal_violence,71.4,13
2025-12-14,Israel,repression,61.3,9
2025-12-14,Israel,domestic_attack,55.3,9
2025-12-14,Israel,war_activity,80.0,13
2025-12-14,Israel,external_attack,81.5,15
2025-12-14,Israel,regional_spillover,78.2,13
2025-12-15,Israel,internal_violence,70.1,11
2025-12-15,Israel,repression,61.2,10
2025-12-15,Israel,domestic_attack,52.8,8
2025-12-15,Israel,war_activity,79.5,12
2025-12-15,Israel,external_attack,81.2,15
2025-12-15,Israel,regional_spillover,74.7,14
2025-12-16,Israel,internal_violence,71.1,14
2025-12-16,Israel,repression,61.9,12
2025-12-16,Israel,domestic_attack,54.4,10
2025-12-16,Israel,war_activity,79.1,13
2025-12-16,Israel,external_attack,77.1,14
2025-12-16,Israel,regional_spillover,75.9,13
2025-12-17,Israel,internal_violence,74.3,11
2025-12-17,Israel,repression,63.3,10
2025-12-17,Israel,domestic_attack,59.7,9
2025-12-17,Israel,war_activity,78.1,12
2025-12-17,Israel,external_attack,81.3,13
2025-12-17,Israel,regional_spillover,81.9,13
2025-12-18,Israel,internal_violence,75.7,14
2025-12-18,Israel,repression,65.9,11
2025-12-18,Israel,domestic_attack,57.0,8
2025-12-18,Israel,war_activity,81.5,15
2025-12-18,Israel,external_attack,80.2,15
2025-12-18,Israel,regional_spillover,82.1,16
2025-12-19,Israel,internal_violence,74.9,13
2025-12-19,Israel,repression,62.3,11
2025-12-19,Israel,domestic_attack,58.8,9
2025-12-19,Israel,war_activity,77.9,14
2025-12-19,Israel,external_attack,82.2,15
2025-12-19,Israel,regional_spillover,76.7,12
2025-12-20,Israel,internal_violence,71.5,13
2025-12-20,Israel,repression,63.3,10
2025-12-20,Israel,domestic_attack,58.4,11
2025-12-20,Israel,war_activity,79.8,15
2025-12-20,Israel,external_attack,80.5,14
2025-12-20,Israel,regional_spillover,81.1,14
2025-12-21,Israel,internal_violence,71.4,11
2025-12-21,Israel,repression,63.6,12
2025-12-21,Israel,domestic_attack,58.7,9
2025-12-21,Israel,war_activity,77.0,13
2025-12-21,Israel,external_attack,79.6,15
2025-12-21,Israel,regional_spillover,77.2,13
2025-12-22,Israel,internal_violence,69.0,13
2025-12-22,Israel,repression,64.8,11
2025-12-22,Israel,domestic_attack,59.0,9
2025-12-22,Israel,war_activity,80.4,14
2025-12-22,Israel,external_attack,79.9,14
2025-12-22,Israel,regional_spillover,78.5,13
2025-12-23,Israel,internal_violence,75.0,13
2025-12-23,Israel,repression,65.1,10
2025-12-23,Israel,domestic_attack,56.2,10
2025-12-23,Israel,war_activity,81.1,15
2025-12-23,Israel,external_attack,80.6,15
2025-12-23,Israel,regional_spillover,81.6,12
2025-12-24,Israel,internal_violence,74.7,12
2025-12-24,Israel,repression,67.2,12
2025-12-24,Israel,domestic_attack,60.2,9
2025-12-24,Israel,war_activity,82.0,13
2025-12-24,Israel,external_attack,80.2,12
2025-12-24,Israel,regional_spillover,79.8,12
2025-12-25,Israel,internal_violence,76.1,12
2025-12-25,Israel,repression,67.9,10
2025-12-25,Israel,domestic_attack,60.7,9
2025-12-25,Israel,war_activity,83.1,15
2025-12-25,Israel,external_attack,81.8,12
2025-12-25,Israel,regional_spillover,80.4,12
2025-12-26,Israel,internal_violence,72.3,14
2025-12-26,Israel,repression,65.6,12
2025-12-26,Israel,domestic_attack,57.7,9
2025-12-26,Israel,war_activity,82.9,16
2025-12-26,Israel,external_attack,78.2,15
2025-12-26,Israel,regional_spillover,82.8,15
2025-12-27,Israel,internal_violence,74.4,14
2025-12-27,Israel,repression,62.3,11
2025-12-27,Israel,domestic_attack,57.2,10
2025-12-27,Israel,war_activity,77.9,13
2025-12-27,Israel,external_attack,83.3,15
2025-12-27,Israel,regional_spillover,81.4,14
2025-12-28,Israel,internal_violence,72.7,11
2025-12-28,Israel,repression,65.1,11
2025-12-28,Israel,domestic_attack,56.8,10
2025-12-28,Israel,war_activity,77.7,12
2025-12-28,Israel,external_attack,82.8,14
2025-12-28,Israel,regional_spillover,76.6,14
2025-12-29,Israel,internal_violence,73.6,13
2025-12-29,Israel,repression,62.1,9
2025-12-29,Israel,domestic_attack,57.9,9
2025-12-29,Israel,war_activity,81.5,13
2025-12-29,Israel,external_attack,81.0,14
2025-12-29,Israel,regional_spillover,80.5,14
2025-12-30,Israel,internal_violence,76.1,12
2025-12-30,Israel,repression,67.0,12
2025-12-30,Israel,domestic_attack,57.5,10
2025-12-30,Israel,war_activity,81.0,14
2025-12-30,Israel,external_attack,79.5,14
2025-12-30,Israel,regional_spillover,82.2,15
2025-12-31,Israel,internal_violence,77.0,12
2025-12-31,Israel,repression,65.7,10
2025-12-31,Israel,domestic_attack,63.1,10
2025-12-31,Israel,war_activity,80.5,15
2025-12-31,Israel,external_attack,82.2,14
2025-12-31,Israel,regional_spillover,81.6,14
2026-01-01,Israel,internal_violence,79.0,13
2026-01-01,Israel,repression,69.5,13
2026-01-01,Israel,domestic_attack,61.1,10
2026-01-01,Israel,war_activity,83.4,14
2026-01-01,Israel,external_attack,83.0,16
2026-01-01,Israel,regional_spillover,81.7,13
2026-01-02,Israel,internal_violence,73.8,12
2026-01-02,Israel,repression,70.2,11
2026-01-02,Israel,domestic_attack,59.9,11
2026-01-02,Israel,war_activity,83.2,14
2026-01-02,Israel,external_attack,80.3,14
2026-01-02,Israel,regional_spillover,83.6,14
2026-01-03,Israel,internal_violence,73.7,14
2026-01-03,Israel,repression,66.5,12
2026-01-03,Israel,domestic_attack,58.1,9
2026-01-03,Israel,war_activity,78.5,14
2026-01-03,Israel,external_attack,79.5,12
2026-01-03,Israel,regional_spillover,79.2,14
2026-01-04,Israel,internal_violence,75.3,12
2026-01-04,Israel,repression,68.3,11
2026-01-04,Israel,domestic_attack,61.8,12
2026-01-04,Israel,war_activity,83.0,14
2026-01-04,Israel,external_attack,82.9,13
2026-01-04,Israel,regional_spillover,79.6,14
2026-01-05,Israel,internal_violence,77.2,13
2026-01-05,Israel,repression,64.1,10
2026-01-05,Israel,domestic_attack,57.3,11
2026-01-05,Israel,war_activity,81.0,14
2026-01-05,Israel,external_attack,83.2,16
2026-01-05,Israel,regional_spillover,80.7,13
2026-01-06,Israel,internal_violence,73.8,13
2026-01-06,Israel,repression,66.1,11
2026-01-06,Israel,domestic_attack,63.3,11
2026-01-06,Israel,war_activity,79.8,12
2026-01-06,Israel,external_attack,83.9,15
2026-01-06,Israel,regional_spillover,83.2,14
2026-01-07,Israel,internal_violence,79.9,14
2026-01-07,Israel,repression,69.0,13
2026-01-07,Israel,domestic_attack,63.0,12
2026-01-07,Israel,war_activity,80.6,14
2026-01-07,Israel,external_attack,80.5,15
2026-01-07,Israel,regional_spillover,80.2,14
2026-01-08,Israel,internal_violence,78.4,14
2026-01-08,Israel,repression,69.2,12
2026-01-08,Israel,domestic_attack,60.6,11
2026-01-08,Israel,war_activity,80.2,14
2026-01-08,Israel,external_attack,84.6,14
2026-01-08,Israel,regional_spillover,84.0,15
2026-01-09,Israel,internal_violence,76.4,14
2026-01-09,Israel,repression,69.7,13
2026-01-09,Israel,domestic_attack,64.1,12
2026-01-09,Israel,war_activity,80.4,13
2026-01-09,Israel,external_attack,83.6,15
2026-01-09,Israel,regional_spillover,83.8,15
2026-01-10,Israel,internal_violence,78.7,15
2026-01-10,Israel,repression,66.3,13
2026-01-10,Israel,domestic_attack,60.2,11
2026-01-10,Israel,war_activity,84.0,16
2026-01-10,Israel,external_attack,79.9,15
2026-01-10,Israel,regional_spillover,82.6,14
2026-01-11,Israel,internal_violence,75.1,14
2026-01-11,Israel,repression,65.7,12
2026-01-11,Israel,domestic_attack,62.2,10
2026-01-11,Israel,war_activity,80.5,14
2026-01-11,Israel,external_attack,82.9,15
2026-01-11,Israel,regional_spillover,80.4,13
2026-01-12,Israel,internal_violence,75.3,12
2026-01-12,Israel,repression,65.8,11
2026-01-12,Israel,domestic_attack,61.7,10
2026-01-12,Israel,war_activity,83.8,13
2026-01-12,Israel,external_attack,78.6,13
2026-01-12,Israel,regional_spillover,78.2,15
2026-01-13,Israel,internal_violence,78.1,14
2026-01-13,Israel,repression,67.8,11
2026-01-13,Israel,domestic_attack,58.8,9
2026-01-13,Israel,war_activity,81.2,14
2026-01-13,Israel,external_attack,81.8,13
2026-01-13,Israel,regional_spillover,81.8,14
2026-01-14,Israel,internal_violence,75.6,13
2026-01-14,Israel,repression,71.3,13
2026-01-14,Israel,domestic_attack,62.6,10
2026-01-14,Israel,war_activity,83.3,15
2026-01-14,Israel,external_attack,82.9,13
2026-01-14,Israel,regional_spillover,80.1,15
2026-01-15,Israel,internal_violence,79.7,12
2026-01-15,Israel,repression,67.2,11
2026-01-15,Israel,domestic_attack,64.7,10
2026-01-15,Israel,war_activity,84.3,15
2026-01-15,Israel,external_attack,84.0,15
2026-01-15,Israel,regional_spillover,82.8,14
2026-01-16,Israel,internal_violence,79.9,12
2026-01-16,Israel,repression,70.1,11
2026-01-16,Israel,domestic_attack,63.2,10
2026-01-16,Israel,war_activity,79.5,14
2026-01-16,Israel,external_attack,81.7,13
2026-01-16,Israel,regional_spillover,81.1,15
2026-01-17,Israel,internal_violence,73.5,13
2026-01-17,Israel,repression,66.9,12
2026-01-17,Israel,domestic_attack,60.1,9
2026-01-17,Israel,war_activity,81.9,14
2026-01-17,Israel,external_attack,81.2,14
2026-01-17,Israel,regional_spillover,82.0,15
2026-01-18,Israel,internal_violence,72.9,12
2026-01-18,Israel,repression,65.4,12
2026-01-18,Israel,domestic_attack,60.3,11
2026-01-18,Israel,war_activity,80.5,14
2026-01-18,Israel,external_attack,81.3,15
2026-01-18,Israel,regional_spillover,79.5,15
2026-01-19,Israel,internal_violence,75.3,14
2026-01-19,Israel,repression,68.9,13
2026-01-19,Israel,domestic_attack,58.3,9
2026-01-19,Israel,war_activity,80.6,13
2026-01-19,Israel,external_attack,81.5,15
2026-01-19,Israel,regional_spillover,81.0,15
2026-01-20,Israel,internal_violence,74.6,11
2026-01-20,Israel,repression,65.1,12
2026-01-20,Israel,domestic_attack,59.5,9
2026-01-20,Israel,war_activity,80.0,15
2026-01-20,Israel,external_attack,80.4,12
2026-01-20,Israel,regional_spillover,82.5,14
2026-01-21,Israel,internal_violence,77.0,12
2026-01-21,Israel,repression,68.1,12
2026-01-21,Israel,domestic_attack,62.0,11
2026-01-21,Israel,war_activity,81.0,13
2026-01-21,Israel,external_attack,82.5,15
2026-01-21,Israel,regional_spillover,83.4,15
2026-01-22,Israel,internal_violence,79.9,14
2026-01-22,Israel,repression,69.1,11
2026-01-22,Israel,domestic_attack,59.8,9
2026-01-22,Israel,war_activity,80.4,14
2026-01-22,Israel,external_attack,80.6,14
2026-01-22,Israel,regional_spillover,80.6,15
2026-01-23,Israel,internal_violence,77.0,13
2026-01-23,Israel,repression,70.4,13
2026-01-23,Israel,domestic_attack,61.6,10
2026-01-23,Israel,war_activity,84.2,16
2026-01-23,Israel,external_attack,80.8,14
2026-01-23,Israel,regional_spillover,80.7,15
2026-01-24,Israel,internal_violence,74.2,13
2026-01-24,Israel,repression,65.1,12
2026-01-24,Israel,domestic_attack,58.9,10
2026-01-24,Israel,war_activity,82.6,13
2026-01-24,Israel,external_attack,83.8,13
2026-01-24,Israel,regional_spillover,78.3,14
2026-01-25,Israel,internal_violence,71.1,12
2026-01-25,Israel,repression,63.1,10
2026-01-25,Israel,domestic_attack,61.1,12
2026-01-25,Israel,war_activity,82.3,15
2026-01-25,Israel,external_attack,78.9,14
2026-01-25,Israel,regional_spillover,81.5,15
2026-01-26,Israel,internal_violence,74.4,12
2026-01-26,Israel,repression,63.8,10
2026-01-26,Israel,domestic_attack,60.9,10
2026-01-26,Israel,war_activity,82.3,15
2026-01-26,Israel,external_attack,79.7,13
2026-01-26,Israel,regional_spillover,77.9,13
2026-01-27,Israel,internal_violence,75.4,14
2026-01-27,Israel,repression,66.0,12
2026-01-27,Israel,domestic_attack,58.0,11
2026-01-27,Israel,war_activity,81.3,15
2026-01-27,Israel,external_attack,80.1,13
2026-01-27,Israel,regional_spillover,79.1,14
2026-01-28,Israel,internal_violence,73.5,11
2026-01-28,Israel,repression,70.2,13
2026-01-28,Israel,domestic_attack,63.4,12
2026-01-28,Israel,war_activity,78.7,13
2026-01-28,Israel,external_attack,83.7,14
2026-01-28,Israel,regional_spillover,80.3,12
2026-01-29,Israel,internal_violence,73.8,12
2026-01-29,Israel,repression,65.9,11
2026-01-29,Israel,domestic_attack,60.8,12
2026-01-29,Israel,war_activity,81.8,15
2026-01-29,Israel,external_attack,79.5,14
2026-01-29,Israel,regional_spillover,79.1,13
2026-01-30,Israel,internal_violence,72.8,11
2026-01-30,Israel,repression,69.2,12
2026-01-30,Israel,domestic_attack,62.0,12
2026-01-30,Israel,war_activity,81.7,14
2026-01-30,Israel,external_attack,82.1,14
2026-01-30,Israel,regional_spillover,80.2,14
2026-01-31,Israel,internal_violence,74.1,14
2026-01-31,Israel,repression,65.0,12
2026-01-31,Israel,domestic_attack,57.6,10
2026-01-31,Israel,war_activity,78.4,13
2026-01-31,Israel,external_attack,80.8,14
2026-01-31,Israel,regional_spillover,79.8,13
2026-02-01,Israel,internal_violence,71.7,12
2026-02-01,Israel,repression,64.3,10
2026-02-01,Israel,domestic_attack,57.2,9
2026-02-01,Israel,war_activity,80.4,13
2026-02-01,Israel,external_attack,80.3,14
2026-02-01,Israel,regional_spillover,78.3,12
2026-02-02,Israel,internal_violence,71.9,14
2026-02-02,Israel,repression,61.7,12
2026-02-02,Israel,domestic_attack,58.9,11
2026-02-02,Israel,war_activity,78.1,12
2026-02-02,Israel,external_attack,80.2,14
2026-02-02,Israel,regional_spillover,77.9,13
2026-02-03,Israel,internal_violence,70.6,11
2026-02-03,Israel,repression,67.2,12
2026-02-03,Israel,domestic_attack,59.0,10
2026-02-03,Israel,war_activity,78.3,14
2026-02-03,Israel,external_attack,80.8,13
2026-02-03,Israel,regional_spillover,77.7,15
2026-02-04,Israel,internal_violence,72.6,11
2026-02-04,Israel,repression,65.5,12
2026-02-04,Israel,domestic_attack,58.9,11
2026-02-04,Israel,war_activity,82.2,15
2026-02-04,Israel,external_attack,82.7,13
2026-02-04,Israel,regional_spillover,77.9,14
2026-02-05,Israel,internal_violence,75.5,11
2026-02-05,Israel,repression,63.6,12
2026-02-05,Israel,domestic_attack,57.5,9
2026-02-05,Israel,war_activity,81.1,13
2026-02-05,Israel,external_attack,82.7,15
2026-02-05,Israel,regional_spillover,81.4,13
2026-02-06,Israel,internal_violence,71.2,12
2026-02-06,Israel,repression,66.6,11
2026-02-06,Israel,domestic_attack,61.4,11
2026-02-06,Israel,war_activity,77.7,12
2026-02-06,Israel,external_attack,80.1,14
2026-02-06,Israel,regional_spillover,77.9,13
2026-02-07,Israel,internal_violence,69.4,12
2026-02-07,Israel,repression,63.5,10
2026-02-07,Israel,domestic_attack,56.7,11
2026-02-07,Israel,war_activity,81.2,15
2026-02-07,Israel,external_attack,78.6,13
2026-02-07,Israel,regional_spillover,78.8,13
2026-02-08,Israel,internal_violence,71.5,11
2026-02-08,Israel,repression,64.4,10
2026-02-08,Israel,domestic_attack,55.9,10
2026-02-08,Israel,war_activity,78.5,14
2026-02-08,Israel,external_attack,79.7,15
2026-02-08,Israel,regional_spillover,76.9,13
2026-02-09,Israel,internal_violence,69.5,11
2026-02-09,Israel,repression,61.3,10
2026-02-09,Israel,domestic_attack,57.9,9
2026-02-09,Israel,war_activity,81.8,14
2026-02-09,Israel,external_attack,77.2,14
2026-02-09,Israel,regional_spillover,77.8,12
2026-02-10,Israel,internal_violence,69.5,13
2026-02-10,Israel,repression,61.9,12
2026-02-10,Israel,domestic_attack,59.0,11
2026-02-10,Israel,war_activity,77.5,14
2026-02-10,Israel,external_attack,80.3,14
2026-02-10,Israel,regional_spillover,76.7,13
2026-02-11,Israel,internal_violence,71.9,12
2026-02-11,Israel,repression,65.0,12
2026-02-11,Israel,domestic_attack,56.2,11
2026-02-11,Israel,war_activity,79.6,15
2026-02-11,Israel,external_attack,78.3,14
2026-02-11,Israel,regional_spillover,77.0,14
2026-02-12,Israel,internal_violence,74.7,12
2026-02-12,Israel,repression,65.7,12
2026-02-12,Israel,domestic_attack,58.1,10
2026-02-12,Israel,war_activity,78.2,14
2026-02-12,Israel,external_attack,79.2,12
2026-02-12,Israel,regional_spillover,77.2,12
2026-02-13,Israel,internal_violence,69.3,11
2026-02-13,Israel,repression,62.4,11
2026-02-13,Israel,domestic_attack,59.9,11
2026-02-13,Israel,war_activity,82.4,15
2026-02-13,Israel,external_attack,78.9,14
2026-02-13,Israel,regional_spillover,80.5,13
2026-02-14,Israel,internal_violence,70.9,12
2026-02-14,Israel,repression,61.1,9
2026-02-14,Israel,domestic_attack,56.7,10
2026-02-14,Israel,war_activity,77.2,14
2026-02-14,Israel,external_attack,77.2,14
2026-02-14,Israel,regional_spillover,75.7,13
2026-02-15,Israel,internal_violence,69.9,11
2026-02-15,Israel,repression,58.8,11
2026-02-15,Israel,domestic_attack,53.4,9
2026-02-15,Israel,war_activity,77.8,13
2026-02-15,Israel,external_attack,77.1,15
2026-02-15,Israel,regional_spillover,76.5,14
2026-02-16,Israel,internal_violence,70.9,13
2026-02-16,Israel,repression,59.3,11
2026-02-16,Israel,domestic_attack,55.0,8
2026-02-16,Israel,war_activity,78.6,14
2026-02-16,Israel,external_attack,79.9,12
2026-02-16,Israel,regional_spillover,78.0,14
2026-02-17,Israel,internal_violence,71.3,14
2026-02-17,Israel,repression,61.9,10
2026-02-17,Israel,domestic_attack,58.0,9
2026-02-17,Israel,war_activity,80.3,13
2026-02-17,Israel,external_attack,78.0,15
2026-02-17,Israel,regional_spillover,76.4,15
2026-02-18,Israel,internal_violence,68.1,13
2026-02-18,Israel,repression,60.6,10
2026-02-18,Israel,domestic_attack,57.3,9
2026-02-18,Israel,war_activity,77.8,12
2026-02-18,Israel,external_attack,77.9,13
2026-02-18,Israel,regional_spillover,80.1,14
2026-02-19,Israel,internal_violence,72.2,12
2026-02-19,Israel,repression,65.4,12
2026-02-19,Israel,domestic_attack,57.8,8
2026-02-19,Israel,war_activity,78.4,13
2026-02-19,Israel,external_attack,80.5,14
2026-02-19,Israel,regional_spillover,76.9,14
2026-02-20,Israel,internal_violence,68.6,11
2026-02-20,Israel,repression,61.8,12
2026-02-20,Israel,domestic_attack,55.8,9
2026-02-20,Israel,war_activity,80.0,14
2026-02-20,Israel,external_attack,82.1,14
2026-02-20,Israel,regional_spillover,75.8,14
2026-02-21,Israel,internal_violence,68.9,11
2026-02-21,Israel,repression,59.5,11
2026-02-21,Israel,domestic_attack,54.5,10
2026-02-21,Israel,war_activity,76.2,14
2026-02-21,Israel,external_attack,76.1,12
2026-02-21,Israel,regional_spillover,73.7,13
2026-02-22,Israel,internal_violence,66.5,13
2026-02-22,Israel,repression,56.0,8
2026-02-22,Israel,domestic_attack,51.7,10
2026-02-22,Israel,war_activity,80.7,15
2026-02-22,Israel,external_attack,78.0,13
2026-02-22,Israel,regional_spillover,74.8,13
2026-02-23,Israel,internal_violence,66.2,10
2026-02-23,Israel,repression,60.1,9
2026-02-23,Israel,domestic_attack,50.7,9
2026-02-23,Israel,war_activity,78.6,13
2026-02-23,Israel,external_attack,75.8,13
2026-02-23,Israel,regional_spillover,75.1,14
2026-02-24,Israel,internal_violence,65.1,11
2026-02-24,Israel,repression,61.6,10
2026-02-24,Israel,domestic_attack,52.2,9
2026-02-24,Israel,war_activity,80.8,13
2026-02-24,Israel,external_attack,75.9,13
2026-02-24,Israel,regional_spillover,78.7,13
2026-02-25,Israel,internal_violence,66.1,12
2026-02-25,Israel,repression,63.0,10
2026-02-25,Israel,domestic_attack,54.7,11
2026-02-25,Israel,war_activity,80.9,12
2026-02-25,Israel,external_attack,79.6,15
2026-02-25,Israel,regional_spillover,74.1,11
2026-02-26,Israel,internal_violence,69.9,13
2026-02-26,Israel,repression,58.6,10
2026-02-26,Israel,domestic_attack,55.3,11
2026-02-26,Israel,war_activity,80.5,14
2026-02-26,Israel,external_attack,78.0,13
2026-02-26,Israel,regional_spillover,77.6,14
2026-02-27,Israel,internal_violence,68.6,12
2026-02-27,Israel,repression,56.8,8
2026-02-27,Israel,domestic_attack,55.4,10
2026-02-27,Israel,war_activity,79.8,13
2026-02-27,Israel,external_attack,76.3,12
2026-02-27,Israel,regional_spillover,73.5,14
2026-02-28,Israel,internal_violence,63.8,10
2026-02-28,Israel,repression,58.7,10
2026-02-28,Israel,domestic_attack,51.8,8
2026-02-28,Israel,war_activity,78.3,12
2026-02-28,Israel,external_attack,79.1,13
2026-02-28,Israel,regional_spillover,72.9,13
2026-03-01,Israel,internal_violence,62.8,10
2026-03-01,Israel,repression,56.1,9
2026-03-01,Israel,domestic_attack,49.9,8
2026-03-01,Israel,war_activity,76.3,14
2026-03-01,Israel,external_attack,78.9,13
2026-03-01,Israel,regional_spillover,71.7,12
2026-03-02,Israel,internal_violence,63.8,11
2026-03-02,Israel,repression,56.6,11
2026-03-02,Israel,domestic_attack,52.1,9
2026-03-02,Israel,war_activity,77.8,12
2026-03-02,Israel,external_attack,77.0,13
2026-03-02,Israel,regional_spillover,74.7,13
2026-03-03,Israel,internal_violence,63.5,10
2026-03-03,Israel,repression,59.8,10
2026-03-03,Israel,domestic_attack,50.6,7
2026-03-03,Israel,war_activity,78.2,13
2026-03-03,Israel,external_attack,76.6,12
2026-03-03,Israel,regional_spillover,75.5,12
2026-03-04,Israel,internal_violence,65.0,12
2026-03-04,Israel,repression,56.1,9
2026-03-04,Israel,domestic_attack,50.6,10
2026-03-04,Israel,war_activity,77.8,14
2026-03-04,Israel,external_attack,80.1,14
2026-03-04,Israel,regional_spillover,78.1,14
2026-03-05,Israel,internal_violence,63.9,11
2026-03-05,Israel,repression,56.0,11
2026-03-05,Israel,domestic_attack,53.9,10
2026-03-05,Israel,war_activity,77.9,13
2026-03-05,Israel,external_attack,77.9,13
2026-03-05,Israel,regional_spillover,77.1,15
2026-03-06,Israel,internal_violence,63.2,11
2026-03-06,Israel,repression,57.3,9
2026-03-06,Israel,domestic_attack,53.1,9
2026-03-06,Israel,war_activity,76.6,12
2026-03-06,Israel,external_attack,76.5,12
2026-03-06,Israel,regional_spillover,72.3,13
2026-03-07,Israel,internal_violence,61.7,11
2026-03-07,Israel,repression,58.5,11
2026-03-07,Israel,domestic_attack,48.2,8
2026-03-07,Israel,war_activity,78.2,13
2026-03-07,Israel,external_attack,79.9,13
2026-03-07,Israel,regional_spillover,74.1,12
2026-03-08,Israel,internal_violence,63.0,9
2026-03-08,Israel,repression,53.4,8
2026-03-08,Israel,domestic_attack,50.5,10
2026-03-08,Israel,war_activity,73.9,14
2026-03-08,Israel,external_attack,76.3,12
2026-03-08,Israel,regional_spillover,72.0,12
2026-03-09,Israel,internal_violence,60.6,11
2026-03-09,Israel,repression,55.0,9
2026-03-09,Israel,domestic_attack,51.0,8
2026-03-09,Israel,war_activity,75.6,13
2026-03-09,Israel,external_attack,74.2,11
2026-03-09,Israel,regional_spillover,73.3,12
2026-03-10,Israel,internal_violence,61.0,10
2026-03-10,Israel,repression,57.6,10
2026-03-10,Israel,domestic_attack,47.7,8
2026-03-10,Israel,war_activity,78.0,13
2026-03-10,Israel,external_attack,76.6,14
2026-03-10,Israel,regional_spillover,73.5,11
2026-03-11,Israel,internal_violence,65.2,12
2026-03-11,Israel,repression,59.2,11
2026-03-11,Israel,domestic_attack,50.4,9
2026-03-11,Israel,war_activity,75.9,12
2026-03-11,Israel,external_attack,80.3,14
2026-03-11,Israel,regional_spillover,72.0,12
2026-03-12,Israel,internal_violence,63.1,10
2026-03-12,Israel,repression,59.0,10
2026-03-12,Israel,domestic_attack,51.1,9
2026-03-12,Israel,war_activity,77.4,13
2026-03-12,Israel,external_attack,77.6,13
2026-03-12,Israel,regional_spillover,75.4,13
2026-03-13,Israel,internal_violence,61.5,9
2026-03-13,Israel,repression,53.6,10
2026-03-13,Israel,domestic_attack,52.3,8
2026-03-13,Israel,war_activity,78.4,12
2026-03-13,Israel,external_attack,79.8,15
2026-03-13,Israel,regional_spillover,71.8,13
2026-03-14,Israel,internal_violence,62.2,11
2026-03-14,Israel,repression,54.6,10
2026-03-14,Israel,domestic_attack,47.6,7
2026-03-14,Israel,war_activity,77.7,14
2026-03-14,Israel,external_attack,77.9,14
2026-03-14,Israel,regional_spillover,71.3,11
2026-03-15,Israel,internal_violence,58.7,9
2026-03-15,Israel,repression,50.2,9
2026-03-15,Israel,domestic_attack,45.6,7
2026-03-15,Israel,war_activity,77.3,12
2026-03-15,Israel,external_attack,78.2,12
2026-03-15,Israel,regional_spillover,74.1,13
2026-03-16,Israel,internal_violence,62.3,12
2026-03-16,Israel,repression,50.6,10
2026-03-16,Israel,domestic_attack,45.9,7
2026-03-16,Israel,war_activity,74.5,13
2026-03-16,Israel,external_attack,74.8,13
2026-03-16,Israel,regional_spillover,71.5,12
2026-03-17,Israel,internal_violence,62.3,11
2026-03-17,Israel,repression,56.5,10
2026-03-17,Israel,domestic_attack,50.6,10
2026-03-17,Israel,war_activity,79.0,12
2026-03-17,Israel,external_attack,74.9,12
2026-03-17,Israel,regional_spillover,74.8,13
2026-03-18,Israel,internal_violence,61.9,11
2026-03-18,Israel,repression,57.4,9
2026-03-18,Israel,domestic_attack,52.1,8
2026-03-18,Israel,war_activity,75.3,14
2026-03-18,Israel,external_attack,76.8,13
2026-03-18,Israel,regional_spillover,71.3,11
2026-03-19,Israel,internal_violence,60.8,10
2026-03-19,Israel,repression,52.8,8
2026-03-19,Israel,domestic_attack,48.5,7
2026-03-19,Israel,war_activity,78.0,15
2026-03-19,Israel,external_attack,79.6,12
2026-03-19,Israel,regional_spillover,72.1,12
2026-03-20,Israel,internal_violence,60.5,9
2026-03-20,Israel,repression,53.2,9
2026-03-20,Israel,domestic_attack,50.8,7
2026-03-20,Israel,war_activity,75.6,14
2026-03-20,Israel,external_attack,78.5,14
2026-03-20,Israel,regional_spillover,73.0,11
2026-03-21,Israel,internal_violence,57.5,11
2026-03-21,Israel,repression,51.0,10
2026-03-21,Israel,domestic_attack,48.8,9
2026-03-21,Israel,war_activity,75.6,14
2026-03-21,Israel,external_attack,77.2,13
2026-03-21,Israel,regional_spillover,72.9,13
2026-03-22,Israel,internal_violence,56.5,9
2026-03-22,Israel,repression,49.6,8
2026-03-22,Israel,domestic_attack,47.7,7
2026-03-22,Israel,war_activity,73.2,14
2026-03-22,Israel,external_attack,75.8,14
2026-03-22,Israel,regional_spillover,70.1,11
2026-03-23,Israel,internal_violence,59.0,11
2026-03-23,Israel,repression,49.7,7
2026-03-23,Israel,domestic_attack,49.2,8
2026-03-23,Israel,war_activity,73.4,12
2026-03-23,Israel,external_attack,77.7,13
2026-03-23,Israel,regional_spillover,73.2,13
2026-03-24,Israel,internal_violence,58.9,9
2026-03-24,Israel,repression,52.8,8
2026-03-24,Israel,domestic_attack,47.2,8
2026-03-24,Israel,war_activity,76.6,14
2026-03-24,Israel,external_attack,73.8,14
2026-03-24,Israel,regional_spillover,69.3,11
2026-03-25,Israel,internal_violence,63.1,12
2026-03-25,Israel,repression,53.4,9
2026-03-25,Israel,domestic_attack,51.2,7
2026-03-25,Israel,war_activity,77.5,14
2026-03-25,Israel,external_attack,76.2,12
2026-03-25,Israel,regional_spillover,73.2,14
2026-03-26,Israel,internal_violence,62.0,11
2026-03-26,Israel,repression,53.8,10
2026-03-26,Israel,domestic_attack,47.9,9
2026-03-26,Israel,war_activity,76.6,14
2026-03-26,Israel,external_attack,77.2,14
2026-03-26,Israel,regional_spillover,71.7,11
2026-03-27,Israel,internal_violence,60.1,10
2026-03-27,Israel,repression,52.7,9
2026-03-27,Israel,domestic_attack,47.6,8
2026-03-27,Israel,war_activity,75.8,13
2026-03-27,Israel,external_attack,78.4,12
2026-03-27,Israel,regional_spillover,74.5,14
2026-03-28,Israel,internal_violence,58.4,11
2026-03-28,Israel,repression,51.6,9
2026-03-28,Israel,domestic_attack,44.1,8
2026-03-28,Israel,war_activity,74.9,12
2026-03-28,Israel,external_attack,74.9,12
2026-03-28,Israel,regional_spillover,70.9,12
2026-03-29,Israel,internal_violence,56.4,8
2026-03-29,Israel,repression,51.0,7
2026-03-29,Israel,domestic_attack,48.3,8
2026-03-29,Israel,war_activity,75.0,13
2026-03-29,Israel,external_attack,77.6,12
2026-03-29,Israel,regional_spillover,68.4,12
2026-03-30,Israel,internal_violence,55.9,9
2026-03-30,Israel,repression,52.3,7
2026-03-30,Israel,domestic_attack,47.2,9
2026-03-30,Israel,war_activity,73.7,13
2026-03-30,Israel,external_attack,73.2,11
2026-03-30,Israel,regional_spillover,72.4,13
2026-03-31,Israel,internal_violence,61.0,9
2026-03-31,Israel,repression,50.8,8
2026-03-31,Israel,domestic_attack,48.6,8
2026-03-31,Israel,war_activity,73.2,11
2026-03-31,Israel,external_attack,75.7,12
2026-03-31,Israel,regional_spillover,72.6,13
2026-04-01,Israel,internal_violence,62.3,12
2026-04-01,Israel,repression,52.4,10
2026-04-01,Israel,domestic_attack,47.9,7
2026-04-01,Israel,war_activity,78.5,14
2026-04-01,Israel,external_attack,76.4,13
2026-04-01,Israel,regional_spillover,71.3,13
2026-04-02,Israel,internal_violence,59.6,10
2026-04-02,Israel,repression,55.8,9
2026-04-02,Israel,domestic_attack,48.4,9
2026-04-02,Israel,war_activity,78.6,12
2026-04-02,Israel,external_attack,74.6,13
2026-04-02,Israel,regional_spillover,72.6,13
2026-04-03,Israel,internal_violence,58.9,11
2026-04-03,Israel,repression,50.9,9
2026-04-03,Israel,domestic_attack,46.0,8
2026-04-03,Israel,war_activity,77.4,12
2026-04-03,Israel,external_attack,78.6,14
2026-04-03,Israel,regional_spillover,69.5,12
2026-04-04,Israel,internal_violence,60.9,10
2026-04-04,Israel,repression,52.5,10
2026-04-04,Israel,domestic_attack,47.4,8
2026-04-04,Israel,war_activity,74.6,12
2026-04-04,Israel,external_attack,78.0,13
2026-04-04,Israel,regional_spillover,68.9,13
2026-04-05,Israel,internal_violence,54.9,8
2026-04-05,Israel,repression,50.7,8
2026-04-05,Israel,domestic_attack,48.1,7
2026-04-05,Israel,war_activity,73.0,12
2026-04-05,Israel,external_attack,73.4,14
2026-04-05,Israel,regional_spillover,70.5,13
2026-04-06,Israel,internal_violence,59.6,12
2026-04-06,Israel,repression,52.1,9
2026-04-06,Israel,domestic_attack,46.3,9
2026-04-06,Israel,war_activity,74.6,13
2026-04-06,Israel,external_attack,74.6,12
2026-04-06,Israel,regional_spillover,70.5,11
2026-04-07,Israel,internal_violence,58.9,11
2026-04-07,Israel,repression,53.9,11
2026-04-07,Israel,domestic_attack,45.3,8
2026-04-07,Israel,war_activity,77.3,12
2026-04-07,Israel,external_attack,73.9,14
2026-04-07,Israel,regional_spillover,70.1,11
2026-04-08,Israel,internal_violence,61.2,10
2026-04-08,Israel,repression,55.9,9
2026-04-08,Israel,domestic_attack,50.8,8
2026-04-08,Israel,war_activity,75.4,13
2026-04-08,Israel,external_attack,74.7,11
2026-04-08,Israel,regional_spillover,71.3,13
2026-04-09,Israel,internal_violence,59.9,11
2026-04-09,Israel,repression,53.7,8
2026-04-09,Israel,domestic_attack,48.1,8
2026-04-09,Israel,war_activity,77.4,13
2026-04-09,Israel,external_attack,78.2,13
2026-04-09,Israel,regional_spillover,75.0,14
2026-04-10,Israel,internal_violence,58.1,10
2026-04-10,Israel,repression,51.2,10
2026-04-10,Israel,domestic_attack,48.2,7
2026-04-10,Israel,war_activity,78.0,12
2026-04-10,Israel,external_attack,78.7,14
2026-04-10,Israel,regional_spillover,72.8,13
2026-04-11,Israel,internal_violence,58.1,11
2026-04-11,Israel,repression,50.1,10
2026-04-11,Israel,domestic_attack,49.5,9
2026-04-11,Israel,war_activity,74.6,11
2026-04-11,Israel,external_attack,76.5,12
2026-04-11,Israel,regional_spillover,71.3,12
2026-04-12,Israel,internal_violence,57.0,9
2026-04-12,Israel,repression,51.8,7
2026-04-12,Israel,domestic_attack,48.4,7
2026-04-12,Israel,war_activity,76.1,13
2026-04-12,Israel,external_attack,73.4,12
2026-04-12,Israel,regional_spillover,71.0,12
2025-04-22,Iran,internal_violence,80.0,14
2025-04-22,Iran,repression,72.2,14
2025-04-22,Iran,domestic_attack,67.6,13
2025-04-22,Iran,war_activity,92.6,14
2025-04-22,Iran,external_attack,92.6,15
2025-04-22,Iran,regional_spillover,87.0,14
2025-04-23,Iran,internal_violence,83.5,14
2025-04-23,Iran,repression,74.0,12
2025-04-23,Iran,domestic_attack,67.6,11
2025-04-23,Iran,war_activity,92.8,15
2025-04-23,Iran,external_attack,90.5,16
2025-04-23,Iran,regional_spillover,89.5,14
2025-04-24,Iran,internal_violence,81.7,15
2025-04-24,Iran,repression,74.8,14
2025-04-24,Iran,domestic_attack,68.6,12
2025-04-24,Iran,war_activity,88.4,15
2025-04-24,Iran,external_attack,91.5,17
2025-04-24,Iran,regional_spillover,89.7,17
2025-04-25,Iran,internal_violence,83.0,15
2025-04-25,Iran,repression,74.7,11
2025-04-25,Iran,domestic_attack,68.8,11
2025-04-25,Iran,war_activity,90.9,17
2025-04-25,Iran,external_attack,90.0,16
2025-04-25,Iran,regional_spillover,90.9,17
2025-04-26,Iran,internal_violence,83.9,15
2025-04-26,Iran,repression,70.1,13
2025-04-26,Iran,domestic_attack,67.6,11
2025-04-26,Iran,war_activity,91.8,17
2025-04-26,Iran,external_attack,90.2,15
2025-04-26,Iran,regional_spillover,89.8,17
2025-04-27,Iran,internal_violence,81.1,13
2025-04-27,Iran,repression,73.1,11
2025-04-27,Iran,domestic_attack,62.2,11
2025-04-27,Iran,war_activity,89.1,15
2025-04-27,Iran,external_attack,90.1,16
2025-04-27,Iran,regional_spillover,91.2,15
2025-04-28,Iran,internal_violence,80.4,14
2025-04-28,Iran,repression,74.5,13
2025-04-28,Iran,domestic_attack,65.3,10
2025-04-28,Iran,war_activity,89.3,17
2025-04-28,Iran,external_attack,87.8,16
2025-04-28,Iran,regional_spillover,91.0,14
2025-04-29,Iran,internal_violence,82.7,13
2025-04-29,Iran,repression,73.1,13
2025-04-29,Iran,domestic_attack,65.4,13
2025-04-29,Iran,war_activity,92.9,15
2025-04-29,Iran,external_attack,91.9,16
2025-04-29,Iran,regional_spillover,91.2,15
2025-04-30,Iran,internal_violence,83.1,16
2025-04-30,Iran,repression,78.0,15
2025-04-30,Iran,domestic_attack,66.6,11
2025-04-30,Iran,war_activity,91.3,15
2025-04-30,Iran,external_attack,91.6,17
2025-04-30,Iran,regional_spillover,89.4,15
2025-05-01,Iran,internal_violence,85.7,16
2025-05-01,Iran,repression,76.1,14
2025-05-01,Iran,domestic_attack,66.0,10
2025-05-01,Iran,war_activity,89.3,14
2025-05-01,Iran,external_attack,91.8,16
2025-05-01,Iran,regional_spillover,91.7,16
2025-05-02,Iran,internal_violence,83.1,14
2025-05-02,Iran,repression,75.5,13
2025-05-02,Iran,domestic_attack,67.2,10
2025-05-02,Iran,war_activity,91.4,17
2025-05-02,Iran,external_attack,92.5,15
2025-05-02,Iran,regional_spillover,89.0,16
2025-05-03,Iran,internal_violence,80.8,13
2025-05-03,Iran,repression,71.9,11
2025-05-03,Iran,domestic_attack,67.8,10
2025-05-03,Iran,war_activity,90.3,15
2025-05-03,Iran,external_attack,89.5,14
2025-05-03,Iran,regional_spillover,87.5,14
2025-05-04,Iran,internal_violence,84.7,14
2025-05-04,Iran,repression,74.7,13
2025-05-04,Iran,domestic_attack,66.7,13
2025-05-04,Iran,war_activity,87.6,16
2025-05-04,Iran,external_attack,88.0,16
2025-05-04,Iran,regional_spillover,89.1,15
2025-05-05,Iran,internal_violence,85.0,14
2025-05-05,Iran,repression,75.1,12
2025-05-05,Iran,domestic_attack,65.7,12
2025-05-05,Iran,war_activity,90.0,15
2025-05-05,Iran,external_attack,89.9,14
2025-05-05,Iran,regional_spillover,88.5,15
2025-05-06,Iran,internal_violence,85.3,14
2025-05-06,Iran,repression,77.1,13
2025-05-06,Iran,domestic_attack,69.3,13
2025-05-06,Iran,war_activity,92.9,15
2025-05-06,Iran,external_attack,89.1,14
2025-05-06,Iran,regional_spillover,87.8,14
2025-05-07,Iran,internal_violence,85.9,15
2025-05-07,Iran,repression,75.5,14
2025-05-07,Iran,domestic_attack,70.0,11
2025-05-07,Iran,war_activity,93.3,16
2025-05-07,Iran,external_attack,89.8,15
2025-05-07,Iran,regional_spillover,89.6,15
2025-05-08,Iran,internal_violence,85.4,16
2025-05-08,Iran,repression,74.6,12
2025-05-08,Iran,domestic_attack,67.3,11
2025-05-08,Iran,war_activity,94.2,17
2025-05-08,Iran,external_attack,92.6,15
2025-05-08,Iran,regional_spillover,91.5,16
2025-05-09,Iran,internal_violence,83.7,15
2025-05-09,Iran,repression,75.5,12
2025-05-09,Iran,domestic_attack,66.3,10
2025-05-09,Iran,war_activity,88.9,16
2025-05-09,Iran,external_attack,91.4,16
2025-05-09,Iran,regional_spillover,91.8,14
2025-05-10,Iran,internal_violence,81.8,14
2025-05-10,Iran,repression,75.9,12
2025-05-10,Iran,domestic_attack,65.8,11
2025-05-10,Iran,war_activity,88.9,14
2025-05-10,Iran,external_attack,90.8,14
2025-05-10,Iran,regional_spillover,88.7,15
2025-05-11,Iran,internal_violence,80.8,15
2025-05-11,Iran,repression,73.7,13
2025-05-11,Iran,domestic_attack,66.7,13
2025-05-11,Iran,war_activity,92.6,16
2025-05-11,Iran,external_attack,91.4,15
2025-05-11,Iran,regional_spillover,92.2,17
2025-05-12,Iran,internal_violence,83.2,13
2025-05-12,Iran,repression,72.6,14
2025-05-12,Iran,domestic_attack,68.4,12
2025-05-12,Iran,war_activity,91.2,16
2025-05-12,Iran,external_attack,89.0,16
2025-05-12,Iran,regional_spillover,90.8,15
2025-05-13,Iran,internal_violence,85.7,16
2025-05-13,Iran,repression,73.9,14
2025-05-13,Iran,domestic_attack,65.6,10
2025-05-13,Iran,war_activity,90.3,16
2025-05-13,Iran,external_attack,91.5,15
2025-05-13,Iran,regional_spillover,92.2,14
2025-05-14,Iran,internal_violence,88.9,17
2025-05-14,Iran,repression,74.2,13
2025-05-14,Iran,domestic_attack,71.4,13
2025-05-14,Iran,war_activity,94.1,17
2025-05-14,Iran,external_attack,94.0,15
2025-05-14,Iran,regional_spillover,93.1,17
2025-05-15,Iran,internal_violence,88.1,14
2025-05-15,Iran,repression,78.4,15
2025-05-15,Iran,domestic_attack,69.8,13
2025-05-15,Iran,war_activity,90.6,15
2025-05-15,Iran,external_attack,91.0,16
2025-05-15,Iran,regional_spillover,91.0,15
2025-05-16,Iran,internal_violence,86.4,16
2025-05-16,Iran,repression,74.9,13
2025-05-16,Iran,domestic_attack,67.3,11
2025-05-16,Iran,war_activity,90.5,15
2025-05-16,Iran,external_attack,94.3,16
2025-05-16,Iran,regional_spillover,90.3,14
2025-05-17,Iran,internal_violence,82.5,15
2025-05-17,Iran,repression,76.3,13
2025-05-17,Iran,domestic_attack,67.5,13
2025-05-17,Iran,war_activity,92.0,16
2025-05-17,Iran,external_attack,90.8,16
2025-05-17,Iran,regional_spillover,88.1,15
2025-05-18,Iran,internal_violence,81.4,14
2025-05-18,Iran,repression,75.7,12
2025-05-18,Iran,domestic_attack,67.5,12
2025-05-18,Iran,war_activity,90.4,15
2025-05-18,Iran,external_attack,90.8,17
2025-05-18,Iran,regional_spillover,92.1,17
2025-05-19,Iran,internal_violence,83.4,14
2025-05-19,Iran,repression,76.5,13
2025-05-19,Iran,domestic_attack,68.4,11
2025-05-19,Iran,war_activity,88.7,16
2025-05-19,Iran,external_attack,89.3,15
2025-05-19,Iran,regional_spillover,88.4,16
2025-05-20,Iran,internal_violence,87.3,16
2025-05-20,Iran,repression,74.9,14
2025-05-20,Iran,domestic_attack,68.4,12
2025-05-20,Iran,war_activity,91.1,14
2025-05-20,Iran,external_attack,88.8,15
2025-05-20,Iran,regional_spillover,92.3,16
2025-05-21,Iran,internal_violence,85.1,15
2025-05-21,Iran,repression,76.7,13
2025-05-21,Iran,domestic_attack,69.5,12
2025-05-21,Iran,war_activity,89.9,17
2025-05-21,Iran,external_attack,89.5,16
2025-05-21,Iran,regional_spillover,94.4,17
2025-05-22,Iran,internal_violence,87.2,14
2025-05-22,Iran,repression,75.6,14
2025-05-22,Iran,domestic_attack,69.2,12
2025-05-22,Iran,war_activity,89.3,15
2025-05-22,Iran,external_attack,94.2,17
2025-05-22,Iran,regional_spillover,93.7,17
2025-05-23,Iran,internal_violence,84.0,15
2025-05-23,Iran,repression,76.9,12
2025-05-23,Iran,domestic_attack,66.3,11
2025-05-23,Iran,war_activity,92.9,14
2025-05-23,Iran,external_attack,89.9,16
2025-05-23,Iran,regional_spillover,91.8,15
2025-05-24,Iran,internal_violence,82.1,15
2025-05-24,Iran,repression,75.6,12
2025-05-24,Iran,domestic_attack,67.5,12
2025-05-24,Iran,war_activity,93.2,15
2025-05-24,Iran,external_attack,88.7,15
2025-05-24,Iran,regional_spillover,90.8,15
2025-05-25,Iran,internal_violence,84.7,14
2025-05-25,Iran,repression,75.2,12
2025-05-25,Iran,domestic_attack,67.7,11
2025-05-25,Iran,war_activity,90.4,17
2025-05-25,Iran,external_attack,91.8,14
2025-05-25,Iran,regional_spillover,90.6,16
2025-05-26,Iran,internal_violence,80.4,15
2025-05-26,Iran,repression,70.9,11
2025-05-26,Iran,domestic_attack,65.2,11
2025-05-26,Iran,war_activity,87.7,15
2025-05-26,Iran,external_attack,89.3,14
2025-05-26,Iran,regional_spillover,87.0,13
2025-05-27,Iran,internal_violence,82.1,15
2025-05-27,Iran,repression,72.0,12
2025-05-27,Iran,domestic_attack,69.4,13
2025-05-27,Iran,war_activity,91.4,17
2025-05-27,Iran,external_attack,91.5,16
2025-05-27,Iran,regional_spillover,89.3,15
2025-05-28,Iran,internal_violence,84.8,14
2025-05-28,Iran,repression,76.4,12
2025-05-28,Iran,domestic_attack,70.6,12
2025-05-28,Iran,war_activity,92.7,16
2025-05-28,Iran,external_attack,91.5,16
2025-05-28,Iran,regional_spillover,93.2,17
2025-05-29,Iran,internal_violence,87.1,15
2025-05-29,Iran,repression,73.1,13
2025-05-29,Iran,domestic_attack,68.5,11
2025-05-29,Iran,war_activity,90.2,14
2025-05-29,Iran,external_attack,89.1,16
2025-05-29,Iran,regional_spillover,91.5,15
2025-05-30,Iran,internal_violence,87.1,14
2025-05-30,Iran,repression,76.7,14
2025-05-30,Iran,domestic_attack,69.1,12
2025-05-30,Iran,war_activity,92.0,15
2025-05-30,Iran,external_attack,89.1,15
2025-05-30,Iran,regional_spillover,87.9,16
2025-05-31,Iran,internal_violence,84.0,16
2025-05-31,Iran,repression,72.7,11
2025-05-31,Iran,domestic_attack,67.5,12
2025-05-31,Iran,war_activity,92.5,15
2025-05-31,Iran,external_attack,89.8,15
2025-05-31,Iran,regional_spillover,88.3,14
2025-06-01,Iran,internal_violence,83.2,15
2025-06-01,Iran,repression,70.4,11
2025-06-01,Iran,domestic_attack,67.6,11
2025-06-01,Iran,war_activity,91.6,15
2025-06-01,Iran,external_attack,91.9,15
2025-06-01,Iran,regional_spillover,87.4,16
2025-06-02,Iran,internal_violence,81.0,13
2025-06-02,Iran,repression,72.5,12
2025-06-02,Iran,domestic_attack,66.3,13
2025-06-02,Iran,war_activity,87.9,16
2025-06-02,Iran,external_attack,87.4,16
2025-06-02,Iran,regional_spillover,88.4,16
2025-06-03,Iran,internal_violence,81.3,12
2025-06-03,Iran,repression,73.7,14
2025-06-03,Iran,domestic_attack,66.0,11
2025-06-03,Iran,war_activity,90.4,17
2025-06-03,Iran,external_attack,88.5,14
2025-06-03,Iran,regional_spillover,86.9,16
2025-06-04,Iran,internal_violence,82.9,13
2025-06-04,Iran,repression,75.4,13
2025-06-04,Iran,domestic_attack,68.4,11
2025-06-04,Iran,war_activity,90.9,14
2025-06-04,Iran,external_attack,93.3,17
2025-06-04,Iran,regional_spillover,89.3,16
2025-06-05,Iran,internal_violence,81.8,13
2025-06-05,Iran,repression,76.6,13
2025-06-05,Iran,domestic_attack,68.4,13
2025-06-05,Iran,war_activity,93.4,15
2025-06-05,Iran,external_attack,91.1,17
2025-06-05,Iran,regional_spillover,92.1,15
2025-06-06,Iran,internal_violence,85.4,14
2025-06-06,Iran,repression,75.7,14
2025-06-06,Iran,domestic_attack,63.5,10
2025-06-06,Iran,war_activity,90.1,14
2025-06-06,Iran,external_attack,91.1,16
2025-06-06,Iran,regional_spillover,91.7,14
2025-06-07,Iran,internal_violence,79.4,13
2025-06-07,Iran,repression,70.6,12
2025-06-07,Iran,domestic_attack,64.7,10
2025-06-07,Iran,war_activity,91.2,16
2025-06-07,Iran,external_attack,88.2,14
2025-06-07,Iran,regional_spillover,86.5,16
2025-06-08,Iran,internal_violence,76.9,13
2025-06-08,Iran,repression,70.3,13
2025-06-08,Iran,domestic_attack,61.4,10
2025-06-08,Iran,war_activity,91.8,17
2025-06-08,Iran,external_attack,87.8,16
2025-06-08,Iran,regional_spillover,85.1,15
2025-06-09,Iran,internal_violence,77.2,12
2025-06-09,Iran,repression,71.2,11
2025-06-09,Iran,domestic_attack,65.8,11
2025-06-09,Iran,war_activity,92.0,15
2025-06-09,Iran,external_attack,88.1,15
2025-06-09,Iran,regional_spillover,89.2,15
2025-06-10,Iran,internal_violence,78.8,12
2025-06-10,Iran,repression,70.5,11
2025-06-10,Iran,domestic_attack,67.1,12
2025-06-10,Iran,war_activity,90.3,15
2025-06-10,Iran,external_attack,89.2,16
2025-06-10,Iran,regional_spillover,87.0,16
2025-06-11,Iran,internal_violence,82.7,14
2025-06-11,Iran,repression,74.8,12
2025-06-11,Iran,domestic_attack,63.4,12
2025-06-11,Iran,war_activity,90.0,14
2025-06-11,Iran,external_attack,90.9,15
2025-06-11,Iran,regional_spillover,88.7,15
2025-06-12,Iran,internal_violence,83.6,13
2025-06-12,Iran,repression,72.0,11
2025-06-12,Iran,domestic_attack,64.2,10
2025-06-12,Iran,war_activity,90.6,15
2025-06-12,Iran,external_attack,91.1,17
2025-06-12,Iran,regional_spillover,91.1,16
2025-06-13,Iran,internal_violence,82.0,15
2025-06-13,Iran,repression,73.9,12
2025-06-13,Iran,domestic_attack,63.2,12
2025-06-13,Iran,war_activity,90.9,14
2025-06-13,Iran,external_attack,87.4,15
2025-06-13,Iran,regional_spillover,86.0,13
2025-06-14,Iran,internal_violence,81.5,13
2025-06-14,Iran,repression,70.5,12
2025-06-14,Iran,domestic_attack,62.0,10
2025-06-14,Iran,war_activity,89.7,17
2025-06-14,Iran,external_attack,92.1,16
2025-06-14,Iran,regional_spillover,88.8,15
2025-06-15,Iran,internal_violence,78.7,13
2025-06-15,Iran,repression,69.3,12
2025-06-15,Iran,domestic_attack,60.3,11
2025-06-15,Iran,war_activity,86.5,15
2025-06-15,Iran,external_attack,89.2,16
2025-06-15,Iran,regional_spillover,86.7,14
2025-06-16,Iran,internal_violence,77.7,14
2025-06-16,Iran,repression,70.1,12
2025-06-16,Iran,domestic_attack,62.9,11
2025-06-16,Iran,war_activity,88.6,15
2025-06-16,Iran,external_attack,86.6,15
2025-06-16,Iran,regional_spillover,87.9,16
2025-06-17,Iran,internal_violence,79.0,13
2025-06-17,Iran,repression,71.1,12
2025-06-17,Iran,domestic_attack,61.4,11
2025-06-17,Iran,war_activity,91.7,14
2025-06-17,Iran,external_attack,90.9,16
2025-06-17,Iran,regional_spillover,88.9,16
2025-06-18,Iran,internal_violence,79.2,14
2025-06-18,Iran,repression,74.0,13
2025-06-18,Iran,domestic_attack,62.0,12
2025-06-18,Iran,war_activity,87.3,15
2025-06-18,Iran,external_attack,87.9,16
2025-06-18,Iran,regional_spillover,86.2,14
2025-06-19,Iran,internal_violence,80.8,14
2025-06-19,Iran,repression,73.2,12
2025-06-19,Iran,domestic_attack,65.9,11
2025-06-19,Iran,war_activity,89.8,16
2025-06-19,Iran,external_attack,87.6,14
2025-06-19,Iran,regional_spillover,88.5,15
2025-06-20,Iran,internal_violence,77.0,14
2025-06-20,Iran,repression,69.1,12
2025-06-20,Iran,domestic_attack,63.0,11
2025-06-20,Iran,war_activity,90.3,16
2025-06-20,Iran,external_attack,88.1,15
2025-06-20,Iran,regional_spillover,86.5,15
2025-06-21,Iran,internal_violence,78.5,14
2025-06-21,Iran,repression,71.0,13
2025-06-21,Iran,domestic_attack,60.6,11
2025-06-21,Iran,war_activity,89.3,14
2025-06-21,Iran,external_attack,89.8,17
2025-06-21,Iran,regional_spillover,88.7,14
2025-06-22,Iran,internal_violence,78.3,13
2025-06-22,Iran,repression,66.8,12
2025-06-22,Iran,domestic_attack,58.9,11
2025-06-22,Iran,war_activity,86.8,14
2025-06-22,Iran,external_attack,90.7,16
2025-06-22,Iran,regional_spillover,83.4,15
2025-06-23,Iran,internal_violence,79.6,15
2025-06-23,Iran,repression,66.2,10
2025-06-23,Iran,domestic_attack,59.8,9
2025-06-23,Iran,war_activity,91.1,16
2025-06-23,Iran,external_attack,89.5,14
2025-06-23,Iran,regional_spillover,88.6,15
2025-06-24,Iran,internal_violence,79.8,13
2025-06-24,Iran,repression,68.3,10
2025-06-24,Iran,domestic_attack,63.5,10
2025-06-24,Iran,war_activity,89.0,15
2025-06-24,Iran,external_attack,91.3,15
2025-06-24,Iran,regional_spillover,86.0,13
2025-06-25,Iran,internal_violence,78.1,12
2025-06-25,Iran,repression,70.1,11
2025-06-25,Iran,domestic_attack,65.9,12
2025-06-25,Iran,war_activity,88.7,16
2025-06-25,Iran,external_attack,91.0,15
2025-06-25,Iran,regional_spillover,88.9,15
2025-06-26,Iran,internal_violence,82.7,13
2025-06-26,Iran,repression,68.1,12
2025-06-26,Iran,domestic_attack,66.5,12
2025-06-26,Iran,war_activity,87.0,14
2025-06-26,Iran,external_attack,90.6,15
2025-06-26,Iran,regional_spillover,87.1,14
2025-06-27,Iran,internal_violence,76.7,14
2025-06-27,Iran,repression,71.8,13
2025-06-27,Iran,domestic_attack,64.8,11
2025-06-27,Iran,war_activity,90.8,16
2025-06-27,Iran,external_attack,87.7,15
2025-06-27,Iran,regional_spillover,86.8,14
2025-06-28,Iran,internal_violence,75.9,13
2025-06-28,Iran,repression,70.7,12
2025-06-28,Iran,domestic_attack,63.0,12
2025-06-28,Iran,war_activity,90.1,17
2025-06-28,Iran,external_attack,89.6,14
2025-06-28,Iran,regional_spillover,85.7,16
2025-06-29,Iran,internal_violence,75.9,14
2025-06-29,Iran,repression,69.3,13
2025-06-29,Iran,domestic_attack,62.8,11
2025-06-29,Iran,war_activity,86.8,14
2025-06-29,Iran,external_attack,88.5,14
2025-06-29,Iran,regional_spillover,86.3,16
2025-06-30,Iran,internal_violence,75.2,13
2025-06-30,Iran,repression,66.2,13
2025-06-30,Iran,domestic_attack,61.5,10
2025-06-30,Iran,war_activity,90.8,17
2025-06-30,Iran,external_attack,90.7,16
2025-06-30,Iran,regional_spillover,88.1,15
2025-07-01,Iran,internal_violence,77.1,12
2025-07-01,Iran,repression,71.8,12
2025-07-01,Iran,domestic_attack,62.3,12
2025-07-01,Iran,war_activity,90.4,16
2025-07-01,Iran,external_attack,91.8,15
2025-07-01,Iran,regional_spillover,89.7,15
2025-07-02,Iran,internal_violence,82.4,15
2025-07-02,Iran,repression,68.7,12
2025-07-02,Iran,domestic_attack,65.2,11
2025-07-02,Iran,war_activity,88.5,14
2025-07-02,Iran,external_attack,90.2,14
2025-07-02,Iran,regional_spillover,85.2,15
2025-07-03,Iran,internal_violence,80.9,15
2025-07-03,Iran,repression,71.9,11
2025-07-03,Iran,domestic_attack,62.1,9
2025-07-03,Iran,war_activity,91.4,17
2025-07-03,Iran,external_attack,88.1,15
2025-07-03,Iran,regional_spillover,86.0,15
2025-07-04,Iran,internal_violence,78.0,14
2025-07-04,Iran,repression,72.6,13
2025-07-04,Iran,domestic_attack,63.1,10
2025-07-04,Iran,war_activity,91.9,16
2025-07-04,Iran,external_attack,91.4,14
2025-07-04,Iran,regional_spillover,89.3,15
2025-07-05,Iran,internal_violence,79.2,14
2025-07-05,Iran,repression,70.5,12
2025-07-05,Iran,domestic_attack,61.3,11
2025-07-05,Iran,war_activity,89.7,15
2025-07-05,Iran,external_attack,86.7,14
2025-07-05,Iran,regional_spillover,89.0,17
2025-07-06,Iran,internal_violence,77.2,12
2025-07-06,Iran,repression,68.5,13
2025-07-06,Iran,domestic_attack,62.1,11
2025-07-06,Iran,war_activity,88.9,14
2025-07-06,Iran,external_attack,89.0,14
2025-07-06,Iran,regional_spillover,85.7,16
2025-07-07,Iran,internal_violence,78.2,12
2025-07-07,Iran,repression,69.1,13
2025-07-07,Iran,domestic_attack,62.2,10
2025-07-07,Iran,war_activity,90.3,15
2025-07-07,Iran,external_attack,89.9,15
2025-07-07,Iran,regional_spillover,85.4,15
2025-07-08,Iran,internal_violence,80.7,14
2025-07-08,Iran,repression,72.2,12
2025-07-08,Iran,domestic_attack,63.9,12
2025-07-08,Iran,war_activity,91.9,15
2025-07-08,Iran,external_attack,91.1,16
2025-07-08,Iran,regional_spillover,87.5,15
2025-07-09,Iran,internal_violence,80.1,15
2025-07-09,Iran,repression,73.0,11
2025-07-09,Iran,domestic_attack,66.9,13
2025-07-09,Iran,war_activity,89.1,15
2025-07-09,Iran,external_attack,89.4,15
2025-07-09,Iran,regional_spillover,85.8,13
2025-07-10,Iran,internal_violence,80.5,15
2025-07-10,Iran,repression,70.4,12
2025-07-10,Iran,domestic_attack,67.6,11
2025-07-10,Iran,war_activity,88.6,15
2025-07-10,Iran,external_attack,91.7,15
2025-07-10,Iran,regional_spillover,88.4,16
2025-07-11,Iran,internal_violence,79.4,15
2025-07-11,Iran,repression,68.9,11
2025-07-11,Iran,domestic_attack,62.3,11
2025-07-11,Iran,war_activity,90.1,15
2025-07-11,Iran,external_attack,91.9,15
2025-07-11,Iran,regional_spillover,90.6,15
2025-07-12,Iran,internal_violence,80.5,13
2025-07-12,Iran,repression,72.2,12
2025-07-12,Iran,domestic_attack,61.1,11
2025-07-12,Iran,war_activity,87.4,13
2025-07-12,Iran,external_attack,90.9,16
2025-07-12,Iran,regional_spillover,85.2,15
2025-07-13,Iran,internal_violence,77.8,14
2025-07-13,Iran,repression,68.0,10
2025-07-13,Iran,domestic_attack,65.5,11
2025-07-13,Iran,war_activity,87.1,15
2025-07-13,Iran,external_attack,87.6,14
2025-07-13,Iran,regional_spillover,86.6,16
2025-07-14,Iran,internal_violence,77.7,14
2025-07-14,Iran,repression,72.2,14
2025-07-14,Iran,domestic_attack,64.8,11
2025-07-14,Iran,war_activity,88.8,15
2025-07-14,Iran,external_attack,88.2,15
2025-07-14,Iran,regional_spillover,86.5,13
2025-07-15,Iran,internal_violence,79.6,14
2025-07-15,Iran,repression,72.8,13
2025-07-15,Iran,domestic_attack,67.4,13
2025-07-15,Iran,war_activity,87.8,14
2025-07-15,Iran,external_attack,90.4,15
2025-07-15,Iran,regional_spillover,88.3,16
2025-07-16,Iran,internal_violence,84.8,14
2025-07-16,Iran,repression,74.8,13
2025-07-16,Iran,domestic_attack,64.2,11
2025-07-16,Iran,war_activity,88.7,15
2025-07-16,Iran,external_attack,90.3,15
2025-07-16,Iran,regional_spillover,89.8,14
2025-07-17,Iran,internal_violence,86.2,16
2025-07-17,Iran,repression,74.1,14
2025-07-17,Iran,domestic_attack,65.3,10
2025-07-17,Iran,war_activity,93.5,15
2025-07-17,Iran,external_attack,93.4,16
2025-07-17,Iran,regional_spillover,90.6,14
2025-07-18,Iran,internal_violence,82.0,14
2025-07-18,Iran,repression,72.0,14
2025-07-18,Iran,domestic_attack,68.4,13
2025-07-18,Iran,war_activity,90.9,15
2025-07-18,Iran,external_attack,91.2,16
2025-07-18,Iran,regional_spillover,89.3,14
2025-07-19,Iran,internal_violence,82.8,13
2025-07-19,Iran,repression,75.0,13
2025-07-19,Iran,domestic_attack,66.6,12
2025-07-19,Iran,war_activity,90.3,15
2025-07-19,Iran,external_attack,89.4,15
2025-07-19,Iran,regional_spillover,87.8,15
2025-07-20,Iran,internal_violence,81.2,13
2025-07-20,Iran,repression,69.3,12
2025-07-20,Iran,domestic_attack,64.1,9
2025-07-20,Iran,war_activity,90.4,17
2025-07-20,Iran,external_attack,91.7,15
2025-07-20,Iran,regional_spillover,86.7,16
2025-07-21,Iran,internal_violence,84.1,14
2025-07-21,Iran,repression,71.3,12
2025-07-21,Iran,domestic_attack,66.1,12
2025-07-21,Iran,war_activity,90.9,14
2025-07-21,Iran,external_attack,92.9,15
2025-07-21,Iran,regional_spillover,87.6,16
2025-07-22,Iran,internal_violence,86.8,16
2025-07-22,Iran,repression,72.7,12
2025-07-22,Iran,domestic_attack,69.3,12
2025-07-22,Iran,war_activity,90.7,16
2025-07-22,Iran,external_attack,88.6,16
2025-07-22,Iran,regional_spillover,87.5,14
2025-07-23,Iran,internal_violence,86.4,16
2025-07-23,Iran,repression,77.0,12
2025-07-23,Iran,domestic_attack,67.3,11
2025-07-23,Iran,war_activity,90.3,17
2025-07-23,Iran,external_attack,93.2,15
2025-07-23,Iran,regional_spillover,89.9,14
2025-07-24,Iran,internal_violence,88.4,16
2025-07-24,Iran,repression,74.9,12
2025-07-24,Iran,domestic_attack,72.2,12
2025-07-24,Iran,war_activity,92.0,16
2025-07-24,Iran,external_attack,89.9,14
2025-07-24,Iran,regional_spillover,90.4,17
2025-07-25,Iran,internal_violence,87.4,15
2025-07-25,Iran,repression,75.2,14
2025-07-25,Iran,domestic_attack,71.4,13
2025-07-25,Iran,war_activity,93.1,16
2025-07-25,Iran,external_attack,91.1,16
2025-07-25,Iran,regional_spillover,89.2,14
2025-07-26,Iran,internal_violence,84.8,14
2025-07-26,Iran,repression,76.0,13
2025-07-26,Iran,domestic_attack,66.2,13
2025-07-26,Iran,war_activity,93.5,15
2025-07-26,Iran,external_attack,92.6,15
2025-07-26,Iran,regional_spillover,90.6,16
2025-07-27,Iran,internal_violence,83.6,13
2025-07-27,Iran,repression,77.1,13
2025-07-27,Iran,domestic_attack,69.2,12
2025-07-27,Iran,war_activity,93.2,15
2025-07-27,Iran,external_attack,93.3,16
2025-07-27,Iran,regional_spillover,89.3,14
2025-07-28,Iran,internal_violence,83.5,14
2025-07-28,Iran,repression,77.1,15
2025-07-28,Iran,domestic_attack,67.7,10
2025-07-28,Iran,war_activity,90.8,15
2025-07-28,Iran,external_attack,94.1,16
2025-07-28,Iran,regional_spillover,88.7,16
2025-07-29,Iran,internal_violence,86.6,14
2025-07-29,Iran,repression,75.9,14
2025-07-29,Iran,domestic_attack,72.6,12
2025-07-29,Iran,war_activity,90.6,15
2025-07-29,Iran,external_attack,91.7,16
2025-07-29,Iran,regional_spillover,89.8,14
2025-07-30,Iran,internal_violence,89.7,17
2025-07-30,Iran,repression,79.9,15
2025-07-30,Iran,domestic_attack,73.5,13
2025-07-30,Iran,war_activity,95.6,16
2025-07-30,Iran,external_attack,90.4,15
2025-07-30,Iran,regional_spillover,95.3,17
2025-07-31,Iran,internal_violence,90.4,15
2025-07-31,Iran,repression,81.3,15
2025-07-31,Iran,domestic_attack,71.8,13
2025-07-31,Iran,war_activity,91.8,16
2025-07-31,Iran,external_attack,92.2,15
2025-07-31,Iran,regional_spillover,94.2,17
2025-08-01,Iran,internal_violence,90.8,17
2025-08-01,Iran,repression,81.4,15
2025-08-01,Iran,domestic_attack,75.6,14
2025-08-01,Iran,war_activity,94.3,15
2025-08-01,Iran,external_attack,93.9,15
2025-08-01,Iran,regional_spillover,92.9,17
2025-08-02,Iran,internal_violence,87.3,14
2025-08-02,Iran,repression,79.5,12
2025-08-02,Iran,domestic_attack,71.9,13
2025-08-02,Iran,war_activity,90.5,14
2025-08-02,Iran,external_attack,92.9,15
2025-08-02,Iran,regional_spillover,95.1,15
2025-08-03,Iran,internal_violence,88.9,15
2025-08-03,Iran,repression,78.1,12
2025-08-03,Iran,domestic_attack,70.7,13
2025-08-03,Iran,war_activity,95.5,15
2025-08-03,Iran,external_attack,91.4,15
2025-08-03,Iran,regional_spillover,92.9,15
2025-08-04,Iran,internal_violence,92.6,16
2025-08-04,Iran,repression,79.1,14
2025-08-04,Iran,domestic_attack,75.0,13
2025-08-04,Iran,war_activity,93.3,16
2025-08-04,Iran,external_attack,90.3,16
2025-08-04,Iran,regional_spillover,95.3,17
2025-08-05,Iran,internal_violence,91.0,17
2025-08-05,Iran,repression,82.6,14
2025-08-05,Iran,domestic_attack,75.0,14
2025-08-05,Iran,war_activity,92.2,17
2025-08-05,Iran,external_attack,93.0,15
2025-08-05,Iran,regional_spillover,93.5,16
2025-08-06,Iran,internal_violence,95.5,17
2025-08-06,Iran,repression,82.3,12
2025-08-06,Iran,domestic_attack,74.2,13
2025-08-06,Iran,war_activity,92.7,15
2025-08-06,Iran,external_attack,92.2,16
2025-08-06,Iran,regional_spillover,94.5,17
2025-08-07,Iran,internal_violence,92.0,15
2025-08-07,Iran,repression,82.0,13
2025-08-07,Iran,domestic_attack,73.2,13
2025-08-07,Iran,war_activity,95.3,15
2025-08-07,Iran,external_attack,92.5,14
2025-08-07,Iran,regional_spillover,93.6,18
2025-08-08,Iran,internal_violence,91.0,16
2025-08-08,Iran,repression,83.4,16
2025-08-08,Iran,domestic_attack,74.0,13
2025-08-08,Iran,war_activity,95.8,17
2025-08-08,Iran,external_attack,95.0,16
2025-08-08,Iran,regional_spillover,97.4,16
2025-08-09,Iran,internal_violence,91.3,15
2025-08-09,Iran,repression,84.6,14
2025-08-09,Iran,domestic_attack,71.9,12
2025-08-09,Iran,war_activity,96.0,15
2025-08-09,Iran,external_attack,91.7,17
2025-08-09,Iran,regional_spillover,96.6,18
2025-08-10,Iran,internal_violence,93.3,17
2025-08-10,Iran,repression,84.7,16
2025-08-10,Iran,domestic_attack,74.5,14
2025-08-10,Iran,war_activity,93.7,15
2025-08-10,Iran,external_attack,96.3,17
2025-08-10,Iran,regional_spillover,92.5,16
2025-08-11,Iran,internal_violence,95.8,15
2025-08-11,Iran,repression,85.0,14
2025-08-11,Iran,domestic_attack,76.5,12
2025-08-11,Iran,war_activity,92.2,15
2025-08-11,Iran,external_attack,92.2,17
2025-08-11,Iran,regional_spillover,97.7,16
2025-08-12,Iran,internal_violence,92.4,17
2025-08-12,Iran,repression,82.1,15
2025-08-12,Iran,domestic_attack,74.4,12
2025-08-12,Iran,war_activity,93.7,16
2025-08-12,Iran,external_attack,93.3,16
2025-08-12,Iran,regional_spillover,92.5,17
2025-08-13,Iran,internal_violence,90.7,15
2025-08-13,Iran,repression,83.9,15
2025-08-13,Iran,domestic_attack,75.8,12
2025-08-13,Iran,war_activity,96.2,17
2025-08-13,Iran,external_attack,96.3,17
2025-08-13,Iran,regional_spillover,96.6,15
2025-08-14,Iran,internal_violence,92.2,17
2025-08-14,Iran,repression,82.7,15
2025-08-14,Iran,domestic_attack,73.6,12
2025-08-14,Iran,war_activity,93.9,15
2025-08-14,Iran,external_attack,93.0,16
2025-08-14,Iran,regional_spillover,94.0,15
2025-08-15,Iran,internal_violence,93.3,17
2025-08-15,Iran,repression,80.3,13
2025-08-15,Iran,domestic_attack,77.1,13
2025-08-15,Iran,war_activity,93.8,16
2025-08-15,Iran,external_attack,93.5,16
2025-08-15,Iran,regional_spillover,92.5,16
2025-08-16,Iran,internal_violence,92.5,16
2025-08-16,Iran,repression,81.8,15
2025-08-16,Iran,domestic_attack,73.8,13
2025-08-16,Iran,war_activity,95.5,16
2025-08-16,Iran,external_attack,94.7,17
2025-08-16,Iran,regional_spillover,97.5,16
2025-08-17,Iran,internal_violence,93.8,15
2025-08-17,Iran,repression,85.0,13
2025-08-17,Iran,domestic_attack,75.1,14
2025-08-17,Iran,war_activity,96.0,18
2025-08-17,Iran,external_attack,91.4,17
2025-08-17,Iran,regional_spillover,96.5,15
2025-08-18,Iran,internal_violence,95.7,16
2025-08-18,Iran,repression,84.5,15
2025-08-18,Iran,domestic_attack,76.2,12
2025-08-18,Iran,war_activity,92.7,15
2025-08-18,Iran,external_attack,93.2,17
2025-08-18,Iran,regional_spillover,96.2,15
2025-08-19,Iran,internal_violence,93.7,16
2025-08-19,Iran,repression,80.7,14
2025-08-19,Iran,domestic_attack,74.7,11
2025-08-19,Iran,war_activity,92.0,14
2025-08-19,Iran,external_attack,92.4,14
2025-08-19,Iran,regional_spillover,96.3,15
2025-08-20,Iran,internal_violence,90.8,14
2025-08-20,Iran,repression,80.3,15
2025-08-20,Iran,domestic_attack,76.2,13
2025-08-20,Iran,war_activity,92.0,15
2025-08-20,Iran,external_attack,91.7,16
2025-08-20,Iran,regional_spillover,97.8,17
2025-08-21,Iran,internal_violence,92.5,17
2025-08-21,Iran,repression,80.3,15
2025-08-21,Iran,domestic_attack,73.4,11
2025-08-21,Iran,war_activity,95.3,18
2025-08-21,Iran,external_attack,91.9,17
2025-08-21,Iran,regional_spillover,92.8,16
2025-08-22,Iran,internal_violence,90.6,16
2025-08-22,Iran,repression,83.4,15
2025-08-22,Iran,domestic_attack,76.0,12
2025-08-22,Iran,war_activity,91.1,15
2025-08-22,Iran,external_attack,93.0,15
2025-08-22,Iran,regional_spillover,97.0,17
2025-08-23,Iran,internal_violence,93.6,15
2025-08-23,Iran,repression,80.4,15
2025-08-23,Iran,domestic_attack,73.0,13
2025-08-23,Iran,war_activity,95.6,16
2025-08-23,Iran,external_attack,93.5,17
2025-08-23,Iran,regional_spillover,97.4,16
2025-08-24,Iran,internal_violence,95.5,16
2025-08-24,Iran,repression,84.1,14
2025-08-24,Iran,domestic_attack,75.7,12
2025-08-24,Iran,war_activity,95.3,17
2025-08-24,Iran,external_attack,93.5,17
2025-08-24,Iran,regional_spillover,94.2,15
2025-08-25,Iran,internal_violence,94.5,15
2025-08-25,Iran,repression,82.4,14
2025-08-25,Iran,domestic_attack,76.4,12
2025-08-25,Iran,war_activity,94.9,17
2025-08-25,Iran,external_attack,96.4,17
2025-08-25,Iran,regional_spillover,97.7,15
2025-08-26,Iran,internal_violence,94.4,17
2025-08-26,Iran,repression,82.9,13
2025-08-26,Iran,domestic_attack,76.3,12
2025-08-26,Iran,war_activity,96.0,17
2025-08-26,Iran,external_attack,92.0,17
2025-08-26,Iran,regional_spillover,93.9,17
2025-08-27,Iran,internal_violence,90.6,15
2025-08-27,Iran,repression,80.5,12
2025-08-27,Iran,domestic_attack,72.1,13
2025-08-27,Iran,war_activity,94.0,15
2025-08-27,Iran,external_attack,96.0,16
2025-08-27,Iran,regional_spillover,95.5,16
2025-08-28,Iran,internal_violence,91.9,16
2025-08-28,Iran,repression,84.5,15
2025-08-28,Iran,domestic_attack,74.6,12
2025-08-28,Iran,war_activity,93.0,17
2025-08-28,Iran,external_attack,93.8,16
2025-08-28,Iran,regional_spillover,96.9,17
2025-08-29,Iran,internal_violence,93.8,15
2025-08-29,Iran,repression,80.8,15
2025-08-29,Iran,domestic_attack,76.2,13
2025-08-29,Iran,war_activity,95.4,16
2025-08-29,Iran,external_attack,95.6,16
2025-08-29,Iran,regional_spillover,93.3,17
2025-08-30,Iran,internal_violence,94.2,15
2025-08-30,Iran,repression,84.6,13
2025-08-30,Iran,domestic_attack,75.5,14
2025-08-30,Iran,war_activity,92.0,15
2025-08-30,Iran,external_attack,95.2,17
2025-08-30,Iran,regional_spillover,92.8,16
2025-08-31,Iran,internal_violence,93.7,16
2025-08-31,Iran,repression,81.8,14
2025-08-31,Iran,domestic_attack,71.9,13
2025-08-31,Iran,war_activity,92.9,17
2025-08-31,Iran,external_attack,95.4,16
2025-08-31,Iran,regional_spillover,94.5,16
2025-09-01,Iran,internal_violence,94.9,17
2025-09-01,Iran,repression,83.5,14
2025-09-01,Iran,domestic_attack,76.9,13
2025-09-01,Iran,war_activity,93.1,15
2025-09-01,Iran,external_attack,92.0,15
2025-09-01,Iran,regional_spillover,92.8,15
2025-09-02,Iran,internal_violence,92.6,17
2025-09-02,Iran,repression,80.2,14
2025-09-02,Iran,domestic_attack,73.9,12
2025-09-02,Iran,war_activity,94.5,15
2025-09-02,Iran,external_attack,92.4,15
2025-09-02,Iran,regional_spillover,95.2,17
2025-09-03,Iran,internal_violence,94.7,16
2025-09-03,Iran,repression,80.8,12
2025-09-03,Iran,domestic_attack,74.8,11
2025-09-03,Iran,war_activity,95.0,15
2025-09-03,Iran,external_attack,93.9,16
2025-09-03,Iran,regional_spillover,95.5,15
2025-09-04,Iran,internal_violence,95.7,16
2025-09-04,Iran,repression,80.5,13
2025-09-04,Iran,domestic_attack,72.8,11
2025-09-04,Iran,war_activity,96.2,16
2025-09-04,Iran,external_attack,91.0,14
2025-09-04,Iran,regional_spillover,95.6,15
2025-09-05,Iran,internal_violence,92.3,15
2025-09-05,Iran,repression,81.5,13
2025-09-05,Iran,domestic_attack,73.3,13
2025-09-05,Iran,war_activity,95.0,16
2025-09-05,Iran,external_attack,96.2,17
2025-09-05,Iran,regional_spillover,96.1,16
2025-09-06,Iran,internal_violence,95.1,15
2025-09-06,Iran,repression,83.1,15
2025-09-06,Iran,domestic_attack,74.9,11
2025-09-06,Iran,war_activity,93.6,14
2025-09-06,Iran,external_attack,93.3,16
2025-09-06,Iran,regional_spillover,96.8,17
2025-09-07,Iran,internal_violence,94.0,15
2025-09-07,Iran,repression,81.2,13
2025-09-07,Iran,domestic_attack,75.6,13
2025-09-07,Iran,war_activity,93.1,16
2025-09-07,Iran,external_attack,93.2,15
2025-09-07,Iran,regional_spillover,96.9,16
2025-09-08,Iran,internal_violence,92.4,16
2025-09-08,Iran,repression,80.0,14
2025-09-08,Iran,domestic_attack,73.7,14
2025-09-08,Iran,war_activity,91.5,16
2025-09-08,Iran,external_attack,94.0,16
2025-09-08,Iran,regional_spillover,94.8,16
2025-09-09,Iran,internal_violence,94.9,16
2025-09-09,Iran,repression,79.7,12
2025-09-09,Iran,domestic_attack,71.7,14
2025-09-09,Iran,war_activity,95.6,16
2025-09-09,Iran,external_attack,92.9,15
2025-09-09,Iran,regional_spillover,93.7,16
2025-09-10,Iran,internal_violence,91.4,17
2025-09-10,Iran,repression,83.3,14
2025-09-10,Iran,domestic_attack,75.6,13
2025-09-10,Iran,war_activity,96.6,15
2025-09-10,Iran,external_attack,96.5,15
2025-09-10,Iran,regional_spillover,92.9,16
2025-09-11,Iran,internal_violence,94.4,17
2025-09-11,Iran,repression,82.1,14
2025-09-11,Iran,domestic_attack,74.3,14
2025-09-11,Iran,war_activity,94.4,15
2025-09-11,Iran,external_attack,92.9,15
2025-09-11,Iran,regional_spillover,92.7,15
2025-09-12,Iran,internal_violence,92.8,16
2025-09-12,Iran,repression,81.8,15
2025-09-12,Iran,domestic_attack,77.0,13
2025-09-12,Iran,war_activity,93.5,15
2025-09-12,Iran,external_attack,94.1,16
2025-09-12,Iran,regional_spillover,96.6,15
2025-09-13,Iran,internal_violence,95.6,18
2025-09-13,Iran,repression,84.6,16
2025-09-13,Iran,domestic_attack,75.7,13
2025-09-13,Iran,war_activity,96.3,16
2025-09-13,Iran,external_attack,96.4,17
2025-09-13,Iran,regional_spillover,97.8,17
2025-09-14,Iran,internal_violence,91.4,14
2025-09-14,Iran,repression,83.1,13
2025-09-14,Iran,domestic_attack,76.9,13
2025-09-14,Iran,war_activity,95.9,16
2025-09-14,Iran,external_attack,91.2,16
2025-09-14,Iran,regional_spillover,97.4,17
2025-09-15,Iran,internal_violence,90.7,17
2025-09-15,Iran,repression,84.7,13
2025-09-15,Iran,domestic_attack,76.1,13
2025-09-15,Iran,war_activity,91.5,16
2025-09-15,Iran,external_attack,95.9,17
2025-09-15,Iran,regional_spillover,97.6,17
2025-09-16,Iran,internal_violence,95.0,16
2025-09-16,Iran,repression,81.0,14
2025-09-16,Iran,domestic_attack,76.8,14
2025-09-16,Iran,war_activity,91.2,17
2025-09-16,Iran,external_attack,95.3,15
2025-09-16,Iran,regional_spillover,94.5,15
2025-09-17,Iran,internal_violence,95.4,17
2025-09-17,Iran,repression,84.4,13
2025-09-17,Iran,domestic_attack,75.9,13
2025-09-17,Iran,war_activity,96.6,16
2025-09-17,Iran,external_attack,91.6,16
2025-09-17,Iran,regional_spillover,95.6,17
2025-09-18,Iran,internal_violence,90.3,15
2025-09-18,Iran,repression,84.4,13
2025-09-18,Iran,domestic_attack,77.1,13
2025-09-18,Iran,war_activity,95.9,15
2025-09-18,Iran,external_attack,95.8,16
2025-09-18,Iran,regional_spillover,94.5,16
2025-09-19,Iran,internal_violence,91.4,15
2025-09-19,Iran,repression,81.0,15
2025-09-19,Iran,domestic_attack,76.1,14
2025-09-19,Iran,war_activity,93.4,17
2025-09-19,Iran,external_attack,93.9,17
2025-09-19,Iran,regional_spillover,96.5,16
2025-09-20,Iran,internal_violence,90.9,15
2025-09-20,Iran,repression,82.6,14
2025-09-20,Iran,domestic_attack,72.9,14
2025-09-20,Iran,war_activity,95.9,18
2025-09-20,Iran,external_attack,95.8,17
2025-09-20,Iran,regional_spillover,95.0,18
2025-09-21,Iran,internal_violence,94.1,16
2025-09-21,Iran,repression,83.2,14
2025-09-21,Iran,domestic_attack,75.8,12
2025-09-21,Iran,war_activity,95.8,16
2025-09-21,Iran,external_attack,94.7,15
2025-09-21,Iran,regional_spillover,91.9,17
2025-09-22,Iran,internal_violence,94.3,17
2025-09-22,Iran,repression,81.8,13
2025-09-22,Iran,domestic_attack,75.7,14
2025-09-22,Iran,war_activity,92.0,14
2025-09-22,Iran,external_attack,91.0,16
2025-09-22,Iran,regional_spillover,94.6,18
2025-09-23,Iran,internal_violence,93.5,15
2025-09-23,Iran,repression,83.8,16
2025-09-23,Iran,domestic_attack,72.7,12
2025-09-23,Iran,war_activity,92.6,16
2025-09-23,Iran,external_attack,95.3,15
2025-09-23,Iran,regional_spillover,96.2,17
2025-09-24,Iran,internal_violence,90.5,16
2025-09-24,Iran,repression,83.1,13
2025-09-24,Iran,domestic_attack,76.7,12
2025-09-24,Iran,war_activity,91.2,16
2025-09-24,Iran,external_attack,94.3,16
2025-09-24,Iran,regional_spillover,96.3,16
2025-09-25,Iran,internal_violence,95.0,17
2025-09-25,Iran,repression,82.4,14
2025-09-25,Iran,domestic_attack,72.3,12
2025-09-25,Iran,war_activity,92.7,17
2025-09-25,Iran,external_attack,94.3,15
2025-09-25,Iran,regional_spillover,97.3,17
2025-09-26,Iran,internal_violence,89.0,16
2025-09-26,Iran,repression,78.4,12
2025-09-26,Iran,domestic_attack,71.0,11
2025-09-26,Iran,war_activity,91.8,17
2025-09-26,Iran,external_attack,92.5,17
2025-09-26,Iran,regional_spillover,92.5,15
2025-09-27,Iran,internal_violence,90.5,16
2025-09-27,Iran,repression,80.6,14
2025-09-27,Iran,domestic_attack,73.8,13
2025-09-27,Iran,war_activity,91.4,16
2025-09-27,Iran,external_attack,92.5,17
2025-09-27,Iran,regional_spillover,93.6,16
2025-09-28,Iran,internal_violence,90.3,16
2025-09-28,Iran,repression,77.4,13
2025-09-28,Iran,domestic_attack,72.2,14
2025-09-28,Iran,war_activity,89.4,15
2025-09-28,Iran,external_attack,91.9,15
2025-09-28,Iran,regional_spillover,92.0,15
2025-09-29,Iran,internal_violence,90.2,16
2025-09-29,Iran,repression,77.2,12
2025-09-29,Iran,domestic_attack,67.7,12
2025-09-29,Iran,war_activity,90.9,16
2025-09-29,Iran,external_attack,91.3,16
2025-09-29,Iran,regional_spillover,89.5,14
2025-09-30,Iran,internal_violence,89.4,15
2025-09-30,Iran,repression,80.8,15
2025-09-30,Iran,domestic_attack,72.7,12
2025-09-30,Iran,war_activity,93.5,16
2025-09-30,Iran,external_attack,92.7,16
2025-09-30,Iran,regional_spillover,90.3,16
2025-10-01,Iran,internal_violence,89.9,15
2025-10-01,Iran,repression,80.1,14
2025-10-01,Iran,domestic_attack,73.8,12
2025-10-01,Iran,war_activity,91.6,17
2025-10-01,Iran,external_attack,91.8,15
2025-10-01,Iran,regional_spillover,92.7,14
2025-10-02,Iran,internal_violence,86.5,15
2025-10-02,Iran,repression,79.1,14
2025-10-02,Iran,domestic_attack,68.6,10
2025-10-02,Iran,war_activity,92.6,17
2025-10-02,Iran,external_attack,93.8,16
2025-10-02,Iran,regional_spillover,94.1,17
2025-10-03,Iran,internal_violence,85.3,14
2025-10-03,Iran,repression,78.6,14
2025-10-03,Iran,domestic_attack,69.2,13
2025-10-03,Iran,war_activity,89.9,16
2025-10-03,Iran,external_attack,93.7,15
2025-10-03,Iran,regional_spillover,94.6,15
2025-10-04,Iran,internal_violence,85.9,15
2025-10-04,Iran,repression,76.1,14
2025-10-04,Iran,domestic_attack,69.5,13
2025-10-04,Iran,war_activity,93.1,17
2025-10-04,Iran,external_attack,90.3,16
2025-10-04,Iran,regional_spillover,91.1,16
2025-10-05,Iran,internal_violence,82.0,15
2025-10-05,Iran,repression,74.9,13
2025-10-05,Iran,domestic_attack,68.6,10
2025-10-05,Iran,war_activity,91.3,16
2025-10-05,Iran,external_attack,88.7,16
2025-10-05,Iran,regional_spillover,89.2,14
2025-10-06,Iran,internal_violence,86.4,16
2025-10-06,Iran,repression,75.7,12
2025-10-06,Iran,domestic_attack,68.2,13
2025-10-06,Iran,war_activity,91.8,16
2025-10-06,Iran,external_attack,89.4,15
2025-10-06,Iran,regional_spillover,89.2,16
2025-10-07,Iran,internal_violence,82.4,13
2025-10-07,Iran,repression,77.6,14
2025-10-07,Iran,domestic_attack,66.5,11
2025-10-07,Iran,war_activity,92.0,14
2025-10-07,Iran,external_attack,90.8,14
2025-10-07,Iran,regional_spillover,91.0,15
2025-10-08,Iran,internal_violence,84.1,15
2025-10-08,Iran,repression,77.0,12
2025-10-08,Iran,domestic_attack,67.2,10
2025-10-08,Iran,war_activity,92.6,16
2025-10-08,Iran,external_attack,90.6,15
2025-10-08,Iran,regional_spillover,89.8,15
2025-10-09,Iran,internal_violence,89.1,15
2025-10-09,Iran,repression,74.8,12
2025-10-09,Iran,domestic_attack,68.3,13
2025-10-09,Iran,war_activity,90.4,15
2025-10-09,Iran,external_attack,89.1,15
2025-10-09,Iran,regional_spillover,89.3,15
2025-10-10,Iran,internal_violence,87.4,16
2025-10-10,Iran,repression,73.2,11
2025-10-10,Iran,domestic_attack,68.6,11
2025-10-10,Iran,war_activity,93.8,15
2025-10-10,Iran,external_attack,92.8,17
2025-10-10,Iran,regional_spillover,89.6,15
2025-10-11,Iran,internal_violence,81.8,15
2025-10-11,Iran,repression,72.0,13
2025-10-11,Iran,domestic_attack,66.3,10
2025-10-11,Iran,war_activity,91.3,17
2025-10-11,Iran,external_attack,87.9,14
2025-10-11,Iran,regional_spillover,89.9,17
2025-10-12,Iran,internal_violence,81.3,13
2025-10-12,Iran,repression,74.4,12
2025-10-12,Iran,domestic_attack,64.5,11
2025-10-12,Iran,war_activity,92.6,15
2025-10-12,Iran,external_attack,89.4,15
2025-10-12,Iran,regional_spillover,86.6,15
2025-10-13,Iran,internal_violence,79.4,13
2025-10-13,Iran,repression,73.8,14
2025-10-13,Iran,domestic_attack,64.0,11
2025-10-13,Iran,war_activity,91.5,17
2025-10-13,Iran,external_attack,89.9,17
2025-10-13,Iran,regional_spillover,91.8,15
2025-10-14,Iran,internal_violence,85.1,15
2025-10-14,Iran,repression,74.0,13
2025-10-14,Iran,domestic_attack,64.1,11
2025-10-14,Iran,war_activity,90.4,14
2025-10-14,Iran,external_attack,88.6,14
2025-10-14,Iran,regional_spillover,91.3,14
2025-10-15,Iran,internal_violence,85.7,15
2025-10-15,Iran,repression,76.5,14
2025-10-15,Iran,domestic_attack,70.2,12
2025-10-15,Iran,war_activity,89.3,15
2025-10-15,Iran,external_attack,90.5,14
2025-10-15,Iran,regional_spillover,89.0,14
2025-10-16,Iran,internal_violence,84.4,14
2025-10-16,Iran,repression,72.7,12
2025-10-16,Iran,domestic_attack,68.4,12
2025-10-16,Iran,war_activity,89.6,16
2025-10-16,Iran,external_attack,92.2,15
2025-10-16,Iran,regional_spillover,89.0,16
2025-10-17,Iran,internal_violence,81.4,15
2025-10-17,Iran,repression,72.8,14
2025-10-17,Iran,domestic_attack,69.9,13
2025-10-17,Iran,war_activity,92.4,17
2025-10-17,Iran,external_attack,90.5,15
2025-10-17,Iran,regional_spillover,88.5,15
2025-10-18,Iran,internal_violence,83.9,13
2025-10-18,Iran,repression,72.8,12
2025-10-18,Iran,domestic_attack,66.8,13
2025-10-18,Iran,war_activity,87.7,15
2025-10-18,Iran,external_attack,88.4,14
2025-10-18,Iran,regional_spillover,87.7,14
2025-10-19,Iran,internal_violence,79.4,12
2025-10-19,Iran,repression,70.5,11
2025-10-19,Iran,domestic_attack,67.6,12
2025-10-19,Iran,war_activity,88.2,16
2025-10-19,Iran,external_attack,89.5,16
2025-10-19,Iran,regional_spillover,89.8,14
2025-10-20,Iran,internal_violence,81.7,12
2025-10-20,Iran,repression,71.7,12
2025-10-20,Iran,domestic_attack,67.1,10
2025-10-20,Iran,war_activity,92.7,16
2025-10-20,Iran,external_attack,89.2,15
2025-10-20,Iran,regional_spillover,88.6,16
2025-10-21,Iran,internal_violence,83.4,14
2025-10-21,Iran,repression,74.7,14
2025-10-21,Iran,domestic_attack,65.2,11
2025-10-21,Iran,war_activity,91.4,15
2025-10-21,Iran,external_attack,90.6,15
2025-10-21,Iran,regional_spillover,91.1,16
2025-10-22,Iran,internal_violence,85.4,16
2025-10-22,Iran,repression,75.4,12
2025-10-22,Iran,domestic_attack,66.7,10
2025-10-22,Iran,war_activity,91.7,14
2025-10-22,Iran,external_attack,93.0,15
2025-10-22,Iran,regional_spillover,87.9,15
2025-10-23,Iran,internal_violence,86.3,15
2025-10-23,Iran,repression,76.1,12
2025-10-23,Iran,domestic_attack,70.1,11
2025-10-23,Iran,war_activity,92.3,16
2025-10-23,Iran,external_attack,93.5,16
2025-10-23,Iran,regional_spillover,91.9,15
2025-10-24,Iran,internal_violence,82.1,15
2025-10-24,Iran,repression,75.9,14
2025-10-24,Iran,domestic_attack,69.8,11
2025-10-24,Iran,war_activity,89.1,16
2025-10-24,Iran,external_attack,91.1,17
2025-10-24,Iran,regional_spillover,90.8,17
2025-10-25,Iran,internal_violence,82.9,15
2025-10-25,Iran,repression,73.3,12
2025-10-25,Iran,domestic_attack,63.5,10
2025-10-25,Iran,war_activity,87.9,17
2025-10-25,Iran,external_attack,87.9,16
2025-10-25,Iran,regional_spillover,87.2,15
2025-10-26,Iran,internal_violence,80.3,14
2025-10-26,Iran,repression,69.8,11
2025-10-26,Iran,domestic_attack,64.4,12
2025-10-26,Iran,war_activity,87.7,15
2025-10-26,Iran,external_attack,91.8,16
2025-10-26,Iran,regional_spillover,91.3,16
2025-10-27,Iran,internal_violence,79.9,14
2025-10-27,Iran,repression,73.1,11
2025-10-27,Iran,domestic_attack,64.3,11
2025-10-27,Iran,war_activity,88.9,16
2025-10-27,Iran,external_attack,92.9,15
2025-10-27,Iran,regional_spillover,90.2,14
2025-10-28,Iran,internal_violence,81.9,14
2025-10-28,Iran,repression,76.5,12
2025-10-28,Iran,domestic_attack,66.0,11
2025-10-28,Iran,war_activity,91.8,16
2025-10-28,Iran,external_attack,88.3,14
2025-10-28,Iran,regional_spillover,88.4,15
2025-10-29,Iran,internal_violence,85.7,15
2025-10-29,Iran,repression,76.8,13
2025-10-29,Iran,domestic_attack,66.8,10
2025-10-29,Iran,war_activity,94.0,16
2025-10-29,Iran,external_attack,88.8,16
2025-10-29,Iran,regional_spillover,93.7,16
2025-10-30,Iran,internal_violence,83.8,16
2025-10-30,Iran,repression,73.9,13
2025-10-30,Iran,domestic_attack,67.6,13
2025-10-30,Iran,war_activity,91.7,15
2025-10-30,Iran,external_attack,90.1,14
2025-10-30,Iran,regional_spillover,89.8,14
2025-10-31,Iran,internal_violence,86.1,14
2025-10-31,Iran,repression,73.3,12
2025-10-31,Iran,domestic_attack,70.7,13
2025-10-31,Iran,war_activity,92.2,17
2025-10-31,Iran,external_attack,91.5,16
2025-10-31,Iran,regional_spillover,91.9,16
2025-11-01,Iran,internal_violence,84.6,16
2025-11-01,Iran,repression,75.5,11
2025-11-01,Iran,domestic_attack,68.5,11
2025-11-01,Iran,war_activity,88.6,14
2025-11-01,Iran,external_attack,92.9,17
2025-11-01,Iran,regional_spillover,88.7,17
2025-11-02,Iran,internal_violence,81.5,15
2025-11-02,Iran,repression,70.6,11
2025-11-02,Iran,domestic_attack,68.2,12
2025-11-02,Iran,war_activity,91.4,14
2025-11-02,Iran,external_attack,88.8,16
2025-11-02,Iran,regional_spillover,89.7,15
2025-11-03,Iran,internal_violence,82.2,15
2025-11-03,Iran,repression,71.2,13
2025-11-03,Iran,domestic_attack,67.2,13
2025-11-03,Iran,war_activity,92.6,14
2025-11-03,Iran,external_attack,89.8,15
2025-11-03,Iran,regional_spillover,90.5,16
2025-11-04,Iran,internal_violence,85.5,16
2025-11-04,Iran,repression,75.8,11
2025-11-04,Iran,domestic_attack,65.2,12
2025-11-04,Iran,war_activity,91.9,15
2025-11-04,Iran,external_attack,93.7,17
2025-11-04,Iran,regional_spillover,89.5,17
2025-11-05,Iran,internal_violence,84.2,13
2025-11-05,Iran,repression,77.6,12
2025-11-05,Iran,domestic_attack,67.1,11
2025-11-05,Iran,war_activity,92.8,17
2025-11-05,Iran,external_attack,89.6,16
2025-11-05,Iran,regional_spillover,93.2,15
2025-11-06,Iran,internal_violence,89.1,15
2025-11-06,Iran,repression,75.2,14
2025-11-06,Iran,domestic_attack,67.6,13
2025-11-06,Iran,war_activity,89.1,14
2025-11-06,Iran,external_attack,94.5,16
2025-11-06,Iran,regional_spillover,90.3,15
2025-11-07,Iran,internal_violence,84.6,15
2025-11-07,Iran,repression,76.3,14
2025-11-07,Iran,domestic_attack,71.2,11
2025-11-07,Iran,war_activity,88.8,16
2025-11-07,Iran,external_attack,91.4,17
2025-11-07,Iran,regional_spillover,88.9,14
2025-11-08,Iran,internal_violence,87.2,15
2025-11-08,Iran,repression,72.2,14
2025-11-08,Iran,domestic_attack,64.9,12
2025-11-08,Iran,war_activity,92.9,17
2025-11-08,Iran,external_attack,91.5,15
2025-11-08,Iran,regional_spillover,91.7,14
2025-11-09,Iran,internal_violence,82.2,15
2025-11-09,Iran,repression,72.6,13
2025-11-09,Iran,domestic_attack,67.0,11
2025-11-09,Iran,war_activity,93.4,16
2025-11-09,Iran,external_attack,89.9,16
2025-11-09,Iran,regional_spillover,91.9,15
2025-11-10,Iran,internal_violence,82.6,13
2025-11-10,Iran,repression,74.5,13
2025-11-10,Iran,domestic_attack,66.0,12
2025-11-10,Iran,war_activity,93.2,15
2025-11-10,Iran,external_attack,92.2,15
2025-11-10,Iran,regional_spillover,89.8,15
2025-11-11,Iran,internal_violence,84.4,15
2025-11-11,Iran,repression,75.1,12
2025-11-11,Iran,domestic_attack,67.8,12
2025-11-11,Iran,war_activity,91.3,16
2025-11-11,Iran,external_attack,93.9,15
2025-11-11,Iran,regional_spillover,90.9,17
2025-11-12,Iran,internal_violence,84.4,14
2025-11-12,Iran,repression,76.7,14
2025-11-12,Iran,domestic_attack,72.1,12
2025-11-12,Iran,war_activity,90.2,15
2025-11-12,Iran,external_attack,90.9,17
2025-11-12,Iran,regional_spillover,94.3,16
2025-11-13,Iran,internal_violence,88.8,15
2025-11-13,Iran,repression,78.9,14
2025-11-13,Iran,domestic_attack,69.2,11
2025-11-13,Iran,war_activity,93.0,16
2025-11-13,Iran,external_attack,90.5,15
2025-11-13,Iran,regional_spillover,90.2,16
2025-11-14,Iran,internal_violence,85.2,15
2025-11-14,Iran,repression,78.6,12
2025-11-14,Iran,domestic_attack,69.0,12
2025-11-14,Iran,war_activity,89.2,16
2025-11-14,Iran,external_attack,90.4,15
2025-11-14,Iran,regional_spillover,89.2,15
2025-11-15,Iran,internal_violence,82.5,13
2025-11-15,Iran,repression,76.7,12
2025-11-15,Iran,domestic_attack,69.9,12
2025-11-15,Iran,war_activity,92.5,14
2025-11-15,Iran,external_attack,92.8,16
2025-11-15,Iran,regional_spillover,88.6,16
2025-11-16,Iran,internal_violence,81.5,13
2025-11-16,Iran,repression,75.0,12
2025-11-16,Iran,domestic_attack,64.8,11
2025-11-16,Iran,war_activity,91.2,17
2025-11-16,Iran,external_attack,89.1,15
2025-11-16,Iran,regional_spillover,92.4,14
2025-11-17,Iran,internal_violence,85.5,15
2025-11-17,Iran,repression,72.6,14
2025-11-17,Iran,domestic_attack,66.1,10
2025-11-17,Iran,war_activity,88.4,16
2025-11-17,Iran,external_attack,90.3,14
2025-11-17,Iran,regional_spillover,91.4,15
2025-11-18,Iran,internal_violence,84.9,16
2025-11-18,Iran,repression,74.5,13
2025-11-18,Iran,domestic_attack,70.4,13
2025-11-18,Iran,war_activity,91.9,16
2025-11-18,Iran,external_attack,93.6,16
2025-11-18,Iran,regional_spillover,92.6,17
2025-11-19,Iran,internal_violence,87.9,16
2025-11-19,Iran,repression,74.4,14
2025-11-19,Iran,domestic_attack,70.8,12
2025-11-19,Iran,war_activity,93.5,16
2025-11-19,Iran,external_attack,93.7,15
2025-11-19,Iran,regional_spillover,91.6,15
2025-11-20,Iran,internal_violence,87.6,14
2025-11-20,Iran,repression,75.7,13
2025-11-20,Iran,domestic_attack,68.1,10
2025-11-20,Iran,war_activity,92.3,15
2025-11-20,Iran,external_attack,89.4,15
2025-11-20,Iran,regional_spillover,91.0,17
2025-11-21,Iran,internal_violence,84.8,15
2025-11-21,Iran,repression,77.7,13
2025-11-21,Iran,domestic_attack,68.4,11
2025-11-21,Iran,war_activity,94.1,17
2025-11-21,Iran,external_attack,89.2,16
2025-11-21,Iran,regional_spillover,90.1,17
2025-11-22,Iran,internal_violence,86.0,16
2025-11-22,Iran,repression,75.3,12
2025-11-22,Iran,domestic_attack,69.1,11
2025-11-22,Iran,war_activity,92.7,15
2025-11-22,Iran,external_attack,89.7,15
2025-11-22,Iran,regional_spillover,92.0,17
2025-11-23,Iran,internal_violence,81.6,15
2025-11-23,Iran,repression,72.2,12
2025-11-23,Iran,domestic_attack,67.3,10
2025-11-23,Iran,war_activity,92.6,16
2025-11-23,Iran,external_attack,91.0,14
2025-11-23,Iran,regional_spillover,88.4,16
2025-11-24,Iran,internal_violence,82.1,14
2025-11-24,Iran,repression,72.6,11
2025-11-24,Iran,domestic_attack,66.6,10
2025-11-24,Iran,war_activity,91.7,17
2025-11-24,Iran,external_attack,91.6,15
2025-11-24,Iran,regional_spillover,90.4,16
2025-11-25,Iran,internal_violence,84.7,16
2025-11-25,Iran,repression,72.2,12
2025-11-25,Iran,domestic_attack,70.6,12
2025-11-25,Iran,war_activity,91.5,15
2025-11-25,Iran,external_attack,93.9,15
2025-11-25,Iran,regional_spillover,92.7,15
2025-11-26,Iran,internal_violence,87.9,15
2025-11-26,Iran,repression,74.6,12
2025-11-26,Iran,domestic_attack,70.2,12
2025-11-26,Iran,war_activity,92.6,17
2025-11-26,Iran,external_attack,90.4,16
2025-11-26,Iran,regional_spillover,88.8,15
2025-11-27,Iran,internal_violence,84.5,14
2025-11-27,Iran,repression,78.6,14
2025-11-27,Iran,domestic_attack,70.1,11
2025-11-27,Iran,war_activity,92.9,16
2025-11-27,Iran,external_attack,90.7,15
2025-11-27,Iran,regional_spillover,89.2,14
2025-11-28,Iran,internal_violence,86.0,16
2025-11-28,Iran,repression,72.9,11
2025-11-28,Iran,domestic_attack,69.7,12
2025-11-28,Iran,war_activity,92.9,15
2025-11-28,Iran,external_attack,91.8,16
2025-11-28,Iran,regional_spillover,89.8,17
2025-11-29,Iran,internal_violence,82.1,14
2025-11-29,Iran,repression,73.1,12
2025-11-29,Iran,domestic_attack,69.0,11
2025-11-29,Iran,war_activity,88.8,15
2025-11-29,Iran,external_attack,90.1,15
2025-11-29,Iran,regional_spillover,87.1,14
2025-11-30,Iran,internal_violence,83.4,13
2025-11-30,Iran,repression,70.9,14
2025-11-30,Iran,domestic_attack,63.1,10
2025-11-30,Iran,war_activity,87.9,15
2025-11-30,Iran,external_attack,88.7,16
2025-11-30,Iran,regional_spillover,89.7,16
2025-12-01,Iran,internal_violence,81.9,15
2025-12-01,Iran,repression,75.1,14
2025-12-01,Iran,domestic_attack,65.1,10
2025-12-01,Iran,war_activity,90.9,17
2025-12-01,Iran,external_attack,91.1,14
2025-12-01,Iran,regional_spillover,88.4,15
2025-12-02,Iran,internal_violence,84.2,13
2025-12-02,Iran,repression,73.4,11
2025-12-02,Iran,domestic_attack,69.5,12
2025-12-02,Iran,war_activity,93.0,16
2025-12-02,Iran,external_attack,88.5,15
2025-12-02,Iran,regional_spillover,89.5,14
2025-12-03,Iran,internal_violence,82.1,13
2025-12-03,Iran,repression,74.7,12
2025-12-03,Iran,domestic_attack,68.0,12
2025-12-03,Iran,war_activity,88.8,15
2025-12-03,Iran,external_attack,91.7,14
2025-12-03,Iran,regional_spillover,92.5,14
2025-12-04,Iran,internal_violence,86.2,14
2025-12-04,Iran,repression,76.5,12
2025-12-04,Iran,domestic_attack,68.8,11
2025-12-04,Iran,war_activity,90.8,16
2025-12-04,Iran,external_attack,92.1,15
2025-12-04,Iran,regional_spillover,90.0,16
2025-12-05,Iran,internal_violence,82.3,13
2025-12-05,Iran,repression,72.5,12
2025-12-05,Iran,domestic_attack,68.4,13
2025-12-05,Iran,war_activity,92.2,14
2025-12-05,Iran,external_attack,92.9,17
2025-12-05,Iran,regional_spillover,90.5,17
2025-12-06,Iran,internal_violence,83.4,14
2025-12-06,Iran,repression,72.6,13
2025-12-06,Iran,domestic_attack,64.1,10
2025-12-06,Iran,war_activity,88.8,15
2025-12-06,Iran,external_attack,88.4,16
2025-12-06,Iran,regional_spillover,89.5,17
2025-12-07,Iran,internal_violence,80.7,14
2025-12-07,Iran,repression,72.3,11
2025-12-07,Iran,domestic_attack,65.4,12
2025-12-07,Iran,war_activity,88.2,15
2025-12-07,Iran,external_attack,92.4,17
2025-12-07,Iran,regional_spillover,89.5,14
2025-12-08,Iran,internal_violence,78.7,14
2025-12-08,Iran,repression,72.5,13
2025-12-08,Iran,domestic_attack,66.6,13
2025-12-08,Iran,war_activity,88.7,14
2025-12-08,Iran,external_attack,88.8,16
2025-12-08,Iran,regional_spillover,87.6,14
2025-12-09,Iran,internal_violence,80.6,14
2025-12-09,Iran,repression,71.2,12
2025-12-09,Iran,domestic_attack,65.7,12
2025-12-09,Iran,war_activity,88.0,14
2025-12-09,Iran,external_attack,89.4,16
2025-12-09,Iran,regional_spillover,89.3,15
2025-12-10,Iran,internal_violence,84.1,15
2025-12-10,Iran,repression,75.1,12
2025-12-10,Iran,domestic_attack,65.5,11
2025-12-10,Iran,war_activity,90.4,14
2025-12-10,Iran,external_attack,89.1,15
2025-12-10,Iran,regional_spillover,89.8,16
2025-12-11,Iran,internal_violence,83.9,14
2025-12-11,Iran,repression,72.0,14
2025-12-11,Iran,domestic_attack,69.5,12
2025-12-11,Iran,war_activity,88.1,16
2025-12-11,Iran,external_attack,88.1,15
2025-12-11,Iran,regional_spillover,89.9,17
2025-12-12,Iran,internal_violence,82.7,13
2025-12-12,Iran,repression,71.7,13
2025-12-12,Iran,domestic_attack,65.2,12
2025-12-12,Iran,war_activity,90.8,17
2025-12-12,Iran,external_attack,89.7,16
2025-12-12,Iran,regional_spillover,88.8,15
2025-12-13,Iran,internal_violence,80.3,13
2025-12-13,Iran,repression,71.6,13
2025-12-13,Iran,domestic_attack,64.1,10
2025-12-13,Iran,war_activity,91.6,15
2025-12-13,Iran,external_attack,91.8,14
2025-12-13,Iran,regional_spillover,88.9,15
2025-12-14,Iran,internal_violence,81.0,14
2025-12-14,Iran,repression,72.2,12
2025-12-14,Iran,domestic_attack,65.7,10
2025-12-14,Iran,war_activity,90.3,14
2025-12-14,Iran,external_attack,88.3,14
2025-12-14,Iran,regional_spillover,88.2,17
2025-12-15,Iran,internal_violence,77.2,12
2025-12-15,Iran,repression,73.3,12
2025-12-15,Iran,domestic_attack,65.2,11
2025-12-15,Iran,war_activity,88.0,14
2025-12-15,Iran,external_attack,91.2,14
2025-12-15,Iran,regional_spillover,86.8,16
2025-12-16,Iran,internal_violence,83.5,15
2025-12-16,Iran,repression,74.1,13
2025-12-16,Iran,domestic_attack,63.7,10
2025-12-16,Iran,war_activity,90.4,15
2025-12-16,Iran,external_attack,90.2,15
2025-12-16,Iran,regional_spillover,86.1,15
2025-12-17,Iran,internal_violence,82.9,14
2025-12-17,Iran,repression,70.3,11
2025-12-17,Iran,domestic_attack,67.8,11
2025-12-17,Iran,war_activity,89.0,14
2025-12-17,Iran,external_attack,90.8,14
2025-12-17,Iran,regional_spillover,90.9,16
2025-12-18,Iran,internal_violence,85.8,16
2025-12-18,Iran,repression,74.9,14
2025-12-18,Iran,domestic_attack,64.7,11
2025-12-18,Iran,war_activity,89.6,15
2025-12-18,Iran,external_attack,92.0,16
2025-12-18,Iran,regional_spillover,90.8,16
2025-12-19,Iran,internal_violence,81.0,15
2025-12-19,Iran,repression,71.6,11
2025-12-19,Iran,domestic_attack,63.9,10
2025-12-19,Iran,war_activity,90.7,14
2025-12-19,Iran,external_attack,91.8,16
2025-12-19,Iran,regional_spillover,91.8,14
2025-12-20,Iran,internal_violence,80.8,14
2025-12-20,Iran,repression,72.9,12
2025-12-20,Iran,domestic_attack,63.1,10
2025-12-20,Iran,war_activity,90.6,14
2025-12-20,Iran,external_attack,87.3,16
2025-12-20,Iran,regional_spillover,87.4,16
2025-12-21,Iran,internal_violence,81.5,15
2025-12-21,Iran,repression,70.8,12
2025-12-21,Iran,domestic_attack,64.9,12
2025-12-21,Iran,war_activity,87.7,15
2025-12-21,Iran,external_attack,91.6,15
2025-12-21,Iran,regional_spillover,87.4,15
2025-12-22,Iran,internal_violence,78.0,13
2025-12-22,Iran,repression,72.1,12
2025-12-22,Iran,domestic_attack,62.6,12
2025-12-22,Iran,war_activity,86.8,15
2025-12-22,Iran,external_attack,90.6,15
2025-12-22,Iran,regional_spillover,90.5,15
2025-12-23,Iran,internal_violence,79.1,15
2025-12-23,Iran,repression,71.9,13
2025-12-23,Iran,domestic_attack,63.3,10
2025-12-23,Iran,war_activity,90.1,15
2025-12-23,Iran,external_attack,89.9,16
2025-12-23,Iran,regional_spillover,90.6,15
2025-12-24,Iran,internal_violence,82.4,13
2025-12-24,Iran,repression,75.4,12
2025-12-24,Iran,domestic_attack,68.2,12
2025-12-24,Iran,war_activity,88.8,14
2025-12-24,Iran,external_attack,90.8,15
2025-12-24,Iran,regional_spillover,90.4,15
2025-12-25,Iran,internal_violence,85.0,13
2025-12-25,Iran,repression,73.7,14
2025-12-25,Iran,domestic_attack,64.6,12
2025-12-25,Iran,war_activity,88.6,15
2025-12-25,Iran,external_attack,89.1,16
2025-12-25,Iran,regional_spillover,91.8,16
2025-12-26,Iran,internal_violence,80.5,14
2025-12-26,Iran,repression,76.1,12
2025-12-26,Iran,domestic_attack,66.6,13
2025-12-26,Iran,war_activity,91.6,16
2025-12-26,Iran,external_attack,88.2,16
2025-12-26,Iran,regional_spillover,89.4,17
2025-12-27,Iran,internal_violence,79.0,13
2025-12-27,Iran,repression,70.9,12
2025-12-27,Iran,domestic_attack,67.6,12
2025-12-27,Iran,war_activity,91.1,15
2025-12-27,Iran,external_attack,92.9,17
2025-12-27,Iran,regional_spillover,90.0,14
2025-12-28,Iran,internal_violence,83.6,14
2025-12-28,Iran,repression,71.2,13
2025-12-28,Iran,domestic_attack,65.2,12
2025-12-28,Iran,war_activity,89.6,16
2025-12-28,Iran,external_attack,87.2,13
2025-12-28,Iran,regional_spillover,90.3,15
2025-12-29,Iran,internal_violence,82.0,13
2025-12-29,Iran,repression,72.6,11
2025-12-29,Iran,domestic_attack,65.2,11
2025-12-29,Iran,war_activity,87.4,15
2025-12-29,Iran,external_attack,90.6,16
2025-12-29,Iran,regional_spillover,87.8,16
2025-12-30,Iran,internal_violence,83.4,14
2025-12-30,Iran,repression,76.6,14
2025-12-30,Iran,domestic_attack,66.3,12
2025-12-30,Iran,war_activity,88.5,15
2025-12-30,Iran,external_attack,89.4,15
2025-12-30,Iran,regional_spillover,88.4,16
2025-12-31,Iran,internal_violence,86.6,15
2025-12-31,Iran,repression,74.3,13
2025-12-31,Iran,domestic_attack,69.5,13
2025-12-31,Iran,war_activity,91.3,15
2025-12-31,Iran,external_attack,92.4,17
2025-12-31,Iran,regional_spillover,90.0,15
2026-01-01,Iran,internal_violence,85.6,16
2026-01-01,Iran,repression,74.7,12
2026-01-01,Iran,domestic_attack,71.0,13
2026-01-01,Iran,war_activity,93.8,17
2026-01-01,Iran,external_attack,90.9,17
2026-01-01,Iran,regional_spillover,90.4,14
2026-01-02,Iran,internal_violence,83.0,15
2026-01-02,Iran,repression,74.5,12
2026-01-02,Iran,domestic_attack,70.7,13
2026-01-02,Iran,war_activity,89.6,15
2026-01-02,Iran,external_attack,93.8,17
2026-01-02,Iran,regional_spillover,88.4,14
2026-01-03,Iran,internal_violence,83.7,14
2026-01-03,Iran,repression,76.2,14
2026-01-03,Iran,domestic_attack,66.7,13
2026-01-03,Iran,war_activity,92.9,16
2026-01-03,Iran,external_attack,89.2,14
2026-01-03,Iran,regional_spillover,92.7,16
2026-01-04,Iran,internal_violence,86.4,14
2026-01-04,Iran,repression,73.1,11
2026-01-04,Iran,domestic_attack,69.1,12
2026-01-04,Iran,war_activity,89.4,14
2026-01-04,Iran,external_attack,90.6,15
2026-01-04,Iran,regional_spillover,90.2,15
2026-01-05,Iran,internal_violence,84.1,13
2026-01-05,Iran,repression,76.0,13
2026-01-05,Iran,domestic_attack,67.0,11
2026-01-05,Iran,war_activity,92.8,15
2026-01-05,Iran,external_attack,89.0,16
2026-01-05,Iran,regional_spillover,90.7,15
2026-01-06,Iran,internal_violence,88.4,14
2026-01-06,Iran,repression,74.7,13
2026-01-06,Iran,domestic_attack,72.1,14
2026-01-06,Iran,war_activity,89.8,16
2026-01-06,Iran,external_attack,91.2,17
2026-01-06,Iran,regional_spillover,90.2,15
2026-01-07,Iran,internal_violence,91.5,16
2026-01-07,Iran,repression,77.2,12
2026-01-07,Iran,domestic_attack,69.0,13
2026-01-07,Iran,war_activity,94.1,17
2026-01-07,Iran,external_attack,90.9,15
2026-01-07,Iran,regional_spillover,92.9,16
2026-01-08,Iran,internal_violence,90.9,16
2026-01-08,Iran,repression,81.2,15
2026-01-08,Iran,domestic_attack,73.1,13
2026-01-08,Iran,war_activity,95.3,18
2026-01-08,Iran,external_attack,91.3,15
2026-01-08,Iran,regional_spillover,94.8,16
2026-01-09,Iran,internal_violence,92.3,17
2026-01-09,Iran,repression,79.5,12
2026-01-09,Iran,domestic_attack,75.0,12
2026-01-09,Iran,war_activity,92.8,17
2026-01-09,Iran,external_attack,95.7,18
2026-01-09,Iran,regional_spillover,94.2,17
2026-01-10,Iran,internal_violence,91.8,17
2026-01-10,Iran,repression,80.0,14
2026-01-10,Iran,domestic_attack,70.4,11
2026-01-10,Iran,war_activity,94.4,17
2026-01-10,Iran,external_attack,95.3,18
2026-01-10,Iran,regional_spillover,90.7,16
2026-01-11,Iran,internal_violence,86.8,15
2026-01-11,Iran,repression,76.8,13
2026-01-11,Iran,domestic_attack,70.8,12
2026-01-11,Iran,war_activity,92.8,17
2026-01-11,Iran,external_attack,91.1,17
2026-01-11,Iran,regional_spillover,91.8,14
2026-01-12,Iran,internal_violence,88.8,14
2026-01-12,Iran,repression,81.2,14
2026-01-12,Iran,domestic_attack,74.1,12
2026-01-12,Iran,war_activity,93.4,17
2026-01-12,Iran,external_attack,94.6,17
2026-01-12,Iran,regional_spillover,96.5,17
2026-01-13,Iran,internal_violence,93.2,16
2026-01-13,Iran,repression,81.4,15
2026-01-13,Iran,domestic_attack,72.0,12
2026-01-13,Iran,war_activity,95.2,15
2026-01-13,Iran,external_attack,93.6,15
2026-01-13,Iran,regional_spillover,92.4,14
2026-01-14,Iran,internal_violence,91.9,15
2026-01-14,Iran,repression,84.7,15
2026-01-14,Iran,domestic_attack,72.8,12
2026-01-14,Iran,war_activity,92.3,15
2026-01-14,Iran,external_attack,93.0,14
2026-01-14,Iran,regional_spillover,96.0,15
2026-01-15,Iran,internal_violence,91.8,15
2026-01-15,Iran,repression,82.6,13
2026-01-15,Iran,domestic_attack,72.0,11
2026-01-15,Iran,war_activity,95.3,17
2026-01-15,Iran,external_attack,92.4,14
2026-01-15,Iran,regional_spillover,96.2,17
2026-01-16,Iran,internal_violence,95.0,17
2026-01-16,Iran,repression,82.5,15
2026-01-16,Iran,domestic_attack,75.9,13
2026-01-16,Iran,war_activity,96.3,16
2026-01-16,Iran,external_attack,95.6,16
2026-01-16,Iran,regional_spillover,95.8,17
2026-01-17,Iran,internal_violence,90.8,16
2026-01-17,Iran,repression,82.2,15
2026-01-17,Iran,domestic_attack,72.0,13
2026-01-17,Iran,war_activity,91.2,16
2026-01-17,Iran,external_attack,92.7,15
2026-01-17,Iran,regional_spillover,97.5,18
2026-01-18,Iran,internal_violence,94.6,16
2026-01-18,Iran,repression,82.4,14
2026-01-18,Iran,domestic_attack,72.0,11
2026-01-18,Iran,war_activity,91.2,16
2026-01-18,Iran,external_attack,95.0,16
2026-01-18,Iran,regional_spillover,94.8,17
2026-01-19,Iran,internal_violence,91.0,14
2026-01-19,Iran,repression,81.6,12
2026-01-19,Iran,domestic_attack,74.4,13
2026-01-19,Iran,war_activity,91.8,16
2026-01-19,Iran,external_attack,95.8,16
2026-01-19,Iran,regional_spillover,95.9,18
2026-01-20,Iran,internal_violence,90.7,15
2026-01-20,Iran,repression,82.3,13
2026-01-20,Iran,domestic_attack,73.5,13
2026-01-20,Iran,war_activity,92.6,16
2026-01-20,Iran,external_attack,93.2,15
2026-01-20,Iran,regional_spillover,94.0,17
2026-01-21,Iran,internal_violence,95.4,15
2026-01-21,Iran,repression,79.6,14
2026-01-21,Iran,domestic_attack,72.3,12
2026-01-21,Iran,war_activity,94.4,15
2026-01-21,Iran,external_attack,94.8,17
2026-01-21,Iran,regional_spillover,94.3,17
2026-01-22,Iran,internal_violence,95.3,16
2026-01-22,Iran,repression,81.8,13
2026-01-22,Iran,domestic_attack,73.7,11
2026-01-22,Iran,war_activity,92.5,16
2026-01-22,Iran,external_attack,92.6,15
2026-01-22,Iran,regional_spillover,93.8,16
2026-01-23,Iran,internal_violence,91.9,16
2026-01-23,Iran,repression,83.7,13
2026-01-23,Iran,domestic_attack,75.0,13
2026-01-23,Iran,war_activity,93.6,15
2026-01-23,Iran,external_attack,93.7,16
2026-01-23,Iran,regional_spillover,92.8,16
2026-01-24,Iran,internal_violence,90.5,15
2026-01-24,Iran,repression,81.2,15
2026-01-24,Iran,domestic_attack,75.1,14
2026-01-24,Iran,war_activity,93.0,16
2026-01-24,Iran,external_attack,92.9,15
2026-01-24,Iran,regional_spillover,92.9,15
2026-01-25,Iran,internal_violence,94.4,16
2026-01-25,Iran,repression,80.8,14
2026-01-25,Iran,domestic_attack,76.9,12
2026-01-25,Iran,war_activity,93.1,15
2026-01-25,Iran,external_attack,91.0,15
2026-01-25,Iran,regional_spillover,96.1,16
2026-01-26,Iran,internal_violence,91.8,17
2026-01-26,Iran,repression,79.6,12
2026-01-26,Iran,domestic_attack,77.2,12
2026-01-26,Iran,war_activity,93.0,14
2026-01-26,Iran,external_attack,94.2,15
2026-01-26,Iran,regional_spillover,95.4,17
2026-01-27,Iran,internal_violence,93.9,15
2026-01-27,Iran,repression,79.9,12
2026-01-27,Iran,domestic_attack,72.3,11
2026-01-27,Iran,war_activity,96.2,16
2026-01-27,Iran,external_attack,91.7,15
2026-01-27,Iran,regional_spillover,92.5,17
2026-01-28,Iran,internal_violence,95.1,18
2026-01-28,Iran,repression,81.3,14
2026-01-28,Iran,domestic_attack,75.5,13
2026-01-28,Iran,war_activity,95.5,15
2026-01-28,Iran,external_attack,92.6,14
2026-01-28,Iran,regional_spillover,97.7,16
2026-01-29,Iran,internal_violence,93.2,17
2026-01-29,Iran,repression,83.4,16
2026-01-29,Iran,domestic_attack,73.5,13
2026-01-29,Iran,war_activity,95.7,15
2026-01-29,Iran,external_attack,93.7,15
2026-01-29,Iran,regional_spillover,96.5,17
2026-01-30,Iran,internal_violence,93.8,17
2026-01-30,Iran,repression,84.4,14
2026-01-30,Iran,domestic_attack,77.1,14
2026-01-30,Iran,war_activity,92.0,15
2026-01-30,Iran,external_attack,95.0,17
2026-01-30,Iran,regional_spillover,95.4,18
2026-01-31,Iran,internal_violence,93.2,15
2026-01-31,Iran,repression,80.0,15
2026-01-31,Iran,domestic_attack,72.5,12
2026-01-31,Iran,war_activity,95.8,17
2026-01-31,Iran,external_attack,93.7,15
2026-01-31,Iran,regional_spillover,93.5,16
2026-02-01,Iran,internal_violence,91.3,16
2026-02-01,Iran,repression,84.5,15
2026-02-01,Iran,domestic_attack,72.3,12
2026-02-01,Iran,war_activity,93.5,17
2026-02-01,Iran,external_attack,95.6,16
2026-02-01,Iran,regional_spillover,93.5,17
2026-02-02,Iran,internal_violence,94.3,15
2026-02-02,Iran,repression,81.9,15
2026-02-02,Iran,domestic_attack,76.6,15
2026-02-02,Iran,war_activity,93.2,17
2026-02-02,Iran,external_attack,95.6,16
2026-02-02,Iran,regional_spillover,95.7,16
2026-02-03,Iran,internal_violence,91.5,17
2026-02-03,Iran,repression,81.2,14
2026-02-03,Iran,domestic_attack,75.3,12
2026-02-03,Iran,war_activity,92.9,17
2026-02-03,Iran,external_attack,92.7,15
2026-02-03,Iran,regional_spillover,96.4,15
2026-02-04,Iran,internal_violence,93.4,17
2026-02-04,Iran,repression,84.4,15
2026-02-04,Iran,domestic_attack,74.6,12
2026-02-04,Iran,war_activity,95.7,17
2026-02-04,Iran,external_attack,91.3,17
2026-02-04,Iran,regional_spillover,96.3,15
2026-02-05,Iran,internal_violence,94.8,17
2026-02-05,Iran,repression,80.3,13
2026-02-05,Iran,domestic_attack,72.7,11
2026-02-05,Iran,war_activity,93.9,17
2026-02-05,Iran,external_attack,92.4,17
2026-02-05,Iran,regional_spillover,95.3,15
2026-02-06,Iran,internal_violence,93.8,15
2026-02-06,Iran,repression,84.2,14
2026-02-06,Iran,domestic_attack,75.9,14
2026-02-06,Iran,war_activity,96.4,17
2026-02-06,Iran,external_attack,94.5,16
2026-02-06,Iran,regional_spillover,93.5,16
2026-02-07,Iran,internal_violence,92.0,14
2026-02-07,Iran,repression,80.6,14
2026-02-07,Iran,domestic_attack,75.5,12
2026-02-07,Iran,war_activity,92.9,17
2026-02-07,Iran,external_attack,92.3,16
2026-02-07,Iran,regional_spillover,94.9,15
2026-02-08,Iran,internal_violence,93.0,17
2026-02-08,Iran,repression,81.1,15
2026-02-08,Iran,domestic_attack,77.1,15
2026-02-08,Iran,war_activity,92.2,17
2026-02-08,Iran,external_attack,92.0,16
2026-02-08,Iran,regional_spillover,94.0,15
2026-02-09,Iran,internal_violence,93.3,16
2026-02-09,Iran,repression,82.2,14
2026-02-09,Iran,domestic_attack,75.7,13
2026-02-09,Iran,war_activity,92.5,15
2026-02-09,Iran,external_attack,94.3,16
2026-02-09,Iran,regional_spillover,92.7,17
2026-02-10,Iran,internal_violence,95.6,15
2026-02-10,Iran,repression,84.9,15
2026-02-10,Iran,domestic_attack,76.1,13
2026-02-10,Iran,war_activity,96.4,16
2026-02-10,Iran,external_attack,96.0,17
2026-02-10,Iran,regional_spillover,95.8,17
2026-02-11,Iran,internal_violence,94.3,15
2026-02-11,Iran,repression,80.0,13
2026-02-11,Iran,domestic_attack,71.9,12
2026-02-11,Iran,war_activity,96.4,18
2026-02-11,Iran,external_attack,91.4,14
2026-02-11,Iran,regional_spillover,92.7,15
2026-02-12,Iran,internal_violence,90.8,14
2026-02-12,Iran,repression,84.2,16
2026-02-12,Iran,domestic_attack,76.5,12
2026-02-12,Iran,war_activity,93.1,17
2026-02-12,Iran,external_attack,93.1,17
2026-02-12,Iran,regional_spillover,96.8,17
2026-02-13,Iran,internal_violence,94.4,16
2026-02-13,Iran,repression,83.3,14
2026-02-13,Iran,domestic_attack,74.0,12
2026-02-13,Iran,war_activity,96.5,18
2026-02-13,Iran,external_attack,91.9,16
2026-02-13,Iran,regional_spillover,93.1,16
2026-02-14,Iran,internal_violence,92.8,16
2026-02-14,Iran,repression,83.6,14
2026-02-14,Iran,domestic_attack,73.2,11
2026-02-14,Iran,war_activity,91.4,16
2026-02-14,Iran,external_attack,96.0,17
2026-02-14,Iran,regional_spillover,93.5,16
2026-02-15,Iran,internal_violence,92.7,17
2026-02-15,Iran,repression,84.6,14
2026-02-15,Iran,domestic_attack,77.1,14
2026-02-15,Iran,war_activity,96.1,15
2026-02-15,Iran,external_attack,94.4,15
2026-02-15,Iran,regional_spillover,95.2,16
2026-02-16,Iran,internal_violence,93.8,16
2026-02-16,Iran,repression,81.4,14
2026-02-16,Iran,domestic_attack,73.0,13
2026-02-16,Iran,war_activity,92.5,16
2026-02-16,Iran,external_attack,94.9,17
2026-02-16,Iran,regional_spillover,96.8,18
2026-02-17,Iran,internal_violence,90.7,16
2026-02-17,Iran,repression,83.8,15
2026-02-17,Iran,domestic_attack,76.8,13
2026-02-17,Iran,war_activity,92.4,16
2026-02-17,Iran,external_attack,92.1,16
2026-02-17,Iran,regional_spillover,94.4,17
2026-02-18,Iran,internal_violence,93.8,17
2026-02-18,Iran,repression,84.4,15
2026-02-18,Iran,domestic_attack,73.6,12
2026-02-18,Iran,war_activity,92.2,17
2026-02-18,Iran,external_attack,93.7,17
2026-02-18,Iran,regional_spillover,96.5,17
2026-02-19,Iran,internal_violence,91.2,16
2026-02-19,Iran,repression,81.8,15
2026-02-19,Iran,domestic_attack,74.2,13
2026-02-19,Iran,war_activity,91.6,16
2026-02-19,Iran,external_attack,91.6,17
2026-02-19,Iran,regional_spillover,96.5,17
2026-02-20,Iran,internal_violence,94.8,15
2026-02-20,Iran,repression,82.8,14
2026-02-20,Iran,domestic_attack,74.8,13
2026-02-20,Iran,war_activity,96.1,17
2026-02-20,Iran,external_attack,96.3,15
2026-02-20,Iran,regional_spillover,93.0,16
2026-02-21,Iran,internal_violence,94.0,17
2026-02-21,Iran,repression,79.6,15
2026-02-21,Iran,domestic_attack,74.1,12
2026-02-21,Iran,war_activity,93.7,17
2026-02-21,Iran,external_attack,95.3,17
2026-02-21,Iran,regional_spillover,94.6,15
2026-02-22,Iran,internal_violence,90.5,15
2026-02-22,Iran,repression,84.3,14
2026-02-22,Iran,domestic_attack,75.1,13
2026-02-22,Iran,war_activity,91.3,14
2026-02-22,Iran,external_attack,95.5,16
2026-02-22,Iran,regional_spillover,93.2,16
2026-02-23,Iran,internal_violence,94.6,17
2026-02-23,Iran,repression,83.9,14
2026-02-23,Iran,domestic_attack,75.0,14
2026-02-23,Iran,war_activity,94.1,15
2026-02-23,Iran,external_attack,91.5,17
2026-02-23,Iran,regional_spillover,94.8,15
2026-02-24,Iran,internal_violence,92.5,16
2026-02-24,Iran,repression,80.9,15
2026-02-24,Iran,domestic_attack,75.6,13
2026-02-24,Iran,war_activity,94.2,16
2026-02-24,Iran,external_attack,91.8,15
2026-02-24,Iran,regional_spillover,95.1,16
2026-02-25,Iran,internal_violence,95.4,18
2026-02-25,Iran,repression,83.2,13
2026-02-25,Iran,domestic_attack,77.1,12
2026-02-25,Iran,war_activity,94.3,15
2026-02-25,Iran,external_attack,94.0,18
2026-02-25,Iran,regional_spillover,93.0,14
2026-02-26,Iran,internal_violence,93.7,16
2026-02-26,Iran,repression,84.8,16
2026-02-26,Iran,domestic_attack,75.1,11
2026-02-26,Iran,war_activity,92.3,14
2026-02-26,Iran,external_attack,95.3,16
2026-02-26,Iran,regional_spillover,97.7,17
2026-02-27,Iran,internal_violence,93.7,18
2026-02-27,Iran,repression,80.4,15
2026-02-27,Iran,domestic_attack,76.6,13
2026-02-27,Iran,war_activity,95.6,15
2026-02-27,Iran,external_attack,96.4,16
2026-02-27,Iran,regional_spillover,96.1,16
2026-02-28,Iran,internal_violence,94.5,16
2026-02-28,Iran,repression,80.6,13
2026-02-28,Iran,domestic_attack,73.0,11
2026-02-28,Iran,war_activity,96.3,16
2026-02-28,Iran,external_attack,92.5,17
2026-02-28,Iran,regional_spillover,97.9,16
2026-03-01,Iran,internal_violence,92.8,17
2026-03-01,Iran,repression,84.6,15
2026-03-01,Iran,domestic_attack,76.7,14
2026-03-01,Iran,war_activity,92.9,15
2026-03-01,Iran,external_attack,94.7,16
2026-03-01,Iran,regional_spillover,93.2,17
2026-03-02,Iran,internal_violence,91.7,14
2026-03-02,Iran,repression,81.0,14
2026-03-02,Iran,domestic_attack,73.5,12
2026-03-02,Iran,war_activity,93.4,17
2026-03-02,Iran,external_attack,91.5,17
2026-03-02,Iran,regional_spillover,94.0,15
2026-03-03,Iran,internal_violence,94.3,17
2026-03-03,Iran,repression,80.2,14
2026-03-03,Iran,domestic_attack,72.2,14
2026-03-03,Iran,war_activity,95.4,16
2026-03-03,Iran,external_attack,91.5,14
2026-03-03,Iran,regional_spillover,93.5,15
2026-03-04,Iran,internal_violence,92.3,15
2026-03-04,Iran,repression,82.6,13
2026-03-04,Iran,domestic_attack,75.3,14
2026-03-04,Iran,war_activity,95.9,16
2026-03-04,Iran,external_attack,92.9,16
2026-03-04,Iran,regional_spillover,95.9,16
2026-03-05,Iran,internal_violence,93.2,15
2026-03-05,Iran,repression,84.4,16
2026-03-05,Iran,domestic_attack,74.5,13
2026-03-05,Iran,war_activity,93.1,16
2026-03-05,Iran,external_attack,95.3,16
2026-03-05,Iran,regional_spillover,97.6,18
2026-03-06,Iran,internal_violence,91.1,16
2026-03-06,Iran,repression,81.2,15
2026-03-06,Iran,domestic_attack,76.8,15
2026-03-06,Iran,war_activity,94.0,16
2026-03-06,Iran,external_attack,92.0,14
2026-03-06,Iran,regional_spillover,96.5,15
2026-03-07,Iran,internal_violence,89.8,16
2026-03-07,Iran,repression,80.6,12
2026-03-07,Iran,domestic_attack,74.1,14
2026-03-07,Iran,war_activity,91.6,16
2026-03-07,Iran,external_attack,91.3,15
2026-03-07,Iran,regional_spillover,93.4,16
2026-03-08,Iran,internal_violence,92.4,16
2026-03-08,Iran,repression,79.2,14
2026-03-08,Iran,domestic_attack,70.4,12
2026-03-08,Iran,war_activity,95.5,16
2026-03-08,Iran,external_attack,95.2,16
2026-03-08,Iran,regional_spillover,96.2,18
2026-03-09,Iran,internal_violence,88.7,14
2026-03-09,Iran,repression,80.0,15
2026-03-09,Iran,domestic_attack,69.1,11
2026-03-09,Iran,war_activity,92.9,15
2026-03-09,Iran,external_attack,91.7,16
2026-03-09,Iran,regional_spillover,93.8,17
2026-03-10,Iran,internal_violence,87.9,16
2026-03-10,Iran,repression,81.7,15
2026-03-10,Iran,domestic_attack,72.4,11
2026-03-10,Iran,war_activity,92.1,15
2026-03-10,Iran,external_attack,95.0,17
2026-03-10,Iran,regional_spillover,95.2,17
2026-03-11,Iran,internal_violence,90.4,16
2026-03-11,Iran,repression,78.2,13
2026-03-11,Iran,domestic_attack,75.1,13
2026-03-11,Iran,war_activity,90.5,17
2026-03-11,Iran,external_attack,91.1,16
2026-03-11,Iran,regional_spillover,96.7,15
2026-03-12,Iran,internal_violence,91.5,15
2026-03-12,Iran,repression,80.3,14
2026-03-12,Iran,domestic_attack,70.5,11
2026-03-12,Iran,war_activity,93.7,15
2026-03-12,Iran,external_attack,90.7,17
2026-03-12,Iran,regional_spillover,96.3,16
2026-03-13,Iran,internal_violence,88.1,16
2026-03-13,Iran,repression,76.4,12
2026-03-13,Iran,domestic_attack,68.2,12
2026-03-13,Iran,war_activity,93.9,16
2026-03-13,Iran,external_attack,94.0,15
2026-03-13,Iran,regional_spillover,93.9,15
2026-03-14,Iran,internal_violence,83.7,15
2026-03-14,Iran,repression,74.0,13
2026-03-14,Iran,domestic_attack,67.0,13
2026-03-14,Iran,war_activity,89.8,15
2026-03-14,Iran,external_attack,88.9,16
2026-03-14,Iran,regional_spillover,89.7,16
2026-03-15,Iran,internal_violence,83.5,15
2026-03-15,Iran,repression,75.3,14
2026-03-15,Iran,domestic_attack,66.9,12
2026-03-15,Iran,war_activity,93.6,16
2026-03-15,Iran,external_attack,92.6,16
2026-03-15,Iran,regional_spillover,89.6,15
2026-03-16,Iran,internal_violence,84.2,16
2026-03-16,Iran,repression,76.2,14
2026-03-16,Iran,domestic_attack,67.9,12
2026-03-16,Iran,war_activity,93.6,15
2026-03-16,Iran,external_attack,89.8,15
2026-03-16,Iran,regional_spillover,91.7,15
2026-03-17,Iran,internal_violence,87.0,14
2026-03-17,Iran,repression,74.1,14
2026-03-17,Iran,domestic_attack,66.6,12
2026-03-17,Iran,war_activity,93.7,18
2026-03-17,Iran,external_attack,88.9,17
2026-03-17,Iran,regional_spillover,89.6,16
2026-03-18,Iran,internal_violence,88.1,14
2026-03-18,Iran,repression,76.7,13
2026-03-18,Iran,domestic_attack,70.0,11
2026-03-18,Iran,war_activity,93.6,16
2026-03-18,Iran,external_attack,92.4,16
2026-03-18,Iran,regional_spillover,91.7,15
2026-03-19,Iran,internal_violence,85.0,16
2026-03-19,Iran,repression,76.3,14
2026-03-19,Iran,domestic_attack,71.0,11
2026-03-19,Iran,war_activity,89.6,16
2026-03-19,Iran,external_attack,93.5,15
2026-03-19,Iran,regional_spillover,90.1,16
2026-03-20,Iran,internal_violence,81.5,13
2026-03-20,Iran,repression,75.7,11
2026-03-20,Iran,domestic_attack,69.9,13
2026-03-20,Iran,war_activity,91.3,17
2026-03-20,Iran,external_attack,90.9,17
2026-03-20,Iran,regional_spillover,89.3,16
2026-03-21,Iran,internal_violence,82.3,15
2026-03-21,Iran,repression,72.1,12
2026-03-21,Iran,domestic_attack,64.3,11
2026-03-21,Iran,war_activity,92.3,16
2026-03-21,Iran,external_attack,91.9,16
2026-03-21,Iran,regional_spillover,90.8,16
2026-03-22,Iran,internal_violence,79.0,14
2026-03-22,Iran,repression,69.7,11
2026-03-22,Iran,domestic_attack,62.5,9
2026-03-22,Iran,war_activity,87.0,15
2026-03-22,Iran,external_attack,87.4,16
2026-03-22,Iran,regional_spillover,89.2,16
2026-03-23,Iran,internal_violence,79.5,13
2026-03-23,Iran,repression,73.7,13
2026-03-23,Iran,domestic_attack,65.3,12
2026-03-23,Iran,war_activity,88.2,15
2026-03-23,Iran,external_attack,87.8,16
2026-03-23,Iran,regional_spillover,86.4,14
2026-03-24,Iran,internal_violence,81.3,13
2026-03-24,Iran,repression,70.9,11
2026-03-24,Iran,domestic_attack,67.9,11
2026-03-24,Iran,war_activity,91.5,15
2026-03-24,Iran,external_attack,91.4,16
2026-03-24,Iran,regional_spillover,90.6,16
2026-03-25,Iran,internal_violence,81.2,13
2026-03-25,Iran,repression,75.6,12
2026-03-25,Iran,domestic_attack,64.3,10
2026-03-25,Iran,war_activity,88.7,15
2026-03-25,Iran,external_attack,93.1,15
2026-03-25,Iran,regional_spillover,90.2,16
2026-03-26,Iran,internal_violence,81.0,13
2026-03-26,Iran,repression,70.5,12
2026-03-26,Iran,domestic_attack,66.3,13
2026-03-26,Iran,war_activity,90.4,15
2026-03-26,Iran,external_attack,92.4,16
2026-03-26,Iran,regional_spillover,88.6,15
2026-03-27,Iran,internal_violence,80.1,14
2026-03-27,Iran,repression,69.1,11
2026-03-27,Iran,domestic_attack,63.5,12
2026-03-27,Iran,war_activity,91.2,16
2026-03-27,Iran,external_attack,88.2,16
2026-03-27,Iran,regional_spillover,86.0,16
2026-03-28,Iran,internal_violence,76.7,14
2026-03-28,Iran,repression,71.9,11
2026-03-28,Iran,domestic_attack,65.8,11
2026-03-28,Iran,war_activity,91.7,15
2026-03-28,Iran,external_attack,90.4,16
2026-03-28,Iran,regional_spillover,87.5,16
2026-03-29,Iran,internal_violence,79.3,14
2026-03-29,Iran,repression,67.5,11
2026-03-29,Iran,domestic_attack,65.0,10
2026-03-29,Iran,war_activity,86.9,16
2026-03-29,Iran,external_attack,87.4,14
2026-03-29,Iran,regional_spillover,87.5,15
2026-03-30,Iran,internal_violence,79.7,14
2026-03-30,Iran,repression,70.1,11
2026-03-30,Iran,domestic_attack,62.9,11
2026-03-30,Iran,war_activity,87.1,16
2026-03-30,Iran,external_attack,88.7,15
2026-03-30,Iran,regional_spillover,88.9,17
2026-03-31,Iran,internal_violence,80.4,13
2026-03-31,Iran,repression,68.7,10
2026-03-31,Iran,domestic_attack,64.5,11
2026-03-31,Iran,war_activity,90.7,16
2026-03-31,Iran,external_attack,86.6,15
2026-03-31,Iran,regional_spillover,90.3,14
2026-04-01,Iran,internal_violence,81.3,15
2026-04-01,Iran,repression,71.4,12
2026-04-01,Iran,domestic_attack,64.4,12
2026-04-01,Iran,war_activity,91.6,16
2026-04-01,Iran,external_attack,91.3,17
2026-04-01,Iran,regional_spillover,85.5,14
2026-04-02,Iran,internal_violence,82.0,13
2026-04-02,Iran,repression,71.4,14
2026-04-02,Iran,domestic_attack,64.0,10
2026-04-02,Iran,war_activity,91.3,16
2026-04-02,Iran,external_attack,89.1,16
2026-04-02,Iran,regional_spillover,87.1,15
2026-04-03,Iran,internal_violence,78.3,13
2026-04-03,Iran,repression,72.7,13
2026-04-03,Iran,domestic_attack,65.9,10
2026-04-03,Iran,war_activity,87.9,16
2026-04-03,Iran,external_attack,89.9,14
2026-04-03,Iran,regional_spillover,86.6,13
2026-04-04,Iran,internal_violence,75.8,12
2026-04-04,Iran,repression,70.5,13
2026-04-04,Iran,domestic_attack,62.6,10
2026-04-04,Iran,war_activity,87.9,16
2026-04-04,Iran,external_attack,90.3,16
2026-04-04,Iran,regional_spillover,85.9,13
2026-04-05,Iran,internal_violence,76.8,13
2026-04-05,Iran,repression,66.4,10
2026-04-05,Iran,domestic_attack,60.5,9
2026-04-05,Iran,war_activity,90.4,14
2026-04-05,Iran,external_attack,86.0,14
2026-04-05,Iran,regional_spillover,86.0,15
2026-04-06,Iran,internal_violence,79.2,14
2026-04-06,Iran,repression,68.7,12
2026-04-06,Iran,domestic_attack,62.9,11
2026-04-06,Iran,war_activity,87.4,15
2026-04-06,Iran,external_attack,90.2,16
2026-04-06,Iran,regional_spillover,87.8,17
2026-04-07,Iran,internal_violence,76.3,12
2026-04-07,Iran,repression,70.0,13
2026-04-07,Iran,domestic_attack,62.2,9
2026-04-07,Iran,war_activity,86.5,15
2026-04-07,Iran,external_attack,91.4,15
2026-04-07,Iran,regional_spillover,85.2,15
2026-04-08,Iran,internal_violence,78.7,14
2026-04-08,Iran,repression,70.7,11
2026-04-08,Iran,domestic_attack,66.5,13
2026-04-08,Iran,war_activity,91.2,15
2026-04-08,Iran,external_attack,89.1,15
2026-04-08,Iran,regional_spillover,87.8,14
2026-04-09,Iran,internal_violence,78.9,14
2026-04-09,Iran,repression,71.4,13
2026-04-09,Iran,domestic_attack,67.0,10
2026-04-09,Iran,war_activity,89.1,16
2026-04-09,Iran,external_attack,92.5,17
2026-04-09,Iran,regional_spillover,89.6,15
2026-04-10,Iran,internal_violence,80.7,15
2026-04-10,Iran,repression,72.1,12
2026-04-10,Iran,domestic_attack,63.4,9
2026-04-10,Iran,war_activity,89.6,17
2026-04-10,Iran,external_attack,87.3,16
2026-04-10,Iran,regional_spillover,88.0,16
2026-04-11,Iran,internal_violence,80.7,13
2026-04-11,Iran,repression,67.5,10
2026-04-11,Iran,domestic_attack,60.1,10
2026-04-11,Iran,war_activity,90.3,16
2026-04-11,Iran,external_attack,91.7,16
2026-04-11,Iran,regional_spillover,89.2,17
2026-04-12,Iran,internal_violence,78.6,12
2026-04-12,Iran,repression,67.8,11
2026-04-12,Iran,domestic_attack,59.4,10
2026-04-12,Iran,war_activity,91.1,17
2026-04-12,Iran,external_attack,87.7,14
2026-04-12,Iran,regional_spillover,83.7,14
2025-04-22,Ukraine,internal_violence,74.0,12
2025-04-22,Ukraine,repression,68.1,10
2025-04-22,Ukraine,domestic_attack,60.7,11
2025-04-22,Ukraine,war_activity,90.2,14
2025-04-22,Ukraine,external_attack,88.1,16
2025-04-22,Ukraine,regional_spillover,88.5,16
2025-04-23,Ukraine,internal_violence,78.9,12
2025-04-23,Ukraine,repression,70.5,11
2025-04-23,Ukraine,domestic_attack,62.1,10
2025-04-23,Ukraine,war_activity,90.8,15
2025-04-23,Ukraine,external_attack,89.7,16
2025-04-23,Ukraine,regional_spillover,87.0,15
2025-04-24,Ukraine,internal_violence,78.8,15
2025-04-24,Ukraine,repression,69.7,11
2025-04-24,Ukraine,domestic_attack,62.9,10
2025-04-24,Ukraine,war_activity,92.0,14
2025-04-24,Ukraine,external_attack,90.1,16
2025-04-24,Ukraine,regional_spillover,87.9,14
2025-04-25,Ukraine,internal_violence,80.3,15
2025-04-25,Ukraine,repression,68.6,11
2025-04-25,Ukraine,domestic_attack,59.8,10
2025-04-25,Ukraine,war_activity,87.8,14
2025-04-25,Ukraine,external_attack,89.0,15
2025-04-25,Ukraine,regional_spillover,86.0,15
2025-04-26,Ukraine,internal_violence,75.5,12
2025-04-26,Ukraine,repression,69.0,13
2025-04-26,Ukraine,domestic_attack,58.4,11
2025-04-26,Ukraine,war_activity,89.0,15
2025-04-26,Ukraine,external_attack,88.4,16
2025-04-26,Ukraine,regional_spillover,85.9,14
2025-04-27,Ukraine,internal_violence,74.3,11
2025-04-27,Ukraine,repression,69.4,13
2025-04-27,Ukraine,domestic_attack,58.0,10
2025-04-27,Ukraine,war_activity,86.7,14
2025-04-27,Ukraine,external_attack,91.2,14
2025-04-27,Ukraine,regional_spillover,87.0,14
2025-04-28,Ukraine,internal_violence,76.6,13
2025-04-28,Ukraine,repression,69.7,12
2025-04-28,Ukraine,domestic_attack,58.9,11
2025-04-28,Ukraine,war_activity,92.1,17
2025-04-28,Ukraine,external_attack,89.6,14
2025-04-28,Ukraine,regional_spillover,86.4,16
2025-04-29,Ukraine,internal_violence,79.3,13
2025-04-29,Ukraine,repression,67.8,11
2025-04-29,Ukraine,domestic_attack,62.2,10
2025-04-29,Ukraine,war_activity,92.4,17
2025-04-29,Ukraine,external_attack,92.9,15
2025-04-29,Ukraine,regional_spillover,85.8,15
2025-04-30,Ukraine,internal_violence,79.5,13
2025-04-30,Ukraine,repression,71.0,11
2025-04-30,Ukraine,domestic_attack,61.8,11
2025-04-30,Ukraine,war_activity,92.1,16
2025-04-30,Ukraine,external_attack,89.7,16
2025-04-30,Ukraine,regional_spillover,88.1,16
2025-05-01,Ukraine,internal_violence,82.3,15
2025-05-01,Ukraine,repression,69.9,13
2025-05-01,Ukraine,domestic_attack,65.9,11
2025-05-01,Ukraine,war_activity,93.5,17
2025-05-01,Ukraine,external_attack,92.5,15
2025-05-01,Ukraine,regional_spillover,89.0,14
2025-05-02,Ukraine,internal_violence,80.3,14
2025-05-02,Ukraine,repression,68.3,13
2025-05-02,Ukraine,domestic_attack,65.1,10
2025-05-02,Ukraine,war_activity,89.6,14
2025-05-02,Ukraine,external_attack,88.9,16
2025-05-02,Ukraine,regional_spillover,91.0,14
2025-05-03,Ukraine,internal_violence,79.3,13
2025-05-03,Ukraine,repression,69.2,11
2025-05-03,Ukraine,domestic_attack,63.0,11
2025-05-03,Ukraine,war_activity,89.5,14
2025-05-03,Ukraine,external_attack,90.1,15
2025-05-03,Ukraine,regional_spillover,86.1,16
2025-05-04,Ukraine,internal_violence,78.5,13
2025-05-04,Ukraine,repression,69.1,11
2025-05-04,Ukraine,domestic_attack,60.4,10
2025-05-04,Ukraine,war_activity,88.9,15
2025-05-04,Ukraine,external_attack,90.2,14
2025-05-04,Ukraine,regional_spillover,87.5,14
2025-05-05,Ukraine,internal_violence,77.9,13
2025-05-05,Ukraine,repression,66.7,10
2025-05-05,Ukraine,domestic_attack,62.3,11
2025-05-05,Ukraine,war_activity,90.3,16
2025-05-05,Ukraine,external_attack,88.5,16
2025-05-05,Ukraine,regional_spillover,85.4,15
2025-05-06,Ukraine,internal_violence,79.0,12
2025-05-06,Ukraine,repression,72.3,11
2025-05-06,Ukraine,domestic_attack,64.2,10
2025-05-06,Ukraine,war_activity,90.0,15
2025-05-06,Ukraine,external_attack,90.7,15
2025-05-06,Ukraine,regional_spillover,90.2,14
2025-05-07,Ukraine,internal_violence,78.8,13
2025-05-07,Ukraine,repression,69.5,12
2025-05-07,Ukraine,domestic_attack,66.9,10
2025-05-07,Ukraine,war_activity,88.7,17
2025-05-07,Ukraine,external_attack,88.7,14
2025-05-07,Ukraine,regional_spillover,88.1,15
2025-05-08,Ukraine,internal_violence,79.2,13
2025-05-08,Ukraine,repression,69.6,11
2025-05-08,Ukraine,domestic_attack,65.1,11
2025-05-08,Ukraine,war_activity,90.7,16
2025-05-08,Ukraine,external_attack,91.7,15
2025-05-08,Ukraine,regional_spillover,90.0,16
2025-05-09,Ukraine,internal_violence,81.8,14
2025-05-09,Ukraine,repression,71.2,13
2025-05-09,Ukraine,domestic_attack,65.3,10
2025-05-09,Ukraine,war_activity,91.7,14
2025-05-09,Ukraine,external_attack,88.7,16
2025-05-09,Ukraine,regional_spillover,87.3,16
2025-05-10,Ukraine,internal_violence,76.6,12
2025-05-10,Ukraine,repression,70.7,13
2025-05-10,Ukraine,domestic_attack,64.5,12
2025-05-10,Ukraine,war_activity,91.9,14
2025-05-10,Ukraine,external_attack,88.6,17
2025-05-10,Ukraine,regional_spillover,90.6,17
2025-05-11,Ukraine,internal_violence,75.7,12
2025-05-11,Ukraine,repression,69.3,11
2025-05-11,Ukraine,domestic_attack,59.5,10
2025-05-11,Ukraine,war_activity,88.8,16
2025-05-11,Ukraine,external_attack,90.1,16
2025-05-11,Ukraine,regional_spillover,90.5,16
2025-05-12,Ukraine,internal_violence,80.2,13
2025-05-12,Ukraine,repression,69.1,13
2025-05-12,Ukraine,domestic_attack,63.9,12
2025-05-12,Ukraine,war_activity,91.4,15
2025-05-12,Ukraine,external_attack,93.0,16
2025-05-12,Ukraine,regional_spillover,88.8,15
2025-05-13,Ukraine,internal_violence,79.5,14
2025-05-13,Ukraine,repression,68.0,11
2025-05-13,Ukraine,domestic_attack,62.6,10
2025-05-13,Ukraine,war_activity,89.0,16
2025-05-13,Ukraine,external_attack,90.9,15
2025-05-13,Ukraine,regional_spillover,91.4,14
2025-05-14,Ukraine,internal_violence,83.7,14
2025-05-14,Ukraine,repression,72.8,13
2025-05-14,Ukraine,domestic_attack,63.0,10
2025-05-14,Ukraine,war_activity,92.9,14
2025-05-14,Ukraine,external_attack,92.6,16
2025-05-14,Ukraine,regional_spillover,88.4,14
2025-05-15,Ukraine,internal_violence,83.5,14
2025-05-15,Ukraine,repression,74.1,12
2025-05-15,Ukraine,domestic_attack,65.2,12
2025-05-15,Ukraine,war_activity,92.5,16
2025-05-15,Ukraine,external_attack,89.5,14
2025-05-15,Ukraine,regional_spillover,92.5,16
2025-05-16,Ukraine,internal_violence,83.0,15
2025-05-16,Ukraine,repression,72.3,14
2025-05-16,Ukraine,domestic_attack,62.5,9
2025-05-16,Ukraine,war_activity,90.8,14
2025-05-16,Ukraine,external_attack,90.3,17
2025-05-16,Ukraine,regional_spillover,91.2,15
2025-05-17,Ukraine,internal_violence,78.8,12
2025-05-17,Ukraine,repression,68.7,10
2025-05-17,Ukraine,domestic_attack,60.9,10
2025-05-17,Ukraine,war_activity,88.0,15
2025-05-17,Ukraine,external_attack,92.7,15
2025-05-17,Ukraine,regional_spillover,89.4,15
2025-05-18,Ukraine,internal_violence,79.9,15
2025-05-18,Ukraine,repression,69.4,12
2025-05-18,Ukraine,domestic_attack,63.3,11
2025-05-18,Ukraine,war_activity,88.0,15
2025-05-18,Ukraine,external_attack,91.5,16
2025-05-18,Ukraine,regional_spillover,88.1,16
2025-05-19,Ukraine,internal_violence,79.2,12
2025-05-19,Ukraine,repression,68.5,12
2025-05-19,Ukraine,domestic_attack,62.9,11
2025-05-19,Ukraine,war_activity,91.9,17
2025-05-19,Ukraine,external_attack,91.9,15
2025-05-19,Ukraine,regional_spillover,86.6,14
2025-05-20,Ukraine,internal_violence,80.2,14
2025-05-20,Ukraine,repression,68.5,11
2025-05-20,Ukraine,domestic_attack,66.2,10
2025-05-20,Ukraine,war_activity,92.5,15
2025-05-20,Ukraine,external_attack,88.3,16
2025-05-20,Ukraine,regional_spillover,87.8,16
2025-05-21,Ukraine,internal_violence,80.8,13
2025-05-21,Ukraine,repression,72.8,12
2025-05-21,Ukraine,domestic_attack,66.2,11
2025-05-21,Ukraine,war_activity,89.5,16
2025-05-21,Ukraine,external_attack,89.6,16
2025-05-21,Ukraine,regional_spillover,90.1,16
2025-05-22,Ukraine,internal_violence,82.4,14
2025-05-22,Ukraine,repression,70.0,13
2025-05-22,Ukraine,domestic_attack,66.5,12
2025-05-22,Ukraine,war_activity,90.0,16
2025-05-22,Ukraine,external_attack,93.0,16
2025-05-22,Ukraine,regional_spillover,90.7,16
2025-05-23,Ukraine,internal_violence,80.9,14
2025-05-23,Ukraine,repression,69.5,13
2025-05-23,Ukraine,domestic_attack,61.7,12
2025-05-23,Ukraine,war_activity,91.5,17
2025-05-23,Ukraine,external_attack,92.8,16
2025-05-23,Ukraine,regional_spillover,89.5,14
2025-05-24,Ukraine,internal_violence,78.5,12
2025-05-24,Ukraine,repression,70.2,12
2025-05-24,Ukraine,domestic_attack,64.1,10
2025-05-24,Ukraine,war_activity,88.0,14
2025-05-24,Ukraine,external_attack,90.5,15
2025-05-24,Ukraine,regional_spillover,89.1,16
2025-05-25,Ukraine,internal_violence,78.3,13
2025-05-25,Ukraine,repression,69.8,12
2025-05-25,Ukraine,domestic_attack,61.8,12
2025-05-25,Ukraine,war_activity,92.6,16
2025-05-25,Ukraine,external_attack,92.6,17
2025-05-25,Ukraine,regional_spillover,88.6,15
2025-05-26,Ukraine,internal_violence,79.5,15
2025-05-26,Ukraine,repression,68.6,12
2025-05-26,Ukraine,domestic_attack,59.1,11
2025-05-26,Ukraine,war_activity,87.6,15
2025-05-26,Ukraine,external_attack,88.7,16
2025-05-26,Ukraine,regional_spillover,86.3,14
2025-05-27,Ukraine,internal_violence,77.6,12
2025-05-27,Ukraine,repression,67.5,10
2025-05-27,Ukraine,domestic_attack,63.8,10
2025-05-27,Ukraine,war_activity,88.6,15
2025-05-27,Ukraine,external_attack,90.9,17
2025-05-27,Ukraine,regional_spillover,87.0,15
2025-05-28,Ukraine,internal_violence,79.9,13
2025-05-28,Ukraine,repression,70.4,11
2025-05-28,Ukraine,domestic_attack,62.9,11
2025-05-28,Ukraine,war_activity,92.1,15
2025-05-28,Ukraine,external_attack,92.9,15
2025-05-28,Ukraine,regional_spillover,89.0,16
2025-05-29,Ukraine,internal_violence,77.3,13
2025-05-29,Ukraine,repression,72.5,14
2025-05-29,Ukraine,domestic_attack,66.7,12
2025-05-29,Ukraine,war_activity,92.7,15
2025-05-29,Ukraine,external_attack,93.0,17
2025-05-29,Ukraine,regional_spillover,90.6,17
2025-05-30,Ukraine,internal_violence,77.1,15
2025-05-30,Ukraine,repression,70.7,11
2025-05-30,Ukraine,domestic_attack,61.4,9
2025-05-30,Ukraine,war_activity,91.4,16
2025-05-30,Ukraine,external_attack,88.1,16
2025-05-30,Ukraine,regional_spillover,86.3,16
2025-05-31,Ukraine,internal_violence,75.1,12
2025-05-31,Ukraine,repression,67.0,11
2025-05-31,Ukraine,domestic_attack,59.9,9
2025-05-31,Ukraine,war_activity,88.0,16
2025-05-31,Ukraine,external_attack,88.0,16
2025-05-31,Ukraine,regional_spillover,86.5,16
2025-06-01,Ukraine,internal_violence,75.7,14
2025-06-01,Ukraine,repression,67.8,12
2025-06-01,Ukraine,domestic_attack,58.0,10
2025-06-01,Ukraine,war_activity,89.9,15
2025-06-01,Ukraine,external_attack,87.4,15
2025-06-01,Ukraine,regional_spillover,88.8,17
2025-06-02,Ukraine,internal_violence,74.7,14
2025-06-02,Ukraine,repression,68.1,12
2025-06-02,Ukraine,domestic_attack,57.9,9
2025-06-02,Ukraine,war_activity,92.0,16
2025-06-02,Ukraine,external_attack,90.3,14
2025-06-02,Ukraine,regional_spillover,89.2,15
2025-06-03,Ukraine,internal_violence,79.7,15
2025-06-03,Ukraine,repression,66.7,10
2025-06-03,Ukraine,domestic_attack,59.0,9
2025-06-03,Ukraine,war_activity,87.8,15
2025-06-03,Ukraine,external_attack,90.3,15
2025-06-03,Ukraine,regional_spillover,87.6,16
2025-06-04,Ukraine,internal_violence,76.0,12
2025-06-04,Ukraine,repression,68.9,12
2025-06-04,Ukraine,domestic_attack,60.2,9
2025-06-04,Ukraine,war_activity,91.7,15
2025-06-04,Ukraine,external_attack,92.6,16
2025-06-04,Ukraine,regional_spillover,87.0,15
2025-06-05,Ukraine,internal_violence,75.7,12
2025-06-05,Ukraine,repression,71.0,12
2025-06-05,Ukraine,domestic_attack,60.8,11
2025-06-05,Ukraine,war_activity,90.5,16
2025-06-05,Ukraine,external_attack,91.1,17
2025-06-05,Ukraine,regional_spillover,89.8,15
2025-06-06,Ukraine,internal_violence,76.6,13
2025-06-06,Ukraine,repression,67.6,13
2025-06-06,Ukraine,domestic_attack,62.8,9
2025-06-06,Ukraine,war_activity,87.1,14
2025-06-06,Ukraine,external_attack,90.1,15
2025-06-06,Ukraine,regional_spillover,89.9,16
2025-06-07,Ukraine,internal_violence,77.8,12
2025-06-07,Ukraine,repression,64.9,10
2025-06-07,Ukraine,domestic_attack,62.4,12
2025-06-07,Ukraine,war_activity,88.3,15
2025-06-07,Ukraine,external_attack,89.4,14
2025-06-07,Ukraine,regional_spillover,85.2,16
2025-06-08,Ukraine,internal_violence,75.8,13
2025-06-08,Ukraine,repression,63.3,11
2025-06-08,Ukraine,domestic_attack,58.5,10
2025-06-08,Ukraine,war_activity,87.1,16
2025-06-08,Ukraine,external_attack,87.0,14
2025-06-08,Ukraine,regional_spillover,86.7,14
2025-06-09,Ukraine,internal_violence,71.7,13
2025-06-09,Ukraine,repression,66.5,13
2025-06-09,Ukraine,domestic_attack,57.1,10
2025-06-09,Ukraine,war_activity,87.1,15
2025-06-09,Ukraine,external_attack,87.1,16
2025-06-09,Ukraine,regional_spillover,83.6,15
2025-06-10,Ukraine,internal_violence,76.4,12
2025-06-10,Ukraine,repression,68.8,11
2025-06-10,Ukraine,domestic_attack,59.7,11
2025-06-10,Ukraine,war_activity,91.7,16
2025-06-10,Ukraine,external_attack,88.2,16
2025-06-10,Ukraine,regional_spillover,84.5,16
2025-06-11,Ukraine,internal_violence,75.8,13
2025-06-11,Ukraine,repression,66.2,10
2025-06-11,Ukraine,domestic_attack,61.5,10
2025-06-11,Ukraine,war_activity,87.0,16
2025-06-11,Ukraine,external_attack,90.7,17
2025-06-11,Ukraine,regional_spillover,85.0,14
2025-06-12,Ukraine,internal_violence,75.5,14
2025-06-12,Ukraine,repression,70.4,12
2025-06-12,Ukraine,domestic_attack,61.0,10
2025-06-12,Ukraine,war_activity,91.6,16
2025-06-12,Ukraine,external_attack,89.7,15
2025-06-12,Ukraine,regional_spillover,89.4,15
2025-06-13,Ukraine,internal_violence,75.5,13
2025-06-13,Ukraine,repression,67.8,13
2025-06-13,Ukraine,domestic_attack,57.7,10
2025-06-13,Ukraine,war_activity,91.3,16
2025-06-13,Ukraine,external_attack,87.7,14
2025-06-13,Ukraine,regional_spillover,83.8,15
2025-06-14,Ukraine,internal_violence,74.2,14
2025-06-14,Ukraine,repression,67.1,11
2025-06-14,Ukraine,domestic_attack,60.3,11
2025-06-14,Ukraine,war_activity,89.6,16
2025-06-14,Ukraine,external_attack,90.0,15
2025-06-14,Ukraine,regional_spillover,85.0,13
2025-06-15,Ukraine,internal_violence,72.5,13
2025-06-15,Ukraine,repression,61.9,10
2025-06-15,Ukraine,domestic_attack,57.0,11
2025-06-15,Ukraine,war_activity,86.1,15
2025-06-15,Ukraine,external_attack,87.3,13
2025-06-15,Ukraine,regional_spillover,82.3,15
2025-06-16,Ukraine,internal_violence,74.9,13
2025-06-16,Ukraine,repression,63.6,10
2025-06-16,Ukraine,domestic_attack,57.7,8
2025-06-16,Ukraine,war_activity,89.9,15
2025-06-16,Ukraine,external_attack,86.8,14
2025-06-16,Ukraine,regional_spillover,82.3,14
2025-06-17,Ukraine,internal_violence,72.8,11
2025-06-17,Ukraine,repression,66.8,11
2025-06-17,Ukraine,domestic_attack,57.4,10
2025-06-17,Ukraine,war_activity,86.1,13
2025-06-17,Ukraine,external_attack,90.8,17
2025-06-17,Ukraine,regional_spillover,82.7,13
2025-06-18,Ukraine,internal_violence,72.7,13
2025-06-18,Ukraine,repression,63.5,10
2025-06-18,Ukraine,domestic_attack,58.1,11
2025-06-18,Ukraine,war_activity,86.6,16
2025-06-18,Ukraine,external_attack,91.0,14
2025-06-18,Ukraine,regional_spillover,84.1,16
2025-06-19,Ukraine,internal_violence,75.2,13
2025-06-19,Ukraine,repression,65.1,12
2025-06-19,Ukraine,domestic_attack,59.3,11
2025-06-19,Ukraine,war_activity,91.1,15
2025-06-19,Ukraine,external_attack,88.7,14
2025-06-19,Ukraine,regional_spillover,87.8,15
2025-06-20,Ukraine,internal_violence,71.2,13
2025-06-20,Ukraine,repression,66.5,10
2025-06-20,Ukraine,domestic_attack,57.5,10
2025-06-20,Ukraine,war_activity,91.3,14
2025-06-20,Ukraine,external_attack,90.6,15
2025-06-20,Ukraine,regional_spillover,84.2,14
2025-06-21,Ukraine,internal_violence,72.7,13
2025-06-21,Ukraine,repression,66.4,12
2025-06-21,Ukraine,domestic_attack,58.7,11
2025-06-21,Ukraine,war_activity,85.6,15
2025-06-21,Ukraine,external_attack,91.1,16
2025-06-21,Ukraine,regional_spillover,82.5,14
2025-06-22,Ukraine,internal_violence,71.2,11
2025-06-22,Ukraine,repression,60.6,11
2025-06-22,Ukraine,domestic_attack,55.1,10
2025-06-22,Ukraine,war_activity,88.8,16
2025-06-22,Ukraine,external_attack,88.7,14
2025-06-22,Ukraine,regional_spillover,83.7,15
2025-06-23,Ukraine,internal_violence,69.0,12
2025-06-23,Ukraine,repression,64.8,10
2025-06-23,Ukraine,domestic_attack,59.1,11
2025-06-23,Ukraine,war_activity,87.4,15
2025-06-23,Ukraine,external_attack,87.0,16
2025-06-23,Ukraine,regional_spillover,85.6,14
2025-06-24,Ukraine,internal_violence,71.9,12
2025-06-24,Ukraine,repression,62.0,11
2025-06-24,Ukraine,domestic_attack,59.5,11
2025-06-24,Ukraine,war_activity,90.0,15
2025-06-24,Ukraine,external_attack,91.4,16
2025-06-24,Ukraine,regional_spillover,83.8,15
2025-06-25,Ukraine,internal_violence,72.5,12
2025-06-25,Ukraine,repression,62.9,12
2025-06-25,Ukraine,domestic_attack,57.3,10
2025-06-25,Ukraine,war_activity,90.5,17
2025-06-25,Ukraine,external_attack,86.4,14
2025-06-25,Ukraine,regional_spillover,84.7,14
2025-06-26,Ukraine,internal_violence,74.8,13
2025-06-26,Ukraine,repression,67.5,11
2025-06-26,Ukraine,domestic_attack,57.2,9
2025-06-26,Ukraine,war_activity,90.1,15
2025-06-26,Ukraine,external_attack,90.9,15
2025-06-26,Ukraine,regional_spillover,84.5,13
2025-06-27,Ukraine,internal_violence,73.1,11
2025-06-27,Ukraine,repression,65.7,11
2025-06-27,Ukraine,domestic_attack,57.3,9
2025-06-27,Ukraine,war_activity,88.7,14
2025-06-27,Ukraine,external_attack,87.7,14
2025-06-27,Ukraine,regional_spillover,83.5,14
2025-06-28,Ukraine,internal_violence,73.2,11
2025-06-28,Ukraine,repression,60.6,9
2025-06-28,Ukraine,domestic_attack,57.6,9
2025-06-28,Ukraine,war_activity,88.6,15
2025-06-28,Ukraine,external_attack,89.3,16
2025-06-28,Ukraine,regional_spillover,81.6,14
2025-06-29,Ukraine,internal_violence,68.2,13
2025-06-29,Ukraine,repression,64.9,10
2025-06-29,Ukraine,domestic_attack,55.6,10
2025-06-29,Ukraine,war_activity,89.5,16
2025-06-29,Ukraine,external_attack,85.5,14
2025-06-29,Ukraine,regional_spillover,83.1,16
2025-06-30,Ukraine,internal_violence,73.1,11
2025-06-30,Ukraine,repression,60.7,11
2025-06-30,Ukraine,domestic_attack,55.6,10
2025-06-30,Ukraine,war_activity,88.8,15
2025-06-30,Ukraine,external_attack,89.7,16
2025-06-30,Ukraine,regional_spillover,83.7,13
2025-07-01,Ukraine,internal_violence,70.9,12
2025-07-01,Ukraine,repression,62.2,11
2025-07-01,Ukraine,domestic_attack,55.6,10
2025-07-01,Ukraine,war_activity,89.1,16
2025-07-01,Ukraine,external_attack,87.9,16
2025-07-01,Ukraine,regional_spillover,82.6,16
2025-07-02,Ukraine,internal_violence,72.6,11
2025-07-02,Ukraine,repression,64.7,11
2025-07-02,Ukraine,domestic_attack,59.1,11
2025-07-02,Ukraine,war_activity,89.7,17
2025-07-02,Ukraine,external_attack,91.7,17
2025-07-02,Ukraine,regional_spillover,83.3,14
2025-07-03,Ukraine,internal_violence,73.5,12
2025-07-03,Ukraine,repression,63.2,10
2025-07-03,Ukraine,domestic_attack,61.3,11
2025-07-03,Ukraine,war_activity,88.2,14
2025-07-03,Ukraine,external_attack,87.9,16
2025-07-03,Ukraine,regional_spillover,88.3,16
2025-07-04,Ukraine,internal_violence,73.2,12
2025-07-04,Ukraine,repression,66.6,12
2025-07-04,Ukraine,domestic_attack,58.1,10
2025-07-04,Ukraine,war_activity,90.8,16
2025-07-04,Ukraine,external_attack,87.5,15
2025-07-04,Ukraine,regional_spillover,83.6,15
2025-07-05,Ukraine,internal_violence,72.4,13
2025-07-05,Ukraine,repression,62.4,10
2025-07-05,Ukraine,domestic_attack,58.3,11
2025-07-05,Ukraine,war_activity,87.3,16
2025-07-05,Ukraine,external_attack,88.8,15
2025-07-05,Ukraine,regional_spillover,83.1,13
2025-07-06,Ukraine,internal_violence,71.1,14
2025-07-06,Ukraine,repression,62.8,12
2025-07-06,Ukraine,domestic_attack,57.4,10
2025-07-06,Ukraine,war_activity,86.7,14
2025-07-06,Ukraine,external_attack,86.0,15
2025-07-06,Ukraine,regional_spillover,83.8,13
2025-07-07,Ukraine,internal_violence,70.8,13
2025-07-07,Ukraine,repression,65.2,11
2025-07-07,Ukraine,domestic_attack,58.3,8
2025-07-07,Ukraine,war_activity,90.6,14
2025-07-07,Ukraine,external_attack,88.7,14
2025-07-07,Ukraine,regional_spillover,84.3,15
2025-07-08,Ukraine,internal_violence,72.6,12
2025-07-08,Ukraine,repression,65.6,10
2025-07-08,Ukraine,domestic_attack,56.9,11
2025-07-08,Ukraine,war_activity,87.3,15
2025-07-08,Ukraine,external_attack,86.3,15
2025-07-08,Ukraine,regional_spillover,83.9,14
2025-07-09,Ukraine,internal_violence,75.4,13
2025-07-09,Ukraine,repression,68.7,11
2025-07-09,Ukraine,domestic_attack,57.6,10
2025-07-09,Ukraine,war_activity,89.8,16
2025-07-09,Ukraine,external_attack,91.2,15
2025-07-09,Ukraine,regional_spillover,83.6,14
2025-07-10,Ukraine,internal_violence,72.4,13
2025-07-10,Ukraine,repression,66.2,11
2025-07-10,Ukraine,domestic_attack,58.2,10
2025-07-10,Ukraine,war_activity,90.6,17
2025-07-10,Ukraine,external_attack,88.7,16
2025-07-10,Ukraine,regional_spillover,88.0,13
2025-07-11,Ukraine,internal_violence,72.4,12
2025-07-11,Ukraine,repression,63.9,11
2025-07-11,Ukraine,domestic_attack,60.4,11
2025-07-11,Ukraine,war_activity,89.3,16
2025-07-11,Ukraine,external_attack,91.8,14
2025-07-11,Ukraine,regional_spillover,82.9,14
2025-07-12,Ukraine,internal_violence,73.2,13
2025-07-12,Ukraine,repression,63.7,12
2025-07-12,Ukraine,domestic_attack,55.7,8
2025-07-12,Ukraine,war_activity,85.7,14
2025-07-12,Ukraine,external_attack,88.1,14
2025-07-12,Ukraine,regional_spillover,85.7,14
2025-07-13,Ukraine,internal_violence,69.1,13
2025-07-13,Ukraine,repression,64.9,12
2025-07-13,Ukraine,domestic_attack,59.2,11
2025-07-13,Ukraine,war_activity,90.2,15
2025-07-13,Ukraine,external_attack,87.9,14
2025-07-13,Ukraine,regional_spillover,86.0,14
2025-07-14,Ukraine,internal_violence,71.2,12
2025-07-14,Ukraine,repression,64.0,11
2025-07-14,Ukraine,domestic_attack,58.6,9
2025-07-14,Ukraine,war_activity,91.1,16
2025-07-14,Ukraine,external_attack,86.4,15
2025-07-14,Ukraine,regional_spillover,87.1,14
2025-07-15,Ukraine,internal_violence,73.7,14
2025-07-15,Ukraine,repression,66.7,10
2025-07-15,Ukraine,domestic_attack,57.0,10
2025-07-15,Ukraine,war_activity,87.5,15
2025-07-15,Ukraine,external_attack,86.8,15
2025-07-15,Ukraine,regional_spillover,87.8,15
2025-07-16,Ukraine,internal_violence,74.9,11
2025-07-16,Ukraine,repression,67.5,12
2025-07-16,Ukraine,domestic_attack,58.1,9
2025-07-16,Ukraine,war_activity,88.9,14
2025-07-16,Ukraine,external_attack,90.5,15
2025-07-16,Ukraine,regional_spillover,84.9,15
2025-07-17,Ukraine,internal_violence,76.6,12
2025-07-17,Ukraine,repression,70.2,12
2025-07-17,Ukraine,domestic_attack,62.9,10
2025-07-17,Ukraine,war_activity,91.6,16
2025-07-17,Ukraine,external_attack,88.2,16
2025-07-17,Ukraine,regional_spillover,86.6,16
2025-07-18,Ukraine,internal_violence,75.8,12
2025-07-18,Ukraine,repression,67.7,13
2025-07-18,Ukraine,domestic_attack,61.4,12
2025-07-18,Ukraine,war_activity,89.5,16
2025-07-18,Ukraine,external_attack,92.4,17
2025-07-18,Ukraine,regional_spillover,84.3,14
2025-07-19,Ukraine,internal_violence,73.0,11
2025-07-19,Ukraine,repression,63.7,10
2025-07-19,Ukraine,domestic_attack,61.1,9
2025-07-19,Ukraine,war_activity,91.0,16
2025-07-19,Ukraine,external_attack,86.7,15
2025-07-19,Ukraine,regional_spillover,83.6,14
2025-07-20,Ukraine,internal_violence,74.6,11
2025-07-20,Ukraine,repression,63.5,12
2025-07-20,Ukraine,domestic_attack,58.2,10
2025-07-20,Ukraine,war_activity,87.3,15
2025-07-20,Ukraine,external_attack,89.8,14
2025-07-20,Ukraine,regional_spillover,88.0,15
2025-07-21,Ukraine,internal_violence,73.6,11
2025-07-21,Ukraine,repression,67.6,11
2025-07-21,Ukraine,domestic_attack,58.1,11
2025-07-21,Ukraine,war_activity,88.6,15
2025-07-21,Ukraine,external_attack,88.3,15
2025-07-21,Ukraine,regional_spillover,83.1,16
2025-07-22,Ukraine,internal_violence,75.3,13
2025-07-22,Ukraine,repression,67.9,13
2025-07-22,Ukraine,domestic_attack,58.4,11
2025-07-22,Ukraine,war_activity,87.9,15
2025-07-22,Ukraine,external_attack,89.2,16
2025-07-22,Ukraine,regional_spillover,87.3,15
2025-07-23,Ukraine,internal_violence,78.3,12
2025-07-23,Ukraine,repression,66.7,11
2025-07-23,Ukraine,domestic_attack,62.5,10
2025-07-23,Ukraine,war_activity,89.0,16
2025-07-23,Ukraine,external_attack,90.4,16
2025-07-23,Ukraine,regional_spillover,87.1,16
2025-07-24,Ukraine,internal_violence,78.2,12
2025-07-24,Ukraine,repression,68.3,12
2025-07-24,Ukraine,domestic_attack,64.1,11
2025-07-24,Ukraine,war_activity,92.6,15
2025-07-24,Ukraine,external_attack,90.5,16
2025-07-24,Ukraine,regional_spillover,85.5,16
2025-07-25,Ukraine,internal_violence,77.7,14
2025-07-25,Ukraine,repression,68.7,12
2025-07-25,Ukraine,domestic_attack,62.7,10
2025-07-25,Ukraine,war_activity,87.5,16
2025-07-25,Ukraine,external_attack,92.1,15
2025-07-25,Ukraine,regional_spillover,90.5,14
2025-07-26,Ukraine,internal_violence,77.9,12
2025-07-26,Ukraine,repression,70.1,11
2025-07-26,Ukraine,domestic_attack,59.6,10
2025-07-26,Ukraine,war_activity,87.3,16
2025-07-26,Ukraine,external_attack,88.7,16
2025-07-26,Ukraine,regional_spillover,89.9,14
2025-07-27,Ukraine,internal_violence,75.6,11
2025-07-27,Ukraine,repression,69.4,12
2025-07-27,Ukraine,domestic_attack,60.5,11
2025-07-27,Ukraine,war_activity,92.0,16
2025-07-27,Ukraine,external_attack,87.3,15
2025-07-27,Ukraine,regional_spillover,85.0,13
2025-07-28,Ukraine,internal_violence,77.2,12
2025-07-28,Ukraine,repression,67.8,12
2025-07-28,Ukraine,domestic_attack,61.1,9
2025-07-28,Ukraine,war_activity,87.5,16
2025-07-28,Ukraine,external_attack,91.2,17
2025-07-28,Ukraine,regional_spillover,86.2,13
2025-07-29,Ukraine,internal_violence,77.4,12
2025-07-29,Ukraine,repression,69.2,13
2025-07-29,Ukraine,domestic_attack,61.4,10
2025-07-29,Ukraine,war_activity,89.6,15
2025-07-29,Ukraine,external_attack,90.3,14
2025-07-29,Ukraine,regional_spillover,86.6,13
2025-07-30,Ukraine,internal_violence,79.7,13
2025-07-30,Ukraine,repression,68.7,11
2025-07-30,Ukraine,domestic_attack,64.9,11
2025-07-30,Ukraine,war_activity,91.9,17
2025-07-30,Ukraine,external_attack,94.0,17
2025-07-30,Ukraine,regional_spillover,87.3,15
2025-07-31,Ukraine,internal_violence,82.3,14
2025-07-31,Ukraine,repression,74.4,13
2025-07-31,Ukraine,domestic_attack,65.9,10
2025-07-31,Ukraine,war_activity,91.6,15
2025-07-31,Ukraine,external_attack,91.5,16
2025-07-31,Ukraine,regional_spillover,88.7,16
2025-08-01,Ukraine,internal_violence,79.6,13
2025-08-01,Ukraine,repression,70.0,11
2025-08-01,Ukraine,domestic_attack,67.0,11
2025-08-01,Ukraine,war_activity,91.3,15
2025-08-01,Ukraine,external_attack,88.6,17
2025-08-01,Ukraine,regional_spillover,90.1,15
2025-08-02,Ukraine,internal_violence,78.9,14
2025-08-02,Ukraine,repression,68.8,13
2025-08-02,Ukraine,domestic_attack,63.8,12
2025-08-02,Ukraine,war_activity,90.5,14
2025-08-02,Ukraine,external_attack,92.3,16
2025-08-02,Ukraine,regional_spillover,89.5,15
2025-08-03,Ukraine,internal_violence,78.5,13
2025-08-03,Ukraine,repression,72.3,13
2025-08-03,Ukraine,domestic_attack,65.0,10
2025-08-03,Ukraine,war_activity,91.2,15
2025-08-03,Ukraine,external_attack,93.4,16
2025-08-03,Ukraine,regional_spillover,88.6,14
2025-08-04,Ukraine,internal_violence,81.3,15
2025-08-04,Ukraine,repression,72.7,12
2025-08-04,Ukraine,domestic_attack,64.6,10
2025-08-04,Ukraine,war_activity,88.5,16
2025-08-04,Ukraine,external_attack,89.2,15
2025-08-04,Ukraine,regional_spillover,88.9,16
2025-08-05,Ukraine,internal_violence,81.5,15
2025-08-05,Ukraine,repression,69.6,13
2025-08-05,Ukraine,domestic_attack,65.5,12
2025-08-05,Ukraine,war_activity,93.5,15
2025-08-05,Ukraine,external_attack,90.0,15
2025-08-05,Ukraine,regional_spillover,91.6,14
2025-08-06,Ukraine,internal_violence,83.5,13
2025-08-06,Ukraine,repression,72.7,12
2025-08-06,Ukraine,domestic_attack,66.2,10
2025-08-06,Ukraine,war_activity,90.1,15
2025-08-06,Ukraine,external_attack,91.5,15
2025-08-06,Ukraine,regional_spillover,89.2,16
2025-08-07,Ukraine,internal_violence,84.1,14
2025-08-07,Ukraine,repression,75.9,14
2025-08-07,Ukraine,domestic_attack,67.9,11
2025-08-07,Ukraine,war_activity,90.7,16
2025-08-07,Ukraine,external_attack,94.1,17
2025-08-07,Ukraine,regional_spillover,88.8,14
2025-08-08,Ukraine,internal_violence,84.8,15
2025-08-08,Ukraine,repression,74.9,12
2025-08-08,Ukraine,domestic_attack,67.1,12
2025-08-08,Ukraine,war_activity,93.7,17
2025-08-08,Ukraine,external_attack,91.2,16
2025-08-08,Ukraine,regional_spillover,90.6,17
2025-08-09,Ukraine,internal_violence,84.1,15
2025-08-09,Ukraine,repression,71.1,14
2025-08-09,Ukraine,domestic_attack,68.2,11
2025-08-09,Ukraine,war_activity,91.6,16
2025-08-09,Ukraine,external_attack,90.3,14
2025-08-09,Ukraine,regional_spillover,88.9,17
2025-08-10,Ukraine,internal_violence,81.4,13
2025-08-10,Ukraine,repression,69.9,11
2025-08-10,Ukraine,domestic_attack,65.9,12
2025-08-10,Ukraine,war_activity,94.2,15
2025-08-10,Ukraine,external_attack,92.3,16
2025-08-10,Ukraine,regional_spillover,87.8,15
2025-08-11,Ukraine,internal_violence,83.0,14
2025-08-11,Ukraine,repression,70.9,11
2025-08-11,Ukraine,domestic_attack,65.4,12
2025-08-11,Ukraine,war_activity,92.5,15
2025-08-11,Ukraine,external_attack,92.4,16
2025-08-11,Ukraine,regional_spillover,91.6,16
2025-08-12,Ukraine,internal_violence,82.1,15
2025-08-12,Ukraine,repression,71.9,13
2025-08-12,Ukraine,domestic_attack,70.1,13
2025-08-12,Ukraine,war_activity,94.5,15
2025-08-12,Ukraine,external_attack,91.0,15
2025-08-12,Ukraine,regional_spillover,92.2,16
2025-08-13,Ukraine,internal_violence,83.9,15
2025-08-13,Ukraine,repression,77.7,14
2025-08-13,Ukraine,domestic_attack,66.8,10
2025-08-13,Ukraine,war_activity,93.7,16
2025-08-13,Ukraine,external_attack,90.4,16
2025-08-13,Ukraine,regional_spillover,90.7,16
2025-08-14,Ukraine,internal_violence,86.0,15
2025-08-14,Ukraine,repression,75.7,12
2025-08-14,Ukraine,domestic_attack,68.2,13
2025-08-14,Ukraine,war_activity,92.9,16
2025-08-14,Ukraine,external_attack,92.8,16
2025-08-14,Ukraine,regional_spillover,94.0,17
2025-08-15,Ukraine,internal_violence,86.6,14
2025-08-15,Ukraine,repression,78.0,13
2025-08-15,Ukraine,domestic_attack,67.0,11
2025-08-15,Ukraine,war_activity,92.6,14
2025-08-15,Ukraine,external_attack,95.5,17
2025-08-15,Ukraine,regional_spillover,94.2,17
2025-08-16,Ukraine,internal_violence,83.4,13
2025-08-16,Ukraine,repression,76.3,13
2025-08-16,Ukraine,domestic_attack,67.3,12
2025-08-16,Ukraine,war_activity,91.8,16
2025-08-16,Ukraine,external_attack,94.2,17
2025-08-16,Ukraine,regional_spillover,93.8,15
2025-08-17,Ukraine,internal_violence,84.8,16
2025-08-17,Ukraine,repression,75.0,13
2025-08-17,Ukraine,domestic_attack,68.9,12
2025-08-17,Ukraine,war_activity,91.7,16
2025-08-17,Ukraine,external_attack,89.8,15
2025-08-17,Ukraine,regional_spillover,92.1,15
2025-08-18,Ukraine,internal_violence,83.2,15
2025-08-18,Ukraine,repression,75.6,13
2025-08-18,Ukraine,domestic_attack,68.8,12
2025-08-18,Ukraine,war_activity,91.3,16
2025-08-18,Ukraine,external_attack,90.2,15
2025-08-18,Ukraine,regional_spillover,93.3,16
2025-08-19,Ukraine,internal_violence,85.3,13
2025-08-19,Ukraine,repression,76.0,12
2025-08-19,Ukraine,domestic_attack,72.3,13
2025-08-19,Ukraine,war_activity,94.5,15
2025-08-19,Ukraine,external_attack,92.0,16
2025-08-19,Ukraine,regional_spillover,92.9,14
2025-08-20,Ukraine,internal_violence,89.0,16
2025-08-20,Ukraine,repression,79.4,14
2025-08-20,Ukraine,domestic_attack,69.1,12
2025-08-20,Ukraine,war_activity,91.6,16
2025-08-20,Ukraine,external_attack,96.1,17
2025-08-20,Ukraine,regional_spillover,93.5,16
2025-08-21,Ukraine,internal_violence,88.9,15
2025-08-21,Ukraine,repression,79.1,12
2025-08-21,Ukraine,domestic_attack,70.7,11
2025-08-21,Ukraine,war_activity,95.0,16
2025-08-21,Ukraine,external_attack,93.7,17
2025-08-21,Ukraine,regional_spillover,92.1,15
2025-08-22,Ukraine,internal_violence,90.3,16
2025-08-22,Ukraine,repression,79.0,12
2025-08-22,Ukraine,domestic_attack,72.5,12
2025-08-22,Ukraine,war_activity,96.8,17
2025-08-22,Ukraine,external_attack,92.8,17
2025-08-22,Ukraine,regional_spillover,95.9,17
2025-08-23,Ukraine,internal_violence,88.2,15
2025-08-23,Ukraine,repression,77.8,14
2025-08-23,Ukraine,domestic_attack,69.6,11
2025-08-23,Ukraine,war_activity,96.1,17
2025-08-23,Ukraine,external_attack,91.4,16
2025-08-23,Ukraine,regional_spillover,93.5,17
2025-08-24,Ukraine,internal_violence,85.7,15
2025-08-24,Ukraine,repression,76.3,13
2025-08-24,Ukraine,domestic_attack,71.4,12
2025-08-24,Ukraine,war_activity,93.3,15
2025-08-24,Ukraine,external_attack,94.2,16
2025-08-24,Ukraine,regional_spillover,93.0,17
2025-08-25,Ukraine,internal_violence,91.0,16
2025-08-25,Ukraine,repression,77.7,13
2025-08-25,Ukraine,domestic_attack,71.8,13
2025-08-25,Ukraine,war_activity,91.2,17
2025-08-25,Ukraine,external_attack,93.2,17
2025-08-25,Ukraine,regional_spillover,94.3,18
2025-08-26,Ukraine,internal_violence,90.6,16
2025-08-26,Ukraine,repression,77.1,13
2025-08-26,Ukraine,domestic_attack,74.8,14
2025-08-26,Ukraine,war_activity,93.3,17
2025-08-26,Ukraine,external_attack,97.1,18
2025-08-26,Ukraine,regional_spillover,93.3,16
2025-08-27,Ukraine,internal_violence,92.0,17
2025-08-27,Ukraine,repression,82.3,13
2025-08-27,Ukraine,domestic_attack,72.5,14
2025-08-27,Ukraine,war_activity,92.5,14
2025-08-27,Ukraine,external_attack,94.9,15
2025-08-27,Ukraine,regional_spillover,93.6,17
2025-08-28,Ukraine,internal_violence,95.4,17
2025-08-28,Ukraine,repression,82.0,15
2025-08-28,Ukraine,domestic_attack,74.5,13
2025-08-28,Ukraine,war_activity,94.8,16
2025-08-28,Ukraine,external_attack,94.4,17
2025-08-28,Ukraine,regional_spillover,93.4,15
2025-08-29,Ukraine,internal_violence,92.4,15
2025-08-29,Ukraine,repression,82.7,13
2025-08-29,Ukraine,domestic_attack,75.9,13
2025-08-29,Ukraine,war_activity,97.6,17
2025-08-29,Ukraine,external_attack,92.9,15
2025-08-29,Ukraine,regional_spillover,96.5,16
2025-08-30,Ukraine,internal_violence,92.1,16
2025-08-30,Ukraine,repression,82.2,13
2025-08-30,Ukraine,domestic_attack,75.0,14
2025-08-30,Ukraine,war_activity,93.3,16
2025-08-30,Ukraine,external_attack,95.2,18
2025-08-30,Ukraine,regional_spillover,95.9,17
2025-08-31,Ukraine,internal_violence,92.6,16
2025-08-31,Ukraine,repression,78.0,14
2025-08-31,Ukraine,domestic_attack,73.8,13
2025-08-31,Ukraine,war_activity,95.9,17
2025-08-31,Ukraine,external_attack,95.8,17
2025-08-31,Ukraine,regional_spillover,93.9,16
2025-09-01,Ukraine,internal_violence,88.7,14
2025-09-01,Ukraine,repression,82.0,13
2025-09-01,Ukraine,domestic_attack,73.3,12
2025-09-01,Ukraine,war_activity,96.5,18
2025-09-01,Ukraine,external_attack,94.7,15
2025-09-01,Ukraine,regional_spillover,96.1,17
2025-09-02,Ukraine,internal_violence,90.3,16
2025-09-02,Ukraine,repression,82.8,15
2025-09-02,Ukraine,domestic_attack,72.8,11
2025-09-02,Ukraine,war_activity,94.0,15
2025-09-02,Ukraine,external_attack,96.3,16
2025-09-02,Ukraine,regional_spillover,97.4,16
2025-09-03,Ukraine,internal_violence,95.2,16
2025-09-03,Ukraine,repression,82.0,14
2025-09-03,Ukraine,domestic_attack,72.0,12
2025-09-03,Ukraine,war_activity,95.2,15
2025-09-03,Ukraine,external_attack,96.9,15
2025-09-03,Ukraine,regional_spillover,94.7,15
2025-09-04,Ukraine,internal_violence,90.3,16
2025-09-04,Ukraine,repression,84.2,15
2025-09-04,Ukraine,domestic_attack,74.9,12
2025-09-04,Ukraine,war_activity,96.4,17
2025-09-04,Ukraine,external_attack,96.7,17
2025-09-04,Ukraine,regional_spillover,98.8,16
2025-09-05,Ukraine,internal_violence,92.2,17
2025-09-05,Ukraine,repression,81.0,14
2025-09-05,Ukraine,domestic_attack,73.5,11
2025-09-05,Ukraine,war_activity,94.5,16
2025-09-05,Ukraine,external_attack,94.0,16
2025-09-05,Ukraine,regional_spillover,94.0,17
2025-09-06,Ukraine,internal_violence,92.4,17
2025-09-06,Ukraine,repression,83.2,14
2025-09-06,Ukraine,domestic_attack,72.9,14
2025-09-06,Ukraine,war_activity,94.6,16
2025-09-06,Ukraine,external_attack,95.9,15
2025-09-06,Ukraine,regional_spillover,93.8,15
2025-09-07,Ukraine,internal_violence,94.9,18
2025-09-07,Ukraine,repression,81.6,13
2025-09-07,Ukraine,domestic_attack,71.7,12
2025-09-07,Ukraine,war_activity,93.2,14
2025-09-07,Ukraine,external_attack,97.5,18
2025-09-07,Ukraine,regional_spillover,97.8,17
2025-09-08,Ukraine,internal_violence,92.7,14
2025-09-08,Ukraine,repression,84.0,16
2025-09-08,Ukraine,domestic_attack,72.4,11
2025-09-08,Ukraine,war_activity,96.5,17
2025-09-08,Ukraine,external_attack,93.7,15
2025-09-08,Ukraine,regional_spillover,97.6,16
2025-09-09,Ukraine,internal_violence,95.4,18
2025-09-09,Ukraine,repression,79.6,13
2025-09-09,Ukraine,domestic_attack,73.2,12
2025-09-09,Ukraine,war_activity,93.1,16
2025-09-09,Ukraine,external_attack,94.3,15
2025-09-09,Ukraine,regional_spillover,94.6,16
2025-09-10,Ukraine,internal_violence,94.6,15
2025-09-10,Ukraine,repression,80.8,15
2025-09-10,Ukraine,domestic_attack,71.9,12
2025-09-10,Ukraine,war_activity,95.9,17
2025-09-10,Ukraine,external_attack,97.2,18
2025-09-10,Ukraine,regional_spillover,98.1,18
2025-09-11,Ukraine,internal_violence,94.8,15
2025-09-11,Ukraine,repression,84.4,13
2025-09-11,Ukraine,domestic_attack,73.7,11
2025-09-11,Ukraine,war_activity,94.1,17
2025-09-11,Ukraine,external_attack,94.6,15
2025-09-11,Ukraine,regional_spillover,97.6,18
2025-09-12,Ukraine,internal_violence,94.5,18
2025-09-12,Ukraine,repression,82.9,14
2025-09-12,Ukraine,domestic_attack,75.7,13
2025-09-12,Ukraine,war_activity,95.8,17
2025-09-12,Ukraine,external_attack,96.1,17
2025-09-12,Ukraine,regional_spillover,93.7,16
2025-09-13,Ukraine,internal_violence,91.2,14
2025-09-13,Ukraine,repression,79.7,14
2025-09-13,Ukraine,domestic_attack,74.5,14
2025-09-13,Ukraine,war_activity,97.2,17
2025-09-13,Ukraine,external_attack,93.4,15
2025-09-13,Ukraine,regional_spillover,96.3,17
2025-09-14,Ukraine,internal_violence,94.7,17
2025-09-14,Ukraine,repression,81.6,13
2025-09-14,Ukraine,domestic_attack,74.7,14
2025-09-14,Ukraine,war_activity,93.2,17
2025-09-14,Ukraine,external_attack,95.1,16
2025-09-14,Ukraine,regional_spillover,93.4,16
2025-09-15,Ukraine,internal_violence,94.5,16
2025-09-15,Ukraine,repression,81.0,14
2025-09-15,Ukraine,domestic_attack,75.3,12
2025-09-15,Ukraine,war_activity,97.4,16
2025-09-15,Ukraine,external_attack,93.4,17
2025-09-15,Ukraine,regional_spillover,97.7,18
2025-09-16,Ukraine,internal_violence,93.4,16
2025-09-16,Ukraine,repression,85.0,13
2025-09-16,Ukraine,domestic_attack,76.1,14
2025-09-16,Ukraine,war_activity,94.1,15
2025-09-16,Ukraine,external_attack,95.2,17
2025-09-16,Ukraine,regional_spillover,96.7,16
2025-09-17,Ukraine,internal_violence,92.3,15
2025-09-17,Ukraine,repression,82.5,15
2025-09-17,Ukraine,domestic_attack,72.2,14
2025-09-17,Ukraine,war_activity,94.8,15
2025-09-17,Ukraine,external_attack,95.6,16
2025-09-17,Ukraine,regional_spillover,98.7,16
2025-09-18,Ukraine,internal_violence,95.5,18
2025-09-18,Ukraine,repression,82.7,15
2025-09-18,Ukraine,domestic_attack,76.6,12
2025-09-18,Ukraine,war_activity,94.1,17
2025-09-18,Ukraine,external_attack,95.4,18
2025-09-18,Ukraine,regional_spillover,94.6,17
2025-09-19,Ukraine,internal_violence,92.8,15
2025-09-19,Ukraine,repression,80.4,14
2025-09-19,Ukraine,domestic_attack,77.2,14
2025-09-19,Ukraine,war_activity,96.6,16
2025-09-19,Ukraine,external_attack,97.1,18
2025-09-19,Ukraine,regional_spillover,98.1,16
2025-09-20,Ukraine,internal_violence,94.7,17
2025-09-20,Ukraine,repression,80.0,13
2025-09-20,Ukraine,domestic_attack,73.1,14
2025-09-20,Ukraine,war_activity,94.5,15
2025-09-20,Ukraine,external_attack,97.9,16
2025-09-20,Ukraine,regional_spillover,94.5,18
2025-09-21,Ukraine,internal_violence,93.7,15
2025-09-21,Ukraine,repression,79.4,12
2025-09-21,Ukraine,domestic_attack,75.4,13
2025-09-21,Ukraine,war_activity,95.1,17
2025-09-21,Ukraine,external_attack,95.0,16
2025-09-21,Ukraine,regional_spillover,94.7,17
2025-09-22,Ukraine,internal_violence,91.5,16
2025-09-22,Ukraine,repression,82.0,14
2025-09-22,Ukraine,domestic_attack,72.6,11
2025-09-22,Ukraine,war_activity,93.3,16
2025-09-22,Ukraine,external_attack,93.9,15
2025-09-22,Ukraine,regional_spillover,96.5,17
2025-09-23,Ukraine,internal_violence,93.9,17
2025-09-23,Ukraine,repression,83.7,16
2025-09-23,Ukraine,domestic_attack,75.3,14
2025-09-23,Ukraine,war_activity,93.6,16
2025-09-23,Ukraine,external_attack,96.3,16
2025-09-23,Ukraine,regional_spillover,94.3,17
2025-09-24,Ukraine,internal_violence,90.7,15
2025-09-24,Ukraine,repression,83.7,13
2025-09-24,Ukraine,domestic_attack,75.5,14
2025-09-24,Ukraine,war_activity,95.1,16
2025-09-24,Ukraine,external_attack,96.2,15
2025-09-24,Ukraine,regional_spillover,97.4,16
2025-09-25,Ukraine,internal_violence,94.0,17
2025-09-25,Ukraine,repression,81.2,13
2025-09-25,Ukraine,domestic_attack,72.5,12
2025-09-25,Ukraine,war_activity,92.5,15
2025-09-25,Ukraine,external_attack,95.0,16
2025-09-25,Ukraine,regional_spillover,94.3,15
2025-09-26,Ukraine,internal_violence,91.8,16
2025-09-26,Ukraine,repression,83.3,13
2025-09-26,Ukraine,domestic_attack,73.3,14
2025-09-26,Ukraine,war_activity,95.3,17
2025-09-26,Ukraine,external_attack,97.1,16
2025-09-26,Ukraine,regional_spillover,94.9,16
2025-09-27,Ukraine,internal_violence,90.0,16
2025-09-27,Ukraine,repression,79.2,14
2025-09-27,Ukraine,domestic_attack,72.4,12
2025-09-27,Ukraine,war_activity,93.2,16
2025-09-27,Ukraine,external_attack,96.8,16
2025-09-27,Ukraine,regional_spillover,96.9,18
2025-09-28,Ukraine,internal_violence,91.7,17
2025-09-28,Ukraine,repression,78.4,13
2025-09-28,Ukraine,domestic_attack,73.8,12
2025-09-28,Ukraine,war_activity,96.5,16
2025-09-28,Ukraine,external_attack,96.6,18
2025-09-28,Ukraine,regional_spillover,92.3,17
2025-09-29,Ukraine,internal_violence,89.3,16
2025-09-29,Ukraine,repression,80.7,14
2025-09-29,Ukraine,domestic_attack,73.5,12
2025-09-29,Ukraine,war_activity,93.3,16
2025-09-29,Ukraine,external_attack,93.2,14
2025-09-29,Ukraine,regional_spillover,96.4,18
2025-09-30,Ukraine,internal_violence,89.5,16
2025-09-30,Ukraine,repression,79.7,15
2025-09-30,Ukraine,domestic_attack,73.1,14
2025-09-30,Ukraine,war_activity,96.6,16
2025-09-30,Ukraine,external_attack,97.2,17
2025-09-30,Ukraine,regional_spillover,95.8,16
2025-10-01,Ukraine,internal_violence,92.9,14
2025-10-01,Ukraine,repression,82.8,15
2025-10-01,Ukraine,domestic_attack,71.7,14
2025-10-01,Ukraine,war_activity,92.0,16
2025-10-01,Ukraine,external_attack,94.4,15
2025-10-01,Ukraine,regional_spillover,96.6,16
2025-10-02,Ukraine,internal_violence,94.4,17
2025-10-02,Ukraine,repression,79.4,13
2025-10-02,Ukraine,domestic_attack,75.9,13
2025-10-02,Ukraine,war_activity,94.9,16
2025-10-02,Ukraine,external_attack,95.6,17
2025-10-02,Ukraine,regional_spillover,96.3,18
2025-10-03,Ukraine,internal_violence,88.4,16
2025-10-03,Ukraine,repression,78.8,14
2025-10-03,Ukraine,domestic_attack,72.9,12
2025-10-03,Ukraine,war_activity,93.1,16
2025-10-03,Ukraine,external_attack,95.8,17
2025-10-03,Ukraine,regional_spillover,92.0,16
2025-10-04,Ukraine,internal_violence,87.3,13
2025-10-04,Ukraine,repression,80.5,12
2025-10-04,Ukraine,domestic_attack,67.9,12
2025-10-04,Ukraine,war_activity,92.5,17
2025-10-04,Ukraine,external_attack,94.5,16
2025-10-04,Ukraine,regional_spillover,94.5,15
2025-10-05,Ukraine,internal_violence,88.7,16
2025-10-05,Ukraine,repression,75.2,13
2025-10-05,Ukraine,domestic_attack,69.0,12
2025-10-05,Ukraine,war_activity,94.5,18
2025-10-05,Ukraine,external_attack,91.5,17
2025-10-05,Ukraine,regional_spillover,90.1,16
2025-10-06,Ukraine,internal_violence,87.2,13
2025-10-06,Ukraine,repression,78.7,14
2025-10-06,Ukraine,domestic_attack,68.1,10
2025-10-06,Ukraine,war_activity,91.5,15
2025-10-06,Ukraine,external_attack,93.4,17
2025-10-06,Ukraine,regional_spillover,94.4,15
2025-10-07,Ukraine,internal_violence,88.8,14
2025-10-07,Ukraine,repression,78.7,12
2025-10-07,Ukraine,domestic_attack,72.7,11
2025-10-07,Ukraine,war_activity,93.3,17
2025-10-07,Ukraine,external_attack,92.5,17
2025-10-07,Ukraine,regional_spillover,91.2,15
2025-10-08,Ukraine,internal_violence,87.4,14
2025-10-08,Ukraine,repression,76.8,13
2025-10-08,Ukraine,domestic_attack,69.4,11
2025-10-08,Ukraine,war_activity,92.7,17
2025-10-08,Ukraine,external_attack,95.6,16
2025-10-08,Ukraine,regional_spillover,91.8,16
2025-10-09,Ukraine,internal_violence,89.9,14
2025-10-09,Ukraine,repression,78.9,12
2025-10-09,Ukraine,domestic_attack,70.1,12
2025-10-09,Ukraine,war_activity,95.4,15
2025-10-09,Ukraine,external_attack,92.3,16
2025-10-09,Ukraine,regional_spillover,94.1,17
2025-10-10,Ukraine,internal_violence,89.5,15
2025-10-10,Ukraine,repression,77.1,14
2025-10-10,Ukraine,domestic_attack,71.8,11
2025-10-10,Ukraine,war_activity,94.1,17
2025-10-10,Ukraine,external_attack,93.7,17
2025-10-10,Ukraine,regional_spillover,95.0,16
2025-10-11,Ukraine,internal_violence,84.8,14
2025-10-11,Ukraine,repression,75.1,13
2025-10-11,Ukraine,domestic_attack,66.5,11
2025-10-11,Ukraine,war_activity,91.8,15
2025-10-11,Ukraine,external_attack,90.2,17
2025-10-11,Ukraine,regional_spillover,93.1,14
2025-10-12,Ukraine,internal_violence,83.1,14
2025-10-12,Ukraine,repression,72.0,13
2025-10-12,Ukraine,domestic_attack,65.2,10
2025-10-12,Ukraine,war_activity,90.2,17
2025-10-12,Ukraine,external_attack,93.8,17
2025-10-12,Ukraine,regional_spillover,89.9,15
2025-10-13,Ukraine,internal_violence,82.1,15
2025-10-13,Ukraine,repression,73.2,12
2025-10-13,Ukraine,domestic_attack,65.2,12
2025-10-13,Ukraine,war_activity,92.5,16
2025-10-13,Ukraine,external_attack,90.4,14
2025-10-13,Ukraine,regional_spillover,89.1,15
2025-10-14,Ukraine,internal_violence,85.9,14
2025-10-14,Ukraine,repression,77.4,14
2025-10-14,Ukraine,domestic_attack,67.7,13
2025-10-14,Ukraine,war_activity,90.2,15
2025-10-14,Ukraine,external_attack,90.0,14
2025-10-14,Ukraine,regional_spillover,89.6,14
2025-10-15,Ukraine,internal_violence,88.1,14
2025-10-15,Ukraine,repression,78.6,14
2025-10-15,Ukraine,domestic_attack,68.1,11
2025-10-15,Ukraine,war_activity,92.1,15
2025-10-15,Ukraine,external_attack,91.6,16
2025-10-15,Ukraine,regional_spillover,89.5,15
2025-10-16,Ukraine,internal_violence,87.5,16
2025-10-16,Ukraine,repression,75.9,12
2025-10-16,Ukraine,domestic_attack,66.0,10
2025-10-16,Ukraine,war_activity,90.4,15
2025-10-16,Ukraine,external_attack,90.8,15
2025-10-16,Ukraine,regional_spillover,90.2,15
2025-10-17,Ukraine,internal_violence,85.3,14
2025-10-17,Ukraine,repression,75.5,13
2025-10-17,Ukraine,domestic_attack,67.2,13
2025-10-17,Ukraine,war_activity,94.0,15
2025-10-17,Ukraine,external_attack,91.3,16
2025-10-17,Ukraine,regional_spillover,88.7,14
2025-10-18,Ukraine,internal_violence,80.2,12
2025-10-18,Ukraine,repression,75.6,12
2025-10-18,Ukraine,domestic_attack,65.3,12
2025-10-18,Ukraine,war_activity,89.3,15
2025-10-18,Ukraine,external_attack,92.0,16
2025-10-18,Ukraine,regional_spillover,88.0,14
2025-10-19,Ukraine,internal_violence,81.3,15
2025-10-19,Ukraine,repression,69.5,13
2025-10-19,Ukraine,domestic_attack,62.5,10
2025-10-19,Ukraine,war_activity,89.5,15
2025-10-19,Ukraine,external_attack,94.2,15
2025-10-19,Ukraine,regional_spillover,89.5,14
2025-10-20,Ukraine,internal_violence,80.7,13
2025-10-20,Ukraine,repression,73.3,14
2025-10-20,Ukraine,domestic_attack,65.5,12
2025-10-20,Ukraine,war_activity,91.1,16
2025-10-20,Ukraine,external_attack,89.4,14
2025-10-20,Ukraine,regional_spillover,87.6,16
2025-10-21,Ukraine,internal_violence,85.4,13
2025-10-21,Ukraine,repression,74.7,12
2025-10-21,Ukraine,domestic_attack,67.1,11
2025-10-21,Ukraine,war_activity,93.2,17
2025-10-21,Ukraine,external_attack,89.8,15
2025-10-21,Ukraine,regional_spillover,90.3,17
2025-10-22,Ukraine,internal_violence,83.5,15
2025-10-22,Ukraine,repression,72.0,11
2025-10-22,Ukraine,domestic_attack,69.4,12
2025-10-22,Ukraine,war_activity,91.6,15
2025-10-22,Ukraine,external_attack,91.1,14
2025-10-22,Ukraine,regional_spillover,90.8,15
2025-10-23,Ukraine,internal_violence,83.3,15
2025-10-23,Ukraine,repression,75.9,13
2025-10-23,Ukraine,domestic_attack,67.2,12
2025-10-23,Ukraine,war_activity,90.4,14
2025-10-23,Ukraine,external_attack,90.8,17
2025-10-23,Ukraine,regional_spillover,89.7,14
2025-10-24,Ukraine,internal_violence,84.8,15
2025-10-24,Ukraine,repression,73.8,12
2025-10-24,Ukraine,domestic_attack,67.6,12
2025-10-24,Ukraine,war_activity,90.0,16
2025-10-24,Ukraine,external_attack,90.6,16
2025-10-24,Ukraine,regional_spillover,88.5,14
2025-10-25,Ukraine,internal_violence,83.1,13
2025-10-25,Ukraine,repression,73.5,13
2025-10-25,Ukraine,domestic_attack,65.4,10
2025-10-25,Ukraine,war_activity,89.2,16
2025-10-25,Ukraine,external_attack,90.8,15
2025-10-25,Ukraine,regional_spillover,88.7,15
2025-10-26,Ukraine,internal_violence,80.9,13
2025-10-26,Ukraine,repression,72.4,12
2025-10-26,Ukraine,domestic_attack,62.3,9
2025-10-26,Ukraine,war_activity,89.9,16
2025-10-26,Ukraine,external_attack,92.5,16
2025-10-26,Ukraine,regional_spillover,91.0,16
2025-10-27,Ukraine,internal_violence,80.7,15
2025-10-27,Ukraine,repression,69.0,12
2025-10-27,Ukraine,domestic_attack,62.3,10
2025-10-27,Ukraine,war_activity,92.0,14
2025-10-27,Ukraine,external_attack,89.7,15
2025-10-27,Ukraine,regional_spillover,91.3,16
2025-10-28,Ukraine,internal_violence,83.1,14
2025-10-28,Ukraine,repression,71.9,11
2025-10-28,Ukraine,domestic_attack,66.2,11
2025-10-28,Ukraine,war_activity,93.2,16
2025-10-28,Ukraine,external_attack,93.3,15
2025-10-28,Ukraine,regional_spillover,91.8,17
2025-10-29,Ukraine,internal_violence,80.4,13
2025-10-29,Ukraine,repression,71.1,13
2025-10-29,Ukraine,domestic_attack,67.2,11
2025-10-29,Ukraine,war_activity,92.2,17
2025-10-29,Ukraine,external_attack,93.5,15
2025-10-29,Ukraine,regional_spillover,93.1,17
2025-10-30,Ukraine,internal_violence,83.0,15
2025-10-30,Ukraine,repression,71.3,11
2025-10-30,Ukraine,domestic_attack,65.0,10
2025-10-30,Ukraine,war_activity,94.6,18
2025-10-30,Ukraine,external_attack,93.3,15
2025-10-30,Ukraine,regional_spillover,90.4,16
2025-10-31,Ukraine,internal_violence,82.7,13
2025-10-31,Ukraine,repression,70.8,12
2025-10-31,Ukraine,domestic_attack,64.2,10
2025-10-31,Ukraine,war_activity,93.3,17
2025-10-31,Ukraine,external_attack,90.9,15
2025-10-31,Ukraine,regional_spillover,92.5,16
2025-11-01,Ukraine,internal_violence,80.9,15
2025-11-01,Ukraine,repression,70.8,11
2025-11-01,Ukraine,domestic_attack,66.1,11
2025-11-01,Ukraine,war_activity,92.1,17
2025-11-01,Ukraine,external_attack,91.8,16
2025-11-01,Ukraine,regional_spillover,90.5,15
2025-11-02,Ukraine,internal_violence,79.9,13
2025-11-02,Ukraine,repression,68.9,11
2025-11-02,Ukraine,domestic_attack,65.2,11
2025-11-02,Ukraine,war_activity,88.6,15
2025-11-02,Ukraine,external_attack,88.7,16
2025-11-02,Ukraine,regional_spillover,88.5,14
2025-11-03,Ukraine,internal_violence,80.4,14
2025-11-03,Ukraine,repression,68.9,13
2025-11-03,Ukraine,domestic_attack,64.2,11
2025-11-03,Ukraine,war_activity,89.4,16
2025-11-03,Ukraine,external_attack,91.1,15
2025-11-03,Ukraine,regional_spillover,85.9,15
2025-11-04,Ukraine,internal_violence,81.0,14
2025-11-04,Ukraine,repression,71.5,12
2025-11-04,Ukraine,domestic_attack,62.2,11
2025-11-04,Ukraine,war_activity,88.7,15
2025-11-04,Ukraine,external_attack,93.6,17
2025-11-04,Ukraine,regional_spillover,92.0,14
2025-11-05,Ukraine,internal_violence,84.8,15
2025-11-05,Ukraine,repression,72.8,11
2025-11-05,Ukraine,domestic_attack,64.6,10
2025-11-05,Ukraine,war_activity,93.1,15
2025-11-05,Ukraine,external_attack,91.8,15
2025-11-05,Ukraine,regional_spillover,88.5,17
2025-11-06,Ukraine,internal_violence,84.7,16
2025-11-06,Ukraine,repression,71.0,11
2025-11-06,Ukraine,domestic_attack,66.2,13
2025-11-06,Ukraine,war_activity,94.4,16
2025-11-06,Ukraine,external_attack,90.6,14
2025-11-06,Ukraine,regional_spillover,92.6,16
2025-11-07,Ukraine,internal_violence,82.1,15
2025-11-07,Ukraine,repression,72.0,12
2025-11-07,Ukraine,domestic_attack,67.4,11
2025-11-07,Ukraine,war_activity,92.7,15
2025-11-07,Ukraine,external_attack,91.4,16
2025-11-07,Ukraine,regional_spillover,92.4,15
2025-11-08,Ukraine,internal_violence,80.6,15
2025-11-08,Ukraine,repression,68.7,12
2025-11-08,Ukraine,domestic_attack,65.1,12
2025-11-08,Ukraine,war_activity,90.2,15
2025-11-08,Ukraine,external_attack,91.0,17
2025-11-08,Ukraine,regional_spillover,87.0,16
2025-11-09,Ukraine,internal_violence,79.6,13
2025-11-09,Ukraine,repression,70.5,12
2025-11-09,Ukraine,domestic_attack,60.7,10
2025-11-09,Ukraine,war_activity,92.6,16
2025-11-09,Ukraine,external_attack,88.7,15
2025-11-09,Ukraine,regional_spillover,86.8,15
2025-11-10,Ukraine,internal_violence,81.6,12
2025-11-10,Ukraine,repression,71.9,12
2025-11-10,Ukraine,domestic_attack,63.0,12
2025-11-10,Ukraine,war_activity,92.9,16
2025-11-10,Ukraine,external_attack,91.0,14
2025-11-10,Ukraine,regional_spillover,86.2,14
2025-11-11,Ukraine,internal_violence,83.1,15
2025-11-11,Ukraine,repression,72.6,12
2025-11-11,Ukraine,domestic_attack,63.8,10
2025-11-11,Ukraine,war_activity,88.8,14
2025-11-11,Ukraine,external_attack,89.7,17
2025-11-11,Ukraine,regional_spillover,89.5,15
2025-11-12,Ukraine,internal_violence,79.9,14
2025-11-12,Ukraine,repression,71.9,11
2025-11-12,Ukraine,domestic_attack,63.6,12
2025-11-12,Ukraine,war_activity,93.3,17
2025-11-12,Ukraine,external_attack,92.1,16
2025-11-12,Ukraine,regional_spillover,90.2,16
2025-11-13,Ukraine,internal_violence,84.7,16
2025-11-13,Ukraine,repression,74.9,13
2025-11-13,Ukraine,domestic_attack,68.5,11
2025-11-13,Ukraine,war_activity,91.2,16
2025-11-13,Ukraine,external_attack,94.6,16
2025-11-13,Ukraine,regional_spillover,91.7,15
2025-11-14,Ukraine,internal_violence,81.2,13
2025-11-14,Ukraine,repression,72.5,14
2025-11-14,Ukraine,domestic_attack,67.1,12
2025-11-14,Ukraine,war_activity,93.7,16
2025-11-14,Ukraine,external_attack,92.2,14
2025-11-14,Ukraine,regional_spillover,90.4,15
2025-11-15,Ukraine,internal_violence,78.4,15
2025-11-15,Ukraine,repression,71.4,12
2025-11-15,Ukraine,domestic_attack,66.1,12
2025-11-15,Ukraine,war_activity,88.4,16
2025-11-15,Ukraine,external_attack,91.6,16
2025-11-15,Ukraine,regional_spillover,90.4,15
2025-11-16,Ukraine,internal_violence,77.0,14
2025-11-16,Ukraine,repression,67.6,10
2025-11-16,Ukraine,domestic_attack,62.3,10
2025-11-16,Ukraine,war_activity,87.8,16
2025-11-16,Ukraine,external_attack,91.4,16
2025-11-16,Ukraine,regional_spillover,86.7,16
2025-11-17,Ukraine,internal_violence,79.5,13
2025-11-17,Ukraine,repression,71.5,13
2025-11-17,Ukraine,domestic_attack,63.3,10
2025-11-17,Ukraine,war_activity,90.4,17
2025-11-17,Ukraine,external_attack,92.0,15
2025-11-17,Ukraine,regional_spillover,86.7,15
2025-11-18,Ukraine,internal_violence,77.6,12
2025-11-18,Ukraine,repression,71.3,12
2025-11-18,Ukraine,domestic_attack,64.9,11
2025-11-18,Ukraine,war_activity,92.8,17
2025-11-18,Ukraine,external_attack,92.6,17
2025-11-18,Ukraine,regional_spillover,91.0,15
2025-11-19,Ukraine,internal_violence,79.1,14
2025-11-19,Ukraine,repression,73.6,12
2025-11-19,Ukraine,domestic_attack,65.7,11
2025-11-19,Ukraine,war_activity,92.9,16
2025-11-19,Ukraine,external_attack,89.8,16
2025-11-19,Ukraine,regional_spillover,88.0,13
2025-11-20,Ukraine,internal_violence,82.8,16
2025-11-20,Ukraine,repression,74.3,12
2025-11-20,Ukraine,domestic_attack,67.4,11
2025-11-20,Ukraine,war_activity,90.4,15
2025-11-20,Ukraine,external_attack,92.4,17
2025-11-20,Ukraine,regional_spillover,87.8,15
2025-11-21,Ukraine,internal_violence,83.4,14
2025-11-21,Ukraine,repression,72.0,11
2025-11-21,Ukraine,domestic_attack,64.4,10
2025-11-21,Ukraine,war_activity,92.5,15
2025-11-21,Ukraine,external_attack,92.6,17
2025-11-21,Ukraine,regional_spillover,88.4,15
2025-11-22,Ukraine,internal_violence,81.5,15
2025-11-22,Ukraine,repression,68.3,12
2025-11-22,Ukraine,domestic_attack,61.9,12
2025-11-22,Ukraine,war_activity,90.0,15
2025-11-22,Ukraine,external_attack,92.7,16
2025-11-22,Ukraine,regional_spillover,90.5,15
2025-11-23,Ukraine,internal_violence,75.3,11
2025-11-23,Ukraine,repression,68.1,11
2025-11-23,Ukraine,domestic_attack,60.9,9
2025-11-23,Ukraine,war_activity,88.0,14
2025-11-23,Ukraine,external_attack,88.9,17
2025-11-23,Ukraine,regional_spillover,85.6,14
2025-11-24,Ukraine,internal_violence,78.5,12
2025-11-24,Ukraine,repression,70.8,11
2025-11-24,Ukraine,domestic_attack,61.6,10
2025-11-24,Ukraine,war_activity,88.0,16
2025-11-24,Ukraine,external_attack,89.8,16
2025-11-24,Ukraine,regional_spillover,86.9,15
2025-11-25,Ukraine,internal_violence,81.2,14
2025-11-25,Ukraine,repression,68.4,12
2025-11-25,Ukraine,domestic_attack,62.2,11
2025-11-25,Ukraine,war_activity,88.9,16
2025-11-25,Ukraine,external_attack,88.3,15
2025-11-25,Ukraine,regional_spillover,87.3,14
2025-11-26,Ukraine,internal_violence,78.6,14
2025-11-26,Ukraine,repression,69.1,10
2025-11-26,Ukraine,domestic_attack,65.2,12
2025-11-26,Ukraine,war_activity,89.8,14
2025-11-26,Ukraine,external_attack,89.0,17
2025-11-26,Ukraine,regional_spillover,88.5,15
2025-11-27,Ukraine,internal_violence,79.0,14
2025-11-27,Ukraine,repression,71.0,14
2025-11-27,Ukraine,domestic_attack,66.8,12
2025-11-27,Ukraine,war_activity,90.6,17
2025-11-27,Ukraine,external_attack,91.6,16
2025-11-27,Ukraine,regional_spillover,92.0,16
2025-11-28,Ukraine,internal_violence,79.1,14
2025-11-28,Ukraine,repression,71.1,12
2025-11-28,Ukraine,domestic_attack,63.2,10
2025-11-28,Ukraine,war_activity,89.9,14
2025-11-28,Ukraine,external_attack,88.6,17
2025-11-28,Ukraine,regional_spillover,90.8,16
2025-11-29,Ukraine,internal_violence,75.3,13
2025-11-29,Ukraine,repression,70.3,13
2025-11-29,Ukraine,domestic_attack,64.6,10
2025-11-29,Ukraine,war_activity,88.2,14
2025-11-29,Ukraine,external_attack,87.6,15
2025-11-29,Ukraine,regional_spillover,87.6,14
2025-11-30,Ukraine,internal_violence,77.3,12
2025-11-30,Ukraine,repression,66.6,11
2025-11-30,Ukraine,domestic_attack,58.4,10
2025-11-30,Ukraine,war_activity,88.3,15
2025-11-30,Ukraine,external_attack,92.3,15
2025-11-30,Ukraine,regional_spillover,85.4,14
2025-12-01,Ukraine,internal_violence,74.3,14
2025-12-01,Ukraine,repression,69.7,11
2025-12-01,Ukraine,domestic_attack,58.6,11
2025-12-01,Ukraine,war_activity,87.0,15
2025-12-01,Ukraine,external_attack,90.0,16
2025-12-01,Ukraine,regional_spillover,85.5,15
2025-12-02,Ukraine,internal_violence,77.8,12
2025-12-02,Ukraine,repression,67.7,13
2025-12-02,Ukraine,domestic_attack,64.0,12
2025-12-02,Ukraine,war_activity,92.3,15
2025-12-02,Ukraine,external_attack,87.8,14
2025-12-02,Ukraine,regional_spillover,89.8,14
2025-12-03,Ukraine,internal_violence,80.8,13
2025-12-03,Ukraine,repression,69.1,12
2025-12-03,Ukraine,domestic_attack,63.7,12
2025-12-03,Ukraine,war_activity,90.4,16
2025-12-03,Ukraine,external_attack,88.3,14
2025-12-03,Ukraine,regional_spillover,89.9,14
2025-12-04,Ukraine,internal_violence,78.0,14
2025-12-04,Ukraine,repression,71.8,13
2025-12-04,Ukraine,domestic_attack,63.2,11
2025-12-04,Ukraine,war_activity,88.3,14
2025-12-04,Ukraine,external_attack,93.1,15
2025-12-04,Ukraine,regional_spillover,85.6,13
2025-12-05,Ukraine,internal_violence,75.6,14
2025-12-05,Ukraine,repression,68.9,12
2025-12-05,Ukraine,domestic_attack,64.2,9
2025-12-05,Ukraine,war_activity,91.8,15
2025-12-05,Ukraine,external_attack,87.6,14
2025-12-05,Ukraine,regional_spillover,90.4,14
2025-12-06,Ukraine,internal_violence,77.9,13
2025-12-06,Ukraine,repression,65.7,12
2025-12-06,Ukraine,domestic_attack,61.9,11
2025-12-06,Ukraine,war_activity,87.3,14
2025-12-06,Ukraine,external_attack,90.9,16
2025-12-06,Ukraine,regional_spillover,89.2,14
2025-12-07,Ukraine,internal_violence,75.6,14
2025-12-07,Ukraine,repression,65.5,13
2025-12-07,Ukraine,domestic_attack,56.8,9
2025-12-07,Ukraine,war_activity,88.0,15
2025-12-07,Ukraine,external_attack,90.6,15
2025-12-07,Ukraine,regional_spillover,86.1,16
2025-12-08,Ukraine,internal_violence,72.1,12
2025-12-08,Ukraine,repression,64.4,10
2025-12-08,Ukraine,domestic_attack,61.9,10
2025-12-08,Ukraine,war_activity,87.7,14
2025-12-08,Ukraine,external_attack,90.7,15
2025-12-08,Ukraine,regional_spillover,87.3,16
2025-12-09,Ukraine,internal_violence,74.2,14
2025-12-09,Ukraine,repression,67.9,10
2025-12-09,Ukraine,domestic_attack,58.5,9
2025-12-09,Ukraine,war_activity,89.7,15
2025-12-09,Ukraine,external_attack,91.5,15
2025-12-09,Ukraine,regional_spillover,87.2,16
2025-12-10,Ukraine,internal_violence,74.7,14
2025-12-10,Ukraine,repression,67.2,11
2025-12-10,Ukraine,domestic_attack,62.1,10
2025-12-10,Ukraine,war_activity,89.0,14
2025-12-10,Ukraine,external_attack,92.3,17
2025-12-10,Ukraine,regional_spillover,89.7,15
2025-12-11,Ukraine,internal_violence,76.2,13
2025-12-11,Ukraine,repression,65.7,11
2025-12-11,Ukraine,domestic_attack,63.8,11
2025-12-11,Ukraine,war_activity,89.3,16
2025-12-11,Ukraine,external_attack,88.0,14
2025-12-11,Ukraine,regional_spillover,89.3,15
2025-12-12,Ukraine,internal_violence,75.0,14
2025-12-12,Ukraine,repression,65.2,10
2025-12-12,Ukraine,domestic_attack,60.2,9
2025-12-12,Ukraine,war_activity,91.1,15
2025-12-12,Ukraine,external_attack,88.4,15
2025-12-12,Ukraine,regional_spillover,87.4,15
2025-12-13,Ukraine,internal_violence,76.1,13
2025-12-13,Ukraine,repression,65.8,12
2025-12-13,Ukraine,domestic_attack,57.2,8
2025-12-13,Ukraine,war_activity,88.2,16
2025-12-13,Ukraine,external_attack,91.1,16
2025-12-13,Ukraine,regional_spillover,83.1,15
2025-12-14,Ukraine,internal_violence,73.0,13
2025-12-14,Ukraine,repression,61.8,9
2025-12-14,Ukraine,domestic_attack,57.3,11
2025-12-14,Ukraine,war_activity,91.0,17
2025-12-14,Ukraine,external_attack,86.9,13
2025-12-14,Ukraine,regional_spillover,87.1,14
2025-12-15,Ukraine,internal_violence,75.5,13
2025-12-15,Ukraine,repression,65.5,11
2025-12-15,Ukraine,domestic_attack,60.8,10
2025-12-15,Ukraine,war_activity,90.2,14
2025-12-15,Ukraine,external_attack,89.5,14
2025-12-15,Ukraine,regional_spillover,87.5,14
2025-12-16,Ukraine,internal_violence,75.3,11
2025-12-16,Ukraine,repression,68.3,12
2025-12-16,Ukraine,domestic_attack,58.3,11
2025-12-16,Ukraine,war_activity,88.9,16
2025-12-16,Ukraine,external_attack,91.4,15
2025-12-16,Ukraine,regional_spillover,84.7,16
2025-12-17,Ukraine,internal_violence,78.5,15
2025-12-17,Ukraine,repression,69.1,12
2025-12-17,Ukraine,domestic_attack,62.9,12
2025-12-17,Ukraine,war_activity,87.2,16
2025-12-17,Ukraine,external_attack,91.2,16
2025-12-17,Ukraine,regional_spillover,88.9,16
2025-12-18,Ukraine,internal_violence,75.3,13
2025-12-18,Ukraine,repression,68.0,13
2025-12-18,Ukraine,domestic_attack,60.2,10
2025-12-18,Ukraine,war_activity,90.5,14
2025-12-18,Ukraine,external_attack,92.3,14
2025-12-18,Ukraine,regional_spillover,84.6,14
2025-12-19,Ukraine,internal_violence,75.6,12
2025-12-19,Ukraine,repression,64.7,10
2025-12-19,Ukraine,domestic_attack,61.0,12
2025-12-19,Ukraine,war_activity,91.4,15
2025-12-19,Ukraine,external_attack,88.5,14
2025-12-19,Ukraine,regional_spillover,87.4,14
2025-12-20,Ukraine,internal_violence,70.4,12
2025-12-20,Ukraine,repression,65.8,12
2025-12-20,Ukraine,domestic_attack,60.9,10
2025-12-20,Ukraine,war_activity,86.9,15
2025-12-20,Ukraine,external_attack,86.7,14
2025-12-20,Ukraine,regional_spillover,82.5,15
2025-12-21,Ukraine,internal_violence,72.7,11
2025-12-21,Ukraine,repression,66.0,12
2025-12-21,Ukraine,domestic_attack,58.7,11
2025-12-21,Ukraine,war_activity,86.1,13
2025-12-21,Ukraine,external_attack,89.9,15
2025-12-21,Ukraine,regional_spillover,86.5,15
2025-12-22,Ukraine,internal_violence,71.1,13
2025-12-22,Ukraine,repression,62.2,10
2025-12-22,Ukraine,domestic_attack,60.1,10
2025-12-22,Ukraine,war_activity,88.3,14
2025-12-22,Ukraine,external_attack,90.7,15
2025-12-22,Ukraine,regional_spillover,87.3,16
2025-12-23,Ukraine,internal_violence,71.2,13
2025-12-23,Ukraine,repression,64.8,10
2025-12-23,Ukraine,domestic_attack,59.9,9
2025-12-23,Ukraine,war_activity,91.4,16
2025-12-23,Ukraine,external_attack,91.4,17
2025-12-23,Ukraine,regional_spillover,86.7,13
2025-12-24,Ukraine,internal_violence,72.4,11
2025-12-24,Ukraine,repression,65.9,12
2025-12-24,Ukraine,domestic_attack,59.9,10
2025-12-24,Ukraine,war_activity,88.8,17
2025-12-24,Ukraine,external_attack,88.9,16
2025-12-24,Ukraine,regional_spillover,87.2,14
2025-12-25,Ukraine,internal_violence,74.2,13
2025-12-25,Ukraine,repression,67.2,12
2025-12-25,Ukraine,domestic_attack,59.1,10
2025-12-25,Ukraine,war_activity,90.8,15
2025-12-25,Ukraine,external_attack,90.5,15
2025-12-25,Ukraine,regional_spillover,84.6,14
2025-12-26,Ukraine,internal_violence,74.9,14
2025-12-26,Ukraine,repression,64.0,10
2025-12-26,Ukraine,domestic_attack,61.4,11
2025-12-26,Ukraine,war_activity,87.8,15
2025-12-26,Ukraine,external_attack,87.1,16
2025-12-26,Ukraine,regional_spillover,86.6,14
2025-12-27,Ukraine,internal_violence,75.1,12
2025-12-27,Ukraine,repression,66.7,11
2025-12-27,Ukraine,domestic_attack,59.4,10
2025-12-27,Ukraine,war_activity,87.2,14
2025-12-27,Ukraine,external_attack,88.7,15
2025-12-27,Ukraine,regional_spillover,84.1,16
2025-12-28,Ukraine,internal_violence,72.0,13
2025-12-28,Ukraine,repression,64.8,12
2025-12-28,Ukraine,domestic_attack,60.2,11
2025-12-28,Ukraine,war_activity,88.1,14
2025-12-28,Ukraine,external_attack,86.2,14
2025-12-28,Ukraine,regional_spillover,86.5,14
2025-12-29,Ukraine,internal_violence,74.4,12
2025-12-29,Ukraine,repression,66.6,11
2025-12-29,Ukraine,domestic_attack,58.8,9
2025-12-29,Ukraine,war_activity,86.2,15
2025-12-29,Ukraine,external_attack,88.0,15
2025-12-29,Ukraine,regional_spillover,87.0,15
2025-12-30,Ukraine,internal_violence,73.4,13
2025-12-30,Ukraine,repression,66.4,13
2025-12-30,Ukraine,domestic_attack,58.6,9
2025-12-30,Ukraine,war_activity,89.8,16
2025-12-30,Ukraine,external_attack,89.7,16
2025-12-30,Ukraine,regional_spillover,85.4,14
2025-12-31,Ukraine,internal_violence,76.0,12
2025-12-31,Ukraine,repression,64.8,10
2025-12-31,Ukraine,domestic_attack,60.5,11
2025-12-31,Ukraine,war_activity,88.3,15
2025-12-31,Ukraine,external_attack,90.5,15
2025-12-31,Ukraine,regional_spillover,86.4,14
2026-01-01,Ukraine,internal_violence,78.4,14
2026-01-01,Ukraine,repression,69.0,10
2026-01-01,Ukraine,domestic_attack,59.7,11
2026-01-01,Ukraine,war_activity,88.8,16
2026-01-01,Ukraine,external_attack,89.2,17
2026-01-01,Ukraine,regional_spillover,86.4,13
2026-01-02,Ukraine,internal_violence,76.5,14
2026-01-02,Ukraine,repression,69.4,13
2026-01-02,Ukraine,domestic_attack,61.2,9
2026-01-02,Ukraine,war_activity,89.5,16
2026-01-02,Ukraine,external_attack,87.9,15
2026-01-02,Ukraine,regional_spillover,86.6,13
2026-01-03,Ukraine,internal_violence,73.1,11
2026-01-03,Ukraine,repression,63.4,11
2026-01-03,Ukraine,domestic_attack,59.5,11
2026-01-03,Ukraine,war_activity,88.9,16
2026-01-03,Ukraine,external_attack,91.3,17
2026-01-03,Ukraine,regional_spillover,84.4,14
2026-01-04,Ukraine,internal_violence,71.2,13
2026-01-04,Ukraine,repression,66.3,12
2026-01-04,Ukraine,domestic_attack,58.1,10
2026-01-04,Ukraine,war_activity,88.8,16
2026-01-04,Ukraine,external_attack,89.5,14
2026-01-04,Ukraine,regional_spillover,85.6,13
2026-01-05,Ukraine,internal_violence,74.3,13
2026-01-05,Ukraine,repression,66.2,12
2026-01-05,Ukraine,domestic_attack,59.5,9
2026-01-05,Ukraine,war_activity,86.3,15
2026-01-05,Ukraine,external_attack,87.8,14
2026-01-05,Ukraine,regional_spillover,86.4,15
2026-01-06,Ukraine,internal_violence,76.0,12
2026-01-06,Ukraine,repression,66.9,11
2026-01-06,Ukraine,domestic_attack,60.5,11
2026-01-06,Ukraine,war_activity,88.6,14
2026-01-06,Ukraine,external_attack,90.8,16
2026-01-06,Ukraine,regional_spillover,85.5,15
2026-01-07,Ukraine,internal_violence,75.6,13
2026-01-07,Ukraine,repression,68.3,13
2026-01-07,Ukraine,domestic_attack,65.1,10
2026-01-07,Ukraine,war_activity,92.4,16
2026-01-07,Ukraine,external_attack,88.4,14
2026-01-07,Ukraine,regional_spillover,89.4,15
2026-01-08,Ukraine,internal_violence,78.7,14
2026-01-08,Ukraine,repression,72.2,12
2026-01-08,Ukraine,domestic_attack,61.0,11
2026-01-08,Ukraine,war_activity,92.0,15
2026-01-08,Ukraine,external_attack,92.7,16
2026-01-08,Ukraine,regional_spillover,89.7,14
2026-01-09,Ukraine,internal_violence,78.2,13
2026-01-09,Ukraine,repression,70.0,12
2026-01-09,Ukraine,domestic_attack,64.7,11
2026-01-09,Ukraine,war_activity,89.0,15
2026-01-09,Ukraine,external_attack,88.2,16
2026-01-09,Ukraine,regional_spillover,90.2,16
2026-01-10,Ukraine,internal_violence,78.0,13
2026-01-10,Ukraine,repression,66.5,10
2026-01-10,Ukraine,domestic_attack,63.4,10
2026-01-10,Ukraine,war_activity,87.6,14
2026-01-10,Ukraine,external_attack,92.8,17
2026-01-10,Ukraine,regional_spillover,85.5,13
2026-01-11,Ukraine,internal_violence,77.3,13
2026-01-11,Ukraine,repression,65.3,11
2026-01-11,Ukraine,domestic_attack,58.5,11
2026-01-11,Ukraine,war_activity,87.7,16
2026-01-11,Ukraine,external_attack,90.9,17
2026-01-11,Ukraine,regional_spillover,85.4,16
2026-01-12,Ukraine,internal_violence,79.9,14
2026-01-12,Ukraine,repression,67.0,12
2026-01-12,Ukraine,domestic_attack,59.3,10
2026-01-12,Ukraine,war_activity,91.4,16
2026-01-12,Ukraine,external_attack,89.1,14
2026-01-12,Ukraine,regional_spillover,85.3,16
2026-01-13,Ukraine,internal_violence,78.2,13
2026-01-13,Ukraine,repression,67.9,12
2026-01-13,Ukraine,domestic_attack,66.2,11
2026-01-13,Ukraine,war_activity,89.5,16
2026-01-13,Ukraine,external_attack,88.4,15
2026-01-13,Ukraine,regional_spillover,89.1,14
2026-01-14,Ukraine,internal_violence,82.3,14
2026-01-14,Ukraine,repression,71.7,12
2026-01-14,Ukraine,domestic_attack,65.4,10
2026-01-14,Ukraine,war_activity,93.2,15
2026-01-14,Ukraine,external_attack,90.9,15
2026-01-14,Ukraine,regional_spillover,88.4,16
2026-01-15,Ukraine,internal_violence,83.9,14
2026-01-15,Ukraine,repression,74.2,13
2026-01-15,Ukraine,domestic_attack,67.3,13
2026-01-15,Ukraine,war_activity,91.8,16
2026-01-15,Ukraine,external_attack,90.5,16
2026-01-15,Ukraine,regional_spillover,91.8,17
2026-01-16,Ukraine,internal_violence,80.9,15
2026-01-16,Ukraine,repression,74.1,12
2026-01-16,Ukraine,domestic_attack,68.6,11
2026-01-16,Ukraine,war_activity,93.2,16
2026-01-16,Ukraine,external_attack,94.1,15
2026-01-16,Ukraine,regional_spillover,90.3,16
2026-01-17,Ukraine,internal_violence,83.7,13
2026-01-17,Ukraine,repression,73.4,12
2026-01-17,Ukraine,domestic_attack,64.9,12
2026-01-17,Ukraine,war_activity,90.0,15
2026-01-17,Ukraine,external_attack,94.0,17
2026-01-17,Ukraine,regional_spillover,89.4,16
2026-01-18,Ukraine,internal_violence,82.6,15
2026-01-18,Ukraine,repression,72.5,12
2026-01-18,Ukraine,domestic_attack,63.0,10
2026-01-18,Ukraine,war_activity,91.5,17
2026-01-18,Ukraine,external_attack,92.9,17
2026-01-18,Ukraine,regional_spillover,91.9,15
2026-01-19,Ukraine,internal_violence,80.4,15
2026-01-19,Ukraine,repression,74.1,11
2026-01-19,Ukraine,domestic_attack,64.1,10
2026-01-19,Ukraine,war_activity,90.6,15
2026-01-19,Ukraine,external_attack,92.8,16
2026-01-19,Ukraine,regional_spillover,88.1,15
2026-01-20,Ukraine,internal_violence,82.3,15
2026-01-20,Ukraine,repression,73.2,13
2026-01-20,Ukraine,domestic_attack,69.5,12
2026-01-20,Ukraine,war_activity,89.8,16
2026-01-20,Ukraine,external_attack,93.4,17
2026-01-20,Ukraine,regional_spillover,90.4,14
2026-01-21,Ukraine,internal_violence,86.0,14
2026-01-21,Ukraine,repression,74.8,14
2026-01-21,Ukraine,domestic_attack,71.3,13
2026-01-21,Ukraine,war_activity,93.6,15
2026-01-21,Ukraine,external_attack,94.8,15
2026-01-21,Ukraine,regional_spillover,95.1,15
2026-01-22,Ukraine,internal_violence,88.8,14
2026-01-22,Ukraine,repression,76.2,12
2026-01-22,Ukraine,domestic_attack,73.1,13
2026-01-22,Ukraine,war_activity,95.6,18
2026-01-22,Ukraine,external_attack,96.4,17
2026-01-22,Ukraine,regional_spillover,93.7,15
2026-01-23,Ukraine,internal_violence,87.9,15
2026-01-23,Ukraine,repression,77.9,13
2026-01-23,Ukraine,domestic_attack,71.5,13
2026-01-23,Ukraine,war_activity,94.3,15
2026-01-23,Ukraine,external_attack,92.7,16
2026-01-23,Ukraine,regional_spillover,92.0,15
2026-01-24,Ukraine,internal_violence,86.9,16
2026-01-24,Ukraine,repression,74.4,14
2026-01-24,Ukraine,domestic_attack,67.3,11
2026-01-24,Ukraine,war_activity,91.6,16
2026-01-24,Ukraine,external_attack,94.7,16
2026-01-24,Ukraine,regional_spillover,91.2,16
2026-01-25,Ukraine,internal_violence,86.8,16
2026-01-25,Ukraine,repression,77.9,14
2026-01-25,Ukraine,domestic_attack,71.5,12
2026-01-25,Ukraine,war_activity,91.8,15
2026-01-25,Ukraine,external_attack,95.6,17
2026-01-25,Ukraine,regional_spillover,94.9,16
2026-01-26,Ukraine,internal_violence,89.0,14
2026-01-26,Ukraine,repression,80.2,15
2026-01-26,Ukraine,domestic_attack,70.0,11
2026-01-26,Ukraine,war_activity,95.0,17
2026-01-26,Ukraine,external_attack,94.9,16
2026-01-26,Ukraine,regional_spillover,91.2,16
2026-01-27,Ukraine,internal_violence,92.6,17
2026-01-27,Ukraine,repression,82.2,15
2026-01-27,Ukraine,domestic_attack,70.6,11
2026-01-27,Ukraine,war_activity,95.8,16
2026-01-27,Ukraine,external_attack,96.5,17
2026-01-27,Ukraine,regional_spillover,92.9,17
2026-01-28,Ukraine,internal_violence,93.8,17
2026-01-28,Ukraine,repression,83.1,14
2026-01-28,Ukraine,domestic_attack,75.3,14
2026-01-28,Ukraine,war_activity,96.5,15
2026-01-28,Ukraine,external_attack,92.4,16
2026-01-28,Ukraine,regional_spillover,96.6,16
2026-01-29,Ukraine,internal_violence,92.8,15
2026-01-29,Ukraine,repression,79.6,13
2026-01-29,Ukraine,domestic_attack,73.4,11
2026-01-29,Ukraine,war_activity,93.1,15
2026-01-29,Ukraine,external_attack,96.9,16
2026-01-29,Ukraine,regional_spillover,98.6,17
2026-01-30,Ukraine,internal_violence,95.5,16
2026-01-30,Ukraine,repression,84.4,15
2026-01-30,Ukraine,domestic_attack,74.3,13
2026-01-30,Ukraine,war_activity,94.6,15
2026-01-30,Ukraine,external_attack,94.8,17
2026-01-30,Ukraine,regional_spillover,97.4,16
2026-01-31,Ukraine,internal_violence,90.4,14
2026-01-31,Ukraine,repression,82.3,14
2026-01-31,Ukraine,domestic_attack,76.7,12
2026-01-31,Ukraine,war_activity,96.2,15
2026-01-31,Ukraine,external_attack,96.7,18
2026-01-31,Ukraine,regional_spillover,95.7,16
2026-02-01,Ukraine,internal_violence,93.7,17
2026-02-01,Ukraine,repression,81.5,13
2026-02-01,Ukraine,domestic_attack,74.1,13
2026-02-01,Ukraine,war_activity,94.7,17
2026-02-01,Ukraine,external_attack,94.5,17
2026-02-01,Ukraine,regional_spillover,93.6,17
2026-02-02,Ukraine,internal_violence,90.3,17
2026-02-02,Ukraine,repression,80.2,13
2026-02-02,Ukraine,domestic_attack,75.3,13
2026-02-02,Ukraine,war_activity,94.8,16
2026-02-02,Ukraine,external_attack,97.5,16
2026-02-02,Ukraine,regional_spillover,97.5,16
2026-02-03,Ukraine,internal_violence,91.0,16
2026-02-03,Ukraine,repression,80.2,15
2026-02-03,Ukraine,domestic_attack,73.4,14
2026-02-03,Ukraine,war_activity,96.2,16
2026-02-03,Ukraine,external_attack,93.5,16
2026-02-03,Ukraine,regional_spillover,97.8,15
2026-02-04,Ukraine,internal_violence,91.0,15
2026-02-04,Ukraine,repression,83.2,15
2026-02-04,Ukraine,domestic_attack,75.9,13
2026-02-04,Ukraine,war_activity,97.8,17
2026-02-04,Ukraine,external_attack,97.4,15
2026-02-04,Ukraine,regional_spillover,94.9,16
2026-02-05,Ukraine,internal_violence,95.8,17
2026-02-05,Ukraine,repression,83.2,13
2026-02-05,Ukraine,domestic_attack,72.7,13
2026-02-05,Ukraine,war_activity,97.2,18
2026-02-05,Ukraine,external_attack,93.5,17
2026-02-05,Ukraine,regional_spillover,98.3,18
2026-02-06,Ukraine,internal_violence,94.8,17
2026-02-06,Ukraine,repression,82.9,13
2026-02-06,Ukraine,domestic_attack,73.4,12
2026-02-06,Ukraine,war_activity,96.8,17
2026-02-06,Ukraine,external_attack,92.8,16
2026-02-06,Ukraine,regional_spillover,98.6,17
2026-02-07,Ukraine,internal_violence,94.3,18
2026-02-07,Ukraine,repression,80.4,12
2026-02-07,Ukraine,domestic_attack,76.5,13
2026-02-07,Ukraine,war_activity,93.1,16
2026-02-07,Ukraine,external_attack,95.8,17
2026-02-07,Ukraine,regional_spillover,96.0,18
2026-02-08,Ukraine,internal_violence,94.6,16
2026-02-08,Ukraine,repression,82.7,15
2026-02-08,Ukraine,domestic_attack,74.7,12
2026-02-08,Ukraine,war_activity,96.0,18
2026-02-08,Ukraine,external_attack,96.3,18
2026-02-08,Ukraine,regional_spillover,94.4,16
2026-02-09,Ukraine,internal_violence,92.3,17
2026-02-09,Ukraine,repression,80.3,14
2026-02-09,Ukraine,domestic_attack,76.0,14
2026-02-09,Ukraine,war_activity,93.2,17
2026-02-09,Ukraine,external_attack,97.8,18
2026-02-09,Ukraine,regional_spillover,93.6,16
2026-02-10,Ukraine,internal_violence,95.0,17
2026-02-10,Ukraine,repression,81.0,13
2026-02-10,Ukraine,domestic_attack,76.1,13
2026-02-10,Ukraine,war_activity,95.7,18
2026-02-10,Ukraine,external_attack,94.7,17
2026-02-10,Ukraine,regional_spillover,96.5,16
2026-02-11,Ukraine,internal_violence,90.7,15
2026-02-11,Ukraine,repression,84.6,16
2026-02-11,Ukraine,domestic_attack,72.8,12
2026-02-11,Ukraine,war_activity,93.9,17
2026-02-11,Ukraine,external_attack,95.1,16
2026-02-11,Ukraine,regional_spillover,95.0,17
2026-02-12,Ukraine,internal_violence,93.1,16
2026-02-12,Ukraine,repression,82.6,14
2026-02-12,Ukraine,domestic_attack,75.4,12
2026-02-12,Ukraine,war_activity,92.7,15
2026-02-12,Ukraine,external_attack,95.1,15
2026-02-12,Ukraine,regional_spillover,98.5,17
2026-02-13,Ukraine,internal_violence,94.2,16
2026-02-13,Ukraine,repression,79.7,15
2026-02-13,Ukraine,domestic_attack,75.1,13
2026-02-13,Ukraine,war_activity,95.6,15
2026-02-13,Ukraine,external_attack,95.3,15
2026-02-13,Ukraine,regional_spillover,96.2,18
2026-02-14,Ukraine,internal_violence,90.8,16
2026-02-14,Ukraine,repression,84.6,13
2026-02-14,Ukraine,domestic_attack,74.0,13
2026-02-14,Ukraine,war_activity,96.7,17
2026-02-14,Ukraine,external_attack,95.5,15
2026-02-14,Ukraine,regional_spillover,93.4,15
2026-02-15,Ukraine,internal_violence,92.0,15
2026-02-15,Ukraine,repression,83.4,13
2026-02-15,Ukraine,domestic_attack,73.6,13
2026-02-15,Ukraine,war_activity,93.6,16
2026-02-15,Ukraine,external_attack,97.9,16
2026-02-15,Ukraine,regional_spillover,98.7,18
2026-02-16,Ukraine,internal_violence,95.7,17
2026-02-16,Ukraine,repression,84.3,14
2026-02-16,Ukraine,domestic_attack,72.7,13
2026-02-16,Ukraine,war_activity,94.4,15
2026-02-16,Ukraine,external_attack,95.9,18
2026-02-16,Ukraine,regional_spillover,94.0,18
2026-02-17,Ukraine,internal_violence,93.6,15
2026-02-17,Ukraine,repression,83.2,16
2026-02-17,Ukraine,domestic_attack,75.6,12
2026-02-17,Ukraine,war_activity,93.1,16
2026-02-17,Ukraine,external_attack,93.4,16
2026-02-17,Ukraine,regional_spillover,96.6,16
2026-02-18,Ukraine,internal_violence,93.5,16
2026-02-18,Ukraine,repression,85.1,14
2026-02-18,Ukraine,domestic_attack,74.9,14
2026-02-18,Ukraine,war_activity,96.5,18
2026-02-18,Ukraine,external_attack,93.8,16
2026-02-18,Ukraine,regional_spillover,95.2,16
2026-02-19,Ukraine,internal_violence,91.9,16
2026-02-19,Ukraine,repression,79.9,14
2026-02-19,Ukraine,domestic_attack,72.1,11
2026-02-19,Ukraine,war_activity,92.9,17
2026-02-19,Ukraine,external_attack,94.3,18
2026-02-19,Ukraine,regional_spillover,96.7,16
2026-02-20,Ukraine,internal_violence,95.1,16
2026-02-20,Ukraine,repression,81.1,13
2026-02-20,Ukraine,domestic_attack,72.0,13
2026-02-20,Ukraine,war_activity,93.9,16
2026-02-20,Ukraine,external_attack,97.2,17
2026-02-20,Ukraine,regional_spillover,95.7,17
2026-02-21,Ukraine,internal_violence,95.4,17
2026-02-21,Ukraine,repression,84.3,15
2026-02-21,Ukraine,domestic_attack,73.9,12
2026-02-21,Ukraine,war_activity,95.9,18
2026-02-21,Ukraine,external_attack,97.3,18
2026-02-21,Ukraine,regional_spillover,98.6,18
2026-02-22,Ukraine,internal_violence,90.4,17
2026-02-22,Ukraine,repression,81.6,13
2026-02-22,Ukraine,domestic_attack,72.5,13
2026-02-22,Ukraine,war_activity,97.7,16
2026-02-22,Ukraine,external_attack,94.0,16
2026-02-22,Ukraine,regional_spillover,98.1,17
2026-02-23,Ukraine,internal_violence,94.9,15
2026-02-23,Ukraine,repression,83.4,13
2026-02-23,Ukraine,domestic_attack,71.9,13
2026-02-23,Ukraine,war_activity,96.3,17
2026-02-23,Ukraine,external_attack,92.9,16
2026-02-23,Ukraine,regional_spillover,96.5,15
2026-02-24,Ukraine,internal_violence,94.9,18
2026-02-24,Ukraine,repression,81.0,15
2026-02-24,Ukraine,domestic_attack,75.0,13
2026-02-24,Ukraine,war_activity,96.1,16
2026-02-24,Ukraine,external_attack,96.8,15
2026-02-24,Ukraine,regional_spillover,96.6,18
2026-02-25,Ukraine,internal_violence,94.5,17
2026-02-25,Ukraine,repression,80.2,15
2026-02-25,Ukraine,domestic_attack,76.6,13
2026-02-25,Ukraine,war_activity,93.7,15
2026-02-25,Ukraine,external_attack,95.3,15
2026-02-25,Ukraine,regional_spillover,93.9,17
2026-02-26,Ukraine,internal_violence,95.2,16
2026-02-26,Ukraine,repression,82.2,15
2026-02-26,Ukraine,domestic_attack,73.5,11
2026-02-26,Ukraine,war_activity,93.4,15
2026-02-26,Ukraine,external_attack,96.3,18
2026-02-26,Ukraine,regional_spillover,97.5,18
2026-02-27,Ukraine,internal_violence,95.9,17
2026-02-27,Ukraine,repression,81.6,13
2026-02-27,Ukraine,domestic_attack,75.1,13
2026-02-27,Ukraine,war_activity,94.9,17
2026-02-27,Ukraine,external_attack,96.7,17
2026-02-27,Ukraine,regional_spillover,94.6,15
2026-02-28,Ukraine,internal_violence,94.2,16
2026-02-28,Ukraine,repression,83.4,14
2026-02-28,Ukraine,domestic_attack,72.5,11
2026-02-28,Ukraine,war_activity,94.7,16
2026-02-28,Ukraine,external_attack,97.2,15
2026-02-28,Ukraine,regional_spillover,97.5,17
2026-03-01,Ukraine,internal_violence,94.5,15
2026-03-01,Ukraine,repression,84.2,15
2026-03-01,Ukraine,domestic_attack,71.8,14
2026-03-01,Ukraine,war_activity,97.8,16
2026-03-01,Ukraine,external_attack,97.4,16
2026-03-01,Ukraine,regional_spillover,97.9,16
2026-03-02,Ukraine,internal_violence,92.3,16
2026-03-02,Ukraine,repression,79.8,15
2026-03-02,Ukraine,domestic_attack,72.2,12
2026-03-02,Ukraine,war_activity,96.7,16
2026-03-02,Ukraine,external_attack,92.5,15
2026-03-02,Ukraine,regional_spillover,93.5,15
2026-03-03,Ukraine,internal_violence,93.5,16
2026-03-03,Ukraine,repression,82.5,13
2026-03-03,Ukraine,domestic_attack,74.4,14
2026-03-03,Ukraine,war_activity,95.4,17
2026-03-03,Ukraine,external_attack,93.1,16
2026-03-03,Ukraine,regional_spillover,96.4,15
2026-03-04,Ukraine,internal_violence,90.5,16
2026-03-04,Ukraine,repression,84.9,14
2026-03-04,Ukraine,domestic_attack,74.3,13
2026-03-04,Ukraine,war_activity,92.7,15
2026-03-04,Ukraine,external_attack,96.4,18
2026-03-04,Ukraine,regional_spillover,93.8,15
2026-03-05,Ukraine,internal_violence,94.6,17
2026-03-05,Ukraine,repression,84.6,14
2026-03-05,Ukraine,domestic_attack,77.0,12
2026-03-05,Ukraine,war_activity,94.7,15
2026-03-05,Ukraine,external_attack,97.7,16
2026-03-05,Ukraine,regional_spillover,97.6,16
2026-03-06,Ukraine,internal_violence,93.5,17
2026-03-06,Ukraine,repression,79.6,12
2026-03-06,Ukraine,domestic_attack,72.4,14
2026-03-06,Ukraine,war_activity,96.1,16
2026-03-06,Ukraine,external_attack,94.6,16
2026-03-06,Ukraine,regional_spillover,94.2,15
2026-03-07,Ukraine,internal_violence,92.1,16
2026-03-07,Ukraine,repression,80.8,13
2026-03-07,Ukraine,domestic_attack,74.1,13
2026-03-07,Ukraine,war_activity,93.1,17
2026-03-07,Ukraine,external_attack,96.0,16
2026-03-07,Ukraine,regional_spillover,92.9,17
2026-03-08,Ukraine,internal_violence,89.4,14
2026-03-08,Ukraine,repression,75.9,14
2026-03-08,Ukraine,domestic_attack,69.8,11
2026-03-08,Ukraine,war_activity,94.8,16
2026-03-08,Ukraine,external_attack,93.7,16
2026-03-08,Ukraine,regional_spillover,94.3,15
2026-03-09,Ukraine,internal_violence,87.5,16
2026-03-09,Ukraine,repression,74.8,13
2026-03-09,Ukraine,domestic_attack,69.0,12
2026-03-09,Ukraine,war_activity,93.1,17
2026-03-09,Ukraine,external_attack,95.0,16
2026-03-09,Ukraine,regional_spillover,94.7,16
2026-03-10,Ukraine,internal_violence,86.4,15
2026-03-10,Ukraine,repression,76.8,12
2026-03-10,Ukraine,domestic_attack,72.2,13
2026-03-10,Ukraine,war_activity,91.2,16
2026-03-10,Ukraine,external_attack,94.9,15
2026-03-10,Ukraine,regional_spillover,93.6,15
2026-03-11,Ukraine,internal_violence,88.7,17
2026-03-11,Ukraine,repression,79.5,14
2026-03-11,Ukraine,domestic_attack,73.7,11
2026-03-11,Ukraine,war_activity,96.5,16
2026-03-11,Ukraine,external_attack,96.0,16
2026-03-11,Ukraine,regional_spillover,96.1,17
2026-03-12,Ukraine,internal_violence,89.7,16
2026-03-12,Ukraine,repression,78.1,15
2026-03-12,Ukraine,domestic_attack,72.9,12
2026-03-12,Ukraine,war_activity,92.4,15
2026-03-12,Ukraine,external_attack,94.4,17
2026-03-12,Ukraine,regional_spillover,93.2,16
2026-03-13,Ukraine,internal_violence,88.1,14
2026-03-13,Ukraine,repression,76.5,12
2026-03-13,Ukraine,domestic_attack,68.7,10
2026-03-13,Ukraine,war_activity,94.1,18
2026-03-13,Ukraine,external_attack,91.5,17
2026-03-13,Ukraine,regional_spillover,92.8,16
2026-03-14,Ukraine,internal_violence,83.1,14
2026-03-14,Ukraine,repression,71.7,14
2026-03-14,Ukraine,domestic_attack,69.5,11
2026-03-14,Ukraine,war_activity,92.6,16
2026-03-14,Ukraine,external_attack,90.7,15
2026-03-14,Ukraine,regional_spillover,90.4,15
2026-03-15,Ukraine,internal_violence,83.0,13
2026-03-15,Ukraine,repression,73.4,14
2026-03-15,Ukraine,domestic_attack,68.3,11
2026-03-15,Ukraine,war_activity,94.0,17
2026-03-15,Ukraine,external_attack,89.9,15
2026-03-15,Ukraine,regional_spillover,90.5,17
2026-03-16,Ukraine,internal_violence,82.9,14
2026-03-16,Ukraine,repression,73.8,12
2026-03-16,Ukraine,domestic_attack,68.3,11
2026-03-16,Ukraine,war_activity,90.8,16
2026-03-16,Ukraine,external_attack,93.0,16
2026-03-16,Ukraine,regional_spillover,92.5,17
2026-03-17,Ukraine,internal_violence,83.9,15
2026-03-17,Ukraine,repression,72.9,12
2026-03-17,Ukraine,domestic_attack,67.0,10
2026-03-17,Ukraine,war_activity,89.2,14
2026-03-17,Ukraine,external_attack,91.6,16
2026-03-17,Ukraine,regional_spillover,91.8,14
2026-03-18,Ukraine,internal_violence,83.5,14
2026-03-18,Ukraine,repression,72.9,12
2026-03-18,Ukraine,domestic_attack,66.2,10
2026-03-18,Ukraine,war_activity,89.9,15
2026-03-18,Ukraine,external_attack,90.5,15
2026-03-18,Ukraine,regional_spillover,92.6,17
2026-03-19,Ukraine,internal_violence,80.4,13
2026-03-19,Ukraine,repression,75.7,13
2026-03-19,Ukraine,domestic_attack,66.3,11
2026-03-19,Ukraine,war_activity,92.7,16
2026-03-19,Ukraine,external_attack,91.6,15
2026-03-19,Ukraine,regional_spillover,90.1,15
2026-03-20,Ukraine,internal_violence,81.8,13
2026-03-20,Ukraine,repression,73.6,12
2026-03-20,Ukraine,domestic_attack,66.6,12
2026-03-20,Ukraine,war_activity,90.7,16
2026-03-20,Ukraine,external_attack,93.7,15
2026-03-20,Ukraine,regional_spillover,87.8,15
2026-03-21,Ukraine,internal_violence,76.4,13
2026-03-21,Ukraine,repression,68.7,11
2026-03-21,Ukraine,domestic_attack,65.1,10
2026-03-21,Ukraine,war_activity,90.0,16
2026-03-21,Ukraine,external_attack,89.1,14
2026-03-21,Ukraine,regional_spillover,91.0,17
2026-03-22,Ukraine,internal_violence,74.8,13
2026-03-22,Ukraine,repression,66.6,10
2026-03-22,Ukraine,domestic_attack,64.7,10
2026-03-22,Ukraine,war_activity,89.7,17
2026-03-22,Ukraine,external_attack,92.2,15
2026-03-22,Ukraine,regional_spillover,85.6,13
2026-03-23,Ukraine,internal_violence,77.7,14
2026-03-23,Ukraine,repression,69.9,11
2026-03-23,Ukraine,domestic_attack,64.1,12
2026-03-23,Ukraine,war_activity,90.7,16
2026-03-23,Ukraine,external_attack,91.3,15
2026-03-23,Ukraine,regional_spillover,88.4,15
2026-03-24,Ukraine,internal_violence,77.2,13
2026-03-24,Ukraine,repression,68.7,11
2026-03-24,Ukraine,domestic_attack,61.8,10
2026-03-24,Ukraine,war_activity,88.7,15
2026-03-24,Ukraine,external_attack,87.8,15
2026-03-24,Ukraine,regional_spillover,87.7,15
2026-03-25,Ukraine,internal_violence,80.2,15
2026-03-25,Ukraine,repression,70.8,13
2026-03-25,Ukraine,domestic_attack,65.5,11
2026-03-25,Ukraine,war_activity,90.7,14
2026-03-25,Ukraine,external_attack,88.3,16
2026-03-25,Ukraine,regional_spillover,87.3,14
2026-03-26,Ukraine,internal_violence,80.3,14
2026-03-26,Ukraine,repression,71.1,13
2026-03-26,Ukraine,domestic_attack,63.5,10
2026-03-26,Ukraine,war_activity,92.3,14
2026-03-26,Ukraine,external_attack,88.8,16
2026-03-26,Ukraine,regional_spillover,85.7,14
2026-03-27,Ukraine,internal_violence,74.8,13
2026-03-27,Ukraine,repression,67.4,12
2026-03-27,Ukraine,domestic_attack,61.0,10
2026-03-27,Ukraine,war_activity,88.2,15
2026-03-27,Ukraine,external_attack,88.3,15
2026-03-27,Ukraine,regional_spillover,89.9,16
2026-03-28,Ukraine,internal_violence,74.8,13
2026-03-28,Ukraine,repression,66.9,10
2026-03-28,Ukraine,domestic_attack,59.7,9
2026-03-28,Ukraine,war_activity,87.0,13
2026-03-28,Ukraine,external_attack,90.0,14
2026-03-28,Ukraine,regional_spillover,85.7,13
2026-03-29,Ukraine,internal_violence,73.7,11
2026-03-29,Ukraine,repression,64.3,11
2026-03-29,Ukraine,domestic_attack,59.6,9
2026-03-29,Ukraine,war_activity,86.1,15
2026-03-29,Ukraine,external_attack,91.7,16
2026-03-29,Ukraine,regional_spillover,83.5,14
2026-03-30,Ukraine,internal_violence,73.3,11
2026-03-30,Ukraine,repression,66.8,12
2026-03-30,Ukraine,domestic_attack,61.1,10
2026-03-30,Ukraine,war_activity,89.3,15
2026-03-30,Ukraine,external_attack,91.3,16
2026-03-30,Ukraine,regional_spillover,83.3,14
2026-03-31,Ukraine,internal_violence,76.2,12
2026-03-31,Ukraine,repression,65.5,11
2026-03-31,Ukraine,domestic_attack,58.9,10
2026-03-31,Ukraine,war_activity,87.1,14
2026-03-31,Ukraine,external_attack,88.8,15
2026-03-31,Ukraine,regional_spillover,85.9,14
2026-04-01,Ukraine,internal_violence,76.9,12
2026-04-01,Ukraine,repression,69.7,12
2026-04-01,Ukraine,domestic_attack,63.7,11
2026-04-01,Ukraine,war_activity,90.1,16
2026-04-01,Ukraine,external_attack,87.9,14
2026-04-01,Ukraine,regional_spillover,86.2,14
2026-04-02,Ukraine,internal_violence,74.8,13
2026-04-02,Ukraine,repression,68.3,12
2026-04-02,Ukraine,domestic_attack,58.8,10
2026-04-02,Ukraine,war_activity,89.6,16
2026-04-02,Ukraine,external_attack,92.1,15
2026-04-02,Ukraine,regional_spillover,85.9,15
2026-04-03,Ukraine,internal_violence,76.7,14
2026-04-03,Ukraine,repression,65.1,12
2026-04-03,Ukraine,domestic_attack,60.3,9
2026-04-03,Ukraine,war_activity,88.7,14
2026-04-03,Ukraine,external_attack,89.5,16
2026-04-03,Ukraine,regional_spillover,84.4,13
2026-04-04,Ukraine,internal_violence,74.4,14
2026-04-04,Ukraine,repression,63.8,12
2026-04-04,Ukraine,domestic_attack,60.2,10
2026-04-04,Ukraine,war_activity,88.5,16
2026-04-04,Ukraine,external_attack,86.7,15
2026-04-04,Ukraine,regional_spillover,85.1,16
2026-04-05,Ukraine,internal_violence,70.9,12
2026-04-05,Ukraine,repression,62.1,11
2026-04-05,Ukraine,domestic_attack,58.8,10
2026-04-05,Ukraine,war_activity,86.1,16
2026-04-05,Ukraine,external_attack,86.3,16
2026-04-05,Ukraine,regional_spillover,83.5,13
2026-04-06,Ukraine,internal_violence,72.7,13
2026-04-06,Ukraine,repression,66.4,11
2026-04-06,Ukraine,domestic_attack,59.8,10
2026-04-06,Ukraine,war_activity,90.0,14
2026-04-06,Ukraine,external_attack,91.3,17
2026-04-06,Ukraine,regional_spillover,83.6,14
2026-04-07,Ukraine,internal_violence,73.6,11
2026-04-07,Ukraine,repression,64.5,10
2026-04-07,Ukraine,domestic_attack,60.7,9
2026-04-07,Ukraine,war_activity,87.0,16
2026-04-07,Ukraine,external_attack,88.3,15
2026-04-07,Ukraine,regional_spillover,88.2,16
2026-04-08,Ukraine,internal_violence,74.0,11
2026-04-08,Ukraine,repression,68.6,10
2026-04-08,Ukraine,domestic_attack,59.9,11
2026-04-08,Ukraine,war_activity,92.1,14
2026-04-08,Ukraine,external_attack,91.4,16
2026-04-08,Ukraine,regional_spillover,84.0,14
2026-04-09,Ukraine,internal_violence,74.8,14
2026-04-09,Ukraine,repression,69.6,13
2026-04-09,Ukraine,domestic_attack,61.5,9
2026-04-09,Ukraine,war_activity,89.9,15
2026-04-09,Ukraine,external_attack,87.2,16
2026-04-09,Ukraine,regional_spillover,89.3,17
2026-04-10,Ukraine,internal_violence,75.0,13
2026-04-10,Ukraine,repression,66.4,12
2026-04-10,Ukraine,domestic_attack,59.0,9
2026-04-10,Ukraine,war_activity,91.4,15
2026-04-10,Ukraine,external_attack,91.8,15
2026-04-10,Ukraine,regional_spillover,87.4,15
2026-04-11,Ukraine,internal_violence,71.1,13
2026-04-11,Ukraine,repression,64.4,12
2026-04-11,Ukraine,domestic_attack,58.6,10
2026-04-11,Ukraine,war_activity,86.7,15
2026-04-11,Ukraine,external_attack,90.0,17
2026-04-11,Ukraine,regional_spillover,82.5,13
2026-04-12,Ukraine,internal_violence,73.2,12
2026-04-12,Ukraine,repression,62.4,12
2026-04-12,Ukraine,domestic_attack,55.7,10
2026-04-12,Ukraine,war_activity,89.1,14
2026-04-12,Ukraine,external_attack,87.4,14
2026-04-12,Ukraine,regional_spillover,82.1,16
2025-04-22,Russia,internal_violence,67.9,12
2025-04-22,Russia,repression,64.4,10
2025-04-22,Russia,domestic_attack,56.3,9
2025-04-22,Russia,war_activity,81.5,15
2025-04-22,Russia,external_attack,85.9,16
2025-04-22,Russia,regional_spillover,82.5,13
2025-04-23,Russia,internal_violence,74.6,12
2025-04-23,Russia,repression,64.5,12
2025-04-23,Russia,domestic_attack,56.2,8
2025-04-23,Russia,war_activity,86.1,16
2025-04-23,Russia,external_attack,85.5,15
2025-04-23,Russia,regional_spillover,84.3,13
2025-04-24,Russia,internal_violence,73.4,13
2025-04-24,Russia,repression,65.9,12
2025-04-24,Russia,domestic_attack,59.8,9
2025-04-24,Russia,war_activity,83.5,15
2025-04-24,Russia,external_attack,84.2,15
2025-04-24,Russia,regional_spillover,79.9,13
2025-04-25,Russia,internal_violence,73.4,12
2025-04-25,Russia,repression,62.4,11
2025-04-25,Russia,domestic_attack,56.2,10
2025-04-25,Russia,war_activity,83.8,16
2025-04-25,Russia,external_attack,86.9,16
2025-04-25,Russia,regional_spillover,80.1,15
2025-04-26,Russia,internal_violence,73.0,11
2025-04-26,Russia,repression,60.1,12
2025-04-26,Russia,domestic_attack,54.5,9
2025-04-26,Russia,war_activity,81.0,14
2025-04-26,Russia,external_attack,84.7,14
2025-04-26,Russia,regional_spillover,79.2,14
2025-04-27,Russia,internal_violence,70.6,13
2025-04-27,Russia,repression,64.1,10
2025-04-27,Russia,domestic_attack,56.9,8
2025-04-27,Russia,war_activity,81.4,14
2025-04-27,Russia,external_attack,83.1,15
2025-04-27,Russia,regional_spillover,77.9,13
2025-04-28,Russia,internal_violence,67.6,12
2025-04-28,Russia,repression,62.1,10
2025-04-28,Russia,domestic_attack,54.5,10
2025-04-28,Russia,war_activity,82.5,14
2025-04-28,Russia,external_attack,81.1,15
2025-04-28,Russia,regional_spillover,82.0,13
2025-04-29,Russia,internal_violence,70.1,12
2025-04-29,Russia,repression,61.7,12
2025-04-29,Russia,domestic_attack,56.9,10
2025-04-29,Russia,war_activity,81.8,14
2025-04-29,Russia,external_attack,86.0,16
2025-04-29,Russia,regional_spillover,80.6,14
2025-04-30,Russia,internal_violence,72.3,13
2025-04-30,Russia,repression,62.5,9
2025-04-30,Russia,domestic_attack,57.8,9
2025-04-30,Russia,war_activity,83.5,13
2025-04-30,Russia,external_attack,83.8,14
2025-04-30,Russia,regional_spillover,81.5,14
2025-05-01,Russia,internal_violence,72.0,11
2025-05-01,Russia,repression,64.8,10
2025-05-01,Russia,domestic_attack,62.2,11
2025-05-01,Russia,war_activity,83.4,15
2025-05-01,Russia,external_attack,87.7,16
2025-05-01,Russia,regional_spillover,81.8,15
2025-05-02,Russia,internal_violence,70.8,12
2025-05-02,Russia,repression,62.7,10
2025-05-02,Russia,domestic_attack,57.9,10
2025-05-02,Russia,war_activity,86.9,15
2025-05-02,Russia,external_attack,85.2,15
2025-05-02,Russia,regional_spillover,79.9,13
2025-05-03,Russia,internal_violence,69.9,11
2025-05-03,Russia,repression,64.7,12
2025-05-03,Russia,domestic_attack,56.1,11
2025-05-03,Russia,war_activity,85.7,16
2025-05-03,Russia,external_attack,83.4,16
2025-05-03,Russia,regional_spillover,83.3,14
2025-05-04,Russia,internal_violence,69.3,10
2025-05-04,Russia,repression,61.2,11
2025-05-04,Russia,domestic_attack,56.5,10
2025-05-04,Russia,war_activity,83.1,15
2025-05-04,Russia,external_attack,82.5,14
2025-05-04,Russia,regional_spillover,81.7,14
2025-05-05,Russia,internal_violence,69.6,12
2025-05-05,Russia,repression,61.3,11
2025-05-05,Russia,domestic_attack,55.3,9
2025-05-05,Russia,war_activity,81.6,15
2025-05-05,Russia,external_attack,83.5,15
2025-05-05,Russia,regional_spillover,82.1,15
2025-05-06,Russia,internal_violence,75.5,14
2025-05-06,Russia,repression,65.7,12
2025-05-06,Russia,domestic_attack,57.5,8
2025-05-06,Russia,war_activity,83.4,13
2025-05-06,Russia,external_attack,84.7,15
2025-05-06,Russia,regional_spillover,84.5,14
2025-05-07,Russia,internal_violence,76.6,14
2025-05-07,Russia,repression,68.1,12
2025-05-07,Russia,domestic_attack,58.8,11
2025-05-07,Russia,war_activity,86.0,13
2025-05-07,Russia,external_attack,83.6,13
2025-05-07,Russia,regional_spillover,85.4,15
2025-05-08,Russia,internal_violence,72.7,13
2025-05-08,Russia,repression,68.2,12
2025-05-08,Russia,domestic_attack,58.5,10
2025-05-08,Russia,war_activity,86.0,15
2025-05-08,Russia,external_attack,84.7,15
2025-05-08,Russia,regional_spillover,80.9,15
2025-05-09,Russia,internal_violence,73.8,12
2025-05-09,Russia,repression,67.2,11
2025-05-09,Russia,domestic_attack,58.2,11
2025-05-09,Russia,war_activity,82.2,15
2025-05-09,Russia,external_attack,84.0,13
2025-05-09,Russia,regional_spillover,84.3,16
2025-05-10,Russia,internal_violence,70.4,12
2025-05-10,Russia,repression,67.1,11
2025-05-10,Russia,domestic_attack,58.4,9
2025-05-10,Russia,war_activity,84.6,14
2025-05-10,Russia,external_attack,86.0,13
2025-05-10,Russia,regional_spillover,81.6,14
2025-05-11,Russia,internal_violence,74.5,13
2025-05-11,Russia,repression,63.9,9
2025-05-11,Russia,domestic_attack,60.1,11
2025-05-11,Russia,war_activity,82.9,13
2025-05-11,Russia,external_attack,83.7,13
2025-05-11,Russia,regional_spillover,80.7,14
2025-05-12,Russia,internal_violence,73.5,13
2025-05-12,Russia,repression,61.3,11
2025-05-12,Russia,domestic_attack,56.2,11
2025-05-12,Russia,war_activity,86.1,15
2025-05-12,Russia,external_attack,84.5,16
2025-05-12,Russia,regional_spillover,81.4,13
2025-05-13,Russia,internal_violence,75.4,14
2025-05-13,Russia,repression,67.7,11
2025-05-13,Russia,domestic_attack,59.9,9
2025-05-13,Russia,war_activity,82.6,14
2025-05-13,Russia,external_attack,85.5,15
2025-05-13,Russia,regional_spillover,84.6,15
2025-05-14,Russia,internal_violence,74.8,13
2025-05-14,Russia,repression,65.0,12
2025-05-14,Russia,domestic_attack,60.1,12
2025-05-14,Russia,war_activity,83.6,15
2025-05-14,Russia,external_attack,87.5,16
2025-05-14,Russia,regional_spillover,83.3,13
2025-05-15,Russia,internal_violence,75.1,12
2025-05-15,Russia,repression,64.8,10
2025-05-15,Russia,domestic_attack,60.5,10
2025-05-15,Russia,war_activity,83.6,14
2025-05-15,Russia,external_attack,86.0,14
2025-05-15,Russia,regional_spillover,82.9,13
2025-05-16,Russia,internal_violence,74.0,14
2025-05-16,Russia,repression,67.6,12
2025-05-16,Russia,domestic_attack,59.0,9
2025-05-16,Russia,war_activity,84.7,13
2025-05-16,Russia,external_attack,86.8,15
2025-05-16,Russia,regional_spillover,80.5,15
2025-05-17,Russia,internal_violence,72.9,12
2025-05-17,Russia,repression,63.0,12
2025-05-17,Russia,domestic_attack,56.6,11
2025-05-17,Russia,war_activity,82.1,13
2025-05-17,Russia,external_attack,83.8,15
2025-05-17,Russia,regional_spillover,79.9,13
2025-05-18,Russia,internal_violence,69.8,12
2025-05-18,Russia,repression,64.8,10
2025-05-18,Russia,domestic_attack,55.9,9
2025-05-18,Russia,war_activity,85.0,14
2025-05-18,Russia,external_attack,84.2,16
2025-05-18,Russia,regional_spillover,84.5,13
2025-05-19,Russia,internal_violence,74.0,11
2025-05-19,Russia,repression,65.1,13
2025-05-19,Russia,domestic_attack,58.9,9
2025-05-19,Russia,war_activity,84.6,15
2025-05-19,Russia,external_attack,86.3,16
2025-05-19,Russia,regional_spillover,83.7,14
2025-05-20,Russia,internal_violence,71.4,12
2025-05-20,Russia,repression,64.3,10
2025-05-20,Russia,domestic_attack,58.7,9
2025-05-20,Russia,war_activity,83.2,15
2025-05-20,Russia,external_attack,85.7,13
2025-05-20,Russia,regional_spillover,83.2,16
2025-05-21,Russia,internal_violence,74.4,12
2025-05-21,Russia,repression,64.6,11
2025-05-21,Russia,domestic_attack,58.8,11
2025-05-21,Russia,war_activity,84.5,14
2025-05-21,Russia,external_attack,85.2,13
2025-05-21,Russia,regional_spillover,82.1,12
2025-05-22,Russia,internal_violence,74.1,14
2025-05-22,Russia,repression,69.1,13
2025-05-22,Russia,domestic_attack,63.0,11
2025-05-22,Russia,war_activity,84.8,14
2025-05-22,Russia,external_attack,86.7,14
2025-05-22,Russia,regional_spillover,82.2,13
2025-05-23,Russia,internal_violence,73.1,13
2025-05-23,Russia,repression,66.3,12
2025-05-23,Russia,domestic_attack,61.6,9
2025-05-23,Russia,war_activity,86.9,14
2025-05-23,Russia,external_attack,82.8,14
2025-05-23,Russia,regional_spillover,84.5,13
2025-05-24,Russia,internal_violence,70.3,14
2025-05-24,Russia,repression,62.9,11
2025-05-24,Russia,domestic_attack,60.3,11
2025-05-24,Russia,war_activity,85.4,14
2025-05-24,Russia,external_attack,82.4,15
2025-05-24,Russia,regional_spillover,79.5,14
2025-05-25,Russia,internal_violence,73.0,12
2025-05-25,Russia,repression,63.1,11
2025-05-25,Russia,domestic_attack,55.7,10
2025-05-25,Russia,war_activity,85.9,13
2025-05-25,Russia,external_attack,82.2,15
2025-05-25,Russia,regional_spillover,79.2,13
2025-05-26,Russia,internal_violence,74.2,12
2025-05-26,Russia,repression,64.5,12
2025-05-26,Russia,domestic_attack,57.6,10
2025-05-26,Russia,war_activity,84.3,14
2025-05-26,Russia,external_attack,84.3,14
2025-05-26,Russia,regional_spillover,80.0,14
2025-05-27,Russia,internal_violence,75.1,13
2025-05-27,Russia,repression,61.8,10
2025-05-27,Russia,domestic_attack,57.1,9
2025-05-27,Russia,war_activity,85.2,13
2025-05-27,Russia,external_attack,85.3,15
2025-05-27,Russia,regional_spillover,84.0,14
2025-05-28,Russia,internal_violence,72.0,13
2025-05-28,Russia,repression,66.4,11
2025-05-28,Russia,domestic_attack,58.2,9
2025-05-28,Russia,war_activity,86.6,14
2025-05-28,Russia,external_attack,84.9,14
2025-05-28,Russia,regional_spillover,81.9,15
2025-05-29,Russia,internal_violence,74.3,13
2025-05-29,Russia,repression,67.8,11
2025-05-29,Russia,domestic_attack,61.0,10
2025-05-29,Russia,war_activity,82.7,14
2025-05-29,Russia,external_attack,82.7,15
2025-05-29,Russia,regional_spillover,85.2,14
2025-05-30,Russia,internal_violence,75.2,13
2025-05-30,Russia,repression,65.4,12
2025-05-30,Russia,domestic_attack,58.4,9
2025-05-30,Russia,war_activity,83.1,14
2025-05-30,Russia,external_attack,83.9,15
2025-05-30,Russia,regional_spillover,81.9,15
2025-05-31,Russia,internal_violence,72.9,13
2025-05-31,Russia,repression,63.2,10
2025-05-31,Russia,domestic_attack,57.3,9
2025-05-31,Russia,war_activity,84.9,15
2025-05-31,Russia,external_attack,83.6,15
2025-05-31,Russia,regional_spillover,83.0,15
2025-06-01,Russia,internal_violence,70.9,11
2025-06-01,Russia,repression,63.4,10
2025-06-01,Russia,domestic_attack,58.7,10
2025-06-01,Russia,war_activity,82.8,13
2025-06-01,Russia,external_attack,81.3,15
2025-06-01,Russia,regional_spillover,82.3,15
2025-06-02,Russia,internal_violence,70.1,12
2025-06-02,Russia,repression,60.8,10
2025-06-02,Russia,domestic_attack,54.9,9
2025-06-02,Russia,war_activity,84.3,13
2025-06-02,Russia,external_attack,82.6,15
2025-06-02,Russia,regional_spillover,79.8,15
2025-06-03,Russia,internal_violence,73.3,14
2025-06-03,Russia,repression,65.1,11
2025-06-03,Russia,domestic_attack,56.8,9
2025-06-03,Russia,war_activity,85.6,14
2025-06-03,Russia,external_attack,84.7,13
2025-06-03,Russia,regional_spillover,82.3,14
2025-06-04,Russia,internal_violence,74.4,13
2025-06-04,Russia,repression,66.0,10
2025-06-04,Russia,domestic_attack,56.9,10
2025-06-04,Russia,war_activity,85.4,15
2025-06-04,Russia,external_attack,83.8,16
2025-06-04,Russia,regional_spillover,80.3,14
2025-06-05,Russia,internal_violence,74.7,13
2025-06-05,Russia,repression,64.5,10
2025-06-05,Russia,domestic_attack,59.9,11
2025-06-05,Russia,war_activity,83.0,15
2025-06-05,Russia,external_attack,85.7,16
2025-06-05,Russia,regional_spillover,83.3,14
2025-06-06,Russia,internal_violence,74.1,11
2025-06-06,Russia,repression,65.1,12
2025-06-06,Russia,domestic_attack,54.4,10
2025-06-06,Russia,war_activity,83.1,15
2025-06-06,Russia,external_attack,85.3,15
2025-06-06,Russia,regional_spillover,84.0,15
2025-06-07,Russia,internal_violence,69.9,13
2025-06-07,Russia,repression,59.3,10
2025-06-07,Russia,domestic_attack,55.8,9
2025-06-07,Russia,war_activity,83.5,15
2025-06-07,Russia,external_attack,81.1,15
2025-06-07,Russia,regional_spillover,77.9,14
2025-06-08,Russia,internal_violence,67.5,12
2025-06-08,Russia,repression,59.8,10
2025-06-08,Russia,domestic_attack,55.6,9
2025-06-08,Russia,war_activity,82.3,13
2025-06-08,Russia,external_attack,83.1,14
2025-06-08,Russia,regional_spillover,77.1,12
2025-06-09,Russia,internal_violence,69.5,13
2025-06-09,Russia,repression,58.9,9
2025-06-09,Russia,domestic_attack,53.4,10
2025-06-09,Russia,war_activity,82.4,15
2025-06-09,Russia,external_attack,85.1,14
2025-06-09,Russia,regional_spillover,81.1,15
2025-06-10,Russia,internal_violence,69.3,12
2025-06-10,Russia,repression,62.1,10
2025-06-10,Russia,domestic_attack,53.1,9
2025-06-10,Russia,war_activity,80.7,14
2025-06-10,Russia,external_attack,82.8,14
2025-06-10,Russia,regional_spillover,79.4,14
2025-06-11,Russia,internal_violence,72.6,14
2025-06-11,Russia,repression,63.6,11
2025-06-11,Russia,domestic_attack,58.0,10
2025-06-11,Russia,war_activity,83.8,15
2025-06-11,Russia,external_attack,86.5,13
2025-06-11,Russia,regional_spillover,81.3,13
2025-06-12,Russia,internal_violence,73.6,11
2025-06-12,Russia,repression,61.0,10
2025-06-12,Russia,domestic_attack,54.0,10
2025-06-12,Russia,war_activity,83.8,14
2025-06-12,Russia,external_attack,84.4,13
2025-06-12,Russia,regional_spillover,79.3,14
2025-06-13,Russia,internal_violence,69.8,13
2025-06-13,Russia,repression,61.7,11
2025-06-13,Russia,domestic_attack,56.1,11
2025-06-13,Russia,war_activity,83.3,14
2025-06-13,Russia,external_attack,84.4,15
2025-06-13,Russia,regional_spillover,83.0,14
2025-06-14,Russia,internal_violence,70.2,13
2025-06-14,Russia,repression,62.3,11
2025-06-14,Russia,domestic_attack,55.8,10
2025-06-14,Russia,war_activity,82.9,15
2025-06-14,Russia,external_attack,80.3,15
2025-06-14,Russia,regional_spillover,82.0,15
2025-06-15,Russia,internal_violence,64.4,9
2025-06-15,Russia,repression,57.1,11
2025-06-15,Russia,domestic_attack,52.8,9
2025-06-15,Russia,war_activity,81.0,13
2025-06-15,Russia,external_attack,82.6,15
2025-06-15,Russia,regional_spillover,79.9,13
2025-06-16,Russia,internal_violence,68.8,11
2025-06-16,Russia,repression,58.2,9
2025-06-16,Russia,domestic_attack,52.6,10
2025-06-16,Russia,war_activity,80.1,13
2025-06-16,Russia,external_attack,82.9,13
2025-06-16,Russia,regional_spillover,78.0,12
2025-06-17,Russia,internal_violence,70.5,12
2025-06-17,Russia,repression,60.9,10
2025-06-17,Russia,domestic_attack,55.4,10
2025-06-17,Russia,war_activity,80.3,12
2025-06-17,Russia,external_attack,85.2,15
2025-06-17,Russia,regional_spillover,76.9,12
2025-06-18,Russia,internal_violence,71.0,12
2025-06-18,Russia,repression,59.2,9
2025-06-18,Russia,domestic_attack,57.3,9
2025-06-18,Russia,war_activity,80.8,14
2025-06-18,Russia,external_attack,85.9,14
2025-06-18,Russia,regional_spillover,80.2,12
2025-06-19,Russia,internal_violence,72.2,11
2025-06-19,Russia,repression,60.4,10
2025-06-19,Russia,domestic_attack,56.0,11
2025-06-19,Russia,war_activity,85.5,14
2025-06-19,Russia,external_attack,82.3,14
2025-06-19,Russia,regional_spillover,82.4,15
2025-06-20,Russia,internal_violence,70.8,13
2025-06-20,Russia,repression,57.8,11
2025-06-20,Russia,domestic_attack,56.5,10
2025-06-20,Russia,war_activity,82.1,13
2025-06-20,Russia,external_attack,84.0,13
2025-06-20,Russia,regional_spillover,76.9,12
2025-06-21,Russia,internal_violence,67.4,11
2025-06-21,Russia,repression,58.0,9
2025-06-21,Russia,domestic_attack,53.9,9
2025-06-21,Russia,war_activity,84.7,13
2025-06-21,Russia,external_attack,80.7,14
2025-06-21,Russia,regional_spillover,78.0,12
2025-06-22,Russia,internal_violence,64.8,12
2025-06-22,Russia,repression,60.4,11
2025-06-22,Russia,domestic_attack,49.5,8
2025-06-22,Russia,war_activity,84.1,13
2025-06-22,Russia,external_attack,84.4,15
2025-06-22,Russia,regional_spillover,79.7,14
2025-06-23,Russia,internal_violence,67.6,12
2025-06-23,Russia,repression,55.8,8
2025-06-23,Russia,domestic_attack,51.9,10
2025-06-23,Russia,war_activity,80.9,15
2025-06-23,Russia,external_attack,84.8,13
2025-06-23,Russia,regional_spillover,78.2,15
2025-06-24,Russia,internal_violence,64.3,11
2025-06-24,Russia,repression,61.6,11
2025-06-24,Russia,domestic_attack,50.9,9
2025-06-24,Russia,war_activity,83.6,15
2025-06-24,Russia,external_attack,83.0,15
2025-06-24,Russia,regional_spillover,79.7,13
2025-06-25,Russia,internal_violence,70.6,11
2025-06-25,Russia,repression,57.7,11
2025-06-25,Russia,domestic_attack,55.7,11
2025-06-25,Russia,war_activity,83.7,13
2025-06-25,Russia,external_attack,82.6,13
2025-06-25,Russia,regional_spillover,76.9,14
2025-06-26,Russia,internal_violence,70.8,13
2025-06-26,Russia,repression,62.4,9
2025-06-26,Russia,domestic_attack,53.8,10
2025-06-26,Russia,war_activity,80.5,15
2025-06-26,Russia,external_attack,84.5,15
2025-06-26,Russia,regional_spillover,78.3,12
2025-06-27,Russia,internal_violence,66.9,10
2025-06-27,Russia,repression,60.4,11
2025-06-27,Russia,domestic_attack,53.3,8
2025-06-27,Russia,war_activity,80.5,15
2025-06-27,Russia,external_attack,82.6,14
2025-06-27,Russia,regional_spillover,79.0,15
2025-06-28,Russia,internal_violence,65.4,12
2025-06-28,Russia,repression,58.9,11
2025-06-28,Russia,domestic_attack,49.9,7
2025-06-28,Russia,war_activity,84.2,14
2025-06-28,Russia,external_attack,79.9,12
2025-06-28,Russia,regional_spillover,78.2,13
2025-06-29,Russia,internal_violence,62.1,11
2025-06-29,Russia,repression,55.1,10
2025-06-29,Russia,domestic_attack,52.9,8
2025-06-29,Russia,war_activity,84.2,14
2025-06-29,Russia,external_attack,82.9,15
2025-06-29,Russia,regional_spillover,78.8,12
2025-06-30,Russia,internal_violence,64.7,12
2025-06-30,Russia,repression,55.7,10
2025-06-30,Russia,domestic_attack,53.9,9
2025-06-30,Russia,war_activity,81.1,14
2025-06-30,Russia,external_attack,80.3,14
2025-06-30,Russia,regional_spillover,76.8,13
2025-07-01,Russia,internal_violence,65.0,12
2025-07-01,Russia,repression,60.2,11
2025-07-01,Russia,domestic_attack,53.1,9
2025-07-01,Russia,war_activity,82.4,15
2025-07-01,Russia,external_attack,82.4,15
2025-07-01,Russia,regional_spillover,81.2,14
2025-07-02,Russia,internal_violence,67.2,10
2025-07-02,Russia,repression,62.9,10
2025-07-02,Russia,domestic_attack,52.2,9
2025-07-02,Russia,war_activity,82.5,14
2025-07-02,Russia,external_attack,81.4,15
2025-07-02,Russia,regional_spillover,81.1,15
2025-07-03,Russia,internal_violence,69.8,11
2025-07-03,Russia,repression,62.9,11
2025-07-03,Russia,domestic_attack,53.1,8
2025-07-03,Russia,war_activity,81.1,14
2025-07-03,Russia,external_attack,85.0,13
2025-07-03,Russia,regional_spillover,80.4,15
2025-07-04,Russia,internal_violence,65.0,12
2025-07-04,Russia,repression,58.0,11
2025-07-04,Russia,domestic_attack,55.5,9
2025-07-04,Russia,war_activity,84.5,16
2025-07-04,Russia,external_attack,81.9,15
2025-07-04,Russia,regional_spillover,79.6,14
2025-07-05,Russia,internal_violence,64.5,12
2025-07-05,Russia,repression,61.1,12
2025-07-05,Russia,domestic_attack,52.2,7
2025-07-05,Russia,war_activity,82.4,16
2025-07-05,Russia,external_attack,82.1,15
2025-07-05,Russia,regional_spillover,79.9,14
2025-07-06,Russia,internal_violence,64.9,12
2025-07-06,Russia,repression,57.6,11
2025-07-06,Russia,domestic_attack,52.9,9
2025-07-06,Russia,war_activity,80.0,14
2025-07-06,Russia,external_attack,84.9,15
2025-07-06,Russia,regional_spillover,76.2,13
2025-07-07,Russia,internal_violence,65.4,11
2025-07-07,Russia,repression,59.6,10
2025-07-07,Russia,domestic_attack,54.8,11
2025-07-07,Russia,war_activity,81.8,15
2025-07-07,Russia,external_attack,81.9,15
2025-07-07,Russia,regional_spillover,77.4,13
2025-07-08,Russia,internal_violence,65.4,12
2025-07-08,Russia,repression,61.7,10
2025-07-08,Russia,domestic_attack,54.1,8
2025-07-08,Russia,war_activity,81.4,14
2025-07-08,Russia,external_attack,83.5,16
2025-07-08,Russia,regional_spillover,78.0,14
2025-07-09,Russia,internal_violence,67.7,10
2025-07-09,Russia,repression,60.2,11
2025-07-09,Russia,domestic_attack,55.5,10
2025-07-09,Russia,war_activity,80.9,15
2025-07-09,Russia,external_attack,80.6,14
2025-07-09,Russia,regional_spillover,80.7,14
2025-07-10,Russia,internal_violence,71.9,12
2025-07-10,Russia,repression,62.1,12
2025-07-10,Russia,domestic_attack,53.6,9
2025-07-10,Russia,war_activity,81.1,14
2025-07-10,Russia,external_attack,86.2,15
2025-07-10,Russia,regional_spillover,80.6,13
2025-07-11,Russia,internal_violence,69.1,12
2025-07-11,Russia,repression,62.9,10
2025-07-11,Russia,domestic_attack,56.0,8
2025-07-11,Russia,war_activity,84.2,13
2025-07-11,Russia,external_attack,80.7,14
2025-07-11,Russia,regional_spillover,82.5,14
2025-07-12,Russia,internal_violence,66.2,13
2025-07-12,Russia,repression,62.1,11
2025-07-12,Russia,domestic_attack,53.8,9
2025-07-12,Russia,war_activity,83.0,14
2025-07-12,Russia,external_attack,80.3,13
2025-07-12,Russia,regional_spillover,79.5,13
2025-07-13,Russia,internal_violence,65.4,12
2025-07-13,Russia,repression,57.8,9
2025-07-13,Russia,domestic_attack,50.5,8
2025-07-13,Russia,war_activity,84.5,15
2025-07-13,Russia,external_attack,84.8,13
2025-07-13,Russia,regional_spillover,80.3,13
2025-07-14,Russia,internal_violence,65.2,11
2025-07-14,Russia,repression,61.7,10
2025-07-14,Russia,domestic_attack,54.1,10
2025-07-14,Russia,war_activity,79.7,15
2025-07-14,Russia,external_attack,83.8,16
2025-07-14,Russia,regional_spillover,80.5,14
2025-07-15,Russia,internal_violence,69.1,12
2025-07-15,Russia,repression,60.3,11
2025-07-15,Russia,domestic_attack,56.7,11
2025-07-15,Russia,war_activity,83.9,13
2025-07-15,Russia,external_attack,83.4,15
2025-07-15,Russia,regional_spillover,80.2,14
2025-07-16,Russia,internal_violence,71.4,13
2025-07-16,Russia,repression,60.9,10
2025-07-16,Russia,domestic_attack,58.2,9
2025-07-16,Russia,war_activity,85.0,14
2025-07-16,Russia,external_attack,82.5,14
2025-07-16,Russia,regional_spillover,80.9,15
2025-07-17,Russia,internal_violence,73.1,13
2025-07-17,Russia,repression,63.1,11
2025-07-17,Russia,domestic_attack,59.4,11
2025-07-17,Russia,war_activity,86.4,16
2025-07-17,Russia,external_attack,83.7,14
2025-07-17,Russia,regional_spillover,81.2,14
2025-07-18,Russia,internal_violence,68.8,13
2025-07-18,Russia,repression,62.8,12
2025-07-18,Russia,domestic_attack,57.8,10
2025-07-18,Russia,war_activity,83.3,15
2025-07-18,Russia,external_attack,83.6,15
2025-07-18,Russia,regional_spillover,78.8,14
2025-07-19,Russia,internal_violence,68.1,12
2025-07-19,Russia,repression,59.9,10
2025-07-19,Russia,domestic_attack,57.5,9
2025-07-19,Russia,war_activity,84.6,14
2025-07-19,Russia,external_attack,81.3,15
2025-07-19,Russia,regional_spillover,81.1,14
2025-07-20,Russia,internal_violence,66.7,12
2025-07-20,Russia,repression,60.9,10
2025-07-20,Russia,domestic_attack,56.4,9
2025-07-20,Russia,war_activity,82.9,14
2025-07-20,Russia,external_attack,82.1,13
2025-07-20,Russia,regional_spillover,79.8,15
2025-07-21,Russia,internal_violence,67.7,11
2025-07-21,Russia,repression,62.5,10
2025-07-21,Russia,domestic_attack,57.8,9
2025-07-21,Russia,war_activity,84.3,15
2025-07-21,Russia,external_attack,83.4,15
2025-07-21,Russia,regional_spillover,79.4,13
2025-07-22,Russia,internal_violence,73.3,12
2025-07-22,Russia,repression,61.8,10
2025-07-22,Russia,domestic_attack,57.6,9
2025-07-22,Russia,war_activity,85.3,14
2025-07-22,Russia,external_attack,81.4,13
2025-07-22,Russia,regional_spillover,80.7,15
2025-07-23,Russia,internal_violence,70.0,12
2025-07-23,Russia,repression,66.6,12
2025-07-23,Russia,domestic_attack,58.7,10
2025-07-23,Russia,war_activity,85.3,15
2025-07-23,Russia,external_attack,87.2,16
2025-07-23,Russia,regional_spillover,83.7,14
2025-07-24,Russia,internal_violence,71.9,13
2025-07-24,Russia,repression,63.5,12
2025-07-24,Russia,domestic_attack,61.1,11
2025-07-24,Russia,war_activity,83.6,15
2025-07-24,Russia,external_attack,84.3,14
2025-07-24,Russia,regional_spillover,80.7,14
2025-07-25,Russia,internal_violence,73.1,11
2025-07-25,Russia,repression,65.0,10
2025-07-25,Russia,domestic_attack,59.7,9
2025-07-25,Russia,war_activity,82.1,15
2025-07-25,Russia,external_attack,82.1,14
2025-07-25,Russia,regional_spillover,84.8,13
2025-07-26,Russia,internal_violence,70.1,11
2025-07-26,Russia,repression,62.1,10
2025-07-26,Russia,domestic_attack,55.8,9
2025-07-26,Russia,war_activity,84.6,14
2025-07-26,Russia,external_attack,82.1,13
2025-07-26,Russia,regional_spillover,79.2,13
2025-07-27,Russia,internal_violence,71.6,11
2025-07-27,Russia,repression,63.2,12
2025-07-27,Russia,domestic_attack,58.0,11
2025-07-27,Russia,war_activity,81.7,15
2025-07-27,Russia,external_attack,85.2,16
2025-07-27,Russia,regional_spillover,81.2,13
2025-07-28,Russia,internal_violence,72.4,11
2025-07-28,Russia,repression,64.4,11
2025-07-28,Russia,domestic_attack,59.4,11
2025-07-28,Russia,war_activity,83.1,13
2025-07-28,Russia,external_attack,86.4,14
2025-07-28,Russia,regional_spillover,80.9,14
2025-07-29,Russia,internal_violence,70.8,11
2025-07-29,Russia,repression,67.7,11
2025-07-29,Russia,domestic_attack,61.3,11
2025-07-29,Russia,war_activity,83.1,14
2025-07-29,Russia,external_attack,84.0,14
2025-07-29,Russia,regional_spillover,81.6,13
2025-07-30,Russia,internal_violence,77.4,14
2025-07-30,Russia,repression,66.9,12
2025-07-30,Russia,domestic_attack,57.9,11
2025-07-30,Russia,war_activity,83.7,14
2025-07-30,Russia,external_attack,83.2,14
2025-07-30,Russia,regional_spillover,86.2,15
2025-07-31,Russia,internal_violence,77.2,15
2025-07-31,Russia,repression,68.4,10
2025-07-31,Russia,domestic_attack,63.6,12
2025-07-31,Russia,war_activity,87.1,16
2025-07-31,Russia,external_attack,84.9,16
2025-07-31,Russia,regional_spillover,86.6,14
2025-08-01,Russia,internal_violence,74.1,11
2025-08-01,Russia,repression,69.6,13
2025-08-01,Russia,domestic_attack,60.7,9
2025-08-01,Russia,war_activity,83.6,15
2025-08-01,Russia,external_attack,85.0,15
2025-08-01,Russia,regional_spillover,84.7,15
2025-08-02,Russia,internal_violence,75.6,12
2025-08-02,Russia,repression,65.3,12
2025-08-02,Russia,domestic_attack,61.3,9
2025-08-02,Russia,war_activity,84.5,15
2025-08-02,Russia,external_attack,87.9,15
2025-08-02,Russia,regional_spillover,81.4,13
2025-08-03,Russia,internal_violence,72.9,13
2025-08-03,Russia,repression,66.7,12
2025-08-03,Russia,domestic_attack,60.4,11
2025-08-03,Russia,war_activity,81.9,15
2025-08-03,Russia,external_attack,85.5,15
2025-08-03,Russia,regional_spillover,83.1,16
2025-08-04,Russia,internal_violence,74.5,12
2025-08-04,Russia,repression,67.0,12
2025-08-04,Russia,domestic_attack,60.5,12
2025-08-04,Russia,war_activity,85.7,14
2025-08-04,Russia,external_attack,87.0,16
2025-08-04,Russia,regional_spillover,80.7,15
2025-08-05,Russia,internal_violence,75.6,12
2025-08-05,Russia,repression,64.9,12
2025-08-05,Russia,domestic_attack,61.9,11
2025-08-05,Russia,war_activity,86.3,15
2025-08-05,Russia,external_attack,84.5,16
2025-08-05,Russia,regional_spillover,85.9,16
2025-08-06,Russia,internal_violence,76.9,12
2025-08-06,Russia,repression,67.9,11
2025-08-06,Russia,domestic_attack,63.6,12
2025-08-06,Russia,war_activity,85.9,13
2025-08-06,Russia,external_attack,88.9,17
2025-08-06,Russia,regional_spillover,85.1,15
2025-08-07,Russia,internal_violence,81.5,13
2025-08-07,Russia,repression,70.4,12
2025-08-07,Russia,domestic_attack,61.8,12
2025-08-07,Russia,war_activity,85.5,13
2025-08-07,Russia,external_attack,84.7,15
2025-08-07,Russia,regional_spillover,85.2,16
2025-08-08,Russia,internal_violence,78.7,12
2025-08-08,Russia,repression,69.1,13
2025-08-08,Russia,domestic_attack,64.3,11
2025-08-08,Russia,war_activity,83.9,14
2025-08-08,Russia,external_attack,86.5,13
2025-08-08,Russia,regional_spillover,82.5,13
2025-08-09,Russia,internal_violence,75.3,13
2025-08-09,Russia,repression,67.3,12
2025-08-09,Russia,domestic_attack,59.5,11
2025-08-09,Russia,war_activity,88.5,16
2025-08-09,Russia,external_attack,86.0,14
2025-08-09,Russia,regional_spillover,85.3,15
2025-08-10,Russia,internal_violence,76.3,12
2025-08-10,Russia,repression,65.2,12
2025-08-10,Russia,domestic_attack,60.6,10
2025-08-10,Russia,war_activity,85.9,16
2025-08-10,Russia,external_attack,84.6,13
2025-08-10,Russia,regional_spillover,83.0,14
2025-08-11,Russia,internal_violence,79.8,14
2025-08-11,Russia,repression,66.2,10
2025-08-11,Russia,domestic_attack,59.8,11
2025-08-11,Russia,war_activity,84.7,14
2025-08-11,Russia,external_attack,88.4,14
2025-08-11,Russia,regional_spillover,84.3,13
2025-08-12,Russia,internal_violence,81.3,13
2025-08-12,Russia,repression,68.9,10
2025-08-12,Russia,domestic_attack,61.1,11
2025-08-12,Russia,war_activity,87.7,15
2025-08-12,Russia,external_attack,87.0,13
2025-08-12,Russia,regional_spillover,87.7,15
2025-08-13,Russia,internal_violence,82.0,13
2025-08-13,Russia,repression,72.4,12
2025-08-13,Russia,domestic_attack,65.8,12
2025-08-13,Russia,war_activity,89.3,14
2025-08-13,Russia,external_attack,88.0,14
2025-08-13,Russia,regional_spillover,87.8,15
2025-08-14,Russia,internal_violence,85.1,14
2025-08-14,Russia,repression,71.0,13
2025-08-14,Russia,domestic_attack,66.1,12
2025-08-14,Russia,war_activity,85.0,14
2025-08-14,Russia,external_attack,85.0,14
2025-08-14,Russia,regional_spillover,88.3,16
2025-08-15,Russia,internal_violence,82.8,14
2025-08-15,Russia,repression,72.2,13
2025-08-15,Russia,domestic_attack,67.0,11
2025-08-15,Russia,war_activity,86.2,14
2025-08-15,Russia,external_attack,89.1,15
2025-08-15,Russia,regional_spillover,87.9,15
2025-08-16,Russia,internal_violence,82.0,13
2025-08-16,Russia,repression,68.4,13
2025-08-16,Russia,domestic_attack,62.0,9
2025-08-16,Russia,war_activity,85.2,14
2025-08-16,Russia,external_attack,86.7,14
2025-08-16,Russia,regional_spillover,88.5,14
2025-08-17,Russia,internal_violence,78.1,15
2025-08-17,Russia,repression,72.4,13
2025-08-17,Russia,domestic_attack,62.3,10
2025-08-17,Russia,war_activity,84.3,14
2025-08-17,Russia,external_attack,86.4,16
2025-08-17,Russia,regional_spillover,83.8,13
2025-08-18,Russia,internal_violence,82.3,14
2025-08-18,Russia,repression,69.8,12
2025-08-18,Russia,domestic_attack,62.1,11
2025-08-18,Russia,war_activity,89.6,15
2025-08-18,Russia,external_attack,88.4,15
2025-08-18,Russia,regional_spillover,86.0,14
2025-08-19,Russia,internal_violence,83.3,15
2025-08-19,Russia,repression,71.1,12
2025-08-19,Russia,domestic_attack,67.1,11
2025-08-19,Russia,war_activity,88.2,14
2025-08-19,Russia,external_attack,84.9,13
2025-08-19,Russia,regional_spillover,89.7,15
2025-08-20,Russia,internal_violence,81.8,13
2025-08-20,Russia,repression,74.5,12
2025-08-20,Russia,domestic_attack,69.5,11
2025-08-20,Russia,war_activity,88.4,15
2025-08-20,Russia,external_attack,87.7,15
2025-08-20,Russia,regional_spillover,91.1,16
2025-08-21,Russia,internal_violence,84.0,14
2025-08-21,Russia,repression,75.1,12
2025-08-21,Russia,domestic_attack,70.3,12
2025-08-21,Russia,war_activity,90.6,15
2025-08-21,Russia,external_attack,90.0,14
2025-08-21,Russia,regional_spillover,90.9,15
2025-08-22,Russia,internal_violence,83.2,13
2025-08-22,Russia,repression,73.3,11
2025-08-22,Russia,domestic_attack,70.2,11
2025-08-22,Russia,war_activity,85.9,14
2025-08-22,Russia,external_attack,89.9,14
2025-08-22,Russia,regional_spillover,89.0,15
2025-08-23,Russia,internal_violence,85.4,14
2025-08-23,Russia,repression,71.2,12
2025-08-23,Russia,domestic_attack,65.2,12
2025-08-23,Russia,war_activity,88.4,16
2025-08-23,Russia,external_attack,86.4,15
2025-08-23,Russia,regional_spillover,87.0,16
2025-08-24,Russia,internal_violence,80.8,14
2025-08-24,Russia,repression,72.0,14
2025-08-24,Russia,domestic_attack,63.6,11
2025-08-24,Russia,war_activity,86.0,15
2025-08-24,Russia,external_attack,88.2,16
2025-08-24,Russia,regional_spillover,88.0,14
2025-08-25,Russia,internal_violence,81.5,13
2025-08-25,Russia,repression,71.4,12
2025-08-25,Russia,domestic_attack,67.0,11
2025-08-25,Russia,war_activity,86.7,15
2025-08-25,Russia,external_attack,85.6,14
2025-08-25,Russia,regional_spillover,86.2,13
2025-08-26,Russia,internal_violence,85.0,15
2025-08-26,Russia,repression,74.9,12
2025-08-26,Russia,domestic_attack,69.4,13
2025-08-26,Russia,war_activity,89.7,16
2025-08-26,Russia,external_attack,89.3,15
2025-08-26,Russia,regional_spillover,91.3,17
2025-08-27,Russia,internal_violence,84.9,14
2025-08-27,Russia,repression,76.3,12
2025-08-27,Russia,domestic_attack,67.0,12
2025-08-27,Russia,war_activity,90.3,17
2025-08-27,Russia,external_attack,89.8,15
2025-08-27,Russia,regional_spillover,89.4,16
2025-08-28,Russia,internal_violence,88.8,15
2025-08-28,Russia,repression,76.0,14
2025-08-28,Russia,domestic_attack,70.5,12
2025-08-28,Russia,war_activity,87.0,14
2025-08-28,Russia,external_attack,86.6,13
2025-08-28,Russia,regional_spillover,87.6,14
2025-08-29,Russia,internal_violence,88.4,16
2025-08-29,Russia,repression,75.7,13
2025-08-29,Russia,domestic_attack,71.2,13
2025-08-29,Russia,war_activity,89.7,15
2025-08-29,Russia,external_attack,88.8,14
2025-08-29,Russia,regional_spillover,91.0,14
2025-08-30,Russia,internal_violence,83.2,14
2025-08-30,Russia,repression,77.6,14
2025-08-30,Russia,domestic_attack,67.8,10
2025-08-30,Russia,war_activity,89.0,14
2025-08-30,Russia,external_attack,90.5,15
2025-08-30,Russia,regional_spillover,91.0,15
2025-08-31,Russia,internal_violence,82.1,14
2025-08-31,Russia,repression,73.9,14
2025-08-31,Russia,domestic_attack,69.1,13
2025-08-31,Russia,war_activity,89.1,16
2025-08-31,Russia,external_attack,89.6,17
2025-08-31,Russia,regional_spillover,90.5,17
2025-09-01,Russia,internal_violence,84.0,13
2025-09-01,Russia,repression,74.7,14
2025-09-01,Russia,domestic_attack,65.1,10
2025-09-01,Russia,war_activity,88.9,17
2025-09-01,Russia,external_attack,86.7,13
2025-09-01,Russia,regional_spillover,90.1,15
2025-09-02,Russia,internal_violence,88.9,15
2025-09-02,Russia,repression,78.4,13
2025-09-02,Russia,domestic_attack,69.0,13
2025-09-02,Russia,war_activity,86.4,15
2025-09-02,Russia,external_attack,86.2,15
2025-09-02,Russia,regional_spillover,92.2,16
2025-09-03,Russia,internal_violence,86.2,16
2025-09-03,Russia,repression,80.2,14
2025-09-03,Russia,domestic_attack,69.5,11
2025-09-03,Russia,war_activity,88.1,16
2025-09-03,Russia,external_attack,90.0,17
2025-09-03,Russia,regional_spillover,91.5,16
2025-09-04,Russia,internal_violence,87.3,15
2025-09-04,Russia,repression,76.3,12
2025-09-04,Russia,domestic_attack,71.9,12
2025-09-04,Russia,war_activity,91.7,17
2025-09-04,Russia,external_attack,87.1,16
2025-09-04,Russia,regional_spillover,91.9,15
2025-09-05,Russia,internal_violence,87.6,14
2025-09-05,Russia,repression,77.9,14
2025-09-05,Russia,domestic_attack,71.8,13
2025-09-05,Russia,war_activity,87.4,14
2025-09-05,Russia,external_attack,89.3,16
2025-09-05,Russia,regional_spillover,89.1,16
2025-09-06,Russia,internal_violence,87.7,15
2025-09-06,Russia,repression,76.3,13
2025-09-06,Russia,domestic_attack,68.1,12
2025-09-06,Russia,war_activity,86.9,15
2025-09-06,Russia,external_attack,87.1,13
2025-09-06,Russia,regional_spillover,89.2,16
2025-09-07,Russia,internal_violence,86.0,16
2025-09-07,Russia,repression,75.7,13
2025-09-07,Russia,domestic_attack,69.7,11
2025-09-07,Russia,war_activity,89.1,15
2025-09-07,Russia,external_attack,86.2,13
2025-09-07,Russia,regional_spillover,90.1,17
2025-09-08,Russia,internal_violence,83.7,14
2025-09-08,Russia,repression,73.7,11
2025-09-08,Russia,domestic_attack,68.7,13
2025-09-08,Russia,war_activity,90.4,14
2025-09-08,Russia,external_attack,86.3,14
2025-09-08,Russia,regional_spillover,87.2,14
2025-09-09,Russia,internal_violence,86.8,16
2025-09-09,Russia,repression,77.2,12
2025-09-09,Russia,domestic_attack,71.0,11
2025-09-09,Russia,war_activity,90.3,14
2025-09-09,Russia,external_attack,90.5,14
2025-09-09,Russia,regional_spillover,88.7,16
2025-09-10,Russia,internal_violence,88.6,16
2025-09-10,Russia,repression,75.0,13
2025-09-10,Russia,domestic_attack,67.9,11
2025-09-10,Russia,war_activity,90.8,15
2025-09-10,Russia,external_attack,90.8,16
2025-09-10,Russia,regional_spillover,90.4,17
2025-09-11,Russia,internal_violence,86.3,16
2025-09-11,Russia,repression,76.1,12
2025-09-11,Russia,domestic_attack,72.3,13
2025-09-11,Russia,war_activity,92.0,16
2025-09-11,Russia,external_attack,87.0,16
2025-09-11,Russia,regional_spillover,88.4,14
2025-09-12,Russia,internal_violence,84.7,15
2025-09-12,Russia,repression,78.9,13
2025-09-12,Russia,domestic_attack,69.2,12
2025-09-12,Russia,war_activity,86.8,15
2025-09-12,Russia,external_attack,91.3,14
2025-09-12,Russia,regional_spillover,90.3,14
2025-09-13,Russia,internal_violence,83.5,14
2025-09-13,Russia,repression,76.6,12
2025-09-13,Russia,domestic_attack,65.6,10
2025-09-13,Russia,war_activity,88.1,16
2025-09-13,Russia,external_attack,91.1,14
2025-09-13,Russia,regional_spillover,90.5,16
2025-09-14,Russia,internal_violence,84.8,15
2025-09-14,Russia,repression,75.4,13
2025-09-14,Russia,domestic_attack,65.7,12
2025-09-14,Russia,war_activity,88.3,14
2025-09-14,Russia,external_attack,89.3,14
2025-09-14,Russia,regional_spillover,87.3,14
2025-09-15,Russia,internal_violence,83.9,13
2025-09-15,Russia,repression,77.0,14
2025-09-15,Russia,domestic_attack,68.8,11
2025-09-15,Russia,war_activity,86.3,15
2025-09-15,Russia,external_attack,90.4,14
2025-09-15,Russia,regional_spillover,90.4,17
2025-09-16,Russia,internal_violence,86.5,14
2025-09-16,Russia,repression,74.3,13
2025-09-16,Russia,domestic_attack,67.7,13
2025-09-16,Russia,war_activity,90.1,14
2025-09-16,Russia,external_attack,88.0,14
2025-09-16,Russia,regional_spillover,90.0,14
2025-09-17,Russia,internal_violence,88.4,15
2025-09-17,Russia,repression,75.6,13
2025-09-17,Russia,domestic_attack,69.4,12
2025-09-17,Russia,war_activity,90.2,16
2025-09-17,Russia,external_attack,86.6,14
2025-09-17,Russia,regional_spillover,90.4,14
2025-09-18,Russia,internal_violence,85.5,15
2025-09-18,Russia,repression,73.7,14
2025-09-18,Russia,domestic_attack,70.4,13
2025-09-18,Russia,war_activity,86.6,15
2025-09-18,Russia,external_attack,88.9,15
2025-09-18,Russia,regional_spillover,87.5,16
2025-09-19,Russia,internal_violence,84.7,15
2025-09-19,Russia,repression,75.6,13
2025-09-19,Russia,domestic_attack,70.2,12
2025-09-19,Russia,war_activity,89.4,15
2025-09-19,Russia,external_attack,90.3,14
2025-09-19,Russia,regional_spillover,88.3,16
2025-09-20,Russia,internal_violence,82.8,13
2025-09-20,Russia,repression,74.3,12
2025-09-20,Russia,domestic_attack,66.6,10
2025-09-20,Russia,war_activity,88.0,15
2025-09-20,Russia,external_attack,89.5,16
2025-09-20,Russia,regional_spillover,85.7,16
2025-09-21,Russia,internal_violence,81.4,14
2025-09-21,Russia,repression,74.2,12
2025-09-21,Russia,domestic_attack,65.0,11
2025-09-21,Russia,war_activity,84.9,15
2025-09-21,Russia,external_attack,86.2,16
2025-09-21,Russia,regional_spillover,88.9,15
2025-09-22,Russia,internal_violence,80.4,12
2025-09-22,Russia,repression,73.6,12
2025-09-22,Russia,domestic_attack,67.4,12
2025-09-22,Russia,war_activity,85.6,14
2025-09-22,Russia,external_attack,85.6,14
2025-09-22,Russia,regional_spillover,85.2,15
2025-09-23,Russia,internal_violence,84.6,16
2025-09-23,Russia,repression,71.1,11
2025-09-23,Russia,domestic_attack,63.4,10
2025-09-23,Russia,war_activity,89.1,16
2025-09-23,Russia,external_attack,88.3,15
2025-09-23,Russia,regional_spillover,88.2,16
2025-09-24,Russia,internal_violence,82.0,13
2025-09-24,Russia,repression,73.3,14
2025-09-24,Russia,domestic_attack,67.0,12
2025-09-24,Russia,war_activity,86.4,16
2025-09-24,Russia,external_attack,87.3,15
2025-09-24,Russia,regional_spillover,90.4,17
2025-09-25,Russia,internal_violence,82.1,14
2025-09-25,Russia,repression,75.0,13
2025-09-25,Russia,domestic_attack,68.6,11
2025-09-25,Russia,war_activity,86.2,15
2025-09-25,Russia,external_attack,85.4,16
2025-09-25,Russia,regional_spillover,89.6,15
2025-09-26,Russia,internal_violence,80.2,13
2025-09-26,Russia,repression,73.3,12
2025-09-26,Russia,domestic_attack,67.9,11
2025-09-26,Russia,war_activity,86.5,13
2025-09-26,Russia,external_attack,89.9,17
2025-09-26,Russia,regional_spillover,86.0,13
2025-09-27,Russia,internal_violence,78.2,13
2025-09-27,Russia,repression,70.6,12
2025-09-27,Russia,domestic_attack,63.4,9
2025-09-27,Russia,war_activity,86.7,15
2025-09-27,Russia,external_attack,88.5,15
2025-09-27,Russia,regional_spillover,84.2,13
2025-09-28,Russia,internal_violence,79.4,13
2025-09-28,Russia,repression,68.0,11
2025-09-28,Russia,domestic_attack,60.4,10
2025-09-28,Russia,war_activity,83.9,13
2025-09-28,Russia,external_attack,86.4,16
2025-09-28,Russia,regional_spillover,84.7,15
2025-09-29,Russia,internal_violence,76.6,14
2025-09-29,Russia,repression,69.5,12
2025-09-29,Russia,domestic_attack,60.8,9
2025-09-29,Russia,war_activity,88.0,15
2025-09-29,Russia,external_attack,89.2,16
2025-09-29,Russia,regional_spillover,84.0,13
2025-09-30,Russia,internal_violence,82.0,15
2025-09-30,Russia,repression,72.4,13
2025-09-30,Russia,domestic_attack,63.1,11
2025-09-30,Russia,war_activity,87.5,15
2025-09-30,Russia,external_attack,85.4,16
2025-09-30,Russia,regional_spillover,87.1,14
2025-10-01,Russia,internal_violence,82.6,15
2025-10-01,Russia,repression,73.2,11
2025-10-01,Russia,domestic_attack,61.8,9
2025-10-01,Russia,war_activity,85.5,14
2025-10-01,Russia,external_attack,84.9,15
2025-10-01,Russia,regional_spillover,88.8,14
2025-10-02,Russia,internal_violence,78.9,12
2025-10-02,Russia,repression,73.3,13
2025-10-02,Russia,domestic_attack,64.8,12
2025-10-02,Russia,war_activity,86.6,14
2025-10-02,Russia,external_attack,88.9,15
2025-10-02,Russia,regional_spillover,86.2,14
2025-10-03,Russia,internal_violence,80.1,15
2025-10-03,Russia,repression,69.7,11
2025-10-03,Russia,domestic_attack,61.0,10
2025-10-03,Russia,war_activity,86.3,15
2025-10-03,Russia,external_attack,84.7,14
2025-10-03,Russia,regional_spillover,87.1,15
2025-10-04,Russia,internal_violence,76.8,14
2025-10-04,Russia,repression,68.2,13
2025-10-04,Russia,domestic_attack,63.4,10
2025-10-04,Russia,war_activity,87.4,15
2025-10-04,Russia,external_attack,85.3,13
2025-10-04,Russia,regional_spillover,84.3,15
2025-10-05,Russia,internal_violence,78.0,14
2025-10-05,Russia,repression,69.0,13
2025-10-05,Russia,domestic_attack,60.9,10
2025-10-05,Russia,war_activity,88.0,14
2025-10-05,Russia,external_attack,83.4,15
2025-10-05,Russia,regional_spillover,85.2,15
2025-10-06,Russia,internal_violence,76.3,13
2025-10-06,Russia,repression,68.0,12
2025-10-06,Russia,domestic_attack,58.1,11
2025-10-06,Russia,war_activity,84.4,15
2025-10-06,Russia,external_attack,85.1,15
2025-10-06,Russia,regional_spillover,86.3,15
2025-10-07,Russia,internal_violence,77.6,14
2025-10-07,Russia,repression,69.4,11
2025-10-07,Russia,domestic_attack,60.2,10
2025-10-07,Russia,war_activity,88.3,15
2025-10-07,Russia,external_attack,83.8,13
2025-10-07,Russia,regional_spillover,82.5,13
2025-10-08,Russia,internal_violence,80.3,13
2025-10-08,Russia,repression,71.0,12
2025-10-08,Russia,domestic_attack,63.6,11
2025-10-08,Russia,war_activity,88.0,15
2025-10-08,Russia,external_attack,87.7,14
2025-10-08,Russia,regional_spillover,87.7,15
2025-10-09,Russia,internal_violence,77.4,15
2025-10-09,Russia,repression,67.7,13
2025-10-09,Russia,domestic_attack,61.5,12
2025-10-09,Russia,war_activity,87.4,15
2025-10-09,Russia,external_attack,84.4,13
2025-10-09,Russia,regional_spillover,85.8,14
2025-10-10,Russia,internal_violence,76.7,12
2025-10-10,Russia,repression,66.0,12
2025-10-10,Russia,domestic_attack,62.9,11
2025-10-10,Russia,war_activity,84.8,15
2025-10-10,Russia,external_attack,85.4,13
2025-10-10,Russia,regional_spillover,86.7,14
2025-10-11,Russia,internal_violence,75.2,11
2025-10-11,Russia,repression,64.9,10
2025-10-11,Russia,domestic_attack,57.5,8
2025-10-11,Russia,war_activity,84.4,15
2025-10-11,Russia,external_attack,85.1,13
2025-10-11,Russia,regional_spillover,80.7,13
2025-10-12,Russia,internal_violence,71.5,13
2025-10-12,Russia,repression,64.8,10
2025-10-12,Russia,domestic_attack,58.0,9
2025-10-12,Russia,war_activity,82.7,14
2025-10-12,Russia,external_attack,82.2,14
2025-10-12,Russia,regional_spillover,82.2,14
2025-10-13,Russia,internal_violence,75.0,12
2025-10-13,Russia,repression,65.1,10
2025-10-13,Russia,domestic_attack,57.2,10
2025-10-13,Russia,war_activity,85.5,13
2025-10-13,Russia,external_attack,83.2,13
2025-10-13,Russia,regional_spillover,82.8,14
2025-10-14,Russia,internal_violence,73.5,13
2025-10-14,Russia,repression,65.4,11
2025-10-14,Russia,domestic_attack,59.3,9
2025-10-14,Russia,war_activity,84.2,13
2025-10-14,Russia,external_attack,84.6,14
2025-10-14,Russia,regional_spillover,82.8,15
2025-10-15,Russia,internal_violence,78.1,12
2025-10-15,Russia,repression,66.7,13
2025-10-15,Russia,domestic_attack,62.0,11
2025-10-15,Russia,war_activity,83.6,15
2025-10-15,Russia,external_attack,83.5,14
2025-10-15,Russia,regional_spillover,83.1,14
2025-10-16,Russia,internal_violence,78.5,14
2025-10-16,Russia,repression,65.7,12
2025-10-16,Russia,domestic_attack,63.4,9
2025-10-16,Russia,war_activity,83.9,15
2025-10-16,Russia,external_attack,88.2,16
2025-10-16,Russia,regional_spillover,86.0,13
2025-10-17,Russia,internal_violence,77.4,14
2025-10-17,Russia,repression,64.9,12
2025-10-17,Russia,domestic_attack,58.8,10
2025-10-17,Russia,war_activity,86.7,16
2025-10-17,Russia,external_attack,84.1,16
2025-10-17,Russia,regional_spillover,85.3,15
2025-10-18,Russia,internal_violence,75.6,13
2025-10-18,Russia,repression,66.3,12
2025-10-18,Russia,domestic_attack,59.6,9
2025-10-18,Russia,war_activity,86.4,14
2025-10-18,Russia,external_attack,86.7,16
2025-10-18,Russia,regional_spillover,85.1,14
2025-10-19,Russia,internal_violence,73.0,11
2025-10-19,Russia,repression,66.1,12
2025-10-19,Russia,domestic_attack,59.0,9
2025-10-19,Russia,war_activity,82.6,15
2025-10-19,Russia,external_attack,85.2,16
2025-10-19,Russia,regional_spillover,81.3,13
2025-10-20,Russia,internal_violence,69.8,13
2025-10-20,Russia,repression,62.4,9
2025-10-20,Russia,domestic_attack,59.5,10
2025-10-20,Russia,war_activity,82.9,14
2025-10-20,Russia,external_attack,87.1,14
2025-10-20,Russia,regional_spillover,81.7,14
2025-10-21,Russia,internal_violence,74.3,13
2025-10-21,Russia,repression,63.6,12
2025-10-21,Russia,domestic_attack,59.1,10
2025-10-21,Russia,war_activity,85.7,15
2025-10-21,Russia,external_attack,87.1,15
2025-10-21,Russia,regional_spillover,82.0,16
2025-10-22,Russia,internal_violence,76.5,12
2025-10-22,Russia,repression,69.2,12
2025-10-22,Russia,domestic_attack,61.0,9
2025-10-22,Russia,war_activity,82.5,15
2025-10-22,Russia,external_attack,86.2,15
2025-10-22,Russia,regional_spillover,81.4,15
2025-10-23,Russia,internal_violence,75.3,13
2025-10-23,Russia,repression,68.0,10
2025-10-23,Russia,domestic_attack,60.0,11
2025-10-23,Russia,war_activity,85.9,16
2025-10-23,Russia,external_attack,85.1,14
2025-10-23,Russia,regional_spillover,81.1,15
2025-10-24,Russia,internal_violence,76.5,13
2025-10-24,Russia,repression,63.4,12
2025-10-24,Russia,domestic_attack,58.8,12
2025-10-24,Russia,war_activity,83.7,13
2025-10-24,Russia,external_attack,85.9,15
2025-10-24,Russia,regional_spillover,81.7,15
2025-10-25,Russia,internal_violence,72.4,13
2025-10-25,Russia,repression,66.0,12
2025-10-25,Russia,domestic_attack,57.5,11
2025-10-25,Russia,war_activity,83.0,15
2025-10-25,Russia,external_attack,83.1,15
2025-10-25,Russia,regional_spillover,84.4,14
2025-10-26,Russia,internal_violence,70.3,11
2025-10-26,Russia,repression,64.9,11
2025-10-26,Russia,domestic_attack,56.1,9
2025-10-26,Russia,war_activity,82.7,15
2025-10-26,Russia,external_attack,84.5,14
2025-10-26,Russia,regional_spillover,82.5,15
2025-10-27,Russia,internal_violence,74.9,11
2025-10-27,Russia,repression,63.8,12
2025-10-27,Russia,domestic_attack,59.4,12
2025-10-27,Russia,war_activity,85.8,14
2025-10-27,Russia,external_attack,84.3,14
2025-10-27,Russia,regional_spillover,83.1,14
2025-10-28,Russia,internal_violence,73.3,14
2025-10-28,Russia,repression,67.1,13
2025-10-28,Russia,domestic_attack,58.1,11
2025-10-28,Russia,war_activity,87.2,14
2025-10-28,Russia,external_attack,84.4,16
2025-10-28,Russia,regional_spillover,80.4,15
2025-10-29,Russia,internal_violence,77.7,13
2025-10-29,Russia,repression,65.3,12
2025-10-29,Russia,domestic_attack,63.0,11
2025-10-29,Russia,war_activity,83.3,13
2025-10-29,Russia,external_attack,85.0,16
2025-10-29,Russia,regional_spillover,83.2,13
2025-10-30,Russia,internal_violence,77.6,12
2025-10-30,Russia,repression,66.1,12
2025-10-30,Russia,domestic_attack,58.4,9
2025-10-30,Russia,war_activity,82.9,15
2025-10-30,Russia,external_attack,87.3,16
2025-10-30,Russia,regional_spillover,84.7,16
2025-10-31,Russia,internal_violence,72.7,13
2025-10-31,Russia,repression,68.8,11
2025-10-31,Russia,domestic_attack,59.0,10
2025-10-31,Russia,war_activity,83.9,14
2025-10-31,Russia,external_attack,83.0,14
2025-10-31,Russia,regional_spillover,82.9,15
2025-11-01,Russia,internal_violence,74.9,12
2025-11-01,Russia,repression,66.6,10
2025-11-01,Russia,domestic_attack,57.6,9
2025-11-01,Russia,war_activity,81.9,13
2025-11-01,Russia,external_attack,83.7,13
2025-11-01,Russia,regional_spillover,84.3,15
2025-11-02,Russia,internal_violence,70.0,11
2025-11-02,Russia,repression,65.9,11
2025-11-02,Russia,domestic_attack,60.1,10
2025-11-02,Russia,war_activity,85.1,15
2025-11-02,Russia,external_attack,83.6,16
2025-11-02,Russia,regional_spillover,84.5,16
2025-11-03,Russia,internal_violence,73.9,13
2025-11-03,Russia,repression,66.4,11
2025-11-03,Russia,domestic_attack,56.5,11
2025-11-03,Russia,war_activity,83.5,15
2025-11-03,Russia,external_attack,84.1,14
2025-11-03,Russia,regional_spillover,81.3,14
2025-11-04,Russia,internal_violence,73.4,12
2025-11-04,Russia,repression,65.4,12
2025-11-04,Russia,domestic_attack,59.7,9
2025-11-04,Russia,war_activity,82.9,14
2025-11-04,Russia,external_attack,84.0,15
2025-11-04,Russia,regional_spillover,80.4,15
2025-11-05,Russia,internal_violence,74.0,12
2025-11-05,Russia,repression,69.5,12
2025-11-05,Russia,domestic_attack,60.8,11
2025-11-05,Russia,war_activity,84.4,14
2025-11-05,Russia,external_attack,83.4,15
2025-11-05,Russia,regional_spillover,81.3,14
2025-11-06,Russia,internal_violence,75.6,13
2025-11-06,Russia,repression,65.6,10
2025-11-06,Russia,domestic_attack,63.7,10
2025-11-06,Russia,war_activity,85.9,15
2025-11-06,Russia,external_attack,84.5,14
2025-11-06,Russia,regional_spillover,84.1,16
2025-11-07,Russia,internal_violence,77.7,13
2025-11-07,Russia,repression,63.8,12
2025-11-07,Russia,domestic_attack,57.5,9
2025-11-07,Russia,war_activity,84.9,15
2025-11-07,Russia,external_attack,85.9,15
2025-11-07,Russia,regional_spillover,84.7,13
2025-11-08,Russia,internal_violence,75.0,11
2025-11-08,Russia,repression,62.4,10
2025-11-08,Russia,domestic_attack,56.3,9
2025-11-08,Russia,war_activity,87.1,16
2025-11-08,Russia,external_attack,87.2,15
2025-11-08,Russia,regional_spillover,81.6,15
2025-11-09,Russia,internal_violence,71.5,13
2025-11-09,Russia,repression,62.3,11
2025-11-09,Russia,domestic_attack,59.7,9
2025-11-09,Russia,war_activity,85.6,14
2025-11-09,Russia,external_attack,85.3,13
2025-11-09,Russia,regional_spillover,82.4,14
2025-11-10,Russia,internal_violence,71.1,13
2025-11-10,Russia,repression,62.0,10
2025-11-10,Russia,domestic_attack,59.3,10
2025-11-10,Russia,war_activity,86.7,15
2025-11-10,Russia,external_attack,86.8,13
2025-11-10,Russia,regional_spillover,79.7,14
2025-11-11,Russia,internal_violence,75.3,12
2025-11-11,Russia,repression,64.9,11
2025-11-11,Russia,domestic_attack,61.0,9
2025-11-11,Russia,war_activity,87.3,16
2025-11-11,Russia,external_attack,87.9,14
2025-11-11,Russia,regional_spillover,85.5,15
2025-11-12,Russia,internal_violence,73.2,13
2025-11-12,Russia,repression,69.3,12
2025-11-12,Russia,domestic_attack,63.2,10
2025-11-12,Russia,war_activity,85.6,15
2025-11-12,Russia,external_attack,84.9,15
2025-11-12,Russia,regional_spillover,85.9,15
2025-11-13,Russia,internal_violence,74.0,14
2025-11-13,Russia,repression,64.9,12
2025-11-13,Russia,domestic_attack,59.0,9
2025-11-13,Russia,war_activity,87.9,16
2025-11-13,Russia,external_attack,85.5,14
2025-11-13,Russia,regional_spillover,85.7,16
2025-11-14,Russia,internal_violence,72.6,14
2025-11-14,Russia,repression,67.5,13
2025-11-14,Russia,domestic_attack,62.6,11
2025-11-14,Russia,war_activity,85.9,13
2025-11-14,Russia,external_attack,84.1,13
2025-11-14,Russia,regional_spillover,86.0,16
2025-11-15,Russia,internal_violence,74.6,12
2025-11-15,Russia,repression,66.1,10
2025-11-15,Russia,domestic_attack,61.2,11
2025-11-15,Russia,war_activity,84.1,16
2025-11-15,Russia,external_attack,85.7,13
2025-11-15,Russia,regional_spillover,82.1,13
2025-11-16,Russia,internal_violence,70.8,12
2025-11-16,Russia,repression,62.5,10
2025-11-16,Russia,domestic_attack,55.3,9
2025-11-16,Russia,war_activity,83.0,14
2025-11-16,Russia,external_attack,86.0,16
2025-11-16,Russia,regional_spillover,80.6,14
2025-11-17,Russia,internal_violence,73.5,12
2025-11-17,Russia,repression,64.8,10
2025-11-17,Russia,domestic_attack,57.0,8
2025-11-17,Russia,war_activity,84.4,14
2025-11-17,Russia,external_attack,84.9,15
2025-11-17,Russia,regional_spillover,84.7,16
2025-11-18,Russia,internal_violence,72.5,12
2025-11-18,Russia,repression,67.3,13
2025-11-18,Russia,domestic_attack,60.6,11
2025-11-18,Russia,war_activity,86.3,16
2025-11-18,Russia,external_attack,83.4,15
2025-11-18,Russia,regional_spillover,83.4,14
2025-11-19,Russia,internal_violence,73.2,11
2025-11-19,Russia,repression,68.8,12
2025-11-19,Russia,domestic_attack,62.2,9
2025-11-19,Russia,war_activity,87.9,15
2025-11-19,Russia,external_attack,83.6,16
2025-11-19,Russia,regional_spillover,86.1,14
2025-11-20,Russia,internal_violence,73.6,13
2025-11-20,Russia,repression,69.3,12
2025-11-20,Russia,domestic_attack,59.9,11
2025-11-20,Russia,war_activity,84.2,16
2025-11-20,Russia,external_attack,87.9,14
2025-11-20,Russia,regional_spillover,85.7,16
2025-11-21,Russia,internal_violence,77.2,14
2025-11-21,Russia,repression,66.2,12
2025-11-21,Russia,domestic_attack,59.7,9
2025-11-21,Russia,war_activity,87.1,15
2025-11-21,Russia,external_attack,84.1,13
2025-11-21,Russia,regional_spillover,82.8,15
2025-11-22,Russia,internal_violence,75.5,14
2025-11-22,Russia,repression,65.6,10
2025-11-22,Russia,domestic_attack,60.2,9
2025-11-22,Russia,war_activity,83.5,15
2025-11-22,Russia,external_attack,85.3,15
2025-11-22,Russia,regional_spillover,85.0,15
2025-11-23,Russia,internal_violence,70.2,13
2025-11-23,Russia,repression,62.8,12
2025-11-23,Russia,domestic_attack,55.7,9
2025-11-23,Russia,war_activity,86.2,16
2025-11-23,Russia,external_attack,81.9,13
2025-11-23,Russia,regional_spillover,79.9,15
2025-11-24,Russia,internal_violence,74.5,12
2025-11-24,Russia,repression,61.3,9
2025-11-24,Russia,domestic_attack,59.1,9
2025-11-24,Russia,war_activity,86.7,14
2025-11-24,Russia,external_attack,87.0,14
2025-11-24,Russia,regional_spillover,79.3,13
2025-11-25,Russia,internal_violence,72.2,11
2025-11-25,Russia,repression,65.8,12
2025-11-25,Russia,domestic_attack,59.4,9
2025-11-25,Russia,war_activity,82.1,14
2025-11-25,Russia,external_attack,84.9,13
2025-11-25,Russia,regional_spillover,79.7,14
2025-11-26,Russia,internal_violence,76.5,12
2025-11-26,Russia,repression,64.9,10
2025-11-26,Russia,domestic_attack,59.5,10
2025-11-26,Russia,war_activity,87.4,15
2025-11-26,Russia,external_attack,86.9,16
2025-11-26,Russia,regional_spillover,82.1,15
2025-11-27,Russia,internal_violence,74.2,11
2025-11-27,Russia,repression,66.4,12
2025-11-27,Russia,domestic_attack,58.7,11
2025-11-27,Russia,war_activity,83.6,15
2025-11-27,Russia,external_attack,85.6,15
2025-11-27,Russia,regional_spillover,84.7,14
2025-11-28,Russia,internal_violence,71.9,13
2025-11-28,Russia,repression,66.5,10
2025-11-28,Russia,domestic_attack,57.9,9
2025-11-28,Russia,war_activity,86.1,16
2025-11-28,Russia,external_attack,83.1,14
2025-11-28,Russia,regional_spillover,82.4,15
2025-11-29,Russia,internal_violence,69.6,11
2025-11-29,Russia,repression,62.4,11
2025-11-29,Russia,domestic_attack,59.2,10
2025-11-29,Russia,war_activity,83.0,16
2025-11-29,Russia,external_attack,82.9,13
2025-11-29,Russia,regional_spillover,81.6,14
2025-11-30,Russia,internal_violence,71.0,13
2025-11-30,Russia,repression,64.1,12
2025-11-30,Russia,domestic_attack,57.3,11
2025-11-30,Russia,war_activity,86.3,16
2025-11-30,Russia,external_attack,83.2,14
2025-11-30,Russia,regional_spillover,81.6,15
2025-12-01,Russia,internal_violence,68.0,12
2025-12-01,Russia,repression,60.3,10
2025-12-01,Russia,domestic_attack,57.1,11
2025-12-01,Russia,war_activity,85.3,15
2025-12-01,Russia,external_attack,82.9,14
2025-12-01,Russia,regional_spillover,82.2,16
2025-12-02,Russia,internal_violence,69.4,11
2025-12-02,Russia,repression,62.3,12
2025-12-02,Russia,domestic_attack,60.2,9
2025-12-02,Russia,war_activity,84.2,15
2025-12-02,Russia,external_attack,86.8,16
2025-12-02,Russia,regional_spillover,84.2,16
2025-12-03,Russia,internal_violence,72.1,12
2025-12-03,Russia,repression,65.5,10
2025-12-03,Russia,domestic_attack,59.4,10
2025-12-03,Russia,war_activity,84.9,14
2025-12-03,Russia,external_attack,83.4,13
2025-12-03,Russia,regional_spillover,81.9,14
2025-12-04,Russia,internal_violence,71.7,11
2025-12-04,Russia,repression,64.8,12
2025-12-04,Russia,domestic_attack,59.0,10
2025-12-04,Russia,war_activity,83.1,14
2025-12-04,Russia,external_attack,83.2,13
2025-12-04,Russia,regional_spillover,83.7,13
2025-12-05,Russia,internal_violence,73.6,14
2025-12-05,Russia,repression,65.1,12
2025-12-05,Russia,domestic_attack,59.9,9
2025-12-05,Russia,war_activity,85.2,16
2025-12-05,Russia,external_attack,82.2,15
2025-12-05,Russia,regional_spillover,82.9,13
2025-12-06,Russia,internal_violence,69.7,10
2025-12-06,Russia,repression,60.7,11
2025-12-06,Russia,domestic_attack,58.0,10
2025-12-06,Russia,war_activity,85.4,16
2025-12-06,Russia,external_attack,83.9,13
2025-12-06,Russia,regional_spillover,79.0,15
2025-12-07,Russia,internal_violence,68.5,12
2025-12-07,Russia,repression,63.0,10
2025-12-07,Russia,domestic_attack,56.2,10
2025-12-07,Russia,war_activity,83.2,14
2025-12-07,Russia,external_attack,84.8,15
2025-12-07,Russia,regional_spillover,77.6,14
2025-12-08,Russia,internal_violence,69.5,13
2025-12-08,Russia,repression,61.5,10
2025-12-08,Russia,domestic_attack,57.7,11
2025-12-08,Russia,war_activity,83.5,14
2025-12-08,Russia,external_attack,84.6,15
2025-12-08,Russia,regional_spillover,82.4,14
2025-12-09,Russia,internal_violence,70.7,13
2025-12-09,Russia,repression,63.6,10
2025-12-09,Russia,domestic_attack,53.7,8
2025-12-09,Russia,war_activity,85.3,13
2025-12-09,Russia,external_attack,82.3,15
2025-12-09,Russia,regional_spillover,78.3,12
2025-12-10,Russia,internal_violence,72.5,13
2025-12-10,Russia,repression,63.9,12
2025-12-10,Russia,domestic_attack,57.0,11
2025-12-10,Russia,war_activity,86.0,13
2025-12-10,Russia,external_attack,86.1,16
2025-12-10,Russia,regional_spillover,83.9,13
2025-12-11,Russia,internal_violence,69.2,12
2025-12-11,Russia,repression,62.4,11
2025-12-11,Russia,domestic_attack,57.3,9
2025-12-11,Russia,war_activity,81.3,14
2025-12-11,Russia,external_attack,84.9,14
2025-12-11,Russia,regional_spillover,81.7,15
2025-12-12,Russia,internal_violence,69.9,10
2025-12-12,Russia,repression,59.9,10
2025-12-12,Russia,domestic_attack,55.6,10
2025-12-12,Russia,war_activity,84.0,14
2025-12-12,Russia,external_attack,82.4,14
2025-12-12,Russia,regional_spillover,80.7,15
2025-12-13,Russia,internal_violence,68.8,12
2025-12-13,Russia,repression,61.3,11
2025-12-13,Russia,domestic_attack,56.5,11
2025-12-13,Russia,war_activity,81.5,15
2025-12-13,Russia,external_attack,82.4,13
2025-12-13,Russia,regional_spillover,79.7,14
2025-12-14,Russia,internal_violence,68.0,12
2025-12-14,Russia,repression,57.5,10
2025-12-14,Russia,domestic_attack,52.9,8
2025-12-14,Russia,war_activity,84.8,13
2025-12-14,Russia,external_attack,84.7,15
2025-12-14,Russia,regional_spillover,79.8,14
2025-12-15,Russia,internal_violence,69.2,12
2025-12-15,Russia,repression,60.4,10
2025-12-15,Russia,domestic_attack,52.7,8
2025-12-15,Russia,war_activity,81.3,14
2025-12-15,Russia,external_attack,85.3,16
2025-12-15,Russia,regional_spillover,76.9,13
2025-12-16,Russia,internal_violence,69.5,11
2025-12-16,Russia,repression,58.2,10
2025-12-16,Russia,domestic_attack,54.4,10
2025-12-16,Russia,war_activity,84.2,13
2025-12-16,Russia,external_attack,83.7,15
2025-12-16,Russia,regional_spillover,77.3,14
2025-12-17,Russia,internal_violence,68.7,12
2025-12-17,Russia,repression,64.3,10
2025-12-17,Russia,domestic_attack,57.0,10
2025-12-17,Russia,war_activity,84.5,13
2025-12-17,Russia,external_attack,83.5,13
2025-12-17,Russia,regional_spillover,78.9,12
2025-12-18,Russia,internal_violence,72.0,11
2025-12-18,Russia,repression,63.7,11
2025-12-18,Russia,domestic_attack,57.4,9
2025-12-18,Russia,war_activity,82.0,13
2025-12-18,Russia,external_attack,86.4,14
2025-12-18,Russia,regional_spillover,78.9,14
2025-12-19,Russia,internal_violence,68.6,11
2025-12-19,Russia,repression,60.6,9
2025-12-19,Russia,domestic_attack,54.2,9
2025-12-19,Russia,war_activity,81.7,13
2025-12-19,Russia,external_attack,81.5,14
2025-12-19,Russia,regional_spillover,81.2,12
2025-12-20,Russia,internal_violence,66.6,12
2025-12-20,Russia,repression,57.7,11
2025-12-20,Russia,domestic_attack,53.8,10
2025-12-20,Russia,war_activity,83.5,13
2025-12-20,Russia,external_attack,81.0,13
2025-12-20,Russia,regional_spillover,77.9,13
2025-12-21,Russia,internal_violence,64.4,10
2025-12-21,Russia,repression,56.9,10
2025-12-21,Russia,domestic_attack,53.8,8
2025-12-21,Russia,war_activity,84.7,14
2025-12-21,Russia,external_attack,82.1,14
2025-12-21,Russia,regional_spillover,79.1,13
2025-12-22,Russia,internal_violence,65.6,10
2025-12-22,Russia,repression,57.5,9
2025-12-22,Russia,domestic_attack,54.7,9
2025-12-22,Russia,war_activity,82.0,15
2025-12-22,Russia,external_attack,82.4,14
2025-12-22,Russia,regional_spillover,78.9,14
2025-12-23,Russia,internal_violence,69.1,12
2025-12-23,Russia,repression,62.4,11
2025-12-23,Russia,domestic_attack,52.0,10
2025-12-23,Russia,war_activity,83.1,15
2025-12-23,Russia,external_attack,85.5,14
2025-12-23,Russia,regional_spillover,79.8,13
2025-12-24,Russia,internal_violence,68.6,13
2025-12-24,Russia,repression,58.8,9
2025-12-24,Russia,domestic_attack,54.5,10
2025-12-24,Russia,war_activity,82.3,14
2025-12-24,Russia,external_attack,86.1,15
2025-12-24,Russia,regional_spillover,79.2,14
2025-12-25,Russia,internal_violence,71.5,12
2025-12-25,Russia,repression,62.7,11
2025-12-25,Russia,domestic_attack,57.2,9
2025-12-25,Russia,war_activity,82.8,15
2025-12-25,Russia,external_attack,85.0,14
2025-12-25,Russia,regional_spillover,80.8,15
2025-12-26,Russia,internal_violence,70.6,11
2025-12-26,Russia,repression,58.1,11
2025-12-26,Russia,domestic_attack,53.5,8
2025-12-26,Russia,war_activity,81.0,14
2025-12-26,Russia,external_attack,81.2,13
2025-12-26,Russia,regional_spillover,80.5,13
2025-12-27,Russia,internal_violence,66.9,10
2025-12-27,Russia,repression,56.7,9
2025-12-27,Russia,domestic_attack,52.6,8
2025-12-27,Russia,war_activity,81.3,15
2025-12-27,Russia,external_attack,81.5,12
2025-12-27,Russia,regional_spillover,77.0,12
2025-12-28,Russia,internal_violence,63.8,10
2025-12-28,Russia,repression,58.6,8
2025-12-28,Russia,domestic_attack,55.0,8
2025-12-28,Russia,war_activity,81.5,15
2025-12-28,Russia,external_attack,81.4,13
2025-12-28,Russia,regional_spillover,79.4,12
2025-12-29,Russia,internal_violence,67.9,12
2025-12-29,Russia,repression,60.9,12
2025-12-29,Russia,domestic_attack,52.7,9
2025-12-29,Russia,war_activity,83.6,14
2025-12-29,Russia,external_attack,83.1,14
2025-12-29,Russia,regional_spillover,79.0,14
2025-12-30,Russia,internal_violence,65.7,11
2025-12-30,Russia,repression,59.7,10
2025-12-30,Russia,domestic_attack,53.8,10
2025-12-30,Russia,war_activity,81.7,13
2025-12-30,Russia,external_attack,82.1,15
2025-12-30,Russia,regional_spillover,80.6,14
2025-12-31,Russia,internal_violence,71.0,11
2025-12-31,Russia,repression,62.9,11
2025-12-31,Russia,domestic_attack,54.5,8
2025-12-31,Russia,war_activity,82.7,13
2025-12-31,Russia,external_attack,83.7,15
2025-12-31,Russia,regional_spillover,78.5,12
2026-01-01,Russia,internal_violence,72.1,13
2026-01-01,Russia,repression,62.2,11
2026-01-01,Russia,domestic_attack,55.4,9
2026-01-01,Russia,war_activity,85.2,15
2026-01-01,Russia,external_attack,82.7,15
2026-01-01,Russia,regional_spillover,80.6,14
2026-01-02,Russia,internal_violence,68.0,12
2026-01-02,Russia,repression,63.3,11
2026-01-02,Russia,domestic_attack,53.9,10
2026-01-02,Russia,war_activity,85.6,15
2026-01-02,Russia,external_attack,84.4,15
2026-01-02,Russia,regional_spillover,82.7,13
2026-01-03,Russia,internal_violence,66.1,12
2026-01-03,Russia,repression,59.4,12
2026-01-03,Russia,domestic_attack,54.8,9
2026-01-03,Russia,war_activity,84.8,14
2026-01-03,Russia,external_attack,85.6,14
2026-01-03,Russia,regional_spillover,81.6,14
2026-01-04,Russia,internal_violence,69.4,12
2026-01-04,Russia,repression,58.2,10
2026-01-04,Russia,domestic_attack,53.8,9
2026-01-04,Russia,war_activity,80.2,13
2026-01-04,Russia,external_attack,84.0,13
2026-01-04,Russia,regional_spillover,80.3,13
2026-01-05,Russia,internal_violence,68.2,12
2026-01-05,Russia,repression,59.9,10
2026-01-05,Russia,domestic_attack,53.6,8
2026-01-05,Russia,war_activity,84.7,15
2026-01-05,Russia,external_attack,82.3,13
2026-01-05,Russia,regional_spillover,79.9,13
2026-01-06,Russia,internal_violence,69.1,10
2026-01-06,Russia,repression,63.6,11
2026-01-06,Russia,domestic_attack,56.0,9
2026-01-06,Russia,war_activity,86.3,16
2026-01-06,Russia,external_attack,83.2,13
2026-01-06,Russia,regional_spillover,82.3,13
2026-01-07,Russia,internal_violence,69.5,13
2026-01-07,Russia,repression,62.1,9
2026-01-07,Russia,domestic_attack,56.1,8
2026-01-07,Russia,war_activity,84.0,15
2026-01-07,Russia,external_attack,81.8,13
2026-01-07,Russia,regional_spillover,81.4,14
2026-01-08,Russia,internal_violence,73.7,13
2026-01-08,Russia,repression,63.5,10
2026-01-08,Russia,domestic_attack,58.1,11
2026-01-08,Russia,war_activity,84.1,14
2026-01-08,Russia,external_attack,82.7,13
2026-01-08,Russia,regional_spillover,79.8,12
2026-01-09,Russia,internal_violence,71.9,11
2026-01-09,Russia,repression,63.0,11
2026-01-09,Russia,domestic_attack,55.7,8
2026-01-09,Russia,war_activity,86.9,14
2026-01-09,Russia,external_attack,82.8,13
2026-01-09,Russia,regional_spillover,84.2,15
2026-01-10,Russia,internal_violence,71.3,11
2026-01-10,Russia,repression,64.0,10
2026-01-10,Russia,domestic_attack,55.1,9
2026-01-10,Russia,war_activity,85.6,15
2026-01-10,Russia,external_attack,86.7,14
2026-01-10,Russia,regional_spillover,79.7,12
2026-01-11,Russia,internal_violence,71.7,12
2026-01-11,Russia,repression,65.0,11
2026-01-11,Russia,domestic_attack,59.2,9
2026-01-11,Russia,war_activity,81.8,14
2026-01-11,Russia,external_attack,83.9,15
2026-01-11,Russia,regional_spillover,82.4,13
2026-01-12,Russia,internal_violence,71.3,12
2026-01-12,Russia,repression,62.5,12
2026-01-12,Russia,domestic_attack,57.1,8
2026-01-12,Russia,war_activity,86.2,14
2026-01-12,Russia,external_attack,83.6,15
2026-01-12,Russia,regional_spillover,81.0,14
2026-01-13,Russia,internal_violence,73.6,14
2026-01-13,Russia,repression,64.6,10
2026-01-13,Russia,domestic_attack,58.2,9
2026-01-13,Russia,war_activity,86.1,13
2026-01-13,Russia,external_attack,87.1,15
2026-01-13,Russia,regional_spillover,79.8,15
2026-01-14,Russia,internal_violence,73.9,13
2026-01-14,Russia,repression,64.2,10
2026-01-14,Russia,domestic_attack,62.5,12
2026-01-14,Russia,war_activity,83.6,13
2026-01-14,Russia,external_attack,83.9,14
2026-01-14,Russia,regional_spillover,84.2,14
2026-01-15,Russia,internal_violence,78.8,13
2026-01-15,Russia,repression,67.3,13
2026-01-15,Russia,domestic_attack,59.5,9
2026-01-15,Russia,war_activity,86.1,15
2026-01-15,Russia,external_attack,86.7,13
2026-01-15,Russia,regional_spillover,84.8,13
2026-01-16,Russia,internal_violence,76.7,14
2026-01-16,Russia,repression,66.8,11
2026-01-16,Russia,domestic_attack,59.0,11
2026-01-16,Russia,war_activity,85.1,14
2026-01-16,Russia,external_attack,87.5,16
2026-01-16,Russia,regional_spillover,82.3,15
2026-01-17,Russia,internal_violence,77.0,12
2026-01-17,Russia,repression,67.0,11
2026-01-17,Russia,domestic_attack,59.3,9
2026-01-17,Russia,war_activity,84.2,14
2026-01-17,Russia,external_attack,88.0,14
2026-01-17,Russia,regional_spillover,81.0,12
2026-01-18,Russia,internal_violence,72.5,11
2026-01-18,Russia,repression,64.3,12
2026-01-18,Russia,domestic_attack,58.0,8
2026-01-18,Russia,war_activity,84.1,15
2026-01-18,Russia,external_attack,86.2,14
2026-01-18,Russia,regional_spillover,85.3,16
2026-01-19,Russia,internal_violence,76.3,14
2026-01-19,Russia,repression,68.7,12
2026-01-19,Russia,domestic_attack,60.2,11
2026-01-19,Russia,war_activity,85.8,14
2026-01-19,Russia,external_attack,86.6,14
2026-01-19,Russia,regional_spillover,81.1,15
2026-01-20,Russia,internal_violence,77.5,14
2026-01-20,Russia,repression,69.6,13
2026-01-20,Russia,domestic_attack,63.7,11
2026-01-20,Russia,war_activity,84.7,13
2026-01-20,Russia,external_attack,86.4,16
2026-01-20,Russia,regional_spillover,84.8,16
2026-01-21,Russia,internal_violence,79.7,14
2026-01-21,Russia,repression,69.5,10
2026-01-21,Russia,domestic_attack,65.1,12
2026-01-21,Russia,war_activity,87.9,16
2026-01-21,Russia,external_attack,85.1,16
2026-01-21,Russia,regional_spillover,83.7,13
2026-01-22,Russia,internal_violence,79.2,13
2026-01-22,Russia,repression,72.1,12
2026-01-22,Russia,domestic_attack,65.6,10
2026-01-22,Russia,war_activity,86.1,13
2026-01-22,Russia,external_attack,86.1,14
2026-01-22,Russia,regional_spillover,88.2,15
2026-01-23,Russia,internal_violence,81.6,15
2026-01-23,Russia,repression,73.9,14
2026-01-23,Russia,domestic_attack,63.0,10
2026-01-23,Russia,war_activity,87.3,16
2026-01-23,Russia,external_attack,84.4,16
2026-01-23,Russia,regional_spillover,89.1,17
2026-01-24,Russia,internal_violence,78.6,13
2026-01-24,Russia,repression,73.1,12
2026-01-24,Russia,domestic_attack,63.2,11
2026-01-24,Russia,war_activity,86.3,14
2026-01-24,Russia,external_attack,87.8,16
2026-01-24,Russia,regional_spillover,84.0,13
2026-01-25,Russia,internal_violence,78.6,13
2026-01-25,Russia,repression,68.0,13
2026-01-25,Russia,domestic_attack,65.1,12
2026-01-25,Russia,war_activity,88.5,15
2026-01-25,Russia,external_attack,85.8,15
2026-01-25,Russia,regional_spillover,86.3,15
2026-01-26,Russia,internal_violence,79.6,12
2026-01-26,Russia,repression,70.3,12
2026-01-26,Russia,domestic_attack,66.5,12
2026-01-26,Russia,war_activity,84.8,15
2026-01-26,Russia,external_attack,84.5,16
2026-01-26,Russia,regional_spillover,86.7,13
2026-01-27,Russia,internal_violence,80.2,15
2026-01-27,Russia,repression,74.4,14
2026-01-27,Russia,domestic_attack,67.6,13
2026-01-27,Russia,war_activity,89.6,15
2026-01-27,Russia,external_attack,85.1,15
2026-01-27,Russia,regional_spillover,88.1,15
2026-01-28,Russia,internal_violence,84.6,15
2026-01-28,Russia,repression,74.4,13
2026-01-28,Russia,domestic_attack,65.6,10
2026-01-28,Russia,war_activity,86.9,14
2026-01-28,Russia,external_attack,85.7,13
2026-01-28,Russia,regional_spillover,89.7,15
2026-01-29,Russia,internal_violence,83.5,15
2026-01-29,Russia,repression,77.0,13
2026-01-29,Russia,domestic_attack,67.6,12
2026-01-29,Russia,war_activity,91.6,14
2026-01-29,Russia,external_attack,87.2,16
2026-01-29,Russia,regional_spillover,88.4,16
2026-01-30,Russia,internal_violence,83.4,14
2026-01-30,Russia,repression,77.4,14
2026-01-30,Russia,domestic_attack,68.6,11
2026-01-30,Russia,war_activity,90.0,17
2026-01-30,Russia,external_attack,90.4,15
2026-01-30,Russia,regional_spillover,89.2,16
2026-01-31,Russia,internal_violence,85.3,13
2026-01-31,Russia,repression,74.1,14
2026-01-31,Russia,domestic_attack,69.5,11
2026-01-31,Russia,war_activity,87.8,14
2026-01-31,Russia,external_attack,86.7,13
2026-01-31,Russia,regional_spillover,86.4,14
2026-02-01,Russia,internal_violence,82.6,14
2026-02-01,Russia,repression,74.5,14
2026-02-01,Russia,domestic_attack,66.0,12
2026-02-01,Russia,war_activity,86.7,16
2026-02-01,Russia,external_attack,87.3,14
2026-02-01,Russia,regional_spillover,87.1,14
2026-02-02,Russia,internal_violence,85.5,14
2026-02-02,Russia,repression,75.3,12
2026-02-02,Russia,domestic_attack,70.5,13
2026-02-02,Russia,war_activity,91.2,16
2026-02-02,Russia,external_attack,85.8,16
2026-02-02,Russia,regional_spillover,88.4,15
2026-02-03,Russia,internal_violence,86.8,16
2026-02-03,Russia,repression,75.9,12
2026-02-03,Russia,domestic_attack,71.7,11
2026-02-03,Russia,war_activity,91.0,16
2026-02-03,Russia,external_attack,89.0,16
2026-02-03,Russia,regional_spillover,88.9,14
2026-02-04,Russia,internal_violence,88.5,16
2026-02-04,Russia,repression,77.9,13
2026-02-04,Russia,domestic_attack,68.8,12
2026-02-04,Russia,war_activity,89.3,15
2026-02-04,Russia,external_attack,87.7,16
2026-02-04,Russia,regional_spillover,89.4,16
2026-02-05,Russia,internal_violence,88.1,14
2026-02-05,Russia,repression,78.4,14
2026-02-05,Russia,domestic_attack,69.9,11
2026-02-05,Russia,war_activity,90.8,17
2026-02-05,Russia,external_attack,90.3,15
2026-02-05,Russia,regional_spillover,88.9,15
2026-02-06,Russia,internal_violence,87.5,16
2026-02-06,Russia,repression,81.6,13
2026-02-06,Russia,domestic_attack,71.7,12
2026-02-06,Russia,war_activity,88.9,16
2026-02-06,Russia,external_attack,91.4,16
2026-02-06,Russia,regional_spillover,89.6,16
2026-02-07,Russia,internal_violence,88.5,14
2026-02-07,Russia,repression,77.5,14
2026-02-07,Russia,domestic_attack,69.4,12
2026-02-07,Russia,war_activity,87.3,14
2026-02-07,Russia,external_attack,87.5,15
2026-02-07,Russia,regional_spillover,88.9,14
2026-02-08,Russia,internal_violence,86.8,16
2026-02-08,Russia,repression,75.6,12
2026-02-08,Russia,domestic_attack,68.7,13
2026-02-08,Russia,war_activity,91.1,14
2026-02-08,Russia,external_attack,90.8,17
2026-02-08,Russia,regional_spillover,92.7,17
2026-02-09,Russia,internal_violence,86.6,15
2026-02-09,Russia,repression,77.0,14
2026-02-09,Russia,domestic_attack,69.5,10
2026-02-09,Russia,war_activity,87.9,16
2026-02-09,Russia,external_attack,90.2,14
2026-02-09,Russia,regional_spillover,87.9,15
2026-02-10,Russia,internal_violence,88.5,15
2026-02-10,Russia,repression,78.7,13
2026-02-10,Russia,domestic_attack,72.3,13
2026-02-10,Russia,war_activity,88.7,14
2026-02-10,Russia,external_attack,89.6,15
2026-02-10,Russia,regional_spillover,92.0,14
2026-02-11,Russia,internal_violence,92.3,15
2026-02-11,Russia,repression,80.5,15
2026-02-11,Russia,domestic_attack,75.8,13
2026-02-11,Russia,war_activity,89.4,17
2026-02-11,Russia,external_attack,92.8,15
2026-02-11,Russia,regional_spillover,91.9,17
2026-02-12,Russia,internal_violence,92.4,16
2026-02-12,Russia,repression,80.3,14
2026-02-12,Russia,domestic_attack,73.2,14
2026-02-12,Russia,war_activity,88.4,15
2026-02-12,Russia,external_attack,89.2,15
2026-02-12,Russia,regional_spillover,94.9,17
2026-02-13,Russia,internal_violence,90.8,14
2026-02-13,Russia,repression,81.6,14
2026-02-13,Russia,domestic_attack,73.0,14
2026-02-13,Russia,war_activity,87.8,16
2026-02-13,Russia,external_attack,92.5,16
2026-02-13,Russia,regional_spillover,93.8,15
2026-02-14,Russia,internal_violence,87.0,16
2026-02-14,Russia,repression,76.7,14
2026-02-14,Russia,domestic_attack,68.9,10
2026-02-14,Russia,war_activity,90.9,16
2026-02-14,Russia,external_attack,87.4,15
2026-02-14,Russia,regional_spillover,92.5,15
2026-02-15,Russia,internal_violence,87.6,16
2026-02-15,Russia,repression,75.5,13
2026-02-15,Russia,domestic_attack,73.0,12
2026-02-15,Russia,war_activity,88.3,15
2026-02-15,Russia,external_attack,91.3,17
2026-02-15,Russia,regional_spillover,88.7,16
2026-02-16,Russia,internal_violence,88.7,14
2026-02-16,Russia,repression,78.4,12
2026-02-16,Russia,domestic_attack,69.0,13
2026-02-16,Russia,war_activity,86.9,16
2026-02-16,Russia,external_attack,90.6,16
2026-02-16,Russia,regional_spillover,93.0,16
2026-02-17,Russia,internal_violence,87.3,14
2026-02-17,Russia,repression,79.4,14
2026-02-17,Russia,domestic_attack,73.2,13
2026-02-17,Russia,war_activity,92.9,16
2026-02-17,Russia,external_attack,90.2,17
2026-02-17,Russia,regional_spillover,90.0,16
2026-02-18,Russia,internal_violence,91.0,15
2026-02-18,Russia,repression,79.0,15
2026-02-18,Russia,domestic_attack,75.2,14
2026-02-18,Russia,war_activity,92.5,15
2026-02-18,Russia,external_attack,90.1,17
2026-02-18,Russia,regional_spillover,93.8,17
2026-02-19,Russia,internal_violence,92.6,16
2026-02-19,Russia,repression,78.3,12
2026-02-19,Russia,domestic_attack,70.6,13
2026-02-19,Russia,war_activity,88.3,14
2026-02-19,Russia,external_attack,90.6,16
2026-02-19,Russia,regional_spillover,93.5,16
2026-02-20,Russia,internal_violence,89.8,15
2026-02-20,Russia,repression,80.6,13
2026-02-20,Russia,domestic_attack,71.5,11
2026-02-20,Russia,war_activity,88.2,16
2026-02-20,Russia,external_attack,89.4,14
2026-02-20,Russia,regional_spillover,89.9,16
2026-02-21,Russia,internal_violence,85.8,16
2026-02-21,Russia,repression,78.1,14
2026-02-21,Russia,domestic_attack,71.7,12
2026-02-21,Russia,war_activity,89.6,16
2026-02-21,Russia,external_attack,89.6,15
2026-02-21,Russia,regional_spillover,91.5,17
2026-02-22,Russia,internal_violence,88.6,16
2026-02-22,Russia,repression,75.6,14
2026-02-22,Russia,domestic_attack,67.7,13
2026-02-22,Russia,war_activity,87.8,14
2026-02-22,Russia,external_attack,91.5,17
2026-02-22,Russia,regional_spillover,87.1,15
2026-02-23,Russia,internal_violence,86.8,15
2026-02-23,Russia,repression,75.8,12
2026-02-23,Russia,domestic_attack,71.3,12
2026-02-23,Russia,war_activity,91.2,15
2026-02-23,Russia,external_attack,91.3,16
2026-02-23,Russia,regional_spillover,90.5,14
2026-02-24,Russia,internal_violence,87.5,16
2026-02-24,Russia,repression,79.2,14
2026-02-24,Russia,domestic_attack,69.6,13
2026-02-24,Russia,war_activity,90.1,15
2026-02-24,Russia,external_attack,89.3,16
2026-02-24,Russia,regional_spillover,91.9,14
2026-02-25,Russia,internal_violence,90.0,15
2026-02-25,Russia,repression,78.0,12
2026-02-25,Russia,domestic_attack,71.5,13
2026-02-25,Russia,war_activity,88.3,15
2026-02-25,Russia,external_attack,89.0,15
2026-02-25,Russia,regional_spillover,90.7,15
2026-02-26,Russia,internal_violence,88.8,16
2026-02-26,Russia,repression,81.0,14
2026-02-26,Russia,domestic_attack,70.6,11
2026-02-26,Russia,war_activity,89.9,16
2026-02-26,Russia,external_attack,88.6,16
2026-02-26,Russia,regional_spillover,92.3,15
2026-02-27,Russia,internal_violence,88.6,15
2026-02-27,Russia,repression,75.0,11
2026-02-27,Russia,domestic_attack,67.4,12
2026-02-27,Russia,war_activity,89.1,14
2026-02-27,Russia,external_attack,88.9,16
2026-02-27,Russia,regional_spillover,90.9,15
2026-02-28,Russia,internal_violence,86.7,15
2026-02-28,Russia,repression,77.4,15
2026-02-28,Russia,domestic_attack,70.7,13
2026-02-28,Russia,war_activity,89.9,16
2026-02-28,Russia,external_attack,87.4,14
2026-02-28,Russia,regional_spillover,89.0,14
2026-03-01,Russia,internal_violence,85.9,15
2026-03-01,Russia,repression,75.6,13
2026-03-01,Russia,domestic_attack,68.5,13
2026-03-01,Russia,war_activity,85.4,15
2026-03-01,Russia,external_attack,90.3,17
2026-03-01,Russia,regional_spillover,89.1,15
2026-03-02,Russia,internal_violence,85.5,13
2026-03-02,Russia,repression,72.2,13
2026-03-02,Russia,domestic_attack,65.7,11
2026-03-02,Russia,war_activity,85.4,14
2026-03-02,Russia,external_attack,89.1,15
2026-03-02,Russia,regional_spillover,90.2,14
2026-03-03,Russia,internal_violence,84.1,16
2026-03-03,Russia,repression,76.7,13
2026-03-03,Russia,domestic_attack,67.4,10
2026-03-03,Russia,war_activity,86.0,15
2026-03-03,Russia,external_attack,90.2,14
2026-03-03,Russia,regional_spillover,87.0,16
2026-03-04,Russia,internal_violence,82.6,15
2026-03-04,Russia,repression,72.8,11
2026-03-04,Russia,domestic_attack,66.9,10
2026-03-04,Russia,war_activity,87.2,15
2026-03-04,Russia,external_attack,86.6,16
2026-03-04,Russia,regional_spillover,89.0,15
2026-03-05,Russia,internal_violence,85.1,14
2026-03-05,Russia,repression,76.0,14
2026-03-05,Russia,domestic_attack,66.6,12
2026-03-05,Russia,war_activity,90.1,15
2026-03-05,Russia,external_attack,88.0,16
2026-03-05,Russia,regional_spillover,87.4,16
2026-03-06,Russia,internal_violence,85.1,16
2026-03-06,Russia,repression,75.4,12
2026-03-06,Russia,domestic_attack,68.7,12
2026-03-06,Russia,war_activity,89.9,14
2026-03-06,Russia,external_attack,87.6,15
2026-03-06,Russia,regional_spillover,86.3,15
2026-03-07,Russia,internal_violence,81.3,15
2026-03-07,Russia,repression,73.1,11
2026-03-07,Russia,domestic_attack,67.1,12
2026-03-07,Russia,war_activity,89.1,16
2026-03-07,Russia,external_attack,89.0,14
2026-03-07,Russia,regional_spillover,88.8,14
2026-03-08,Russia,internal_violence,77.1,15
2026-03-08,Russia,repression,71.1,12
2026-03-08,Russia,domestic_attack,64.0,12
2026-03-08,Russia,war_activity,87.6,15
2026-03-08,Russia,external_attack,86.7,14
2026-03-08,Russia,regional_spillover,85.7,15
2026-03-09,Russia,internal_violence,76.6,14
2026-03-09,Russia,repression,68.5,12
2026-03-09,Russia,domestic_attack,62.8,9
2026-03-09,Russia,war_activity,86.9,15
2026-03-09,Russia,external_attack,83.8,13
2026-03-09,Russia,regional_spillover,83.7,14
2026-03-10,Russia,internal_violence,79.5,13
2026-03-10,Russia,repression,71.3,12
2026-03-10,Russia,domestic_attack,65.7,10
2026-03-10,Russia,war_activity,87.5,15
2026-03-10,Russia,external_attack,87.1,14
2026-03-10,Russia,regional_spillover,85.5,15
2026-03-11,Russia,internal_violence,82.5,14
2026-03-11,Russia,repression,70.0,12
2026-03-11,Russia,domestic_attack,65.5,12
2026-03-11,Russia,war_activity,89.2,16
2026-03-11,Russia,external_attack,84.6,13
2026-03-11,Russia,regional_spillover,88.5,17
2026-03-12,Russia,internal_violence,82.4,14
2026-03-12,Russia,repression,68.8,11
2026-03-12,Russia,domestic_attack,62.5,11
2026-03-12,Russia,war_activity,86.6,15
2026-03-12,Russia,external_attack,86.6,15
2026-03-12,Russia,regional_spillover,83.8,16
2026-03-13,Russia,internal_violence,80.7,15
2026-03-13,Russia,repression,67.0,13
2026-03-13,Russia,domestic_attack,61.1,10
2026-03-13,Russia,war_activity,88.4,16
2026-03-13,Russia,external_attack,88.0,15
2026-03-13,Russia,regional_spillover,82.7,13
2026-03-14,Russia,internal_violence,74.3,14
2026-03-14,Russia,repression,68.9,12
2026-03-14,Russia,domestic_attack,62.3,9
2026-03-14,Russia,war_activity,83.3,15
2026-03-14,Russia,external_attack,86.6,15
2026-03-14,Russia,regional_spillover,85.5,13
2026-03-15,Russia,internal_violence,75.7,12
2026-03-15,Russia,repression,66.7,11
2026-03-15,Russia,domestic_attack,61.8,11
2026-03-15,Russia,war_activity,87.2,16
2026-03-15,Russia,external_attack,85.8,13
2026-03-15,Russia,regional_spillover,84.3,15
2026-03-16,Russia,internal_violence,75.6,12
2026-03-16,Russia,repression,67.6,13
2026-03-16,Russia,domestic_attack,61.5,11
2026-03-16,Russia,war_activity,85.8,16
2026-03-16,Russia,external_attack,84.3,13
2026-03-16,Russia,regional_spillover,83.0,15
2026-03-17,Russia,internal_violence,75.0,12
2026-03-17,Russia,repression,64.3,9
2026-03-17,Russia,domestic_attack,62.0,11
2026-03-17,Russia,war_activity,82.9,15
2026-03-17,Russia,external_attack,83.7,13
2026-03-17,Russia,regional_spillover,81.3,14
2026-03-18,Russia,internal_violence,73.9,13
2026-03-18,Russia,repression,64.1,11
2026-03-18,Russia,domestic_attack,58.1,10
2026-03-18,Russia,war_activity,82.6,15
2026-03-18,Russia,external_attack,87.4,14
2026-03-18,Russia,regional_spillover,82.4,14
2026-03-19,Russia,internal_violence,77.4,14
2026-03-19,Russia,repression,65.9,12
2026-03-19,Russia,domestic_attack,60.4,11
2026-03-19,Russia,war_activity,84.6,14
2026-03-19,Russia,external_attack,86.0,13
2026-03-19,Russia,regional_spillover,82.5,13
2026-03-20,Russia,internal_violence,73.8,12
2026-03-20,Russia,repression,63.4,12
2026-03-20,Russia,domestic_attack,59.9,11
2026-03-20,Russia,war_activity,83.4,15
2026-03-20,Russia,external_attack,85.7,16
2026-03-20,Russia,regional_spillover,84.7,15
2026-03-21,Russia,internal_violence,72.2,14
2026-03-21,Russia,repression,65.2,10
2026-03-21,Russia,domestic_attack,54.6,9
2026-03-21,Russia,war_activity,83.9,13
2026-03-21,Russia,external_attack,82.0,13
2026-03-21,Russia,regional_spillover,79.1,12
2026-03-22,Russia,internal_violence,69.6,12
2026-03-22,Russia,repression,61.2,11
2026-03-22,Russia,domestic_attack,53.8,10
2026-03-22,Russia,war_activity,81.2,14
2026-03-22,Russia,external_attack,83.5,14
2026-03-22,Russia,regional_spillover,81.7,15
2026-03-23,Russia,internal_violence,72.4,12
2026-03-23,Russia,repression,62.7,11
2026-03-23,Russia,domestic_attack,54.1,9
2026-03-23,Russia,war_activity,82.7,15
2026-03-23,Russia,external_attack,85.9,14
2026-03-23,Russia,regional_spillover,78.4,13
2026-03-24,Russia,internal_violence,73.2,12
2026-03-24,Russia,repression,60.0,9
2026-03-24,Russia,domestic_attack,57.7,10
2026-03-24,Russia,war_activity,86.4,15
2026-03-24,Russia,external_attack,82.8,15
2026-03-24,Russia,regional_spillover,82.0,13
2026-03-25,Russia,internal_violence,69.3,12
2026-03-25,Russia,repression,63.7,10
2026-03-25,Russia,domestic_attack,59.6,10
2026-03-25,Russia,war_activity,85.1,16
2026-03-25,Russia,external_attack,82.4,14
2026-03-25,Russia,regional_spillover,82.8,15
2026-03-26,Russia,internal_violence,71.5,13
2026-03-26,Russia,repression,62.6,12
2026-03-26,Russia,domestic_attack,56.9,9
2026-03-26,Russia,war_activity,86.3,14
2026-03-26,Russia,external_attack,86.1,15
2026-03-26,Russia,regional_spillover,83.0,13
2026-03-27,Russia,internal_violence,68.8,13
2026-03-27,Russia,repression,62.2,11
2026-03-27,Russia,domestic_attack,55.7,9
2026-03-27,Russia,war_activity,84.9,15
2026-03-27,Russia,external_attack,81.9,12
2026-03-27,Russia,regional_spillover,82.3,13
2026-03-28,Russia,internal_violence,68.0,13
2026-03-28,Russia,repression,59.5,11
2026-03-28,Russia,domestic_attack,54.7,10
2026-03-28,Russia,war_activity,81.4,15
2026-03-28,Russia,external_attack,83.6,14
2026-03-28,Russia,regional_spillover,78.7,15
2026-03-29,Russia,internal_violence,64.5,12
2026-03-29,Russia,repression,57.9,11
2026-03-29,Russia,domestic_attack,53.4,8
2026-03-29,Russia,war_activity,82.9,14
2026-03-29,Russia,external_attack,84.7,15
2026-03-29,Russia,regional_spillover,77.3,14
2026-03-30,Russia,internal_violence,65.3,10
2026-03-30,Russia,repression,56.8,11
2026-03-30,Russia,domestic_attack,55.8,10
2026-03-30,Russia,war_activity,80.2,14
2026-03-30,Russia,external_attack,83.7,14
2026-03-30,Russia,regional_spillover,76.4,12
2026-03-31,Russia,internal_violence,66.6,12
2026-03-31,Russia,repression,61.2,9
2026-03-31,Russia,domestic_attack,53.3,9
2026-03-31,Russia,war_activity,82.3,14
2026-03-31,Russia,external_attack,81.0,14
2026-03-31,Russia,regional_spillover,79.4,12
2026-04-01,Russia,internal_violence,70.9,14
2026-04-01,Russia,repression,62.7,12
2026-04-01,Russia,domestic_attack,56.2,11
2026-04-01,Russia,war_activity,86.1,13
2026-04-01,Russia,external_attack,82.3,13
2026-04-01,Russia,regional_spillover,80.3,14
2026-04-02,Russia,internal_violence,70.5,11
2026-04-02,Russia,repression,62.3,10
2026-04-02,Russia,domestic_attack,55.5,10
2026-04-02,Russia,war_activity,81.8,15
2026-04-02,Russia,external_attack,86.3,16
2026-04-02,Russia,regional_spillover,78.1,12
2026-04-03,Russia,internal_violence,68.8,10
2026-04-03,Russia,repression,59.1,12
2026-04-03,Russia,domestic_attack,57.3,11
2026-04-03,Russia,war_activity,80.4,13
2026-04-03,Russia,external_attack,84.4,14
2026-04-03,Russia,regional_spillover,79.1,14
2026-04-04,Russia,internal_violence,67.0,11
2026-04-04,Russia,repression,61.7,11
2026-04-04,Russia,domestic_attack,51.2,9
2026-04-04,Russia,war_activity,81.3,14
2026-04-04,Russia,external_attack,84.4,15
2026-04-04,Russia,regional_spillover,79.3,14
2026-04-05,Russia,internal_violence,65.1,10
2026-04-05,Russia,repression,57.9,10
2026-04-05,Russia,domestic_attack,53.8,8
2026-04-05,Russia,war_activity,82.3,13
2026-04-05,Russia,external_attack,83.2,15
2026-04-05,Russia,regional_spillover,79.2,14
2026-04-06,Russia,internal_violence,64.8,11
2026-04-06,Russia,repression,58.3,11
2026-04-06,Russia,domestic_attack,55.8,11
2026-04-06,Russia,war_activity,79.5,14
2026-04-06,Russia,external_attack,82.0,15
2026-04-06,Russia,regional_spillover,77.2,12
2026-04-07,Russia,internal_violence,69.1,12
2026-04-07,Russia,repression,57.4,9
2026-04-07,Russia,domestic_attack,51.9,8
2026-04-07,Russia,war_activity,82.0,15
2026-04-07,Russia,external_attack,81.5,13
2026-04-07,Russia,regional_spillover,77.7,13
2026-04-08,Russia,internal_violence,67.9,11
2026-04-08,Russia,repression,63.3,11
2026-04-08,Russia,domestic_attack,54.7,9
2026-04-08,Russia,war_activity,82.9,13
2026-04-08,Russia,external_attack,85.4,15
2026-04-08,Russia,regional_spillover,80.6,15
2026-04-09,Russia,internal_violence,68.8,11
2026-04-09,Russia,repression,62.3,10
2026-04-09,Russia,domestic_attack,54.4,9
2026-04-09,Russia,war_activity,81.4,13
2026-04-09,Russia,external_attack,84.5,16
2026-04-09,Russia,regional_spillover,79.8,13
2026-04-10,Russia,internal_violence,70.5,13
2026-04-10,Russia,repression,61.5,10
2026-04-10,Russia,domestic_attack,55.2,9
2026-04-10,Russia,war_activity,84.4,14
2026-04-10,Russia,external_attack,85.3,16
2026-04-10,Russia,regional_spillover,78.1,12
2026-04-11,Russia,internal_violence,65.8,10
2026-04-11,Russia,repression,58.0,10
2026-04-11,Russia,domestic_attack,53.5,9
2026-04-11,Russia,war_activity,80.8,14
2026-04-11,Russia,external_attack,82.4,15
2026-04-11,Russia,regional_spillover,79.4,14
2026-04-12,Russia,internal_violence,66.8,11
2026-04-12,Russia,repression,60.8,11
2026-04-12,Russia,domestic_attack,51.6,9
2026-04-12,Russia,war_activity,83.4,13
2026-04-12,Russia,external_attack,80.6,14
2026-04-12,Russia,regional_spillover,80.5,14
2025-04-22,Japan,internal_violence,26.0,3
2025-04-22,Japan,repression,25.4,5
2025-04-22,Japan,domestic_attack,20.9,5
2025-04-22,Japan,war_activity,15.0,2
2025-04-22,Japan,external_attack,15.6,2
2025-04-22,Japan,regional_spillover,22.4,5
2025-04-23,Japan,internal_violence,25.9,4
2025-04-23,Japan,repression,23.3,3
2025-04-23,Japan,domestic_attack,20.8,5
2025-04-23,Japan,war_activity,19.1,4
2025-04-23,Japan,external_attack,16.2,2
2025-04-23,Japan,regional_spillover,21.2,3
2025-04-24,Japan,internal_violence,29.0,5
2025-04-24,Japan,repression,25.9,5
2025-04-24,Japan,domestic_attack,20.6,2
2025-04-24,Japan,war_activity,20.6,3
2025-04-24,Japan,external_attack,15.8,4
2025-04-24,Japan,regional_spillover,20.3,4
2025-04-25,Japan,internal_violence,29.3,5
2025-04-25,Japan,repression,23.9,4
2025-04-25,Japan,domestic_attack,20.0,2
2025-04-25,Japan,war_activity,19.1,3
2025-04-25,Japan,external_attack,17.9,2
2025-04-25,Japan,regional_spillover,21.0,3
2025-04-26,Japan,internal_violence,26.2,5
2025-04-26,Japan,repression,20.9,4
2025-04-26,Japan,domestic_attack,19.1,4
2025-04-26,Japan,war_activity,17.1,4
2025-04-26,Japan,external_attack,14.7,2
2025-04-26,Japan,regional_spillover,20.1,2
2025-04-27,Japan,internal_violence,27.2,6
2025-04-27,Japan,repression,24.6,3
2025-04-27,Japan,domestic_attack,18.6,4
2025-04-27,Japan,war_activity,19.6,3
2025-04-27,Japan,external_attack,17.3,2
2025-04-27,Japan,regional_spillover,21.4,4
2025-04-28,Japan,internal_violence,25.8,3
2025-04-28,Japan,repression,25.6,4
2025-04-28,Japan,domestic_attack,20.4,2
2025-04-28,Japan,war_activity,19.2,4
2025-04-28,Japan,external_attack,16.4,4
2025-04-28,Japan,regional_spillover,21.4,3
2025-04-29,Japan,internal_violence,28.2,3
2025-04-29,Japan,repression,27.8,4
2025-04-29,Japan,domestic_attack,24.7,5
2025-04-29,Japan,war_activity,19.5,3
2025-04-29,Japan,external_attack,16.8,4
2025-04-29,Japan,regional_spillover,19.9,4
2025-04-30,Japan,internal_violence,31.7,5
2025-04-30,Japan,repression,27.4,5
2025-04-30,Japan,domestic_attack,24.2,3
2025-04-30,Japan,war_activity,16.0,4
2025-04-30,Japan,external_attack,20.1,2
2025-04-30,Japan,regional_spillover,21.2,3
2025-05-01,Japan,internal_violence,30.9,5
2025-05-01,Japan,repression,27.6,6
2025-05-01,Japan,domestic_attack,22.1,3
2025-05-01,Japan,war_activity,21.1,4
2025-05-01,Japan,external_attack,17.1,2
2025-05-01,Japan,regional_spillover,24.9,3
2025-05-02,Japan,internal_violence,29.6,5
2025-05-02,Japan,repression,27.6,3
2025-05-02,Japan,domestic_attack,25.2,4
2025-05-02,Japan,war_activity,18.1,3
2025-05-02,Japan,external_attack,18.9,4
2025-05-02,Japan,regional_spillover,23.5,3
2025-05-03,Japan,internal_violence,27.9,5
2025-05-03,Japan,repression,25.0,4
2025-05-03,Japan,domestic_attack,23.0,4
2025-05-03,Japan,war_activity,16.1,3
2025-05-03,Japan,external_attack,19.4,3
2025-05-03,Japan,regional_spillover,18.9,3
2025-05-04,Japan,internal_violence,25.3,4
2025-05-04,Japan,repression,22.8,4
2025-05-04,Japan,domestic_attack,20.7,5
2025-05-04,Japan,war_activity,17.0,2
2025-05-04,Japan,external_attack,17.0,4
2025-05-04,Japan,regional_spillover,21.8,5
2025-05-05,Japan,internal_violence,29.8,6
2025-05-05,Japan,repression,25.5,6
2025-05-05,Japan,domestic_attack,23.0,5
2025-05-05,Japan,war_activity,18.9,2
2025-05-05,Japan,external_attack,18.8,2
2025-05-05,Japan,regional_spillover,21.7,4
2025-05-06,Japan,internal_violence,31.7,5
2025-05-06,Japan,repression,28.7,4
2025-05-06,Japan,domestic_attack,22.0,4
2025-05-06,Japan,war_activity,16.4,2
2025-05-06,Japan,external_attack,18.3,4
2025-05-06,Japan,regional_spillover,21.0,2
2025-05-07,Japan,internal_violence,33.4,5
2025-05-07,Japan,repression,27.7,5
2025-05-07,Japan,domestic_attack,25.2,5
2025-05-07,Japan,war_activity,20.9,3
2025-05-07,Japan,external_attack,21.1,5
2025-05-07,Japan,regional_spillover,24.0,5
2025-05-08,Japan,internal_violence,31.4,5
2025-05-08,Japan,repression,28.8,4
2025-05-08,Japan,domestic_attack,23.5,3
2025-05-08,Japan,war_activity,17.7,4
2025-05-08,Japan,external_attack,18.2,2
2025-05-08,Japan,regional_spillover,24.6,4
2025-05-09,Japan,internal_violence,29.3,5
2025-05-09,Japan,repression,28.9,5
2025-05-09,Japan,domestic_attack,22.9,4
2025-05-09,Japan,war_activity,21.0,3
2025-05-09,Japan,external_attack,15.8,3
2025-05-09,Japan,regional_spillover,24.4,3
2025-05-10,Japan,internal_violence,30.3,5
2025-05-10,Japan,repression,25.2,4
2025-05-10,Japan,domestic_attack,23.2,4
2025-05-10,Japan,war_activity,18.2,3
2025-05-10,Japan,external_attack,15.6,4
2025-05-10,Japan,regional_spillover,23.5,4
2025-05-11,Japan,internal_violence,28.3,6
2025-05-11,Japan,repression,25.3,4
2025-05-11,Japan,domestic_attack,25.1,5
2025-05-11,Japan,war_activity,16.9,3
2025-05-11,Japan,external_attack,18.3,4
2025-05-11,Japan,regional_spillover,23.5,5
2025-05-12,Japan,internal_violence,29.7,4
2025-05-12,Japan,repression,27.5,4
2025-05-12,Japan,domestic_attack,25.7,5
2025-05-12,Japan,war_activity,20.2,4
2025-05-12,Japan,external_attack,17.4,3
2025-05-12,Japan,regional_spillover,19.5,4
2025-05-13,Japan,internal_violence,30.4,6
2025-05-13,Japan,repression,26.4,6
2025-05-13,Japan,domestic_attack,26.7,3
2025-05-13,Japan,war_activity,18.8,4
2025-05-13,Japan,external_attack,19.3,5
2025-05-13,Japan,regional_spillover,21.5,4
2025-05-14,Japan,internal_violence,30.9,6
2025-05-14,Japan,repression,27.6,5
2025-05-14,Japan,domestic_attack,25.1,5
2025-05-14,Japan,war_activity,18.1,2
2025-05-14,Japan,external_attack,18.3,2
2025-05-14,Japan,regional_spillover,20.8,4
2025-05-15,Japan,internal_violence,33.1,6
2025-05-15,Japan,repression,28.1,6
2025-05-15,Japan,domestic_attack,23.6,5
2025-05-15,Japan,war_activity,21.3,3
2025-05-15,Japan,external_attack,16.5,3
2025-05-15,Japan,regional_spillover,20.8,3
2025-05-16,Japan,internal_violence,33.3,7
2025-05-16,Japan,repression,25.8,4
2025-05-16,Japan,domestic_attack,24.4,3
2025-05-16,Japan,war_activity,17.5,4
2025-05-16,Japan,external_attack,20.8,2
2025-05-16,Japan,regional_spillover,21.2,3
2025-05-17,Japan,internal_violence,32.1,4
2025-05-17,Japan,repression,24.5,3
2025-05-17,Japan,domestic_attack,24.6,3
2025-05-17,Japan,war_activity,19.2,2
2025-05-17,Japan,external_attack,16.5,3
2025-05-17,Japan,regional_spillover,20.0,4
2025-05-18,Japan,internal_violence,28.6,6
2025-05-18,Japan,repression,24.9,3
2025-05-18,Japan,domestic_attack,20.0,3
2025-05-18,Japan,war_activity,15.1,2
2025-05-18,Japan,external_attack,14.8,2
2025-05-18,Japan,regional_spillover,22.9,4
2025-05-19,Japan,internal_violence,31.1,7
2025-05-19,Japan,repression,26.7,6
2025-05-19,Japan,domestic_attack,25.2,5
2025-05-19,Japan,war_activity,17.3,3
2025-05-19,Japan,external_attack,16.3,2
2025-05-19,Japan,regional_spillover,19.3,2
2025-05-20,Japan,internal_violence,30.8,4
2025-05-20,Japan,repression,26.8,4
2025-05-20,Japan,domestic_attack,22.5,4
2025-05-20,Japan,war_activity,16.5,2
2025-05-20,Japan,external_attack,18.9,3
2025-05-20,Japan,regional_spillover,24.9,5
2025-05-21,Japan,internal_violence,34.1,6
2025-05-21,Japan,repression,30.4,4
2025-05-21,Japan,domestic_attack,23.6,5
2025-05-21,Japan,war_activity,21.4,2
2025-05-21,Japan,external_attack,17.9,2
2025-05-21,Japan,regional_spillover,24.8,5
2025-05-22,Japan,internal_violence,31.0,6
2025-05-22,Japan,repression,28.5,5
2025-05-22,Japan,domestic_attack,27.6,3
2025-05-22,Japan,war_activity,19.8,4
2025-05-22,Japan,external_attack,19.4,4
2025-05-22,Japan,regional_spillover,21.3,3
2025-05-23,Japan,internal_violence,33.2,6
2025-05-23,Japan,repression,25.2,6
2025-05-23,Japan,domestic_attack,24.2,3
2025-05-23,Japan,war_activity,19.9,4
2025-05-23,Japan,external_attack,18.3,3
2025-05-23,Japan,regional_spillover,23.6,3
2025-05-24,Japan,internal_violence,26.3,5
2025-05-24,Japan,repression,26.3,3
2025-05-24,Japan,domestic_attack,23.2,5
2025-05-24,Japan,war_activity,18.6,3
2025-05-24,Japan,external_attack,17.6,3
2025-05-24,Japan,regional_spillover,23.2,5
2025-05-25,Japan,internal_violence,29.3,6
2025-05-25,Japan,repression,26.4,3
2025-05-25,Japan,domestic_attack,22.5,3
2025-05-25,Japan,war_activity,17.7,4
2025-05-25,Japan,external_attack,16.0,2
2025-05-25,Japan,regional_spillover,20.1,4
2025-05-26,Japan,internal_violence,25.5,4
2025-05-26,Japan,repression,25.3,3
2025-05-26,Japan,domestic_attack,20.1,5
2025-05-26,Japan,war_activity,15.6,1
2025-05-26,Japan,external_attack,16.2,3
2025-05-26,Japan,regional_spillover,21.5,3
2025-05-27,Japan,internal_violence,27.3,5
2025-05-27,Japan,repression,27.0,6
2025-05-27,Japan,domestic_attack,23.5,3
2025-05-27,Japan,war_activity,19.5,2
2025-05-27,Japan,external_attack,15.6,3
2025-05-27,Japan,regional_spillover,20.7,4
2025-05-28,Japan,internal_violence,30.1,6
2025-05-28,Japan,repression,29.1,4
2025-05-28,Japan,domestic_attack,23.8,4
2025-05-28,Japan,war_activity,19.5,3
2025-05-28,Japan,external_attack,20.2,4
2025-05-28,Japan,regional_spillover,22.9,4
2025-05-29,Japan,internal_violence,30.7,6
2025-05-29,Japan,repression,26.2,5
2025-05-29,Japan,domestic_attack,22.1,3
2025-05-29,Japan,war_activity,19.6,3
2025-05-29,Japan,external_attack,18.9,3
2025-05-29,Japan,regional_spillover,22.3,4
2025-05-30,Japan,internal_violence,27.4,4
2025-05-30,Japan,repression,25.6,4
2025-05-30,Japan,domestic_attack,25.6,5
2025-05-30,Japan,war_activity,20.8,3
2025-05-30,Japan,external_attack,19.4,4
2025-05-30,Japan,regional_spillover,19.1,3
2025-05-31,Japan,internal_violence,29.3,6
2025-05-31,Japan,repression,26.7,3
2025-05-31,Japan,domestic_attack,24.3,3
2025-05-31,Japan,war_activity,18.2,3
2025-05-31,Japan,external_attack,14.8,4
2025-05-31,Japan,regional_spillover,22.7,4
2025-06-01,Japan,internal_violence,25.0,3
2025-06-01,Japan,repression,25.4,4
2025-06-01,Japan,domestic_attack,22.1,3
2025-06-01,Japan,war_activity,15.9,2
2025-06-01,Japan,external_attack,18.7,3
2025-06-01,Japan,regional_spillover,20.3,3
2025-06-02,Japan,internal_violence,28.2,4
2025-06-02,Japan,repression,22.1,4
2025-06-02,Japan,domestic_attack,21.2,4
2025-06-02,Japan,war_activity,14.9,4
2025-06-02,Japan,external_attack,16.1,2
2025-06-02,Japan,regional_spillover,21.5,4
2025-06-03,Japan,internal_violence,26.3,4
2025-06-03,Japan,repression,25.4,3
2025-06-03,Japan,domestic_attack,23.8,3
2025-06-03,Japan,war_activity,19.3,4
2025-06-03,Japan,external_attack,16.2,3
2025-06-03,Japan,regional_spillover,21.4,5
2025-06-04,Japan,internal_violence,27.8,4
2025-06-04,Japan,repression,27.8,6
2025-06-04,Japan,domestic_attack,23.6,2
2025-06-04,Japan,war_activity,17.4,2
2025-06-04,Japan,external_attack,17.6,4
2025-06-04,Japan,regional_spillover,22.7,4
2025-06-05,Japan,internal_violence,26.6,4
2025-06-05,Japan,repression,26.1,4
2025-06-05,Japan,domestic_attack,25.0,4
2025-06-05,Japan,war_activity,18.3,2
2025-06-05,Japan,external_attack,20.1,5
2025-06-05,Japan,regional_spillover,24.1,3
2025-06-06,Japan,internal_violence,26.4,3
2025-06-06,Japan,repression,24.2,4
2025-06-06,Japan,domestic_attack,22.6,3
2025-06-06,Japan,war_activity,16.8,2
2025-06-06,Japan,external_attack,17.1,4
2025-06-06,Japan,regional_spillover,23.2,5
2025-06-07,Japan,internal_violence,24.2,5
2025-06-07,Japan,repression,23.3,4
2025-06-07,Japan,domestic_attack,22.2,5
2025-06-07,Japan,war_activity,18.7,2
2025-06-07,Japan,external_attack,18.2,4
2025-06-07,Japan,regional_spillover,17.8,3
2025-06-08,Japan,internal_violence,22.6,5
2025-06-08,Japan,repression,21.1,5
2025-06-08,Japan,domestic_attack,22.1,4
2025-06-08,Japan,war_activity,15.3,1
2025-06-08,Japan,external_attack,14.2,3
2025-06-08,Japan,regional_spillover,17.0,3
2025-06-09,Japan,internal_violence,22.7,5
2025-06-09,Japan,repression,21.8,5
2025-06-09,Japan,domestic_attack,17.0,2
2025-06-09,Japan,war_activity,15.9,1
2025-06-09,Japan,external_attack,17.6,4
2025-06-09,Japan,regional_spillover,19.0,2
2025-06-10,Japan,internal_violence,27.0,6
2025-06-10,Japan,repression,23.7,5
2025-06-10,Japan,domestic_attack,22.0,3
2025-06-10,Japan,war_activity,16.9,1
2025-06-10,Japan,external_attack,15.5,3
2025-06-10,Japan,regional_spillover,22.5,3
2025-06-11,Japan,internal_violence,25.4,3
2025-06-11,Japan,repression,24.1,3
2025-06-11,Japan,domestic_attack,19.3,4
2025-06-11,Japan,war_activity,17.8,2
2025-06-11,Japan,external_attack,17.7,4
2025-06-11,Japan,regional_spillover,23.3,3
2025-06-12,Japan,internal_violence,28.8,4
2025-06-12,Japan,repression,22.4,3
2025-06-12,Japan,domestic_attack,24.4,4
2025-06-12,Japan,war_activity,16.3,3
2025-06-12,Japan,external_attack,17.8,3
2025-06-12,Japan,regional_spillover,18.1,2
2025-06-13,Japan,internal_violence,25.4,3
2025-06-13,Japan,repression,20.5,4
2025-06-13,Japan,domestic_attack,19.9,4
2025-06-13,Japan,war_activity,19.2,2
2025-06-13,Japan,external_attack,18.9,4
2025-06-13,Japan,regional_spillover,18.0,3
2025-06-14,Japan,internal_violence,21.4,3
2025-06-14,Japan,repression,22.5,4
2025-06-14,Japan,domestic_attack,18.5,3
2025-06-14,Japan,war_activity,15.6,3
2025-06-14,Japan,external_attack,18.5,3
2025-06-14,Japan,regional_spillover,16.9,2
2025-06-15,Japan,internal_violence,22.8,5
2025-06-15,Japan,repression,18.6,3
2025-06-15,Japan,domestic_attack,18.8,2
2025-06-15,Japan,war_activity,18.1,2
2025-06-15,Japan,external_attack,18.1,2
2025-06-15,Japan,regional_spillover,20.5,4
2025-06-16,Japan,internal_violence,23.4,4
2025-06-16,Japan,repression,21.8,3
2025-06-16,Japan,domestic_attack,20.8,5
2025-06-16,Japan,war_activity,14.7,2
2025-06-16,Japan,external_attack,15.1,4
2025-06-16,Japan,regional_spillover,18.5,3
2025-06-17,Japan,internal_violence,23.0,5
2025-06-17,Japan,repression,19.6,2
2025-06-17,Japan,domestic_attack,19.8,5
2025-06-17,Japan,war_activity,18.1,2
2025-06-17,Japan,external_attack,15.2,4
2025-06-17,Japan,regional_spillover,18.5,2
2025-06-18,Japan,internal_violence,28.3,4
2025-06-18,Japan,repression,21.3,4
2025-06-18,Japan,domestic_attack,19.5,5
2025-06-18,Japan,war_activity,17.0,4
2025-06-18,Japan,external_attack,15.4,2
2025-06-18,Japan,regional_spillover,20.1,3
2025-06-19,Japan,internal_violence,26.5,4
2025-06-19,Japan,repression,20.8,4
2025-06-19,Japan,domestic_attack,20.3,4
2025-06-19,Japan,war_activity,16.1,4
2025-06-19,Japan,external_attack,17.1,3
2025-06-19,Japan,regional_spillover,19.5,4
2025-06-20,Japan,internal_violence,26.5,5
2025-06-20,Japan,repression,20.4,2
2025-06-20,Japan,domestic_attack,17.0,2
2025-06-20,Japan,war_activity,14.8,4
2025-06-20,Japan,external_attack,14.2,3
2025-06-20,Japan,regional_spillover,19.3,3
2025-06-21,Japan,internal_violence,23.6,5
2025-06-21,Japan,repression,19.9,5
2025-06-21,Japan,domestic_attack,20.3,4
2025-06-21,Japan,war_activity,18.1,3
2025-06-21,Japan,external_attack,14.0,2
2025-06-21,Japan,regional_spillover,20.1,2
2025-06-22,Japan,internal_violence,19.0,3
2025-06-22,Japan,repression,16.3,2
2025-06-22,Japan,domestic_attack,19.3,4
2025-06-22,Japan,war_activity,15.5,3
2025-06-22,Japan,external_attack,14.3,2
2025-06-22,Japan,regional_spillover,15.5,3
2025-06-23,Japan,internal_violence,23.1,2
2025-06-23,Japan,repression,20.9,4
2025-06-23,Japan,domestic_attack,18.5,3
2025-06-23,Japan,war_activity,16.1,3
2025-06-23,Japan,external_attack,15.3,2
2025-06-23,Japan,regional_spillover,20.0,4
2025-06-24,Japan,internal_violence,20.8,4
2025-06-24,Japan,repression,19.7,4
2025-06-24,Japan,domestic_attack,17.7,4
2025-06-24,Japan,war_activity,16.0,4
2025-06-24,Japan,external_attack,15.5,3
2025-06-24,Japan,regional_spillover,15.9,3
2025-06-25,Japan,internal_violence,23.7,5
2025-06-25,Japan,repression,19.8,2
2025-06-25,Japan,domestic_attack,17.5,2
2025-06-25,Japan,war_activity,16.5,4
2025-06-25,Japan,external_attack,14.6,3
2025-06-25,Japan,regional_spillover,16.5,4
2025-06-26,Japan,internal_violence,25.3,3
2025-06-26,Japan,repression,21.7,2
2025-06-26,Japan,domestic_attack,20.2,4
2025-06-26,Japan,war_activity,17.8,3
2025-06-26,Japan,external_attack,13.9,1
2025-06-26,Japan,regional_spillover,18.0,3
2025-06-27,Japan,internal_violence,24.5,4
2025-06-27,Japan,repression,21.8,3
2025-06-27,Japan,domestic_attack,17.2,4
2025-06-27,Japan,war_activity,18.0,2
2025-06-27,Japan,external_attack,18.2,4
2025-06-27,Japan,regional_spillover,21.4,2
2025-06-28,Japan,internal_violence,21.7,4
2025-06-28,Japan,repression,19.1,3
2025-06-28,Japan,domestic_attack,15.8,3
2025-06-28,Japan,war_activity,13.4,2
2025-06-28,Japan,external_attack,14.6,1
2025-06-28,Japan,regional_spillover,16.9,3
2025-06-29,Japan,internal_violence,20.2,4
2025-06-29,Japan,repression,16.5,4
2025-06-29,Japan,domestic_attack,18.4,2
2025-06-29,Japan,war_activity,16.0,3
2025-06-29,Japan,external_attack,13.2,1
2025-06-29,Japan,regional_spillover,19.2,2
2025-06-30,Japan,internal_violence,18.7,4
2025-06-30,Japan,repression,21.2,4
2025-06-30,Japan,domestic_attack,19.7,2
2025-06-30,Japan,war_activity,16.5,3
2025-06-30,Japan,external_attack,15.8,2
2025-06-30,Japan,regional_spillover,17.7,3
2025-07-01,Japan,internal_violence,20.6,4
2025-07-01,Japan,repression,20.3,3
2025-07-01,Japan,domestic_attack,20.3,4
2025-07-01,Japan,war_activity,17.1,2
2025-07-01,Japan,external_attack,13.0,3
2025-07-01,Japan,regional_spillover,20.7,3
2025-07-02,Japan,internal_violence,21.8,3
2025-07-02,Japan,repression,23.1,5
2025-07-02,Japan,domestic_attack,17.7,4
2025-07-02,Japan,war_activity,16.5,2
2025-07-02,Japan,external_attack,17.5,4
2025-07-02,Japan,regional_spillover,17.5,3
2025-07-03,Japan,internal_violence,25.8,3
2025-07-03,Japan,repression,20.8,5
2025-07-03,Japan,domestic_attack,17.2,3
2025-07-03,Japan,war_activity,18.5,2
2025-07-03,Japan,external_attack,14.3,1
2025-07-03,Japan,regional_spillover,20.8,3
2025-07-04,Japan,internal_violence,23.5,4
2025-07-04,Japan,repression,22.2,4
2025-07-04,Japan,domestic_attack,17.5,4
2025-07-04,Japan,war_activity,17.2,3
2025-07-04,Japan,external_attack,14.8,3
2025-07-04,Japan,regional_spillover,18.5,2
2025-07-05,Japan,internal_violence,19.7,3
2025-07-05,Japan,repression,19.4,5
2025-07-05,Japan,domestic_attack,19.9,3
2025-07-05,Japan,war_activity,17.2,2
2025-07-05,Japan,external_attack,15.5,1
2025-07-05,Japan,regional_spillover,15.5,2
2025-07-06,Japan,internal_violence,19.7,2
2025-07-06,Japan,repression,17.9,4
2025-07-06,Japan,domestic_attack,17.7,4
2025-07-06,Japan,war_activity,13.3,3
2025-07-06,Japan,external_attack,16.9,4
2025-07-06,Japan,regional_spillover,16.6,4
2025-07-07,Japan,internal_violence,21.5,3
2025-07-07,Japan,repression,18.8,4
2025-07-07,Japan,domestic_attack,16.1,1
2025-07-07,Japan,war_activity,17.4,3
2025-07-07,Japan,external_attack,15.3,3
2025-07-07,Japan,regional_spillover,17.4,3
2025-07-08,Japan,internal_violence,22.6,4
2025-07-08,Japan,repression,18.3,2
2025-07-08,Japan,domestic_attack,18.3,2
2025-07-08,Japan,war_activity,14.1,1
2025-07-08,Japan,external_attack,13.9,2
2025-07-08,Japan,regional_spillover,17.4,4
2025-07-09,Japan,internal_violence,26.6,4
2025-07-09,Japan,repression,19.8,4
2025-07-09,Japan,domestic_attack,19.6,4
2025-07-09,Japan,war_activity,17.0,3
2025-07-09,Japan,external_attack,19.0,4
2025-07-09,Japan,regional_spillover,19.1,4
2025-07-10,Japan,internal_violence,24.0,4
2025-07-10,Japan,repression,23.5,3
2025-07-10,Japan,domestic_attack,20.3,3
2025-07-10,Japan,war_activity,18.4,2
2025-07-10,Japan,external_attack,18.5,4
2025-07-10,Japan,regional_spillover,17.1,2
2025-07-11,Japan,internal_violence,25.8,6
2025-07-11,Japan,repression,22.5,4
2025-07-11,Japan,domestic_attack,19.8,5
2025-07-11,Japan,war_activity,17.7,2
2025-07-11,Japan,external_attack,14.7,1
2025-07-11,Japan,regional_spillover,19.1,3
2025-07-12,Japan,internal_violence,24.9,4
2025-07-12,Japan,repression,18.8,4
2025-07-12,Japan,domestic_attack,15.9,4
2025-07-12,Japan,war_activity,16.2,3
2025-07-12,Japan,external_attack,14.9,4
2025-07-12,Japan,regional_spillover,18.5,2
2025-07-13,Japan,internal_violence,23.2,5
2025-07-13,Japan,repression,19.0,4
2025-07-13,Japan,domestic_attack,18.4,3
2025-07-13,Japan,war_activity,17.5,2
2025-07-13,Japan,external_attack,14.7,2
2025-07-13,Japan,regional_spillover,20.2,2
2025-07-14,Japan,internal_violence,24.1,5
2025-07-14,Japan,repression,21.2,3
2025-07-14,Japan,domestic_attack,16.4,4
2025-07-14,Japan,war_activity,17.8,3
2025-07-14,Japan,external_attack,14.4,2
2025-07-14,Japan,regional_spillover,16.4,2
2025-07-15,Japan,internal_violence,23.9,3
2025-07-15,Japan,repression,21.0,4
2025-07-15,Japan,domestic_attack,19.3,3
2025-07-15,Japan,war_activity,16.0,4
2025-07-15,Japan,external_attack,16.0,3
2025-07-15,Japan,regional_spillover,19.8,2
2025-07-16,Japan,internal_violence,26.2,6
2025-07-16,Japan,repression,23.6,4
2025-07-16,Japan,domestic_attack,22.6,5
2025-07-16,Japan,war_activity,14.8,1
2025-07-16,Japan,external_attack,14.7,2
2025-07-16,Japan,regional_spillover,19.8,3
2025-07-17,Japan,internal_violence,24.3,4
2025-07-17,Japan,repression,24.5,5
2025-07-17,Japan,domestic_attack,19.5,4
2025-07-17,Japan,war_activity,19.0,2
2025-07-17,Japan,external_attack,14.2,1
2025-07-17,Japan,regional_spillover,21.5,3
2025-07-18,Japan,internal_violence,24.5,4
2025-07-18,Japan,repression,20.4,5
2025-07-18,Japan,domestic_attack,22.8,4
2025-07-18,Japan,war_activity,18.0,3
2025-07-18,Japan,external_attack,18.1,2
2025-07-18,Japan,regional_spillover,21.0,5
2025-07-19,Japan,internal_violence,24.0,4
2025-07-19,Japan,repression,19.9,4
2025-07-19,Japan,domestic_attack,21.4,4
2025-07-19,Japan,war_activity,16.0,2
2025-07-19,Japan,external_attack,15.2,2
2025-07-19,Japan,regional_spillover,17.5,2
2025-07-20,Japan,internal_violence,21.5,2
2025-07-20,Japan,repression,21.7,3
2025-07-20,Japan,domestic_attack,21.4,3
2025-07-20,Japan,war_activity,17.7,4
2025-07-20,Japan,external_attack,16.7,4
2025-07-20,Japan,regional_spillover,20.9,2
2025-07-21,Japan,internal_violence,26.0,4
2025-07-21,Japan,repression,24.5,3
2025-07-21,Japan,domestic_attack,17.0,2
2025-07-21,Japan,war_activity,18.5,3
2025-07-21,Japan,external_attack,13.8,4
2025-07-21,Japan,regional_spillover,19.1,5
2025-07-22,Japan,internal_violence,28.5,6
2025-07-22,Japan,repression,24.8,3
2025-07-22,Japan,domestic_attack,18.5,4
2025-07-22,Japan,war_activity,18.7,4
2025-07-22,Japan,external_attack,15.1,3
2025-07-22,Japan,regional_spillover,19.5,4
2025-07-23,Japan,internal_violence,26.5,5
2025-07-23,Japan,repression,27.4,3
2025-07-23,Japan,domestic_attack,24.0,5
2025-07-23,Japan,war_activity,17.4,2
2025-07-23,Japan,external_attack,16.9,2
2025-07-23,Japan,regional_spillover,21.6,3
2025-07-24,Japan,internal_violence,27.6,5
2025-07-24,Japan,repression,24.0,5
2025-07-24,Japan,domestic_attack,20.6,2
2025-07-24,Japan,war_activity,15.9,4
2025-07-24,Japan,external_attack,18.6,2
2025-07-24,Japan,regional_spillover,19.8,3
2025-07-25,Japan,internal_violence,29.6,5
2025-07-25,Japan,repression,27.4,5
2025-07-25,Japan,domestic_attack,20.7,4
2025-07-25,Japan,war_activity,15.8,4
2025-07-25,Japan,external_attack,16.9,4
2025-07-25,Japan,regional_spillover,18.8,2
2025-07-26,Japan,internal_violence,29.1,6
2025-07-26,Japan,repression,25.2,4
2025-07-26,Japan,domestic_attack,19.0,2
2025-07-26,Japan,war_activity,14.4,2
2025-07-26,Japan,external_attack,17.8,2
2025-07-26,Japan,regional_spillover,17.9,2
2025-07-27,Japan,internal_violence,24.9,6
2025-07-27,Japan,repression,24.8,4
2025-07-27,Japan,domestic_attack,22.5,5
2025-07-27,Japan,war_activity,14.3,2
2025-07-27,Japan,external_attack,14.7,2
2025-07-27,Japan,regional_spillover,19.5,5
2025-07-28,Japan,internal_violence,26.4,4
2025-07-28,Japan,repression,25.7,4
2025-07-28,Japan,domestic_attack,23.6,4
2025-07-28,Japan,war_activity,14.5,1
2025-07-28,Japan,external_attack,18.9,3
2025-07-28,Japan,regional_spillover,20.3,4
2025-07-29,Japan,internal_violence,26.6,5
2025-07-29,Japan,repression,24.4,4
2025-07-29,Japan,domestic_attack,23.9,5
2025-07-29,Japan,war_activity,16.7,1
2025-07-29,Japan,external_attack,15.3,4
2025-07-29,Japan,regional_spillover,23.5,4
2025-07-30,Japan,internal_violence,28.7,4
2025-07-30,Japan,repression,27.3,5
2025-07-30,Japan,domestic_attack,23.1,4
2025-07-30,Japan,war_activity,16.4,2
2025-07-30,Japan,external_attack,18.3,2
2025-07-30,Japan,regional_spillover,22.8,3
2025-07-31,Japan,internal_violence,28.0,5
2025-07-31,Japan,repression,27.7,6
2025-07-31,Japan,domestic_attack,25.0,4
2025-07-31,Japan,war_activity,18.4,2
2025-07-31,Japan,external_attack,20.5,4
2025-07-31,Japan,regional_spillover,21.8,3
2025-08-01,Japan,internal_violence,27.7,3
2025-08-01,Japan,repression,24.4,4
2025-08-01,Japan,domestic_attack,24.5,3
2025-08-01,Japan,war_activity,17.6,4
2025-08-01,Japan,external_attack,16.6,3
2025-08-01,Japan,regional_spillover,21.4,4
2025-08-02,Japan,internal_violence,28.8,5
2025-08-02,Japan,repression,24.0,3
2025-08-02,Japan,domestic_attack,20.2,4
2025-08-02,Japan,war_activity,15.3,1
2025-08-02,Japan,external_attack,19.1,4
2025-08-02,Japan,regional_spillover,23.3,4
2025-08-03,Japan,internal_violence,26.9,5
2025-08-03,Japan,repression,22.0,3
2025-08-03,Japan,domestic_attack,23.2,2
2025-08-03,Japan,war_activity,17.8,1
2025-08-03,Japan,external_attack,17.5,3
2025-08-03,Japan,regional_spillover,18.5,3
2025-08-04,Japan,internal_violence,25.5,5
2025-08-04,Japan,repression,22.2,2
2025-08-04,Japan,domestic_attack,21.1,5
2025-08-04,Japan,war_activity,19.3,5
2025-08-04,Japan,external_attack,14.5,2
2025-08-04,Japan,regional_spillover,23.2,5
2025-08-05,Japan,internal_violence,29.6,4
2025-08-05,Japan,repression,26.1,5
2025-08-05,Japan,domestic_attack,25.0,3
2025-08-05,Japan,war_activity,18.8,2
2025-08-05,Japan,external_attack,18.0,1
2025-08-05,Japan,regional_spillover,23.7,4
2025-08-06,Japan,internal_violence,30.3,4
2025-08-06,Japan,repression,26.7,4
2025-08-06,Japan,domestic_attack,24.0,4
2025-08-06,Japan,war_activity,17.3,2
2025-08-06,Japan,external_attack,16.9,4
2025-08-06,Japan,regional_spillover,23.1,4
2025-08-07,Japan,internal_violence,33.4,4
2025-08-07,Japan,repression,27.7,3
2025-08-07,Japan,domestic_attack,25.7,3
2025-08-07,Japan,war_activity,17.3,4
2025-08-07,Japan,external_attack,16.8,2
2025-08-07,Japan,regional_spillover,24.2,5
2025-08-08,Japan,internal_violence,28.5,5
2025-08-08,Japan,repression,24.7,6
2025-08-08,Japan,domestic_attack,24.9,4
2025-08-08,Japan,war_activity,16.1,3
2025-08-08,Japan,external_attack,20.8,4
2025-08-08,Japan,regional_spillover,25.4,4
2025-08-09,Japan,internal_violence,31.0,6
2025-08-09,Japan,repression,25.3,5
2025-08-09,Japan,domestic_attack,23.6,5
2025-08-09,Japan,war_activity,16.2,2
2025-08-09,Japan,external_attack,15.8,3
2025-08-09,Japan,regional_spillover,19.6,3
2025-08-10,Japan,internal_violence,26.6,4
2025-08-10,Japan,repression,25.0,5
2025-08-10,Japan,domestic_attack,24.9,3
2025-08-10,Japan,war_activity,20.4,4
2025-08-10,Japan,external_attack,19.6,5
2025-08-10,Japan,regional_spillover,23.7,5
2025-08-11,Japan,internal_violence,27.9,5
2025-08-11,Japan,repression,24.3,5
2025-08-11,Japan,domestic_attack,25.2,5
2025-08-11,Japan,war_activity,15.1,3
2025-08-11,Japan,external_attack,17.3,4
2025-08-11,Japan,regional_spillover,19.8,3
2025-08-12,Japan,internal_violence,30.3,5
2025-08-12,Japan,repression,28.2,3
2025-08-12,Japan,domestic_attack,26.2,3
2025-08-12,Japan,war_activity,20.0,4
2025-08-12,Japan,external_attack,17.3,3
2025-08-12,Japan,regional_spillover,24.5,3
2025-08-13,Japan,internal_violence,32.1,5
2025-08-13,Japan,repression,27.8,5
2025-08-13,Japan,domestic_attack,27.8,4
2025-08-13,Japan,war_activity,18.4,3
2025-08-13,Japan,external_attack,19.9,3
2025-08-13,Japan,regional_spillover,20.5,3
2025-08-14,Japan,internal_violence,31.1,4
2025-08-14,Japan,repression,28.7,5
2025-08-14,Japan,domestic_attack,24.7,5
2025-08-14,Japan,war_activity,20.8,3
2025-08-14,Japan,external_attack,17.3,4
2025-08-14,Japan,regional_spillover,22.3,3
2025-08-15,Japan,internal_violence,31.8,6
2025-08-15,Japan,repression,28.7,5
2025-08-15,Japan,domestic_attack,26.6,4
2025-08-15,Japan,war_activity,20.3,2
2025-08-15,Japan,external_attack,19.9,4
2025-08-15,Japan,regional_spillover,20.9,4
2025-08-16,Japan,internal_violence,27.3,4
2025-08-16,Japan,repression,23.6,4
2025-08-16,Japan,domestic_attack,25.8,4
2025-08-16,Japan,war_activity,16.7,4
2025-08-16,Japan,external_attack,15.4,1
2025-08-16,Japan,regional_spillover,19.5,4
2025-08-17,Japan,internal_violence,29.7,5
2025-08-17,Japan,repression,25.0,3
2025-08-17,Japan,domestic_attack,21.3,4
2025-08-17,Japan,war_activity,18.4,4
2025-08-17,Japan,external_attack,16.6,4
2025-08-17,Japan,regional_spillover,21.5,4
2025-08-18,Japan,internal_violence,28.1,4
2025-08-18,Japan,repression,26.5,6
2025-08-18,Japan,domestic_attack,22.9,5
2025-08-18,Japan,war_activity,15.2,3
2025-08-18,Japan,external_attack,15.3,2
2025-08-18,Japan,regional_spillover,24.4,4
2025-08-19,Japan,internal_violence,27.8,5
2025-08-19,Japan,repression,24.3,4
2025-08-19,Japan,domestic_attack,26.4,5
2025-08-19,Japan,war_activity,20.6,4
2025-08-19,Japan,external_attack,16.2,4
2025-08-19,Japan,regional_spillover,21.8,3
2025-08-20,Japan,internal_violence,29.8,6
2025-08-20,Japan,repression,27.6,5
2025-08-20,Japan,domestic_attack,25.9,6
2025-08-20,Japan,war_activity,18.2,2
2025-08-20,Japan,external_attack,16.6,3
2025-08-20,Japan,regional_spillover,25.3,5
2025-08-21,Japan,internal_violence,31.2,6
2025-08-21,Japan,repression,29.6,6
2025-08-21,Japan,domestic_attack,24.6,3
2025-08-21,Japan,war_activity,19.0,2
2025-08-21,Japan,external_attack,16.5,3
2025-08-21,Japan,regional_spillover,22.4,4
2025-08-22,Japan,internal_violence,28.8,4
2025-08-22,Japan,repression,26.9,4
2025-08-22,Japan,domestic_attack,22.2,5
2025-08-22,Japan,war_activity,17.3,2
2025-08-22,Japan,external_attack,18.1,4
2025-08-22,Japan,regional_spillover,24.7,5
2025-08-23,Japan,internal_violence,28.6,6
2025-08-23,Japan,repression,26.4,4
2025-08-23,Japan,domestic_attack,24.5,4
2025-08-23,Japan,war_activity,15.9,1
2025-08-23,Japan,external_attack,20.3,4
2025-08-23,Japan,regional_spillover,23.7,2
2025-08-24,Japan,internal_violence,28.8,5
2025-08-24,Japan,repression,22.8,4
2025-08-24,Japan,domestic_attack,23.6,5
2025-08-24,Japan,war_activity,16.7,3
2025-08-24,Japan,external_attack,19.6,4
2025-08-24,Japan,regional_spillover,23.0,3
2025-08-25,Japan,internal_violence,26.1,5
2025-08-25,Japan,repression,23.8,3
2025-08-25,Japan,domestic_attack,23.9,3
2025-08-25,Japan,war_activity,18.3,3
2025-08-25,Japan,external_attack,20.0,2
2025-08-25,Japan,regional_spillover,21.0,4
2025-08-26,Japan,internal_violence,31.3,5
2025-08-26,Japan,repression,28.8,5
2025-08-26,Japan,domestic_attack,23.5,4
2025-08-26,Japan,war_activity,16.7,3
2025-08-26,Japan,external_attack,19.0,3
2025-08-26,Japan,regional_spillover,21.4,4
2025-08-27,Japan,internal_violence,33.2,5
2025-08-27,Japan,repression,25.1,3
2025-08-27,Japan,domestic_attack,26.6,3
2025-08-27,Japan,war_activity,19.2,3
2025-08-27,Japan,external_attack,19.8,2
2025-08-27,Japan,regional_spillover,25.2,5
2025-08-28,Japan,internal_violence,30.1,6
2025-08-28,Japan,repression,25.8,6
2025-08-28,Japan,domestic_attack,25.3,3
2025-08-28,Japan,war_activity,16.9,3
2025-08-28,Japan,external_attack,18.9,3
2025-08-28,Japan,regional_spillover,24.5,3
2025-08-29,Japan,internal_violence,29.3,4
2025-08-29,Japan,repression,28.9,3
2025-08-29,Japan,domestic_attack,26.7,4
2025-08-29,Japan,war_activity,20.8,5
2025-08-29,Japan,external_attack,18.6,3
2025-08-29,Japan,regional_spillover,23.7,4
2025-08-30,Japan,internal_violence,30.6,5
2025-08-30,Japan,repression,22.5,4
2025-08-30,Japan,domestic_attack,23.0,4
2025-08-30,Japan,war_activity,18.2,2
2025-08-30,Japan,external_attack,15.4,2
2025-08-30,Japan,regional_spillover,23.1,3
2025-08-31,Japan,internal_violence,26.7,3
2025-08-31,Japan,repression,26.8,5
2025-08-31,Japan,domestic_attack,21.7,3
2025-08-31,Japan,war_activity,15.7,3
2025-08-31,Japan,external_attack,18.8,5
2025-08-31,Japan,regional_spillover,18.5,3
2025-09-01,Japan,internal_violence,26.5,3
2025-09-01,Japan,repression,24.6,4
2025-09-01,Japan,domestic_attack,21.2,4
2025-09-01,Japan,war_activity,17.0,4
2025-09-01,Japan,external_attack,19.7,2
2025-09-01,Japan,regional_spillover,20.7,3
2025-09-02,Japan,internal_violence,30.9,4
2025-09-02,Japan,repression,24.4,4
2025-09-02,Japan,domestic_attack,24.3,3
2025-09-02,Japan,war_activity,19.6,5
2025-09-02,Japan,external_attack,18.2,4
2025-09-02,Japan,regional_spillover,20.2,4
2025-09-03,Japan,internal_violence,28.0,3
2025-09-03,Japan,repression,28.6,4
2025-09-03,Japan,domestic_attack,21.9,5
2025-09-03,Japan,war_activity,18.1,2
2025-09-03,Japan,external_attack,15.6,3
2025-09-03,Japan,regional_spillover,22.6,4
2025-09-04,Japan,internal_violence,30.3,6
2025-09-04,Japan,repression,26.1,6
2025-09-04,Japan,domestic_attack,26.0,3
2025-09-04,Japan,war_activity,20.8,3
2025-09-04,Japan,external_attack,17.4,3
2025-09-04,Japan,regional_spillover,23.9,4
2025-09-05,Japan,internal_violence,29.0,5
2025-09-05,Japan,repression,25.9,3
2025-09-05,Japan,domestic_attack,23.9,4
2025-09-05,Japan,war_activity,16.2,4
2025-09-05,Japan,external_attack,18.5,3
2025-09-05,Japan,regional_spillover,24.2,4
2025-09-06,Japan,internal_violence,29.1,6
2025-09-06,Japan,repression,24.5,5
2025-09-06,Japan,domestic_attack,20.9,3
2025-09-06,Japan,war_activity,14.8,3
2025-09-06,Japan,external_attack,19.3,5
2025-09-06,Japan,regional_spillover,18.8,3
2025-09-07,Japan,internal_violence,25.1,3
2025-09-07,Japan,repression,25.2,5
2025-09-07,Japan,domestic_attack,18.3,3
2025-09-07,Japan,war_activity,17.6,4
2025-09-07,Japan,external_attack,18.0,3
2025-09-07,Japan,regional_spillover,18.8,4
2025-09-08,Japan,internal_violence,28.2,5
2025-09-08,Japan,repression,22.6,3
2025-09-08,Japan,domestic_attack,22.5,4
2025-09-08,Japan,war_activity,17.2,3
2025-09-08,Japan,external_attack,15.9,4
2025-09-08,Japan,regional_spillover,18.5,4
2025-09-09,Japan,internal_violence,25.9,6
2025-09-09,Japan,repression,24.7,3
2025-09-09,Japan,domestic_attack,19.8,2
2025-09-09,Japan,war_activity,17.1,3
2025-09-09,Japan,external_attack,17.5,4
2025-09-09,Japan,regional_spillover,22.9,4
2025-09-10,Japan,internal_violence,26.9,5
2025-09-10,Japan,repression,26.3,5
2025-09-10,Japan,domestic_attack,23.6,4
2025-09-10,Japan,war_activity,16.6,1
2025-09-10,Japan,external_attack,17.5,3
2025-09-10,Japan,regional_spillover,22.6,4
2025-09-11,Japan,internal_violence,30.7,4
2025-09-11,Japan,repression,26.0,4
2025-09-11,Japan,domestic_attack,21.6,3
2025-09-11,Japan,war_activity,20.6,2
2025-09-11,Japan,external_attack,17.2,3
2025-09-11,Japan,regional_spillover,21.0,3
2025-09-12,Japan,internal_violence,26.0,5
2025-09-12,Japan,repression,23.3,3
2025-09-12,Japan,domestic_attack,21.2,5
2025-09-12,Japan,war_activity,16.9,3
2025-09-12,Japan,external_attack,17.6,2
2025-09-12,Japan,regional_spillover,20.5,3
2025-09-13,Japan,internal_violence,26.7,5
2025-09-13,Japan,repression,24.0,3
2025-09-13,Japan,domestic_attack,21.5,5
2025-09-13,Japan,war_activity,18.3,2
2025-09-13,Japan,external_attack,17.7,4
2025-09-13,Japan,regional_spillover,21.9,3
2025-09-14,Japan,internal_violence,25.9,3
2025-09-14,Japan,repression,21.6,5
2025-09-14,Japan,domestic_attack,17.7,3
2025-09-14,Japan,war_activity,18.6,2
2025-09-14,Japan,external_attack,14.3,3
2025-09-14,Japan,regional_spillover,21.2,3
2025-09-15,Japan,internal_violence,24.2,5
2025-09-15,Japan,repression,19.9,3
2025-09-15,Japan,domestic_attack,19.5,2
2025-09-15,Japan,war_activity,14.7,4
2025-09-15,Japan,external_attack,13.9,4
2025-09-15,Japan,regional_spillover,21.0,4
2025-09-16,Japan,internal_violence,25.1,3
2025-09-16,Japan,repression,23.6,3
2025-09-16,Japan,domestic_attack,21.4,4
2025-09-16,Japan,war_activity,17.8,2
2025-09-16,Japan,external_attack,19.2,2
2025-09-16,Japan,regional_spillover,19.7,4
2025-09-17,Japan,internal_violence,25.6,4
2025-09-17,Japan,repression,25.1,4
2025-09-17,Japan,domestic_attack,21.1,5
2025-09-17,Japan,war_activity,19.4,3
2025-09-17,Japan,external_attack,17.6,3
2025-09-17,Japan,regional_spillover,23.7,5
2025-09-18,Japan,internal_violence,29.4,4
2025-09-18,Japan,repression,26.0,4
2025-09-18,Japan,domestic_attack,21.2,4
2025-09-18,Japan,war_activity,17.1,2
2025-09-18,Japan,external_attack,19.3,5
2025-09-18,Japan,regional_spillover,21.6,4
2025-09-19,Japan,internal_violence,26.8,3
2025-09-19,Japan,repression,23.1,3
2025-09-19,Japan,domestic_attack,21.5,5
2025-09-19,Japan,war_activity,18.4,3
2025-09-19,Japan,external_attack,17.2,4
2025-09-19,Japan,regional_spillover,19.8,3
2025-09-20,Japan,internal_violence,26.9,4
2025-09-20,Japan,repression,25.0,5
2025-09-20,Japan,domestic_attack,20.2,5
2025-09-20,Japan,war_activity,17.4,2
2025-09-20,Japan,external_attack,17.2,3
2025-09-20,Japan,regional_spillover,21.3,4
2025-09-21,Japan,internal_violence,23.7,4
2025-09-21,Japan,repression,20.1,5
2025-09-21,Japan,domestic_attack,20.3,2
2025-09-21,Japan,war_activity,16.4,3
2025-09-21,Japan,external_attack,17.8,2
2025-09-21,Japan,regional_spillover,21.4,3
2025-09-22,Japan,internal_violence,22.6,4
2025-09-22,Japan,repression,24.0,3
2025-09-22,Japan,domestic_attack,21.4,2
2025-09-22,Japan,war_activity,17.6,4
2025-09-22,Japan,external_attack,13.8,2
2025-09-22,Japan,regional_spillover,18.3,2
2025-09-23,Japan,internal_violence,27.2,5
2025-09-23,Japan,repression,24.7,4
2025-09-23,Japan,domestic_attack,18.9,3
2025-09-23,Japan,war_activity,19.3,2
2025-09-23,Japan,external_attack,14.5,3
2025-09-23,Japan,regional_spillover,19.9,2
2025-09-24,Japan,internal_violence,29.1,5
2025-09-24,Japan,repression,24.5,5
2025-09-24,Japan,domestic_attack,23.5,4
2025-09-24,Japan,war_activity,15.7,2
2025-09-24,Japan,external_attack,17.8,4
2025-09-24,Japan,regional_spillover,20.2,3
2025-09-25,Japan,internal_violence,31.1,6
2025-09-25,Japan,repression,27.6,3
2025-09-25,Japan,domestic_attack,24.3,4
2025-09-25,Japan,war_activity,17.7,4
2025-09-25,Japan,external_attack,15.0,3
2025-09-25,Japan,regional_spillover,20.8,4
2025-09-26,Japan,internal_violence,27.4,3
2025-09-26,Japan,repression,26.3,4
2025-09-26,Japan,domestic_attack,21.6,3
2025-09-26,Japan,war_activity,15.4,3
2025-09-26,Japan,external_attack,16.7,2
2025-09-26,Japan,regional_spillover,20.9,5
2025-09-27,Japan,internal_violence,27.6,6
2025-09-27,Japan,repression,20.8,4
2025-09-27,Japan,domestic_attack,19.3,4
2025-09-27,Japan,war_activity,16.3,1
2025-09-27,Japan,external_attack,16.1,2
2025-09-27,Japan,regional_spillover,22.7,3
2025-09-28,Japan,internal_violence,26.5,5
2025-09-28,Japan,repression,22.0,2
2025-09-28,Japan,domestic_attack,21.4,4
2025-09-28,Japan,war_activity,14.2,2
2025-09-28,Japan,external_attack,14.2,3
2025-09-28,Japan,regional_spillover,17.7,2
2025-09-29,Japan,internal_violence,27.4,3
2025-09-29,Japan,repression,25.3,6
2025-09-29,Japan,domestic_attack,18.9,4
2025-09-29,Japan,war_activity,15.4,2
2025-09-29,Japan,external_attack,15.5,3
2025-09-29,Japan,regional_spillover,22.2,3
2025-09-30,Japan,internal_violence,25.0,4
2025-09-30,Japan,repression,24.5,3
2025-09-30,Japan,domestic_attack,22.8,4
2025-09-30,Japan,war_activity,19.9,2
2025-09-30,Japan,external_attack,18.2,2
2025-09-30,Japan,regional_spillover,20.4,2
2025-10-01,Japan,internal_violence,27.7,6
2025-10-01,Japan,repression,26.5,6
2025-10-01,Japan,domestic_attack,24.0,4
2025-10-01,Japan,war_activity,16.2,3
2025-10-01,Japan,external_attack,20.3,5
2025-10-01,Japan,regional_spillover,21.5,2
2025-10-02,Japan,internal_violence,30.1,6
2025-10-02,Japan,repression,25.2,4
2025-10-02,Japan,domestic_attack,26.2,4
2025-10-02,Japan,war_activity,18.2,4
2025-10-02,Japan,external_attack,18.3,2
2025-10-02,Japan,regional_spillover,20.5,4
2025-10-03,Japan,internal_violence,27.0,6
2025-10-03,Japan,repression,25.6,3
2025-10-03,Japan,domestic_attack,22.3,3
2025-10-03,Japan,war_activity,17.1,3
2025-10-03,Japan,external_attack,18.0,3
2025-10-03,Japan,regional_spillover,22.1,3
2025-10-04,Japan,internal_violence,29.3,5
2025-10-04,Japan,repression,21.6,5
2025-10-04,Japan,domestic_attack,23.3,3
2025-10-04,Japan,war_activity,17.5,2
2025-10-04,Japan,external_attack,16.0,3
2025-10-04,Japan,regional_spillover,20.3,3
2025-10-05,Japan,internal_violence,26.6,5
2025-10-05,Japan,repression,21.7,3
2025-10-05,Japan,domestic_attack,20.7,3
2025-10-05,Japan,war_activity,17.9,2
2025-10-05,Japan,external_attack,16.5,2
2025-10-05,Japan,regional_spillover,21.6,2
2025-10-06,Japan,internal_violence,26.7,6
2025-10-06,Japan,repression,22.3,4
2025-10-06,Japan,domestic_attack,19.9,4
2025-10-06,Japan,war_activity,18.9,4
2025-10-06,Japan,external_attack,17.9,4
2025-10-06,Japan,regional_spillover,20.6,4
2025-10-07,Japan,internal_violence,28.3,5
2025-10-07,Japan,repression,26.9,5
2025-10-07,Japan,domestic_attack,25.1,4
2025-10-07,Japan,war_activity,18.5,3
2025-10-07,Japan,external_attack,18.8,4
2025-10-07,Japan,regional_spillover,19.4,4
2025-10-08,Japan,internal_violence,32.5,6
2025-10-08,Japan,repression,27.9,5
2025-10-08,Japan,domestic_attack,26.0,3
2025-10-08,Japan,war_activity,15.9,3
2025-10-08,Japan,external_attack,20.6,4
2025-10-08,Japan,regional_spillover,19.8,4
2025-10-09,Japan,internal_violence,32.0,6
2025-10-09,Japan,repression,26.5,3
2025-10-09,Japan,domestic_attack,24.5,3
2025-10-09,Japan,war_activity,20.2,4
2025-10-09,Japan,external_attack,19.3,3
2025-10-09,Japan,regional_spillover,21.0,2
2025-10-10,Japan,internal_violence,30.9,5
2025-10-10,Japan,repression,25.6,6
2025-10-10,Japan,domestic_attack,23.7,3
2025-10-10,Japan,war_activity,19.2,3
2025-10-10,Japan,external_attack,16.5,3
2025-10-10,Japan,regional_spillover,21.3,4
2025-10-11,Japan,internal_violence,28.0,4
2025-10-11,Japan,repression,23.9,5
2025-10-11,Japan,domestic_attack,22.1,3
2025-10-11,Japan,war_activity,18.1,4
2025-10-11,Japan,external_attack,15.6,3
2025-10-11,Japan,regional_spillover,20.8,2
2025-10-12,Japan,internal_violence,26.3,5
2025-10-12,Japan,repression,23.7,4
2025-10-12,Japan,domestic_attack,19.7,4
2025-10-12,Japan,war_activity,19.0,5
2025-10-12,Japan,external_attack,16.7,3
2025-10-12,Japan,regional_spillover,21.4,3
2025-10-13,Japan,internal_violence,31.1,4
2025-10-13,Japan,repression,23.1,4
2025-10-13,Japan,domestic_attack,23.8,5
2025-10-13,Japan,war_activity,17.8,3
2025-10-13,Japan,external_attack,18.5,3
2025-10-13,Japan,regional_spillover,22.5,3
2025-10-14,Japan,internal_violence,29.4,5
2025-10-14,Japan,repression,29.4,4
2025-10-14,Japan,domestic_attack,22.7,3
2025-10-14,Japan,war_activity,16.6,3
2025-10-14,Japan,external_attack,18.1,3
2025-10-14,Japan,regional_spillover,19.8,5
2025-10-15,Japan,internal_violence,31.3,4
2025-10-15,Japan,repression,29.8,6
2025-10-15,Japan,domestic_attack,24.8,3
2025-10-15,Japan,war_activity,19.1,5
2025-10-15,Japan,external_attack,18.3,4
2025-10-15,Japan,regional_spillover,24.4,5
2025-10-16,Japan,internal_violence,32.6,7
2025-10-16,Japan,repression,27.8,5
2025-10-16,Japan,domestic_attack,24.8,5
2025-10-16,Japan,war_activity,16.7,2
2025-10-16,Japan,external_attack,20.3,4
2025-10-16,Japan,regional_spillover,22.2,4
2025-10-17,Japan,internal_violence,32.5,7
2025-10-17,Japan,repression,27.1,4
2025-10-17,Japan,domestic_attack,27.4,4
2025-10-17,Japan,war_activity,16.7,1
2025-10-17,Japan,external_attack,15.8,1
2025-10-17,Japan,regional_spillover,22.9,5
2025-10-18,Japan,internal_violence,31.6,6
2025-10-18,Japan,repression,25.2,5
2025-10-18,Japan,domestic_attack,25.1,4
2025-10-18,Japan,war_activity,19.0,4
2025-10-18,Japan,external_attack,18.3,3
2025-10-18,Japan,regional_spillover,21.0,3
2025-10-19,Japan,internal_violence,30.6,4
2025-10-19,Japan,repression,24.8,5
2025-10-19,Japan,domestic_attack,24.6,4
2025-10-19,Japan,war_activity,19.8,3
2025-10-19,Japan,external_attack,19.4,4
2025-10-19,Japan,regional_spillover,21.2,4
2025-10-20,Japan,internal_violence,31.6,7
2025-10-20,Japan,repression,24.5,5
2025-10-20,Japan,domestic_attack,21.1,4
2025-10-20,Japan,war_activity,18.5,3
2025-10-20,Japan,external_attack,15.9,3
2025-10-20,Japan,regional_spillover,23.2,5
2025-10-21,Japan,internal_violence,29.4,4
2025-10-21,Japan,repression,26.1,4
2025-10-21,Japan,domestic_attack,26.6,5
2025-10-21,Japan,war_activity,19.6,4
2025-10-21,Japan,external_attack,18.9,4
2025-10-21,Japan,regional_spillover,24.1,5
2025-10-22,Japan,internal_violence,33.0,7
2025-10-22,Japan,repression,28.0,4
2025-10-22,Japan,domestic_attack,28.6,4
2025-10-22,Japan,war_activity,19.1,2
2025-10-22,Japan,external_attack,17.6,4
2025-10-22,Japan,regional_spillover,21.4,2
2025-10-23,Japan,internal_violence,34.3,5
2025-10-23,Japan,repression,31.9,6
2025-10-23,Japan,domestic_attack,25.8,3
2025-10-23,Japan,war_activity,18.7,4
2025-10-23,Japan,external_attack,21.2,4
2025-10-23,Japan,regional_spillover,24.0,5
2025-10-24,Japan,internal_violence,30.1,6
2025-10-24,Japan,repression,28.0,5
2025-10-24,Japan,domestic_attack,24.1,4
2025-10-24,Japan,war_activity,18.3,4
2025-10-24,Japan,external_attack,19.0,4
2025-10-24,Japan,regional_spillover,23.3,3
2025-10-25,Japan,internal_violence,29.4,4
2025-10-25,Japan,repression,30.0,4
2025-10-25,Japan,domestic_attack,24.8,3
2025-10-25,Japan,war_activity,17.9,2
2025-10-25,Japan,external_attack,19.7,3
2025-10-25,Japan,regional_spillover,21.5,3
2025-10-26,Japan,internal_violence,32.2,4
2025-10-26,Japan,repression,25.2,4
2025-10-26,Japan,domestic_attack,23.3,3
2025-10-26,Japan,war_activity,18.6,2
2025-10-26,Japan,external_attack,16.1,1
2025-10-26,Japan,regional_spillover,19.8,2
2025-10-27,Japan,internal_violence,31.5,5
2025-10-27,Japan,repression,30.1,5
2025-10-27,Japan,domestic_attack,25.5,6
2025-10-27,Japan,war_activity,21.3,2
2025-10-27,Japan,external_attack,20.7,3
2025-10-27,Japan,regional_spillover,24.3,5
2025-10-28,Japan,internal_violence,34.1,6
2025-10-28,Japan,repression,30.4,5
2025-10-28,Japan,domestic_attack,28.8,6
2025-10-28,Japan,war_activity,18.0,3
2025-10-28,Japan,external_attack,19.8,2
2025-10-28,Japan,regional_spillover,26.0,5
2025-10-29,Japan,internal_violence,32.8,4
2025-10-29,Japan,repression,30.4,5
2025-10-29,Japan,domestic_attack,24.8,4
2025-10-29,Japan,war_activity,17.2,2
2025-10-29,Japan,external_attack,19.0,5
2025-10-29,Japan,regional_spillover,26.0,5
2025-10-30,Japan,internal_violence,34.7,5
2025-10-30,Japan,repression,31.9,5
2025-10-30,Japan,domestic_attack,26.3,6
2025-10-30,Japan,war_activity,17.0,4
2025-10-30,Japan,external_attack,20.5,5
2025-10-30,Japan,regional_spillover,25.8,4
2025-10-31,Japan,internal_violence,34.3,7
2025-10-31,Japan,repression,30.3,5
2025-10-31,Japan,domestic_attack,27.4,5
2025-10-31,Japan,war_activity,18.6,3
2025-10-31,Japan,external_attack,18.9,3
2025-10-31,Japan,regional_spillover,25.8,4
2025-11-01,Japan,internal_violence,32.2,5
2025-11-01,Japan,repression,29.1,5
2025-11-01,Japan,domestic_attack,27.6,4
2025-11-01,Japan,war_activity,20.1,3
2025-11-01,Japan,external_attack,18.6,4
2025-11-01,Japan,regional_spillover,20.9,4
2025-11-02,Japan,internal_violence,32.2,5
2025-11-02,Japan,repression,29.2,5
2025-11-02,Japan,domestic_attack,22.4,4
2025-11-02,Japan,war_activity,16.2,1
2025-11-02,Japan,external_attack,16.1,4
2025-11-02,Japan,regional_spillover,21.1,2
2025-11-03,Japan,internal_violence,29.3,5
2025-11-03,Japan,repression,29.2,3
2025-11-03,Japan,domestic_attack,27.8,5
2025-11-03,Japan,war_activity,17.0,3
2025-11-03,Japan,external_attack,18.3,4
2025-11-03,Japan,regional_spillover,20.6,4
2025-11-04,Japan,internal_violence,31.0,4
2025-11-04,Japan,repression,26.6,5
2025-11-04,Japan,domestic_attack,28.9,5
2025-11-04,Japan,war_activity,16.6,2
2025-11-04,Japan,external_attack,17.4,2
2025-11-04,Japan,regional_spillover,23.2,3
2025-11-05,Japan,internal_violence,33.4,7
2025-11-05,Japan,repression,32.9,5
2025-11-05,Japan,domestic_attack,29.4,4
2025-11-05,Japan,war_activity,22.1,5
2025-11-05,Japan,external_attack,20.9,4
2025-11-05,Japan,regional_spillover,24.6,3
2025-11-06,Japan,internal_violence,37.4,6
2025-11-06,Japan,repression,32.5,6
2025-11-06,Japan,domestic_attack,26.5,4
2025-11-06,Japan,war_activity,18.6,4
2025-11-06,Japan,external_attack,19.3,3
2025-11-06,Japan,regional_spillover,27.0,5
2025-11-07,Japan,internal_violence,34.9,7
2025-11-07,Japan,repression,32.3,6
2025-11-07,Japan,domestic_attack,26.9,4
2025-11-07,Japan,war_activity,17.8,3
2025-11-07,Japan,external_attack,19.6,4
2025-11-07,Japan,regional_spillover,22.1,4
2025-11-08,Japan,internal_violence,34.0,6
2025-11-08,Japan,repression,30.5,4
2025-11-08,Japan,domestic_attack,25.5,4
2025-11-08,Japan,war_activity,18.4,3
2025-11-08,Japan,external_attack,16.3,1
2025-11-08,Japan,regional_spillover,20.8,3
2025-11-09,Japan,internal_violence,30.9,4
2025-11-09,Japan,repression,27.1,4
2025-11-09,Japan,domestic_attack,26.5,6
2025-11-09,Japan,war_activity,19.0,3
2025-11-09,Japan,external_attack,20.7,4
2025-11-09,Japan,regional_spillover,25.3,4
2025-11-10,Japan,internal_violence,28.8,4
2025-11-10,Japan,repression,28.8,5
2025-11-10,Japan,domestic_attack,24.9,4
2025-11-10,Japan,war_activity,18.6,2
2025-11-10,Japan,external_attack,17.7,3
2025-11-10,Japan,regional_spillover,21.8,3
2025-11-11,Japan,internal_violence,34.7,6
2025-11-11,Japan,repression,28.4,4
2025-11-11,Japan,domestic_attack,23.8,4
2025-11-11,Japan,war_activity,19.9,2
2025-11-11,Japan,external_attack,18.0,4
2025-11-11,Japan,regional_spillover,22.6,5
2025-11-12,Japan,internal_violence,35.8,6
2025-11-12,Japan,repression,29.2,4
2025-11-12,Japan,domestic_attack,25.2,5
2025-11-12,Japan,war_activity,20.5,3
2025-11-12,Japan,external_attack,21.0,5
2025-11-12,Japan,regional_spillover,22.4,3
2025-11-13,Japan,internal_violence,36.1,6
2025-11-13,Japan,repression,30.5,6
2025-11-13,Japan,domestic_attack,28.9,4
2025-11-13,Japan,war_activity,19.3,5
2025-11-13,Japan,external_attack,21.8,5
2025-11-13,Japan,regional_spillover,25.5,6
2025-11-14,Japan,internal_violence,35.8,5
2025-11-14,Japan,repression,29.1,6
2025-11-14,Japan,domestic_attack,25.7,5
2025-11-14,Japan,war_activity,18.3,2
2025-11-14,Japan,external_attack,20.9,5
2025-11-14,Japan,regional_spillover,23.5,4
2025-11-15,Japan,internal_violence,31.6,7
2025-11-15,Japan,repression,28.6,4
2025-11-15,Japan,domestic_attack,27.2,5
2025-11-15,Japan,war_activity,18.0,1
2025-11-15,Japan,external_attack,16.9,4
2025-11-15,Japan,regional_spillover,25.2,5
2025-11-16,Japan,internal_violence,28.2,3
2025-11-16,Japan,repression,29.1,5
2025-11-16,Japan,domestic_attack,21.8,3
2025-11-16,Japan,war_activity,20.3,3
2025-11-16,Japan,external_attack,20.7,5
2025-11-16,Japan,regional_spillover,22.6,3
2025-11-17,Japan,internal_violence,31.2,6
2025-11-17,Japan,repression,25.3,5
2025-11-17,Japan,domestic_attack,26.2,5
2025-11-17,Japan,war_activity,16.4,3
2025-11-17,Japan,external_attack,19.7,4
2025-11-17,Japan,regional_spillover,22.9,3
2025-11-18,Japan,internal_violence,34.7,7
2025-11-18,Japan,repression,26.6,4
2025-11-18,Japan,domestic_attack,24.6,3
2025-11-18,Japan,war_activity,18.8,4
2025-11-18,Japan,external_attack,18.0,3
2025-11-18,Japan,regional_spillover,20.5,2
2025-11-19,Japan,internal_violence,34.7,5
2025-11-19,Japan,repression,31.5,7
2025-11-19,Japan,domestic_attack,26.4,3
2025-11-19,Japan,war_activity,17.3,3
2025-11-19,Japan,external_attack,20.0,4
2025-11-19,Japan,regional_spillover,22.6,3
2025-11-20,Japan,internal_violence,32.4,6
2025-11-20,Japan,repression,26.9,3
2025-11-20,Japan,domestic_attack,28.7,5
2025-11-20,Japan,war_activity,21.5,2
2025-11-20,Japan,external_attack,19.9,4
2025-11-20,Japan,regional_spillover,24.9,3
2025-11-21,Japan,internal_violence,33.3,6
2025-11-21,Japan,repression,30.5,6
2025-11-21,Japan,domestic_attack,25.8,6
2025-11-21,Japan,war_activity,20.5,4
2025-11-21,Japan,external_attack,21.3,3
2025-11-21,Japan,regional_spillover,25.0,4
2025-11-22,Japan,internal_violence,30.7,6
2025-11-22,Japan,repression,27.0,5
2025-11-22,Japan,domestic_attack,24.1,4
2025-11-22,Japan,war_activity,20.4,2
2025-11-22,Japan,external_attack,15.9,2
2025-11-22,Japan,regional_spillover,24.4,3
2025-11-23,Japan,internal_violence,30.5,6
2025-11-23,Japan,repression,25.7,6
2025-11-23,Japan,domestic_attack,21.5,3
2025-11-23,Japan,war_activity,19.5,4
2025-11-23,Japan,external_attack,17.3,2
2025-11-23,Japan,regional_spillover,22.5,3
2025-11-24,Japan,internal_violence,29.0,3
2025-11-24,Japan,repression,24.1,4
2025-11-24,Japan,domestic_attack,24.5,3
2025-11-24,Japan,war_activity,16.7,2
2025-11-24,Japan,external_attack,20.2,2
2025-11-24,Japan,regional_spillover,19.7,3
2025-11-25,Japan,internal_violence,28.6,6
2025-11-25,Japan,repression,26.4,6
2025-11-25,Japan,domestic_attack,24.3,5
2025-11-25,Japan,war_activity,18.7,2
2025-11-25,Japan,external_attack,15.7,3
2025-11-25,Japan,regional_spillover,20.6,4
2025-11-26,Japan,internal_violence,32.8,5
2025-11-26,Japan,repression,26.0,6
2025-11-26,Japan,domestic_attack,27.2,4
2025-11-26,Japan,war_activity,17.7,3
2025-11-26,Japan,external_attack,20.1,2
2025-11-26,Japan,regional_spillover,25.8,6
2025-11-27,Japan,internal_violence,33.2,6
2025-11-27,Japan,repression,30.8,6
2025-11-27,Japan,domestic_attack,23.7,3
2025-11-27,Japan,war_activity,17.1,3
2025-11-27,Japan,external_attack,20.2,4
2025-11-27,Japan,regional_spillover,25.7,4
2025-11-28,Japan,internal_violence,32.1,5
2025-11-28,Japan,repression,25.7,4
2025-11-28,Japan,domestic_attack,22.1,4
2025-11-28,Japan,war_activity,18.3,2
2025-11-28,Japan,external_attack,20.4,5
2025-11-28,Japan,regional_spillover,23.0,4
2025-11-29,Japan,internal_violence,27.7,5
2025-11-29,Japan,repression,27.1,6
2025-11-29,Japan,domestic_attack,24.4,4
2025-11-29,Japan,war_activity,18.1,3
2025-11-29,Japan,external_attack,17.3,3
2025-11-29,Japan,regional_spillover,23.5,2
2025-11-30,Japan,internal_violence,24.7,5
2025-11-30,Japan,repression,24.5,5
2025-11-30,Japan,domestic_attack,22.2,4
2025-11-30,Japan,war_activity,19.3,4
2025-11-30,Japan,external_attack,19.6,4
2025-11-30,Japan,regional_spillover,23.3,5
2025-12-01,Japan,internal_violence,26.7,4
2025-12-01,Japan,repression,23.6,5
2025-12-01,Japan,domestic_attack,20.1,3
2025-12-01,Japan,war_activity,17.3,2
2025-12-01,Japan,external_attack,16.6,4
2025-12-01,Japan,regional_spillover,20.5,3
2025-12-02,Japan,internal_violence,29.0,5
2025-12-02,Japan,repression,22.7,3
2025-12-02,Japan,domestic_attack,25.4,5
2025-12-02,Japan,war_activity,15.6,3
2025-12-02,Japan,external_attack,16.8,3
2025-12-02,Japan,regional_spillover,23.9,4
2025-12-03,Japan,internal_violence,29.8,6
2025-12-03,Japan,repression,29.0,4
2025-12-03,Japan,domestic_attack,26.5,5
2025-12-03,Japan,war_activity,19.6,5
2025-12-03,Japan,external_attack,16.6,4
2025-12-03,Japan,regional_spillover,23.1,5
2025-12-04,Japan,internal_violence,31.3,4
2025-12-04,Japan,repression,26.7,5
2025-12-04,Japan,domestic_attack,24.6,5
2025-12-04,Japan,war_activity,16.0,2
2025-12-04,Japan,external_attack,15.4,4
2025-12-04,Japan,regional_spillover,19.6,2
2025-12-05,Japan,internal_violence,29.0,4
2025-12-05,Japan,repression,27.9,5
2025-12-05,Japan,domestic_attack,20.8,2
2025-12-05,Japan,war_activity,19.6,4
2025-12-05,Japan,external_attack,18.7,3
2025-12-05,Japan,regional_spillover,20.3,5
2025-12-06,Japan,internal_violence,28.3,5
2025-12-06,Japan,repression,22.1,2
2025-12-06,Japan,domestic_attack,22.4,3
2025-12-06,Japan,war_activity,16.2,4
2025-12-06,Japan,external_attack,16.4,2
2025-12-06,Japan,regional_spillover,22.1,3
2025-12-07,Japan,internal_violence,23.6,4
2025-12-07,Japan,repression,21.8,5
2025-12-07,Japan,domestic_attack,22.3,4
2025-12-07,Japan,war_activity,15.4,3
2025-12-07,Japan,external_attack,18.5,3
2025-12-07,Japan,regional_spillover,20.0,4
2025-12-08,Japan,internal_violence,24.9,3
2025-12-08,Japan,repression,24.9,6
2025-12-08,Japan,domestic_attack,19.8,2
2025-12-08,Japan,war_activity,13.9,3
2025-12-08,Japan,external_attack,19.0,2
2025-12-08,Japan,regional_spillover,19.0,3
2025-12-09,Japan,internal_violence,29.0,6
2025-12-09,Japan,repression,25.4,5
2025-12-09,Japan,domestic_attack,24.1,3
2025-12-09,Japan,war_activity,15.9,3
2025-12-09,Japan,external_attack,15.4,4
2025-12-09,Japan,regional_spillover,22.4,4
2025-12-10,Japan,internal_violence,28.1,5
2025-12-10,Japan,repression,22.1,4
2025-12-10,Japan,domestic_attack,23.7,4
2025-12-10,Japan,war_activity,17.5,2
2025-12-10,Japan,external_attack,15.7,2
2025-12-10,Japan,regional_spillover,23.6,4
2025-12-11,Japan,internal_violence,27.9,5
2025-12-11,Japan,repression,22.2,3
2025-12-11,Japan,domestic_attack,21.2,4
2025-12-11,Japan,war_activity,15.4,2
2025-12-11,Japan,external_attack,19.1,2
2025-12-11,Japan,regional_spillover,20.9,3
2025-12-12,Japan,internal_violence,28.1,4
2025-12-12,Japan,repression,22.2,2
2025-12-12,Japan,domestic_attack,21.5,3
2025-12-12,Japan,war_activity,17.8,2
2025-12-12,Japan,external_attack,17.0,2
2025-12-12,Japan,regional_spillover,19.5,5
2025-12-13,Japan,internal_violence,26.7,4
2025-12-13,Japan,repression,19.9,4
2025-12-13,Japan,domestic_attack,19.2,3
2025-12-13,Japan,war_activity,18.3,3
2025-12-13,Japan,external_attack,16.0,2
2025-12-13,Japan,regional_spillover,17.0,3
2025-12-14,Japan,internal_violence,25.4,3
2025-12-14,Japan,repression,22.1,5
2025-12-14,Japan,domestic_attack,16.0,3
2025-12-14,Japan,war_activity,16.5,2
2025-12-14,Japan,external_attack,18.3,2
2025-12-14,Japan,regional_spillover,18.0,4
2025-12-15,Japan,internal_violence,24.9,4
2025-12-15,Japan,repression,20.9,2
2025-12-15,Japan,domestic_attack,16.2,2
2025-12-15,Japan,war_activity,14.7,3
2025-12-15,Japan,external_attack,14.5,4
2025-12-15,Japan,regional_spillover,17.6,3
2025-12-16,Japan,internal_violence,22.5,3
2025-12-16,Japan,repression,21.6,4
2025-12-16,Japan,domestic_attack,21.6,4
2025-12-16,Japan,war_activity,16.0,4
2025-12-16,Japan,external_attack,18.3,3
2025-12-16,Japan,regional_spillover,16.8,2
2025-12-17,Japan,internal_violence,23.4,5
2025-12-17,Japan,repression,22.8,5
2025-12-17,Japan,domestic_attack,19.6,3
2025-12-17,Japan,war_activity,14.8,2
2025-12-17,Japan,external_attack,16.1,4
2025-12-17,Japan,regional_spillover,21.9,5
2025-12-18,Japan,internal_violence,26.6,6
2025-12-18,Japan,repression,23.5,4
2025-12-18,Japan,domestic_attack,19.3,4
2025-12-18,Japan,war_activity,14.4,1
2025-12-18,Japan,external_attack,16.3,3
2025-12-18,Japan,regional_spillover,22.7,4
2025-12-19,Japan,internal_violence,26.5,5
2025-12-19,Japan,repression,22.8,4
2025-12-19,Japan,domestic_attack,21.9,5
2025-12-19,Japan,war_activity,14.5,2
2025-12-19,Japan,external_attack,16.1,2
2025-12-19,Japan,regional_spillover,17.0,3
2025-12-20,Japan,internal_violence,20.8,2
2025-12-20,Japan,repression,23.2,5
2025-12-20,Japan,domestic_attack,21.0,4
2025-12-20,Japan,war_activity,15.6,2
2025-12-20,Japan,external_attack,16.3,2
2025-12-20,Japan,regional_spillover,16.8,3
2025-12-21,Japan,internal_violence,19.9,3
2025-12-21,Japan,repression,19.7,5
2025-12-21,Japan,domestic_attack,15.1,1
2025-12-21,Japan,war_activity,16.6,3
2025-12-21,Japan,external_attack,13.5,3
2025-12-21,Japan,regional_spillover,19.9,2
2025-12-22,Japan,internal_violence,24.8,4
2025-12-22,Japan,repression,18.6,3
2025-12-22,Japan,domestic_attack,19.7,2
2025-12-22,Japan,war_activity,13.9,1
2025-12-22,Japan,external_attack,18.0,4
2025-12-22,Japan,regional_spillover,18.4,2
2025-12-23,Japan,internal_violence,20.7,5
2025-12-23,Japan,repression,18.7,4
2025-12-23,Japan,domestic_attack,20.9,3
2025-12-23,Japan,war_activity,14.2,2
2025-12-23,Japan,external_attack,17.7,4
2025-12-23,Japan,regional_spillover,16.9,3
2025-12-24,Japan,internal_violence,24.6,4
2025-12-24,Japan,repression,22.9,5
2025-12-24,Japan,domestic_attack,19.8,3
2025-12-24,Japan,war_activity,14.8,4
2025-12-24,Japan,external_attack,15.0,2
2025-12-24,Japan,regional_spillover,19.6,2
2025-12-25,Japan,internal_violence,25.5,4
2025-12-25,Japan,repression,23.1,3
2025-12-25,Japan,domestic_attack,22.7,4
2025-12-25,Japan,war_activity,16.9,2
2025-12-25,Japan,external_attack,16.7,2
2025-12-25,Japan,regional_spillover,21.6,4
2025-12-26,Japan,internal_violence,22.8,2
2025-12-26,Japan,repression,23.1,3
2025-12-26,Japan,domestic_attack,20.5,3
2025-12-26,Japan,war_activity,17.7,3
2025-12-26,Japan,external_attack,15.0,3
2025-12-26,Japan,regional_spillover,16.4,2
2025-12-27,Japan,internal_violence,21.9,5
2025-12-27,Japan,repression,21.7,5
2025-12-27,Japan,domestic_attack,16.8,3
2025-12-27,Japan,war_activity,16.8,3
2025-12-27,Japan,external_attack,17.9,4
2025-12-27,Japan,regional_spillover,20.2,4
2025-12-28,Japan,internal_violence,22.2,5
2025-12-28,Japan,repression,19.7,2
2025-12-28,Japan,domestic_attack,17.8,3
2025-12-28,Japan,war_activity,16.3,1
2025-12-28,Japan,external_attack,13.9,2
2025-12-28,Japan,regional_spillover,19.2,3
2025-12-29,Japan,internal_violence,21.7,5
2025-12-29,Japan,repression,19.9,2
2025-12-29,Japan,domestic_attack,15.8,4
2025-12-29,Japan,war_activity,12.7,3
2025-12-29,Japan,external_attack,16.5,3
2025-12-29,Japan,regional_spillover,16.0,4
2025-12-30,Japan,internal_violence,22.0,4
2025-12-30,Japan,repression,19.3,4
2025-12-30,Japan,domestic_attack,16.3,2
2025-12-30,Japan,war_activity,13.9,4
2025-12-30,Japan,external_attack,16.5,2
2025-12-30,Japan,regional_spillover,16.7,4
2025-12-31,Japan,internal_violence,26.2,3
2025-12-31,Japan,repression,22.4,3
2025-12-31,Japan,domestic_attack,22.1,2
2025-12-31,Japan,war_activity,15.6,1
2025-12-31,Japan,external_attack,13.3,1
2025-12-31,Japan,regional_spillover,20.7,3
2026-01-01,Japan,internal_violence,24.5,5
2026-01-01,Japan,repression,19.4,2
2026-01-01,Japan,domestic_attack,20.0,3
2026-01-01,Japan,war_activity,15.4,2
2026-01-01,Japan,external_attack,16.1,3
2026-01-01,Japan,regional_spillover,19.2,3
2026-01-02,Japan,internal_violence,22.0,3
2026-01-02,Japan,repression,18.2,4
2026-01-02,Japan,domestic_attack,19.9,2
2026-01-02,Japan,war_activity,18.2,4
2026-01-02,Japan,external_attack,14.7,4
2026-01-02,Japan,regional_spillover,19.5,3
2026-01-03,Japan,internal_violence,23.0,3
2026-01-03,Japan,repression,19.3,3
2026-01-03,Japan,domestic_attack,20.4,4
2026-01-03,Japan,war_activity,14.9,3
2026-01-03,Japan,external_attack,17.0,4
2026-01-03,Japan,regional_spillover,16.0,4
2026-01-04,Japan,internal_violence,22.6,5
2026-01-04,Japan,repression,17.9,3
2026-01-04,Japan,domestic_attack,19.7,2
2026-01-04,Japan,war_activity,16.6,3
2026-01-04,Japan,external_attack,16.3,3
2026-01-04,Japan,regional_spillover,17.3,3
2026-01-05,Japan,internal_violence,23.1,3
2026-01-05,Japan,repression,21.2,3
2026-01-05,Japan,domestic_attack,17.9,4
2026-01-05,Japan,war_activity,13.9,2
2026-01-05,Japan,external_attack,12.8,3
2026-01-05,Japan,regional_spillover,16.4,1
2026-01-06,Japan,internal_violence,20.7,2
2026-01-06,Japan,repression,19.9,4
2026-01-06,Japan,domestic_attack,19.8,2
2026-01-06,Japan,war_activity,13.6,2
2026-01-06,Japan,external_attack,17.2,2
2026-01-06,Japan,regional_spillover,18.7,4
2026-01-07,Japan,internal_violence,25.5,4
2026-01-07,Japan,repression,22.2,5
2026-01-07,Japan,domestic_attack,21.7,3
2026-01-07,Japan,war_activity,17.3,2
2026-01-07,Japan,external_attack,18.3,3
2026-01-07,Japan,regional_spillover,19.9,4
2026-01-08,Japan,internal_violence,25.9,5
2026-01-08,Japan,repression,22.2,4
2026-01-08,Japan,domestic_attack,22.6,2
2026-01-08,Japan,war_activity,17.9,2
2026-01-08,Japan,external_attack,16.2,3
2026-01-08,Japan,regional_spillover,22.0,3
2026-01-09,Japan,internal_violence,22.5,3
2026-01-09,Japan,repression,23.4,5
2026-01-09,Japan,domestic_attack,21.4,2
2026-01-09,Japan,war_activity,18.5,2
2026-01-09,Japan,external_attack,17.9,4
2026-01-09,Japan,regional_spillover,19.0,3
2026-01-10,Japan,internal_violence,21.0,5
2026-01-10,Japan,repression,19.1,3
2026-01-10,Japan,domestic_attack,18.0,2
2026-01-10,Japan,war_activity,17.7,4
2026-01-10,Japan,external_attack,16.9,3
2026-01-10,Japan,regional_spillover,15.7,2
2026-01-11,Japan,internal_violence,19.9,4
2026-01-11,Japan,repression,21.4,3
2026-01-11,Japan,domestic_attack,16.0,3
2026-01-11,Japan,war_activity,13.9,3
2026-01-11,Japan,external_attack,13.5,2
2026-01-11,Japan,regional_spillover,15.7,3
2026-01-12,Japan,internal_violence,21.2,2
2026-01-12,Japan,repression,17.1,3
2026-01-12,Japan,domestic_attack,16.7,4
2026-01-12,Japan,war_activity,14.7,3
2026-01-12,Japan,external_attack,16.1,2
2026-01-12,Japan,regional_spillover,16.2,3
2026-01-13,Japan,internal_violence,25.2,6
2026-01-13,Japan,repression,23.2,4
2026-01-13,Japan,domestic_attack,21.9,2
2026-01-13,Japan,war_activity,13.7,2
2026-01-13,Japan,external_attack,17.6,1
2026-01-13,Japan,regional_spillover,19.3,4
2026-01-14,Japan,internal_violence,25.4,3
2026-01-14,Japan,repression,23.7,5
2026-01-14,Japan,domestic_attack,23.1,3
2026-01-14,Japan,war_activity,15.9,4
2026-01-14,Japan,external_attack,15.6,3
2026-01-14,Japan,regional_spillover,20.5,5
2026-01-15,Japan,internal_violence,27.5,4
2026-01-15,Japan,repression,25.0,4
2026-01-15,Japan,domestic_attack,21.5,3
2026-01-15,Japan,war_activity,15.6,3
2026-01-15,Japan,external_attack,14.5,4
2026-01-15,Japan,regional_spillover,18.3,2
2026-01-16,Japan,internal_violence,26.3,5
2026-01-16,Japan,repression,21.3,3
2026-01-16,Japan,domestic_attack,20.5,5
2026-01-16,Japan,war_activity,15.8,2
2026-01-16,Japan,external_attack,18.6,4
2026-01-16,Japan,regional_spillover,20.9,3
2026-01-17,Japan,internal_violence,26.8,4
2026-01-17,Japan,repression,19.8,3
2026-01-17,Japan,domestic_attack,22.0,5
2026-01-17,Japan,war_activity,14.0,3
2026-01-17,Japan,external_attack,14.3,2
2026-01-17,Japan,regional_spillover,17.6,2
2026-01-18,Japan,internal_violence,22.8,5
2026-01-18,Japan,repression,18.9,3
2026-01-18,Japan,domestic_attack,19.9,4
2026-01-18,Japan,war_activity,18.5,2
2026-01-18,Japan,external_attack,14.0,1
2026-01-18,Japan,regional_spillover,17.0,1
2026-01-19,Japan,internal_violence,23.3,2
2026-01-19,Japan,repression,23.1,4
2026-01-19,Japan,domestic_attack,16.7,3
2026-01-19,Japan,war_activity,17.5,3
2026-01-19,Japan,external_attack,16.0,4
2026-01-19,Japan,regional_spillover,18.4,2
2026-01-20,Japan,internal_violence,27.6,4
2026-01-20,Japan,repression,23.8,3
2026-01-20,Japan,domestic_attack,22.6,3
2026-01-20,Japan,war_activity,18.9,2
2026-01-20,Japan,external_attack,14.8,2
2026-01-20,Japan,regional_spillover,18.1,2
2026-01-21,Japan,internal_violence,29.2,4
2026-01-21,Japan,repression,21.7,3
2026-01-21,Japan,domestic_attack,21.8,3
2026-01-21,Japan,war_activity,16.1,2
2026-01-21,Japan,external_attack,19.4,3
2026-01-21,Japan,regional_spillover,19.6,2
2026-01-22,Japan,internal_violence,30.6,5
2026-01-22,Japan,repression,27.0,5
2026-01-22,Japan,domestic_attack,23.3,4
2026-01-22,Japan,war_activity,20.4,2
2026-01-22,Japan,external_attack,19.1,2
2026-01-22,Japan,regional_spillover,22.6,5
2026-01-23,Japan,internal_violence,28.4,4
2026-01-23,Japan,repression,24.0,2
2026-01-23,Japan,domestic_attack,20.9,3
2026-01-23,Japan,war_activity,15.3,4
2026-01-23,Japan,external_attack,14.6,2
2026-01-23,Japan,regional_spillover,19.0,4
2026-01-24,Japan,internal_violence,26.8,5
2026-01-24,Japan,repression,25.8,4
2026-01-24,Japan,domestic_attack,18.7,2
2026-01-24,Japan,war_activity,14.5,1
2026-01-24,Japan,external_attack,13.9,3
2026-01-24,Japan,regional_spillover,19.6,3
2026-01-25,Japan,internal_violence,26.6,6
2026-01-25,Japan,repression,23.3,5
2026-01-25,Japan,domestic_attack,18.6,2
2026-01-25,Japan,war_activity,17.4,3
2026-01-25,Japan,external_attack,16.5,3
2026-01-25,Japan,regional_spillover,18.6,4
2026-01-26,Japan,internal_violence,25.0,4
2026-01-26,Japan,repression,24.1,3
2026-01-26,Japan,domestic_attack,21.8,4
2026-01-26,Japan,war_activity,19.6,5
2026-01-26,Japan,external_attack,15.2,2
2026-01-26,Japan,regional_spillover,20.3,5
2026-01-27,Japan,internal_violence,27.8,3
2026-01-27,Japan,repression,23.4,5
2026-01-27,Japan,domestic_attack,23.4,3
2026-01-27,Japan,war_activity,15.2,3
2026-01-27,Japan,external_attack,19.1,4
2026-01-27,Japan,regional_spillover,21.6,4
2026-01-28,Japan,internal_violence,31.8,5
2026-01-28,Japan,repression,26.5,5
2026-01-28,Japan,domestic_attack,24.6,4
2026-01-28,Japan,war_activity,16.5,4
2026-01-28,Japan,external_attack,19.1,3
2026-01-28,Japan,regional_spillover,21.1,4
2026-01-29,Japan,internal_violence,29.8,6
2026-01-29,Japan,repression,24.9,4
2026-01-29,Japan,domestic_attack,23.9,5
2026-01-29,Japan,war_activity,19.6,4
2026-01-29,Japan,external_attack,20.5,2
2026-01-29,Japan,regional_spillover,20.6,4
2026-01-30,Japan,internal_violence,30.4,4
2026-01-30,Japan,repression,28.1,6
2026-01-30,Japan,domestic_attack,25.6,4
2026-01-30,Japan,war_activity,17.0,3
2026-01-30,Japan,external_attack,18.2,4
2026-01-30,Japan,regional_spillover,24.1,5
2026-01-31,Japan,internal_violence,30.2,6
2026-01-31,Japan,repression,22.7,4
2026-01-31,Japan,domestic_attack,22.4,4
2026-01-31,Japan,war_activity,17.7,4
2026-01-31,Japan,external_attack,17.2,2
2026-01-31,Japan,regional_spillover,20.3,4
2026-02-01,Japan,internal_violence,27.7,5
2026-02-01,Japan,repression,21.1,3
2026-02-01,Japan,domestic_attack,24.2,3
2026-02-01,Japan,war_activity,16.4,4
2026-02-01,Japan,external_attack,15.2,3
2026-02-01,Japan,regional_spillover,22.7,3
2026-02-02,Japan,internal_violence,25.3,5
2026-02-02,Japan,repression,27.0,3
2026-02-02,Japan,domestic_attack,23.8,5
2026-02-02,Japan,war_activity,18.1,2
2026-02-02,Japan,external_attack,14.5,4
2026-02-02,Japan,regional_spillover,21.6,4
2026-02-03,Japan,internal_violence,29.9,6
2026-02-03,Japan,repression,28.2,4
2026-02-03,Japan,domestic_attack,22.7,3
2026-02-03,Japan,war_activity,19.4,4
2026-02-03,Japan,external_attack,20.2,2
2026-02-03,Japan,regional_spillover,24.3,3
2026-02-04,Japan,internal_violence,31.4,4
2026-02-04,Japan,repression,26.5,5
2026-02-04,Japan,domestic_attack,26.9,4
2026-02-04,Japan,war_activity,20.5,2
2026-02-04,Japan,external_attack,20.0,4
2026-02-04,Japan,regional_spillover,24.7,4
2026-02-05,Japan,internal_violence,32.5,5
2026-02-05,Japan,repression,28.2,4
2026-02-05,Japan,domestic_attack,27.0,4
2026-02-05,Japan,war_activity,16.4,2
2026-02-05,Japan,external_attack,16.2,3
2026-02-05,Japan,regional_spillover,23.4,3
2026-02-06,Japan,internal_violence,27.9,6
2026-02-06,Japan,repression,25.6,4
2026-02-06,Japan,domestic_attack,26.0,5
2026-02-06,Japan,war_activity,17.5,2
2026-02-06,Japan,external_attack,16.8,3
2026-02-06,Japan,regional_spillover,23.5,5
2026-02-07,Japan,internal_violence,28.4,6
2026-02-07,Japan,repression,23.9,3
2026-02-07,Japan,domestic_attack,23.9,3
2026-02-07,Japan,war_activity,16.1,3
2026-02-07,Japan,external_attack,19.9,5
2026-02-07,Japan,regional_spillover,22.2,2
2026-02-08,Japan,internal_violence,30.5,5
2026-02-08,Japan,repression,23.1,4
2026-02-08,Japan,domestic_attack,24.7,3
2026-02-08,Japan,war_activity,15.1,3
2026-02-08,Japan,external_attack,16.4,4
2026-02-08,Japan,regional_spillover,18.5,2
2026-02-09,Japan,internal_violence,26.4,6
2026-02-09,Japan,repression,24.6,4
2026-02-09,Japan,domestic_attack,22.7,5
2026-02-09,Japan,war_activity,19.4,2
2026-02-09,Japan,external_attack,20.2,4
2026-02-09,Japan,regional_spillover,21.9,3
2026-02-10,Japan,internal_violence,28.1,3
2026-02-10,Japan,repression,28.6,5
2026-02-10,Japan,domestic_attack,24.7,4
2026-02-10,Japan,war_activity,19.8,4
2026-02-10,Japan,external_attack,18.9,2
2026-02-10,Japan,regional_spillover,21.5,4
2026-02-11,Japan,internal_violence,30.7,6
2026-02-11,Japan,repression,29.1,5
2026-02-11,Japan,domestic_attack,25.7,5
2026-02-11,Japan,war_activity,16.1,1
2026-02-11,Japan,external_attack,18.3,3
2026-02-11,Japan,regional_spillover,22.2,4
2026-02-12,Japan,internal_violence,31.6,5
2026-02-12,Japan,repression,31.0,4
2026-02-12,Japan,domestic_attack,26.4,6
2026-02-12,Japan,war_activity,19.0,2
2026-02-12,Japan,external_attack,20.3,3
2026-02-12,Japan,regional_spillover,22.7,4
2026-02-13,Japan,internal_violence,33.5,6
2026-02-13,Japan,repression,27.5,4
2026-02-13,Japan,domestic_attack,26.8,4
2026-02-13,Japan,war_activity,17.2,4
2026-02-13,Japan,external_attack,19.7,4
2026-02-13,Japan,regional_spillover,24.0,3
2026-02-14,Japan,internal_violence,27.2,6
2026-02-14,Japan,repression,24.0,5
2026-02-14,Japan,domestic_attack,23.0,3
2026-02-14,Japan,war_activity,19.8,5
2026-02-14,Japan,external_attack,17.9,4
2026-02-14,Japan,regional_spillover,20.7,2
2026-02-15,Japan,internal_violence,30.4,4
2026-02-15,Japan,repression,24.0,3
2026-02-15,Japan,domestic_attack,22.5,4
2026-02-15,Japan,war_activity,17.9,3
2026-02-15,Japan,external_attack,15.6,3
2026-02-15,Japan,regional_spillover,21.0,4
2026-02-16,Japan,internal_violence,30.2,6
2026-02-16,Japan,repression,27.5,5
2026-02-16,Japan,domestic_attack,21.6,3
2026-02-16,Japan,war_activity,17.4,2
2026-02-16,Japan,external_attack,19.5,4
2026-02-16,Japan,regional_spillover,21.2,2
2026-02-17,Japan,internal_violence,32.3,4
2026-02-17,Japan,repression,27.9,5
2026-02-17,Japan,domestic_attack,23.1,3
2026-02-17,Japan,war_activity,20.2,2
2026-02-17,Japan,external_attack,19.9,4
2026-02-17,Japan,regional_spillover,20.8,3
2026-02-18,Japan,internal_violence,31.6,6
2026-02-18,Japan,repression,30.3,5
2026-02-18,Japan,domestic_attack,25.7,4
2026-02-18,Japan,war_activity,21.3,3
2026-02-18,Japan,external_attack,19.3,3
2026-02-18,Japan,regional_spillover,22.8,5
2026-02-19,Japan,internal_violence,31.5,7
2026-02-19,Japan,repression,27.9,4
2026-02-19,Japan,domestic_attack,26.0,5
2026-02-19,Japan,war_activity,19.7,2
2026-02-19,Japan,external_attack,20.4,2
2026-02-19,Japan,regional_spillover,21.1,5
2026-02-20,Japan,internal_violence,29.5,4
2026-02-20,Japan,repression,26.7,4
2026-02-20,Japan,domestic_attack,27.4,6
2026-02-20,Japan,war_activity,16.3,4
2026-02-20,Japan,external_attack,15.9,1
2026-02-20,Japan,regional_spillover,23.4,3
2026-02-21,Japan,internal_violence,26.9,6
2026-02-21,Japan,repression,27.3,6
2026-02-21,Japan,domestic_attack,25.9,5
2026-02-21,Japan,war_activity,15.5,4
2026-02-21,Japan,external_attack,15.8,1
2026-02-21,Japan,regional_spillover,19.9,5
2026-02-22,Japan,internal_violence,27.1,4
2026-02-22,Japan,repression,27.3,3
2026-02-22,Japan,domestic_attack,21.9,2
2026-02-22,Japan,war_activity,18.9,3
2026-02-22,Japan,external_attack,15.4,3
2026-02-22,Japan,regional_spillover,20.9,5
2026-02-23,Japan,internal_violence,27.0,6
2026-02-23,Japan,repression,27.4,4
2026-02-23,Japan,domestic_attack,20.7,2
2026-02-23,Japan,war_activity,16.2,3
2026-02-23,Japan,external_attack,17.8,4
2026-02-23,Japan,regional_spillover,20.8,2
2026-02-24,Japan,internal_violence,31.5,7
2026-02-24,Japan,repression,23.7,2
2026-02-24,Japan,domestic_attack,22.4,5
2026-02-24,Japan,war_activity,18.1,4
2026-02-24,Japan,external_attack,15.0,3
2026-02-24,Japan,regional_spillover,22.1,3
2026-02-25,Japan,internal_violence,28.5,4
2026-02-25,Japan,repression,28.9,4
2026-02-25,Japan,domestic_attack,26.6,5
2026-02-25,Japan,war_activity,18.1,4
2026-02-25,Japan,external_attack,18.2,4
2026-02-25,Japan,regional_spillover,23.5,3
2026-02-26,Japan,internal_violence,31.6,4
2026-02-26,Japan,repression,29.6,4
2026-02-26,Japan,domestic_attack,22.5,2
2026-02-26,Japan,war_activity,18.3,2
2026-02-26,Japan,external_attack,18.8,4
2026-02-26,Japan,regional_spillover,21.4,2
2026-02-27,Japan,internal_violence,29.8,6
2026-02-27,Japan,repression,26.0,4
2026-02-27,Japan,domestic_attack,22.3,5
2026-02-27,Japan,war_activity,20.1,5
2026-02-27,Japan,external_attack,19.9,4
2026-02-27,Japan,regional_spillover,19.6,2
2026-02-28,Japan,internal_violence,30.4,5
2026-02-28,Japan,repression,22.9,5
2026-02-28,Japan,domestic_attack,20.6,4
2026-02-28,Japan,war_activity,17.8,2
2026-02-28,Japan,external_attack,19.3,4
2026-02-28,Japan,regional_spillover,19.5,4
2026-03-01,Japan,internal_violence,25.0,5
2026-03-01,Japan,repression,24.4,3
2026-03-01,Japan,domestic_attack,23.7,5
2026-03-01,Japan,war_activity,16.1,4
2026-03-01,Japan,external_attack,17.6,4
2026-03-01,Japan,regional_spillover,18.8,2
2026-03-02,Japan,internal_violence,27.5,4
2026-03-02,Japan,repression,25.2,5
2026-03-02,Japan,domestic_attack,21.8,3
2026-03-02,Japan,war_activity,18.5,4
2026-03-02,Japan,external_attack,15.3,3
2026-03-02,Japan,regional_spillover,22.2,2
2026-03-03,Japan,internal_violence,30.9,4
2026-03-03,Japan,repression,23.7,4
2026-03-03,Japan,domestic_attack,20.7,5
2026-03-03,Japan,war_activity,16.3,4
2026-03-03,Japan,external_attack,16.0,4
2026-03-03,Japan,regional_spillover,23.2,4
2026-03-04,Japan,internal_violence,29.6,4
2026-03-04,Japan,repression,26.7,5
2026-03-04,Japan,domestic_attack,22.9,5
2026-03-04,Japan,war_activity,18.1,3
2026-03-04,Japan,external_attack,15.7,1
2026-03-04,Japan,regional_spillover,24.5,3
2026-03-05,Japan,internal_violence,32.1,4
2026-03-05,Japan,repression,27.9,5
2026-03-05,Japan,domestic_attack,25.7,4
2026-03-05,Japan,war_activity,16.8,3
2026-03-05,Japan,external_attack,18.8,3
2026-03-05,Japan,regional_spillover,20.3,4
2026-03-06,Japan,internal_violence,30.7,7
2026-03-06,Japan,repression,23.1,3
2026-03-06,Japan,domestic_attack,20.8,2
2026-03-06,Japan,war_activity,16.2,2
2026-03-06,Japan,external_attack,19.2,2
2026-03-06,Japan,regional_spillover,21.2,3
2026-03-07,Japan,internal_violence,29.2,5
2026-03-07,Japan,repression,22.3,3
2026-03-07,Japan,domestic_attack,18.5,4
2026-03-07,Japan,war_activity,18.1,4
2026-03-07,Japan,external_attack,18.1,4
2026-03-07,Japan,regional_spillover,19.4,3
2026-03-08,Japan,internal_violence,24.6,5
2026-03-08,Japan,repression,19.7,5
2026-03-08,Japan,domestic_attack,20.1,3
2026-03-08,Japan,war_activity,14.1,2
2026-03-08,Japan,external_attack,14.2,1
2026-03-08,Japan,regional_spillover,17.8,2
2026-03-09,Japan,internal_violence,23.8,4
2026-03-09,Japan,repression,19.8,4
2026-03-09,Japan,domestic_attack,19.7,3
2026-03-09,Japan,war_activity,14.9,3
2026-03-09,Japan,external_attack,18.5,2
2026-03-09,Japan,regional_spillover,18.2,4
2026-03-10,Japan,internal_violence,28.2,6
2026-03-10,Japan,repression,23.8,4
2026-03-10,Japan,domestic_attack,22.7,3
2026-03-10,Japan,war_activity,16.0,4
2026-03-10,Japan,external_attack,16.0,1
2026-03-10,Japan,regional_spillover,22.8,2
2026-03-11,Japan,internal_violence,30.6,4
2026-03-11,Japan,repression,25.8,3
2026-03-11,Japan,domestic_attack,24.5,5
2026-03-11,Japan,war_activity,18.7,3
2026-03-11,Japan,external_attack,14.7,3
2026-03-11,Japan,regional_spillover,19.9,2
2026-03-12,Japan,internal_violence,29.3,5
2026-03-12,Japan,repression,24.1,5
2026-03-12,Japan,domestic_attack,24.1,3
2026-03-12,Japan,war_activity,17.6,2
2026-03-12,Japan,external_attack,17.9,4
2026-03-12,Japan,regional_spillover,21.7,3
2026-03-13,Japan,internal_violence,26.2,4
2026-03-13,Japan,repression,23.3,3
2026-03-13,Japan,domestic_attack,20.0,2
2026-03-13,Japan,war_activity,15.0,3
2026-03-13,Japan,external_attack,17.7,3
2026-03-13,Japan,regional_spillover,20.2,3
2026-03-14,Japan,internal_violence,25.4,3
2026-03-14,Japan,repression,19.7,4
2026-03-14,Japan,domestic_attack,19.9,3
2026-03-14,Japan,war_activity,15.9,1
2026-03-14,Japan,external_attack,18.1,3
2026-03-14,Japan,regional_spillover,22.1,5
2026-03-15,Japan,internal_violence,26.2,5
2026-03-15,Japan,repression,23.4,3
2026-03-15,Japan,domestic_attack,16.8,3
2026-03-15,Japan,war_activity,15.4,3
2026-03-15,Japan,external_attack,15.0,4
2026-03-15,Japan,regional_spillover,20.1,4
2026-03-16,Japan,internal_violence,23.3,4
2026-03-16,Japan,repression,18.9,4
2026-03-16,Japan,domestic_attack,18.8,3
2026-03-16,Japan,war_activity,17.8,3
2026-03-16,Japan,external_attack,15.6,2
2026-03-16,Japan,regional_spillover,18.6,2
2026-03-17,Japan,internal_violence,24.1,5
2026-03-17,Japan,repression,23.8,3
2026-03-17,Japan,domestic_attack,19.6,4
2026-03-17,Japan,war_activity,17.1,2
2026-03-17,Japan,external_attack,17.3,3
2026-03-17,Japan,regional_spillover,21.4,2
2026-03-18,Japan,internal_violence,24.0,5
2026-03-18,Japan,repression,25.2,5
2026-03-18,Japan,domestic_attack,19.7,4
2026-03-18,Japan,war_activity,14.8,2
2026-03-18,Japan,external_attack,18.7,2
2026-03-18,Japan,regional_spillover,22.3,3
2026-03-19,Japan,internal_violence,27.6,4
2026-03-19,Japan,repression,21.7,5
2026-03-19,Japan,domestic_attack,22.3,4
2026-03-19,Japan,war_activity,18.0,2
2026-03-19,Japan,external_attack,16.7,4
2026-03-19,Japan,regional_spillover,18.0,3
2026-03-20,Japan,internal_violence,23.3,3
2026-03-20,Japan,repression,24.5,3
2026-03-20,Japan,domestic_attack,22.1,3
2026-03-20,Japan,war_activity,18.3,4
2026-03-20,Japan,external_attack,14.6,1
2026-03-20,Japan,regional_spillover,20.2,3
2026-03-21,Japan,internal_violence,24.4,3
2026-03-21,Japan,repression,18.5,4
2026-03-21,Japan,domestic_attack,20.1,2
2026-03-21,Japan,war_activity,15.6,2
2026-03-21,Japan,external_attack,13.4,3
2026-03-21,Japan,regional_spillover,16.6,4
2026-03-22,Japan,internal_violence,24.7,3
2026-03-22,Japan,repression,21.3,4
2026-03-22,Japan,domestic_attack,17.4,4
2026-03-22,Japan,war_activity,17.9,3
2026-03-22,Japan,external_attack,14.0,2
2026-03-22,Japan,regional_spillover,19.3,3
2026-03-23,Japan,internal_violence,20.6,4
2026-03-23,Japan,repression,21.4,3
2026-03-23,Japan,domestic_attack,16.5,3
2026-03-23,Japan,war_activity,17.8,4
2026-03-23,Japan,external_attack,13.4,1
2026-03-23,Japan,regional_spillover,18.2,4
2026-03-24,Japan,internal_violence,21.9,3
2026-03-24,Japan,repression,20.0,4
2026-03-24,Japan,domestic_attack,19.6,3
2026-03-24,Japan,war_activity,15.8,1
2026-03-24,Japan,external_attack,14.4,2
2026-03-24,Japan,regional_spillover,16.2,2
2026-03-25,Japan,internal_violence,27.6,4
2026-03-25,Japan,repression,22.8,5
2026-03-25,Japan,domestic_attack,21.7,3
2026-03-25,Japan,war_activity,15.7,3
2026-03-25,Japan,external_attack,16.2,3
2026-03-25,Japan,regional_spillover,20.9,4
2026-03-26,Japan,internal_violence,23.2,5
2026-03-26,Japan,repression,23.6,3
2026-03-26,Japan,domestic_attack,18.8,4
2026-03-26,Japan,war_activity,14.2,3
2026-03-26,Japan,external_attack,13.7,3
2026-03-26,Japan,regional_spillover,18.4,2
2026-03-27,Japan,internal_violence,22.9,5
2026-03-27,Japan,repression,20.0,2
2026-03-27,Japan,domestic_attack,18.6,3
2026-03-27,Japan,war_activity,14.4,1
2026-03-27,Japan,external_attack,16.7,3
2026-03-27,Japan,regional_spillover,20.0,2
2026-03-28,Japan,internal_violence,22.7,4
2026-03-28,Japan,repression,16.9,2
2026-03-28,Japan,domestic_attack,16.4,4
2026-03-28,Japan,war_activity,13.8,3
2026-03-28,Japan,external_attack,14.0,1
2026-03-28,Japan,regional_spillover,18.5,2
2026-03-29,Japan,internal_violence,23.9,4
2026-03-29,Japan,repression,16.5,1
2026-03-29,Japan,domestic_attack,17.7,1
2026-03-29,Japan,war_activity,17.5,3
2026-03-29,Japan,external_attack,14.5,2
2026-03-29,Japan,regional_spillover,14.6,3
2026-03-30,Japan,internal_violence,19.2,4
2026-03-30,Japan,repression,20.2,5
2026-03-30,Japan,domestic_attack,17.7,4
2026-03-30,Japan,war_activity,17.4,3
2026-03-30,Japan,external_attack,14.6,3
2026-03-30,Japan,regional_spillover,16.0,4
2026-03-31,Japan,internal_violence,22.1,5
2026-03-31,Japan,repression,21.9,3
2026-03-31,Japan,domestic_attack,20.4,4
2026-03-31,Japan,war_activity,18.2,3
2026-03-31,Japan,external_attack,15.8,2
2026-03-31,Japan,regional_spillover,19.6,3
2026-04-01,Japan,internal_violence,24.2,5
2026-04-01,Japan,repression,19.4,3
2026-04-01,Japan,domestic_attack,19.8,4
2026-04-01,Japan,war_activity,17.3,4
2026-04-01,Japan,external_attack,16.3,2
2026-04-01,Japan,regional_spillover,18.7,4
2026-04-02,Japan,internal_violence,22.6,3
2026-04-02,Japan,repression,22.1,4
2026-04-02,Japan,domestic_attack,20.9,4
2026-04-02,Japan,war_activity,18.0,2
2026-04-02,Japan,external_attack,18.4,2
2026-04-02,Japan,regional_spillover,17.8,4
2026-04-03,Japan,internal_violence,26.4,3
2026-04-03,Japan,repression,19.0,4
2026-04-03,Japan,domestic_attack,21.2,3
2026-04-03,Japan,war_activity,13.6,1
2026-04-03,Japan,external_attack,13.9,2
2026-04-03,Japan,regional_spillover,20.8,3
2026-04-04,Japan,internal_violence,22.2,4
2026-04-04,Japan,repression,19.7,3
2026-04-04,Japan,domestic_attack,16.7,1
2026-04-04,Japan,war_activity,15.9,3
2026-04-04,Japan,external_attack,15.8,1
2026-04-04,Japan,regional_spillover,16.5,3
2026-04-05,Japan,internal_violence,21.3,3
2026-04-05,Japan,repression,19.0,4
2026-04-05,Japan,domestic_attack,16.3,3
2026-04-05,Japan,war_activity,16.1,2
2026-04-05,Japan,external_attack,15.8,2
2026-04-05,Japan,regional_spillover,16.2,4
2026-04-06,Japan,internal_violence,19.6,4
2026-04-06,Japan,repression,20.0,4
2026-04-06,Japan,domestic_attack,19.7,2
2026-04-06,Japan,war_activity,13.7,3
2026-04-06,Japan,external_attack,15.8,2
2026-04-06,Japan,regional_spillover,19.0,4
2026-04-07,Japan,internal_violence,25.4,5
2026-04-07,Japan,repression,20.6,4
2026-04-07,Japan,domestic_attack,20.0,3
2026-04-07,Japan,war_activity,13.3,2
2026-04-07,Japan,external_attack,16.6,1
2026-04-07,Japan,regional_spillover,15.6,2
2026-04-08,Japan,internal_violence,24.2,5
2026-04-08,Japan,repression,22.0,2
2026-04-08,Japan,domestic_attack,21.4,5
2026-04-08,Japan,war_activity,15.7,3
2026-04-08,Japan,external_attack,15.3,2
2026-04-08,Japan,regional_spillover,18.6,4
2026-04-09,Japan,internal_violence,24.1,3
2026-04-09,Japan,repression,24.7,4
2026-04-09,Japan,domestic_attack,17.4,3
2026-04-09,Japan,war_activity,16.7,2
2026-04-09,Japan,external_attack,16.1,1
2026-04-09,Japan,regional_spillover,16.8,3
2026-04-10,Japan,internal_violence,24.3,4
2026-04-10,Japan,repression,18.8,2
2026-04-10,Japan,domestic_attack,17.6,3
2026-04-10,Japan,war_activity,16.6,3
2026-04-10,Japan,external_attack,17.1,4
2026-04-10,Japan,regional_spillover,21.4,3
2026-04-11,Japan,internal_violence,22.5,3
2026-04-11,Japan,repression,22.3,5
2026-04-11,Japan,domestic_attack,20.4,2
2026-04-11,Japan,war_activity,17.7,2
2026-04-11,Japan,external_attack,16.4,2
2026-04-11,Japan,regional_spillover,18.2,4
2026-04-12,Japan,internal_violence,20.9,5
2026-04-12,Japan,repression,18.4,4
2026-04-12,Japan,domestic_attack,18.9,2
2026-04-12,Japan,war_activity,13.4,3
2026-04-12,Japan,external_attack,16.6,3
2026-04-12,Japan,regional_spillover,15.6,2
2025-04-22,China,internal_violence,52.6,10
2025-04-22,China,repression,49.0,8
2025-04-22,China,domestic_attack,40.9,8
2025-04-22,China,war_activity,60.5,11
2025-04-22,China,external_attack,58.4,10
2025-04-22,China,regional_spillover,55.5,11
2025-04-23,China,internal_violence,55.8,9
2025-04-23,China,repression,45.8,8
2025-04-23,China,domestic_attack,43.1,7
2025-04-23,China,war_activity,61.2,10
2025-04-23,China,external_attack,60.7,10
2025-04-23,China,regional_spillover,58.9,11
2025-04-24,China,internal_violence,56.4,8
2025-04-24,China,repression,47.5,7
2025-04-24,China,domestic_attack,45.5,7
2025-04-24,China,war_activity,61.1,10
2025-04-24,China,external_attack,57.5,9
2025-04-24,China,regional_spillover,56.9,9
2025-04-25,China,internal_violence,54.3,10
2025-04-25,China,repression,45.2,8
2025-04-25,China,domestic_attack,45.5,6
2025-04-25,China,war_activity,57.3,9
2025-04-25,China,external_attack,59.3,9
2025-04-25,China,regional_spillover,61.2,9
2025-04-26,China,internal_violence,51.5,10
2025-04-26,China,repression,43.8,7
2025-04-26,China,domestic_attack,43.8,6
2025-04-26,China,war_activity,57.8,9
2025-04-26,China,external_attack,59.8,11
2025-04-26,China,regional_spillover,56.6,9
2025-04-27,China,internal_violence,49.8,8
2025-04-27,China,repression,43.9,9
2025-04-27,China,domestic_attack,41.9,7
2025-04-27,China,war_activity,56.5,9
2025-04-27,China,external_attack,57.5,10
2025-04-27,China,regional_spillover,56.4,9
2025-04-28,China,internal_violence,55.1,9
2025-04-28,China,repression,48.6,8
2025-04-28,China,domestic_attack,40.5,5
2025-04-28,China,war_activity,57.9,9
2025-04-28,China,external_attack,58.7,11
2025-04-28,China,regional_spillover,56.6,9
2025-04-29,China,internal_violence,52.5,8
2025-04-29,China,repression,47.8,7
2025-04-29,China,domestic_attack,45.1,8
2025-04-29,China,war_activity,59.2,12
2025-04-29,China,external_attack,62.3,9
2025-04-29,China,regional_spillover,61.2,12
2025-04-30,China,internal_violence,56.0,9
2025-04-30,China,repression,47.9,9
2025-04-30,China,domestic_attack,43.3,6
2025-04-30,China,war_activity,60.7,10
2025-04-30,China,external_attack,59.6,11
2025-04-30,China,regional_spillover,58.5,10
2025-05-01,China,internal_violence,57.9,9
2025-05-01,China,repression,47.5,7
2025-05-01,China,domestic_attack,45.5,9
2025-05-01,China,war_activity,62.7,10
2025-05-01,China,external_attack,58.0,11
2025-05-01,China,regional_spillover,60.3,11
2025-05-02,China,internal_violence,55.8,8
2025-05-02,China,repression,48.2,7
2025-05-02,China,domestic_attack,44.5,9
2025-05-02,China,war_activity,58.6,10
2025-05-02,China,external_attack,61.4,10
2025-05-02,China,regional_spillover,59.2,10
2025-05-03,China,internal_violence,53.9,10
2025-05-03,China,repression,46.2,7
2025-05-03,China,domestic_attack,44.1,7
2025-05-03,China,war_activity,58.0,9
2025-05-03,China,external_attack,57.2,11
2025-05-03,China,regional_spillover,56.7,10
2025-05-04,China,internal_violence,50.8,9
2025-05-04,China,repression,46.8,7
2025-05-04,China,domestic_attack,43.1,6
2025-05-04,China,war_activity,61.8,11
2025-05-04,China,external_attack,57.4,11
2025-05-04,China,regional_spillover,56.9,10
2025-05-05,China,internal_violence,53.5,9
2025-05-05,China,repression,47.5,7
2025-05-05,China,domestic_attack,44.6,6
2025-05-05,China,war_activity,57.2,11
2025-05-05,China,external_attack,61.6,9
2025-05-05,China,regional_spillover,59.0,9
2025-05-06,China,internal_violence,55.2,9
2025-05-06,China,repression,48.5,7
2025-05-06,China,domestic_attack,45.7,7
2025-05-06,China,war_activity,61.7,11
2025-05-06,China,external_attack,61.1,11
2025-05-06,China,regional_spillover,58.8,10
2025-05-07,China,internal_violence,55.3,9
2025-05-07,China,repression,49.6,9
2025-05-07,China,domestic_attack,44.3,8
2025-05-07,China,war_activity,59.7,11
2025-05-07,China,external_attack,60.6,11
2025-05-07,China,regional_spillover,62.5,10
2025-05-08,China,internal_violence,54.7,11
2025-05-08,China,repression,50.9,8
2025-05-08,China,domestic_attack,46.8,7
2025-05-08,China,war_activity,61.3,11
2025-05-08,China,external_attack,61.5,10
2025-05-08,China,regional_spillover,61.8,9
2025-05-09,China,internal_violence,57.6,10
2025-05-09,China,repression,51.7,10
2025-05-09,China,domestic_attack,44.6,8
2025-05-09,China,war_activity,61.6,10
2025-05-09,China,external_attack,57.9,11
2025-05-09,China,regional_spillover,61.2,10
2025-05-10,China,internal_violence,57.5,10
2025-05-10,China,repression,47.6,7
2025-05-10,China,domestic_attack,41.5,6
2025-05-10,China,war_activity,57.7,9
2025-05-10,China,external_attack,59.7,10
2025-05-10,China,regional_spillover,57.7,10
2025-05-11,China,internal_violence,55.7,11
2025-05-11,China,repression,46.3,7
2025-05-11,China,domestic_attack,41.4,6
2025-05-11,China,war_activity,59.6,9
2025-05-11,China,external_attack,58.2,8
2025-05-11,China,regional_spillover,56.8,11
2025-05-12,China,internal_violence,53.4,9
2025-05-12,China,repression,46.0,8
2025-05-12,China,domestic_attack,42.9,6
2025-05-12,China,war_activity,58.8,11
2025-05-12,China,external_attack,62.3,9
2025-05-12,China,regional_spillover,59.1,12
2025-05-13,China,internal_violence,53.3,9
2025-05-13,China,repression,48.7,9
2025-05-13,China,domestic_attack,44.8,9
2025-05-13,China,war_activity,61.4,11
2025-05-13,China,external_attack,62.3,12
2025-05-13,China,regional_spillover,57.7,9
2025-05-14,China,internal_violence,60.1,11
2025-05-14,China,repression,50.0,8
2025-05-14,China,domestic_attack,48.1,9
2025-05-14,China,war_activity,62.2,10
2025-05-14,China,external_attack,61.2,10
2025-05-14,China,regional_spillover,61.1,10
2025-05-15,China,internal_violence,58.7,8
2025-05-15,China,repression,49.0,8
2025-05-15,China,domestic_attack,49.0,9
2025-05-15,China,war_activity,61.4,11
2025-05-15,China,external_attack,60.5,11
2025-05-15,China,regional_spillover,63.4,11
2025-05-16,China,internal_violence,55.6,10
2025-05-16,China,repression,51.2,8
2025-05-16,China,domestic_attack,47.1,7
2025-05-16,China,war_activity,59.9,11
2025-05-16,China,external_attack,58.3,11
2025-05-16,China,regional_spillover,58.7,10
2025-05-17,China,internal_violence,56.9,10
2025-05-17,China,repression,49.3,9
2025-05-17,China,domestic_attack,44.4,7
2025-05-17,China,war_activity,60.8,10
2025-05-17,China,external_attack,57.5,9
2025-05-17,China,regional_spillover,59.0,11
2025-05-18,China,internal_violence,51.6,9
2025-05-18,China,repression,48.7,8
2025-05-18,China,domestic_attack,42.9,7
2025-05-18,China,war_activity,60.1,9
2025-05-18,China,external_attack,62.0,11
2025-05-18,China,regional_spillover,59.7,11
2025-05-19,China,internal_violence,52.4,9
2025-05-19,China,repression,50.8,7
2025-05-19,China,domestic_attack,42.6,7
2025-05-19,China,war_activity,59.4,10
2025-05-19,China,external_attack,57.3,10
2025-05-19,China,regional_spillover,57.4,10
2025-05-20,China,internal_violence,54.2,10
2025-05-20,China,repression,47.2,9
2025-05-20,China,domestic_attack,47.1,9
2025-05-20,China,war_activity,57.6,9
2025-05-20,China,external_attack,60.0,10
2025-05-20,China,regional_spillover,60.0,10
2025-05-21,China,internal_violence,57.0,10
2025-05-21,China,repression,52.0,8
2025-05-21,China,domestic_attack,48.2,8
2025-05-21,China,war_activity,59.1,10
2025-05-21,China,external_attack,59.3,10
2025-05-21,China,regional_spillover,59.3,10
2025-05-22,China,internal_violence,59.1,10
2025-05-22,China,repression,50.4,10
2025-05-22,China,domestic_attack,48.7,8
2025-05-22,China,war_activity,60.4,11
2025-05-22,China,external_attack,61.3,11
2025-05-22,China,regional_spillover,60.8,11
2025-05-23,China,internal_violence,57.5,11
2025-05-23,China,repression,49.4,10
2025-05-23,China,domestic_attack,44.2,6
2025-05-23,China,war_activity,58.9,9
2025-05-23,China,external_attack,61.4,10
2025-05-23,China,regional_spillover,59.7,12
2025-05-24,China,internal_violence,56.4,9
2025-05-24,China,repression,47.2,8
2025-05-24,China,domestic_attack,43.1,7
2025-05-24,China,war_activity,62.4,12
2025-05-24,China,external_attack,58.9,9
2025-05-24,China,regional_spillover,60.8,9
2025-05-25,China,internal_violence,52.1,8
2025-05-25,China,repression,44.7,8
2025-05-25,China,domestic_attack,40.7,6
2025-05-25,China,war_activity,61.7,12
2025-05-25,China,external_attack,59.5,10
2025-05-25,China,regional_spillover,59.8,9
2025-05-26,China,internal_violence,52.3,8
2025-05-26,China,repression,45.0,8
2025-05-26,China,domestic_attack,40.7,8
2025-05-26,China,war_activity,59.7,9
2025-05-26,China,external_attack,59.6,11
2025-05-26,China,regional_spillover,60.5,11
2025-05-27,China,internal_violence,55.8,10
2025-05-27,China,repression,48.6,7
2025-05-27,China,domestic_attack,43.4,8
2025-05-27,China,war_activity,62.7,11
2025-05-27,China,external_attack,61.9,9
2025-05-27,China,regional_spillover,58.6,10
2025-05-28,China,internal_violence,55.0,10
2025-05-28,China,repression,50.6,8
2025-05-28,China,domestic_attack,44.5,8
2025-05-28,China,war_activity,58.9,10
2025-05-28,China,external_attack,62.1,9
2025-05-28,China,regional_spillover,57.4,11
2025-05-29,China,internal_violence,55.1,9
2025-05-29,China,repression,52.1,8
2025-05-29,China,domestic_attack,43.5,7
2025-05-29,China,war_activity,58.2,11
2025-05-29,China,external_attack,58.6,10
2025-05-29,China,regional_spillover,60.8,10
2025-05-30,China,internal_violence,57.0,10
2025-05-30,China,repression,51.0,10
2025-05-30,China,domestic_attack,45.7,8
2025-05-30,China,war_activity,59.2,10
2025-05-30,China,external_attack,59.5,9
2025-05-30,China,regional_spillover,57.6,10
2025-05-31,China,internal_violence,54.1,10
2025-05-31,China,repression,49.7,8
2025-05-31,China,domestic_attack,40.3,8
2025-05-31,China,war_activity,58.2,11
2025-05-31,China,external_attack,60.6,10
2025-05-31,China,regional_spillover,59.9,11
2025-06-01,China,internal_violence,51.1,10
2025-06-01,China,repression,45.0,8
2025-06-01,China,domestic_attack,42.9,7
2025-06-01,China,war_activity,59.7,12
2025-06-01,China,external_attack,61.2,9
2025-06-01,China,regional_spillover,56.6,10
2025-06-02,China,internal_violence,52.9,10
2025-06-02,China,repression,45.4,9
2025-06-02,China,domestic_attack,39.4,8
2025-06-02,China,war_activity,56.4,10
2025-06-02,China,external_attack,58.6,11
2025-06-02,China,regional_spillover,55.5,9
2025-06-03,China,internal_violence,52.5,8
2025-06-03,China,repression,49.9,10
2025-06-03,China,domestic_attack,41.6,6
2025-06-03,China,war_activity,60.5,10
2025-06-03,China,external_attack,58.8,10
2025-06-03,China,regional_spillover,58.0,11
2025-06-04,China,internal_violence,57.0,10
2025-06-04,China,repression,50.9,8
2025-06-04,China,domestic_attack,41.4,7
2025-06-04,China,war_activity,58.5,11
2025-06-04,China,external_attack,60.4,11
2025-06-04,China,regional_spillover,56.9,8
2025-06-05,China,internal_violence,56.5,9
2025-06-05,China,repression,46.6,8
2025-06-05,China,domestic_attack,43.5,7
2025-06-05,China,war_activity,57.6,10
2025-06-05,China,external_attack,61.4,11
2025-06-05,China,regional_spillover,56.8,8
2025-06-06,China,internal_violence,53.9,10
2025-06-06,China,repression,49.6,7
2025-06-06,China,domestic_attack,42.3,6
2025-06-06,China,war_activity,58.3,11
2025-06-06,China,external_attack,61.7,9
2025-06-06,China,regional_spillover,59.7,9
2025-06-07,China,internal_violence,50.8,9
2025-06-07,China,repression,43.8,9
2025-06-07,China,domestic_attack,42.2,7
2025-06-07,China,war_activity,61.0,10
2025-06-07,China,external_attack,61.6,11
2025-06-07,China,regional_spillover,59.9,10
2025-06-08,China,internal_violence,49.0,9
2025-06-08,China,repression,42.1,6
2025-06-08,China,domestic_attack,39.3,8
2025-06-08,China,war_activity,56.9,8
2025-06-08,China,external_attack,58.8,11
2025-06-08,China,regional_spillover,55.8,11
2025-06-09,China,internal_violence,47.8,9
2025-06-09,China,repression,43.4,7
2025-06-09,China,domestic_attack,42.5,6
2025-06-09,China,war_activity,56.6,10
2025-06-09,China,external_attack,59.8,10
2025-06-09,China,regional_spillover,54.7,10
2025-06-10,China,internal_violence,52.8,10
2025-06-10,China,repression,47.6,9
2025-06-10,China,domestic_attack,39.4,6
2025-06-10,China,war_activity,60.1,11
2025-06-10,China,external_attack,61.2,12
2025-06-10,China,regional_spillover,57.4,9
2025-06-11,China,internal_violence,55.0,11
2025-06-11,China,repression,45.9,7
2025-06-11,China,domestic_attack,42.8,9
2025-06-11,China,war_activity,59.0,10
2025-06-11,China,external_attack,60.1,10
2025-06-11,China,regional_spillover,56.0,11
2025-06-12,China,internal_violence,55.3,9
2025-06-12,China,repression,49.0,10
2025-06-12,China,domestic_attack,40.2,7
2025-06-12,China,war_activity,61.3,10
2025-06-12,China,external_attack,56.9,10
2025-06-12,China,regional_spillover,57.1,10
2025-06-13,China,internal_violence,51.9,10
2025-06-13,China,repression,47.2,8
2025-06-13,China,domestic_attack,39.7,7
2025-06-13,China,war_activity,56.2,11
2025-06-13,China,external_attack,57.8,11
2025-06-13,China,regional_spillover,55.5,8
2025-06-14,China,internal_violence,52.3,8
2025-06-14,China,repression,44.5,7
2025-06-14,China,domestic_attack,38.4,7
2025-06-14,China,war_activity,58.3,10
2025-06-14,China,external_attack,58.7,11
2025-06-14,China,regional_spillover,55.9,11
2025-06-15,China,internal_violence,49.3,8
2025-06-15,China,repression,40.9,6
2025-06-15,China,domestic_attack,39.1,6
2025-06-15,China,war_activity,58.0,9
2025-06-15,China,external_attack,56.8,10
2025-06-15,China,regional_spillover,57.9,9
2025-06-16,China,internal_violence,49.6,9
2025-06-16,China,repression,43.2,6
2025-06-16,China,domestic_attack,36.2,8
2025-06-16,China,war_activity,55.3,10
2025-06-16,China,external_attack,59.5,11
2025-06-16,China,regional_spillover,58.7,10
2025-06-17,China,internal_violence,47.3,8
2025-06-17,China,repression,42.5,7
2025-06-17,China,domestic_attack,40.5,6
2025-06-17,China,war_activity,59.2,9
2025-06-17,China,external_attack,55.9,9
2025-06-17,China,regional_spillover,55.7,10
2025-06-18,China,internal_violence,52.1,10
2025-06-18,China,repression,44.0,8
2025-06-18,China,domestic_attack,43.3,9
2025-06-18,China,war_activity,56.5,10
2025-06-18,China,external_attack,56.5,8
2025-06-18,China,regional_spillover,56.8,8
2025-06-19,China,internal_violence,53.2,8
2025-06-19,China,repression,46.2,7
2025-06-19,China,domestic_attack,39.0,7
2025-06-19,China,war_activity,60.0,11
2025-06-19,China,external_attack,58.7,9
2025-06-19,China,regional_spillover,54.9,10
2025-06-20,China,internal_violence,47.9,7
2025-06-20,China,repression,42.4,7
2025-06-20,China,domestic_attack,41.3,8
2025-06-20,China,war_activity,56.0,11
2025-06-20,China,external_attack,58.0,11
2025-06-20,China,regional_spillover,55.4,10
2025-06-21,China,internal_violence,47.2,8
2025-06-21,China,repression,43.2,8
2025-06-21,China,domestic_attack,37.1,6
2025-06-21,China,war_activity,55.0,11
2025-06-21,China,external_attack,57.3,8
2025-06-21,China,regional_spillover,54.5,11
2025-06-22,China,internal_violence,46.6,8
2025-06-22,China,repression,43.6,7
2025-06-22,China,domestic_attack,36.8,7
2025-06-22,China,war_activity,57.1,10
2025-06-22,China,external_attack,56.5,9
2025-06-22,China,regional_spillover,52.4,10
2025-06-23,China,internal_violence,47.0,7
2025-06-23,China,repression,44.3,7
2025-06-23,China,domestic_attack,37.8,6
2025-06-23,China,war_activity,55.9,9
2025-06-23,China,external_attack,56.9,11
2025-06-23,China,regional_spillover,57.4,10
2025-06-24,China,internal_violence,49.0,8
2025-06-24,China,repression,43.6,7
2025-06-24,China,domestic_attack,37.8,7
2025-06-24,China,war_activity,57.2,11
2025-06-24,China,external_attack,59.3,10
2025-06-24,China,regional_spillover,57.9,11
2025-06-25,China,internal_violence,48.2,7
2025-06-25,China,repression,47.1,9
2025-06-25,China,domestic_attack,37.5,7
2025-06-25,China,war_activity,56.3,10
2025-06-25,China,external_attack,57.1,11
2025-06-25,China,regional_spillover,56.7,9
2025-06-26,China,internal_violence,49.3,9
2025-06-26,China,repression,46.6,7
2025-06-26,China,domestic_attack,40.8,8
2025-06-26,China,war_activity,58.3,10
2025-06-26,China,external_attack,55.9,8
2025-06-26,China,regional_spillover,56.7,10
2025-06-27,China,internal_violence,48.1,9
2025-06-27,China,repression,41.1,8
2025-06-27,China,domestic_attack,41.6,6
2025-06-27,China,war_activity,57.0,11
2025-06-27,China,external_attack,58.4,9
2025-06-27,China,regional_spillover,54.5,8
2025-06-28,China,internal_violence,45.0,7
2025-06-28,China,repression,39.6,5
2025-06-28,China,domestic_attack,38.3,8
2025-06-28,China,war_activity,60.1,11
2025-06-28,China,external_attack,59.3,11
2025-06-28,China,regional_spillover,56.9,10
2025-06-29,China,internal_violence,48.8,8
2025-06-29,China,repression,41.7,7
2025-06-29,China,domestic_attack,37.0,7
2025-06-29,China,war_activity,54.8,10
2025-06-29,China,external_attack,54.9,9
2025-06-29,China,regional_spillover,54.4,8
2025-06-30,China,internal_violence,44.7,9
2025-06-30,China,repression,41.8,7
2025-06-30,China,domestic_attack,39.7,7
2025-06-30,China,war_activity,56.5,10
2025-06-30,China,external_attack,57.3,9
2025-06-30,China,regional_spillover,53.2,9
2025-07-01,China,internal_violence,47.2,8
2025-07-01,China,repression,44.6,7
2025-07-01,China,domestic_attack,39.5,6
2025-07-01,China,war_activity,59.9,10
2025-07-01,China,external_attack,60.1,9
2025-07-01,China,regional_spillover,54.1,9
2025-07-02,China,internal_violence,47.7,9
2025-07-02,China,repression,46.9,6
2025-07-02,China,domestic_attack,42.1,8
2025-07-02,China,war_activity,60.6,10
2025-07-02,China,external_attack,55.7,8
2025-07-02,China,regional_spillover,58.5,9
2025-07-03,China,internal_violence,50.8,7
2025-07-03,China,repression,45.5,9
2025-07-03,China,domestic_attack,40.7,7
2025-07-03,China,war_activity,60.3,9
2025-07-03,China,external_attack,59.3,11
2025-07-03,China,regional_spillover,55.7,10
2025-07-04,China,internal_violence,51.9,9
2025-07-04,China,repression,44.4,9
2025-07-04,China,domestic_attack,39.7,7
2025-07-04,China,war_activity,58.4,11
2025-07-04,China,external_attack,59.2,9
2025-07-04,China,regional_spillover,55.0,11
2025-07-05,China,internal_violence,48.1,8
2025-07-05,China,repression,41.9,8
2025-07-05,China,domestic_attack,37.4,7
2025-07-05,China,war_activity,57.7,8
2025-07-05,China,external_attack,59.2,10
2025-07-05,China,regional_spillover,55.1,8
2025-07-06,China,internal_violence,46.9,7
2025-07-06,China,repression,42.2,8
2025-07-06,China,domestic_attack,35.3,6
2025-07-06,China,war_activity,56.6,11
2025-07-06,China,external_attack,56.6,8
2025-07-06,China,regional_spillover,54.6,9
2025-07-07,China,internal_violence,46.5,7
2025-07-07,China,repression,40.5,7
2025-07-07,China,domestic_attack,39.8,7
2025-07-07,China,war_activity,57.7,11
2025-07-07,China,external_attack,58.1,11
2025-07-07,China,regional_spillover,57.4,10
2025-07-08,China,internal_violence,51.2,8
2025-07-08,China,repression,44.7,8
2025-07-08,China,domestic_attack,38.1,6
2025-07-08,China,war_activity,58.5,11
2025-07-08,China,external_attack,55.5,8
2025-07-08,China,regional_spillover,56.0,11
2025-07-09,China,internal_violence,53.0,8
2025-07-09,China,repression,44.0,8
2025-07-09,China,domestic_attack,41.6,6
2025-07-09,China,war_activity,59.5,9
2025-07-09,China,external_attack,58.1,9
2025-07-09,China,regional_spillover,56.0,10
2025-07-10,China,internal_violence,51.2,10
2025-07-10,China,repression,43.5,6
2025-07-10,China,domestic_attack,39.9,8
2025-07-10,China,war_activity,56.8,10
2025-07-10,China,external_attack,60.0,11
2025-07-10,China,regional_spillover,56.7,10
2025-07-11,China,internal_violence,52.1,8
2025-07-11,China,repression,46.2,9
2025-07-11,China,domestic_attack,37.5,5
2025-07-11,China,war_activity,57.8,9
2025-07-11,China,external_attack,58.6,10
2025-07-11,China,regional_spillover,58.2,10
2025-07-12,China,internal_violence,51.1,8
2025-07-12,China,repression,43.5,8
2025-07-12,China,domestic_attack,39.1,5
2025-07-12,China,war_activity,57.0,9
2025-07-12,China,external_attack,55.9,8
2025-07-12,China,regional_spillover,55.8,8
2025-07-13,China,internal_violence,49.7,7
2025-07-13,China,repression,41.3,6
2025-07-13,China,domestic_attack,39.3,5
2025-07-13,China,war_activity,57.6,9
2025-07-13,China,external_attack,59.9,10
2025-07-13,China,regional_spillover,58.4,10
2025-07-14,China,internal_violence,47.6,8
2025-07-14,China,repression,44.8,7
2025-07-14,China,domestic_attack,37.6,5
2025-07-14,China,war_activity,59.0,11
2025-07-14,China,external_attack,56.4,9
2025-07-14,China,regional_spillover,55.6,10
2025-07-15,China,internal_violence,49.4,10
2025-07-15,China,repression,42.2,7
2025-07-15,China,domestic_attack,38.9,7
2025-07-15,China,war_activity,56.4,11
2025-07-15,China,external_attack,60.3,9
2025-07-15,China,regional_spillover,58.1,8
2025-07-16,China,internal_violence,52.2,9
2025-07-16,China,repression,47.2,9
2025-07-16,China,domestic_attack,41.0,8
2025-07-16,China,war_activity,57.3,8
2025-07-16,China,external_attack,56.4,11
2025-07-16,China,regional_spillover,60.5,11
2025-07-17,China,internal_violence,55.4,8
2025-07-17,China,repression,44.4,7
2025-07-17,China,domestic_attack,43.8,9
2025-07-17,China,war_activity,61.7,10
2025-07-17,China,external_attack,56.8,8
2025-07-17,China,regional_spillover,60.4,11
2025-07-18,China,internal_violence,49.2,8
2025-07-18,China,repression,43.1,7
2025-07-18,China,domestic_attack,43.9,8
2025-07-18,China,war_activity,60.1,11
2025-07-18,China,external_attack,60.4,12
2025-07-18,China,regional_spillover,55.1,9
2025-07-19,China,internal_violence,49.5,9
2025-07-19,China,repression,46.3,9
2025-07-19,China,domestic_attack,38.4,6
2025-07-19,China,war_activity,61.0,11
2025-07-19,China,external_attack,57.6,9
2025-07-19,China,regional_spillover,55.3,9
2025-07-20,China,internal_violence,52.1,7
2025-07-20,China,repression,43.2,7
2025-07-20,China,domestic_attack,39.1,5
2025-07-20,China,war_activity,56.3,10
2025-07-20,China,external_attack,59.6,10
2025-07-20,China,regional_spillover,56.3,9
2025-07-21,China,internal_violence,52.5,9
2025-07-21,China,repression,44.1,7
2025-07-21,China,domestic_attack,38.4,7
2025-07-21,China,war_activity,57.3,8
2025-07-21,China,external_attack,60.9,10
2025-07-21,China,regional_spillover,54.9,8
2025-07-22,China,internal_violence,50.2,7
2025-07-22,China,repression,48.3,7
2025-07-22,China,domestic_attack,43.0,6
2025-07-22,China,war_activity,56.6,10
2025-07-22,China,external_attack,60.4,10
2025-07-22,China,regional_spillover,55.1,8
2025-07-23,China,internal_violence,54.0,8
2025-07-23,China,repression,48.7,9
2025-07-23,China,domestic_attack,43.2,6
2025-07-23,China,war_activity,57.2,10
2025-07-23,China,external_attack,60.8,9
2025-07-23,China,regional_spillover,59.0,10
2025-07-24,China,internal_violence,56.8,10
2025-07-24,China,repression,49.2,8
2025-07-24,China,domestic_attack,43.8,6
2025-07-24,China,war_activity,57.7,11
2025-07-24,China,external_attack,60.2,11
2025-07-24,China,regional_spillover,60.8,10
2025-07-25,China,internal_violence,56.0,10
2025-07-25,China,repression,47.9,9
2025-07-25,China,domestic_attack,40.8,7
2025-07-25,China,war_activity,61.7,11
2025-07-25,China,external_attack,62.5,11
2025-07-25,China,regional_spillover,58.5,9
2025-07-26,China,internal_violence,54.9,9
2025-07-26,China,repression,45.2,7
2025-07-26,China,domestic_attack,43.0,8
2025-07-26,China,war_activity,58.1,11
2025-07-26,China,external_attack,60.3,9
2025-07-26,China,regional_spillover,55.4,9
2025-07-27,China,internal_violence,54.3,9
2025-07-27,China,repression,47.4,9
2025-07-27,China,domestic_attack,41.9,6
2025-07-27,China,war_activity,60.8,11
2025-07-27,China,external_attack,59.2,11
2025-07-27,China,regional_spillover,60.1,10
2025-07-28,China,internal_violence,51.3,10
2025-07-28,China,repression,45.0,7
2025-07-28,China,domestic_attack,39.6,7
2025-07-28,China,war_activity,59.8,10
2025-07-28,China,external_attack,59.9,12
2025-07-28,China,regional_spillover,57.5,8
2025-07-29,China,internal_violence,55.2,8
2025-07-29,China,repression,45.4,6
2025-07-29,China,domestic_attack,42.2,6
2025-07-29,China,war_activity,57.4,9
2025-07-29,China,external_attack,59.6,10
2025-07-29,China,regional_spillover,58.6,11
2025-07-30,China,internal_violence,57.4,10
2025-07-30,China,repression,51.2,9
2025-07-30,China,domestic_attack,45.1,7
2025-07-30,China,war_activity,62.3,10
2025-07-30,China,external_attack,59.3,10
2025-07-30,China,regional_spillover,60.4,10
2025-07-31,China,internal_violence,56.4,10
2025-07-31,China,repression,51.7,8
2025-07-31,China,domestic_attack,47.1,9
2025-07-31,China,war_activity,62.4,11
2025-07-31,China,external_attack,61.3,11
2025-07-31,China,regional_spillover,59.3,9
2025-08-01,China,internal_violence,57.4,8
2025-08-01,China,repression,50.5,7
2025-08-01,China,domestic_attack,42.2,8
2025-08-01,China,war_activity,62.8,12
2025-08-01,China,external_attack,59.9,10
2025-08-01,China,regional_spillover,61.0,10
2025-08-02,China,internal_violence,52.2,10
2025-08-02,China,repression,47.9,7
2025-08-02,China,domestic_attack,45.0,9
2025-08-02,China,war_activity,60.2,11
2025-08-02,China,external_attack,59.4,10
2025-08-02,China,regional_spillover,58.4,11
2025-08-03,China,internal_violence,55.2,9
2025-08-03,China,repression,48.8,9
2025-08-03,China,domestic_attack,45.1,9
2025-08-03,China,war_activity,56.7,11
2025-08-03,China,external_attack,59.0,10
2025-08-03,China,regional_spillover,58.4,11
2025-08-04,China,internal_violence,55.3,11
2025-08-04,China,repression,46.2,8
2025-08-04,China,domestic_attack,45.9,7
2025-08-04,China,war_activity,57.5,10
2025-08-04,China,external_attack,62.4,12
2025-08-04,China,regional_spillover,57.1,11
2025-08-05,China,internal_violence,53.0,10
2025-08-05,China,repression,50.1,9
2025-08-05,China,domestic_attack,46.0,9
2025-08-05,China,war_activity,62.5,11
2025-08-05,China,external_attack,57.7,9
2025-08-05,China,regional_spillover,59.3,9
2025-08-06,China,internal_violence,54.6,10
2025-08-06,China,repression,50.7,10
2025-08-06,China,domestic_attack,45.9,7
2025-08-06,China,war_activity,63.5,10
2025-08-06,China,external_attack,61.3,9
2025-08-06,China,regional_spillover,59.3,10
2025-08-07,China,internal_violence,59.6,11
2025-08-07,China,repression,49.1,9
2025-08-07,China,domestic_attack,43.7,8
2025-08-07,China,war_activity,63.3,10
2025-08-07,China,external_attack,59.8,9
2025-08-07,China,regional_spillover,63.2,10
2025-08-08,China,internal_violence,59.1,10
2025-08-08,China,repression,48.1,7
2025-08-08,China,domestic_attack,46.5,9
2025-08-08,China,war_activity,60.5,9
2025-08-08,China,external_attack,60.1,11
2025-08-08,China,regional_spillover,58.3,10
2025-08-09,China,internal_violence,56.2,10
2025-08-09,China,repression,47.7,8
2025-08-09,China,domestic_attack,45.9,9
2025-08-09,China,war_activity,59.0,11
2025-08-09,China,external_attack,61.1,10
2025-08-09,China,regional_spillover,58.8,11
2025-08-10,China,internal_violence,53.2,10
2025-08-10,China,repression,49.6,9
2025-08-10,China,domestic_attack,41.5,6
2025-08-10,China,war_activity,59.6,11
2025-08-10,China,external_attack,60.4,10
2025-08-10,China,regional_spillover,59.8,9
2025-08-11,China,internal_violence,54.5,10
2025-08-11,China,repression,48.7,8
2025-08-11,China,domestic_attack,44.9,9
2025-08-11,China,war_activity,58.1,9
2025-08-11,China,external_attack,59.7,9
2025-08-11,China,regional_spillover,59.1,10
2025-08-12,China,internal_violence,55.1,8
2025-08-12,China,repression,48.3,8
2025-08-12,China,domestic_attack,43.7,6
2025-08-12,China,war_activity,60.7,11
2025-08-12,China,external_attack,59.2,10
2025-08-12,China,regional_spillover,62.7,11
2025-08-13,China,internal_violence,60.6,11
2025-08-13,China,repression,50.0,7
2025-08-13,China,domestic_attack,48.3,10
2025-08-13,China,war_activity,60.0,11
2025-08-13,China,external_attack,61.5,11
2025-08-13,China,regional_spillover,63.0,11
2025-08-14,China,internal_violence,57.5,10
2025-08-14,China,repression,50.0,7
2025-08-14,China,domestic_attack,47.8,8
2025-08-14,China,war_activity,61.8,10
2025-08-14,China,external_attack,61.8,11
2025-08-14,China,regional_spillover,64.1,12
2025-08-15,China,internal_violence,60.2,11
2025-08-15,China,repression,48.6,9
2025-08-15,China,domestic_attack,44.5,9
2025-08-15,China,war_activity,62.2,10
2025-08-15,China,external_attack,60.1,11
2025-08-15,China,regional_spillover,61.6,11
2025-08-16,China,internal_violence,57.1,11
2025-08-16,China,repression,49.1,8
2025-08-16,China,domestic_attack,45.3,9
2025-08-16,China,war_activity,62.3,10
2025-08-16,China,external_attack,58.7,9
2025-08-16,China,regional_spillover,60.7,11
2025-08-17,China,internal_violence,57.6,9
2025-08-17,China,repression,50.0,9
2025-08-17,China,domestic_attack,45.1,8
2025-08-17,China,war_activity,62.5,11
2025-08-17,China,external_attack,57.6,9
2025-08-17,China,regional_spillover,58.3,11
2025-08-18,China,internal_violence,57.0,11
2025-08-18,China,repression,48.1,8
2025-08-18,China,domestic_attack,47.4,9
2025-08-18,China,war_activity,61.8,10
2025-08-18,China,external_attack,59.8,11
2025-08-18,China,regional_spillover,59.5,9
2025-08-19,China,internal_violence,55.9,8
2025-08-19,China,repression,51.6,7
2025-08-19,China,domestic_attack,44.5,7
2025-08-19,China,war_activity,62.9,10
2025-08-19,China,external_attack,59.5,9
2025-08-19,China,regional_spillover,59.7,10
2025-08-20,China,internal_violence,57.4,9
2025-08-20,China,repression,51.8,7
2025-08-20,China,domestic_attack,45.5,9
2025-08-20,China,war_activity,61.7,11
2025-08-20,China,external_attack,64.1,11
2025-08-20,China,regional_spillover,59.4,12
2025-08-21,China,internal_violence,61.4,10
2025-08-21,China,repression,50.2,7
2025-08-21,China,domestic_attack,50.3,9
2025-08-21,China,war_activity,60.6,11
2025-08-21,China,external_attack,62.2,10
2025-08-21,China,regional_spillover,63.6,10
2025-08-22,China,internal_violence,57.5,8
2025-08-22,China,repression,52.1,8
2025-08-22,China,domestic_attack,44.3,8
2025-08-22,China,war_activity,60.6,10
2025-08-22,China,external_attack,61.4,11
2025-08-22,China,regional_spillover,60.5,11
2025-08-23,China,internal_violence,55.7,9
2025-08-23,China,repression,48.7,9
2025-08-23,China,domestic_attack,44.1,7
2025-08-23,China,war_activity,59.9,9
2025-08-23,China,external_attack,63.2,10
2025-08-23,China,regional_spillover,60.5,11
2025-08-24,China,internal_violence,58.3,10
2025-08-24,China,repression,51.2,9
2025-08-24,China,domestic_attack,45.8,7
2025-08-24,China,war_activity,60.0,10
2025-08-24,China,external_attack,60.3,9
2025-08-24,China,regional_spillover,58.0,11
2025-08-25,China,internal_violence,57.8,11
2025-08-25,China,repression,52.5,10
2025-08-25,China,domestic_attack,44.0,7
2025-08-25,China,war_activity,61.2,11
2025-08-25,China,external_attack,62.3,11
2025-08-25,China,regional_spillover,62.2,11
2025-08-26,China,internal_violence,55.6,10
2025-08-26,China,repression,50.4,10
2025-08-26,China,domestic_attack,46.9,9
2025-08-26,China,war_activity,60.0,10
2025-08-26,China,external_attack,61.1,9
2025-08-26,China,regional_spillover,59.7,11
2025-08-27,China,internal_violence,60.2,12
2025-08-27,China,repression,53.0,9
2025-08-27,China,domestic_attack,50.2,8
2025-08-27,China,war_activity,63.9,11
2025-08-27,China,external_attack,60.4,11
2025-08-27,China,regional_spillover,59.3,9
2025-08-28,China,internal_violence,61.9,12
2025-08-28,China,repression,54.4,8
2025-08-28,China,domestic_attack,46.2,7
2025-08-28,China,war_activity,64.0,12
2025-08-28,China,external_attack,59.1,11
2025-08-28,China,regional_spillover,60.4,9
2025-08-29,China,internal_violence,57.8,9
2025-08-29,China,repression,49.5,8
2025-08-29,China,domestic_attack,44.7,7
2025-08-29,China,war_activity,59.6,10
2025-08-29,China,external_attack,59.0,10
2025-08-29,China,regional_spillover,60.1,10
2025-08-30,China,internal_violence,55.9,8
2025-08-30,China,repression,52.9,8
2025-08-30,China,domestic_attack,47.5,7
2025-08-30,China,war_activity,63.2,12
2025-08-30,China,external_attack,62.5,10
2025-08-30,China,regional_spillover,62.4,12
2025-08-31,China,internal_violence,55.8,9
2025-08-31,China,repression,49.4,9
2025-08-31,China,domestic_attack,46.0,8
2025-08-31,China,war_activity,59.4,10
2025-08-31,China,external_attack,60.9,10
2025-08-31,China,regional_spillover,58.6,10
2025-09-01,China,internal_violence,57.8,9
2025-09-01,China,repression,52.7,8
2025-09-01,China,domestic_attack,46.3,7
2025-09-01,China,war_activity,58.4,11
2025-09-01,China,external_attack,60.8,9
2025-09-01,China,regional_spillover,59.6,9
2025-09-02,China,internal_violence,55.9,10
2025-09-02,China,repression,48.6,10
2025-09-02,China,domestic_attack,48.8,8
2025-09-02,China,war_activity,63.4,12
2025-09-02,China,external_attack,63.7,10
2025-09-02,China,regional_spillover,63.5,10
2025-09-03,China,internal_violence,60.8,11
2025-09-03,China,repression,52.2,9
2025-09-03,China,domestic_attack,44.9,7
2025-09-03,China,war_activity,63.4,12
2025-09-03,China,external_attack,58.9,10
2025-09-03,China,regional_spillover,62.9,11
2025-09-04,China,internal_violence,60.6,11
2025-09-04,China,repression,50.1,10
2025-09-04,China,domestic_attack,47.9,10
2025-09-04,China,war_activity,60.7,11
2025-09-04,China,external_attack,61.8,10
2025-09-04,China,regional_spillover,64.7,12
2025-09-05,China,internal_violence,59.8,11
2025-09-05,China,repression,50.0,8
2025-09-05,China,domestic_attack,45.7,8
2025-09-05,China,war_activity,58.9,11
2025-09-05,China,external_attack,62.5,12
2025-09-05,China,regional_spillover,58.9,11
2025-09-06,China,internal_violence,56.9,8
2025-09-06,China,repression,53.3,9
2025-09-06,China,domestic_attack,48.3,8
2025-09-06,China,war_activity,62.7,10
2025-09-06,China,external_attack,58.2,11
2025-09-06,China,regional_spillover,59.3,9
2025-09-07,China,internal_violence,55.0,9
2025-09-07,China,repression,51.6,9
2025-09-07,China,domestic_attack,44.6,7
2025-09-07,China,war_activity,58.6,10
2025-09-07,China,external_attack,60.6,9
2025-09-07,China,regional_spillover,60.3,10
2025-09-08,China,internal_violence,54.4,11
2025-09-08,China,repression,48.2,7
2025-09-08,China,domestic_attack,43.3,6
2025-09-08,China,war_activity,61.7,10
2025-09-08,China,external_attack,58.6,11
2025-09-08,China,regional_spillover,58.8,11
2025-09-09,China,internal_violence,58.2,10
2025-09-09,China,repression,52.9,10
2025-09-09,China,domestic_attack,48.4,8
2025-09-09,China,war_activity,63.5,12
2025-09-09,China,external_attack,62.4,11
2025-09-09,China,regional_spillover,59.4,9
2025-09-10,China,internal_violence,60.5,10
2025-09-10,China,repression,53.5,10
2025-09-10,China,domestic_attack,49.6,8
2025-09-10,China,war_activity,63.5,11
2025-09-10,China,external_attack,61.7,12
2025-09-10,China,regional_spillover,64.3,9
2025-09-11,China,internal_violence,59.0,11
2025-09-11,China,repression,53.7,9
2025-09-11,China,domestic_attack,47.3,8
2025-09-11,China,war_activity,62.1,11
2025-09-11,China,external_attack,62.4,11
2025-09-11,China,regional_spillover,62.0,11
2025-09-12,China,internal_violence,60.3,9
2025-09-12,China,repression,54.7,10
2025-09-12,China,domestic_attack,49.0,7
2025-09-12,China,war_activity,61.2,11
2025-09-12,China,external_attack,63.7,10
2025-09-12,China,regional_spillover,61.9,12
2025-09-13,China,internal_violence,57.6,9
2025-09-13,China,repression,49.5,8
2025-09-13,China,domestic_attack,44.9,7
2025-09-13,China,war_activity,61.4,10
2025-09-13,China,external_attack,63.2,11
2025-09-13,China,regional_spillover,61.7,10
2025-09-14,China,internal_violence,55.7,8
2025-09-14,China,repression,48.2,7
2025-09-14,China,domestic_attack,45.8,7
2025-09-14,China,war_activity,61.6,11
2025-09-14,China,external_attack,59.9,11
2025-09-14,China,regional_spillover,58.2,11
2025-09-15,China,internal_violence,56.6,10
2025-09-15,China,repression,52.7,7
2025-09-15,China,domestic_attack,43.6,7
2025-09-15,China,war_activity,58.5,11
2025-09-15,China,external_attack,62.2,12
2025-09-15,China,regional_spillover,60.9,10
2025-09-16,China,internal_violence,58.3,10
2025-09-16,China,repression,53.3,9
2025-09-16,China,domestic_attack,47.1,9
2025-09-16,China,war_activity,61.4,11
2025-09-16,China,external_attack,59.4,9
2025-09-16,China,regional_spillover,61.7,9
2025-09-17,China,internal_violence,59.8,10
2025-09-17,China,repression,51.9,8
2025-09-17,China,domestic_attack,49.6,8
2025-09-17,China,war_activity,58.7,10
2025-09-17,China,external_attack,60.5,11
2025-09-17,China,regional_spillover,60.1,11
2025-09-18,China,internal_violence,58.4,10
2025-09-18,China,repression,54.2,8
2025-09-18,China,domestic_attack,50.0,8
2025-09-18,China,war_activity,64.1,10
2025-09-18,China,external_attack,64.3,11
2025-09-18,China,regional_spillover,63.4,11
2025-09-19,China,internal_violence,58.0,9
2025-09-19,China,repression,54.2,9
2025-09-19,China,domestic_attack,47.4,9
2025-09-19,China,war_activity,61.8,11
2025-09-19,China,external_attack,59.6,11
2025-09-19,China,regional_spillover,62.2,10
2025-09-20,China,internal_violence,56.6,10
2025-09-20,China,repression,48.4,8
2025-09-20,China,domestic_attack,45.5,8
2025-09-20,China,war_activity,59.2,9
2025-09-20,China,external_attack,62.9,10
2025-09-20,China,regional_spillover,59.0,10
2025-09-21,China,internal_violence,53.8,10
2025-09-21,China,repression,50.8,8
2025-09-21,China,domestic_attack,42.6,6
2025-09-21,China,war_activity,57.7,9
2025-09-21,China,external_attack,63.0,9
2025-09-21,China,regional_spillover,60.2,9
2025-09-22,China,internal_violence,56.3,9
2025-09-22,China,repression,47.3,7
2025-09-22,China,domestic_attack,43.0,8
2025-09-22,China,war_activity,62.9,10
2025-09-22,China,external_attack,63.3,10
2025-09-22,China,regional_spillover,58.3,10
2025-09-23,China,internal_violence,55.7,8
2025-09-23,China,repression,51.6,9
2025-09-23,China,domestic_attack,46.6,8
2025-09-23,China,war_activity,60.5,12
2025-09-23,China,external_attack,62.2,9
2025-09-23,China,regional_spillover,63.3,12
2025-09-24,China,internal_violence,56.9,9
2025-09-24,China,repression,50.0,8
2025-09-24,China,domestic_attack,48.3,8
2025-09-24,China,war_activity,61.0,9
2025-09-24,China,external_attack,60.7,11
2025-09-24,China,regional_spillover,63.3,12
2025-09-25,China,internal_violence,61.8,11
2025-09-25,China,repression,54.5,9
2025-09-25,China,domestic_attack,48.4,9
2025-09-25,China,war_activity,64.0,10
2025-09-25,China,external_attack,60.1,9
2025-09-25,China,regional_spillover,64.0,10
2025-09-26,China,internal_violence,61.3,10
2025-09-26,China,repression,50.1,9
2025-09-26,China,domestic_attack,48.2,9
2025-09-26,China,war_activity,60.4,11
2025-09-26,China,external_attack,63.0,11
2025-09-26,China,regional_spillover,59.4,9
2025-09-27,China,internal_violence,55.9,8
2025-09-27,China,repression,50.3,8
2025-09-27,China,domestic_attack,43.0,8
2025-09-27,China,war_activity,58.9,9
2025-09-27,China,external_attack,63.0,12
2025-09-27,China,regional_spillover,63.1,12
2025-09-28,China,internal_violence,58.1,11
2025-09-28,China,repression,48.3,8
2025-09-28,China,domestic_attack,46.5,7
2025-09-28,China,war_activity,60.3,11
2025-09-28,China,external_attack,60.4,11
2025-09-28,China,regional_spillover,61.7,10
2025-09-29,China,internal_violence,57.9,9
2025-09-29,China,repression,49.0,7
2025-09-29,China,domestic_attack,46.9,8
2025-09-29,China,war_activity,57.8,11
2025-09-29,China,external_attack,58.7,9
2025-09-29,China,regional_spillover,59.0,11
2025-09-30,China,internal_violence,57.7,11
2025-09-30,China,repression,49.3,10
2025-09-30,China,domestic_attack,44.2,6
2025-09-30,China,war_activity,60.9,9
2025-09-30,China,external_attack,58.4,9
2025-09-30,China,regional_spillover,60.2,11
2025-10-01,China,internal_violence,59.8,11
2025-10-01,China,repression,52.4,9
2025-10-01,China,domestic_attack,46.8,9
2025-10-01,China,war_activity,60.2,12
2025-10-01,China,external_attack,61.2,11
2025-10-01,China,regional_spillover,62.6,10
2025-10-02,China,internal_violence,59.6,9
2025-10-02,China,repression,52.7,9
2025-10-02,China,domestic_attack,46.8,8
2025-10-02,China,war_activity,63.6,12
2025-10-02,China,external_attack,62.9,12
2025-10-02,China,regional_spillover,62.5,12
2025-10-03,China,internal_violence,56.9,10
2025-10-03,China,repression,51.2,9
2025-10-03,China,domestic_attack,47.0,7
2025-10-03,China,war_activity,59.6,11
2025-10-03,China,external_attack,61.2,11
2025-10-03,China,regional_spillover,61.9,10
2025-10-04,China,internal_violence,58.9,11
2025-10-04,China,repression,49.5,9
2025-10-04,China,domestic_attack,43.8,8
2025-10-04,China,war_activity,60.7,10
2025-10-04,China,external_attack,62.5,12
2025-10-04,China,regional_spillover,60.2,9
2025-10-05,China,internal_violence,57.9,10
2025-10-05,China,repression,49.6,7
2025-10-05,China,domestic_attack,44.0,6
2025-10-05,China,war_activity,59.0,10
2025-10-05,China,external_attack,59.4,10
2025-10-05,China,regional_spillover,58.9,11
2025-10-06,China,internal_violence,54.8,11
2025-10-06,China,repression,49.0,7
2025-10-06,China,domestic_attack,44.7,8
2025-10-06,China,war_activity,62.5,9
2025-10-06,China,external_attack,61.5,10
2025-10-06,China,regional_spillover,60.6,12
2025-10-07,China,internal_violence,57.0,9
2025-10-07,China,repression,52.4,8
2025-10-07,China,domestic_attack,47.7,7
2025-10-07,China,war_activity,62.9,12
2025-10-07,China,external_attack,62.3,10
2025-10-07,China,regional_spillover,63.0,10
2025-10-08,China,internal_violence,60.1,10
2025-10-08,China,repression,52.2,7
2025-10-08,China,domestic_attack,49.6,7
2025-10-08,China,war_activity,63.7,11
2025-10-08,China,external_attack,58.9,10
2025-10-08,China,regional_spillover,61.4,9
2025-10-09,China,internal_violence,61.3,9
2025-10-09,China,repression,52.6,9
2025-10-09,China,domestic_attack,45.3,7
2025-10-09,China,war_activity,63.4,10
2025-10-09,China,external_attack,63.4,10
2025-10-09,China,regional_spillover,62.4,10
2025-10-10,China,internal_violence,56.9,9
2025-10-10,China,repression,49.9,8
2025-10-10,China,domestic_attack,49.3,9
2025-10-10,China,war_activity,63.9,12
2025-10-10,China,external_attack,59.5,10
2025-10-10,China,regional_spillover,61.1,12
2025-10-11,China,internal_violence,59.3,11
2025-10-11,China,repression,49.7,9
2025-10-11,China,domestic_attack,44.0,6
2025-10-11,China,war_activity,61.6,10
2025-10-11,China,external_attack,63.1,11
2025-10-11,China,regional_spillover,59.7,10
2025-10-12,China,internal_violence,54.2,8
2025-10-12,China,repression,48.3,8
2025-10-12,China,domestic_attack,44.1,9
2025-10-12,China,war_activity,60.0,10
2025-10-12,China,external_attack,57.6,10
2025-10-12,China,regional_spillover,59.0,10
2025-10-13,China,internal_violence,53.4,9
2025-10-13,China,repression,49.8,8
2025-10-13,China,domestic_attack,45.1,9
2025-10-13,China,war_activity,62.6,11
2025-10-13,China,external_attack,59.7,10
2025-10-13,China,regional_spillover,61.2,10
2025-10-14,China,internal_violence,55.3,10
2025-10-14,China,repression,52.7,10
2025-10-14,China,domestic_attack,43.6,6
2025-10-14,China,war_activity,62.5,11
2025-10-14,China,external_attack,61.0,10
2025-10-14,China,regional_spillover,62.8,12
2025-10-15,China,internal_violence,57.1,11
2025-10-15,China,repression,51.0,10
2025-10-15,China,domestic_attack,45.5,9
2025-10-15,China,war_activity,58.9,9
2025-10-15,China,external_attack,61.5,12
2025-10-15,China,regional_spillover,61.8,10
2025-10-16,China,internal_violence,59.0,9
2025-10-16,China,repression,50.4,9
2025-10-16,China,domestic_attack,49.2,9
2025-10-16,China,war_activity,60.0,9
2025-10-16,China,external_attack,61.4,11
2025-10-16,China,regional_spillover,59.9,10
2025-10-17,China,internal_violence,60.9,12
2025-10-17,China,repression,53.3,9
2025-10-17,China,domestic_attack,44.5,8
2025-10-17,China,war_activity,61.1,11
2025-10-17,China,external_attack,59.1,9
2025-10-17,China,regional_spillover,63.5,11
2025-10-18,China,internal_violence,55.1,8
2025-10-18,China,repression,48.6,8
2025-10-18,China,domestic_attack,42.9,8
2025-10-18,China,war_activity,60.9,9
2025-10-18,China,external_attack,61.7,9
2025-10-18,China,regional_spillover,61.7,9
2025-10-19,China,internal_violence,55.8,9
2025-10-19,China,repression,50.1,8
2025-10-19,China,domestic_attack,42.5,7
2025-10-19,China,war_activity,58.3,8
2025-10-19,China,external_attack,58.7,10
2025-10-19,China,regional_spillover,59.2,11
2025-10-20,China,internal_violence,54.1,10
2025-10-20,China,repression,50.7,9
2025-10-20,China,domestic_attack,47.2,8
2025-10-20,China,war_activity,60.2,9
2025-10-20,China,external_attack,58.3,10
2025-10-20,China,regional_spillover,61.9,10
2025-10-21,China,internal_violence,58.7,11
2025-10-21,China,repression,49.9,10
2025-10-21,China,domestic_attack,45.3,8
2025-10-21,China,war_activity,63.2,12
2025-10-21,China,external_attack,58.3,11
2025-10-21,China,regional_spillover,58.2,11
2025-10-22,China,internal_violence,60.9,11
2025-10-22,China,repression,54.6,8
2025-10-22,China,domestic_attack,49.1,7
2025-10-22,China,war_activity,62.8,10
2025-10-22,China,external_attack,60.2,10
2025-10-22,China,regional_spillover,61.6,11
2025-10-23,China,internal_violence,60.8,9
2025-10-23,China,repression,53.5,10
2025-10-23,China,domestic_attack,45.8,7
2025-10-23,China,war_activity,61.6,12
2025-10-23,China,external_attack,63.9,11
2025-10-23,China,regional_spillover,62.9,10
2025-10-24,China,internal_violence,57.0,11
2025-10-24,China,repression,52.9,9
2025-10-24,China,domestic_attack,47.4,8
2025-10-24,China,war_activity,62.7,12
2025-10-24,China,external_attack,58.8,11
2025-10-24,China,regional_spillover,62.6,11
2025-10-25,China,internal_violence,59.4,11
2025-10-25,China,repression,51.7,8
2025-10-25,China,domestic_attack,47.5,7
2025-10-25,China,war_activity,59.2,10
2025-10-25,China,external_attack,61.8,10
2025-10-25,China,regional_spillover,61.0,9
2025-10-26,China,internal_violence,55.8,10
2025-10-26,China,repression,48.3,9
2025-10-26,China,domestic_attack,42.2,7
2025-10-26,China,war_activity,62.4,10
2025-10-26,China,external_attack,62.6,11
2025-10-26,China,regional_spillover,59.6,9
2025-10-27,China,internal_violence,55.2,10
2025-10-27,China,repression,49.2,8
2025-10-27,China,domestic_attack,45.8,7
2025-10-27,China,war_activity,59.6,10
2025-10-27,China,external_attack,60.4,10
2025-10-27,China,regional_spillover,57.7,11
2025-10-28,China,internal_violence,59.0,11
2025-10-28,China,repression,49.9,9
2025-10-28,China,domestic_attack,43.4,9
2025-10-28,China,war_activity,60.0,9
2025-10-28,China,external_attack,63.0,9
2025-10-28,China,regional_spillover,59.2,9
2025-10-29,China,internal_violence,59.5,10
2025-10-29,China,repression,51.7,8
2025-10-29,China,domestic_attack,45.3,9
2025-10-29,China,war_activity,60.9,10
2025-10-29,China,external_attack,63.7,11
2025-10-29,China,regional_spillover,60.8,11
2025-10-30,China,internal_violence,57.7,9
2025-10-30,China,repression,54.9,11
2025-10-30,China,domestic_attack,45.6,7
2025-10-30,China,war_activity,60.0,11
2025-10-30,China,external_attack,59.8,10
2025-10-30,China,regional_spillover,59.7,9
2025-10-31,China,internal_violence,57.5,9
2025-10-31,China,repression,49.4,9
2025-10-31,China,domestic_attack,45.3,7
2025-10-31,China,war_activity,60.7,11
2025-10-31,China,external_attack,59.0,11
2025-10-31,China,regional_spillover,61.8,10
2025-11-01,China,internal_violence,59.1,10
2025-11-01,China,repression,51.0,9
2025-11-01,China,domestic_attack,48.1,8
2025-11-01,China,war_activity,61.4,9
2025-11-01,China,external_attack,60.2,12
2025-11-01,China,regional_spillover,57.9,9
2025-11-02,China,internal_violence,54.4,9
2025-11-02,China,repression,51.8,8
2025-11-02,China,domestic_attack,43.7,8
2025-11-02,China,war_activity,61.1,11
2025-11-02,China,external_attack,58.9,9
2025-11-02,China,regional_spillover,58.9,9
2025-11-03,China,internal_violence,56.3,9
2025-11-03,China,repression,49.8,10
2025-11-03,China,domestic_attack,43.7,6
2025-11-03,China,war_activity,59.0,9
2025-11-03,China,external_attack,63.0,12
2025-11-03,China,regional_spillover,59.4,9
2025-11-04,China,internal_violence,57.4,11
2025-11-04,China,repression,49.7,9
2025-11-04,China,domestic_attack,43.9,9
2025-11-04,China,war_activity,62.7,11
2025-11-04,China,external_attack,62.9,12
2025-11-04,China,regional_spillover,62.8,10
2025-11-05,China,internal_violence,59.4,10
2025-11-05,China,repression,49.7,9
2025-11-05,China,domestic_attack,49.5,7
2025-11-05,China,war_activity,59.0,11
2025-11-05,China,external_attack,61.2,9
2025-11-05,China,regional_spillover,62.5,11
2025-11-06,China,internal_violence,57.8,10
2025-11-06,China,repression,53.8,9
2025-11-06,China,domestic_attack,49.9,8
2025-11-06,China,war_activity,63.2,11
2025-11-06,China,external_attack,63.4,10
2025-11-06,China,regional_spillover,62.9,10
2025-11-07,China,internal_violence,56.6,10
2025-11-07,China,repression,50.5,7
2025-11-07,China,domestic_attack,47.4,7
2025-11-07,China,war_activity,58.6,9
2025-11-07,China,external_attack,60.0,11
2025-11-07,China,regional_spillover,61.2,10
2025-11-08,China,internal_violence,57.2,8
2025-11-08,China,repression,52.6,9
2025-11-08,China,domestic_attack,44.9,7
2025-11-08,China,war_activity,58.4,9
2025-11-08,China,external_attack,58.2,11
2025-11-08,China,regional_spillover,61.8,10
2025-11-09,China,internal_violence,55.4,8
2025-11-09,China,repression,51.9,10
2025-11-09,China,domestic_attack,44.0,7
2025-11-09,China,war_activity,59.0,9
2025-11-09,China,external_attack,62.9,10
2025-11-09,China,regional_spillover,62.4,11
2025-11-10,China,internal_violence,56.0,9
2025-11-10,China,repression,50.9,10
2025-11-10,China,domestic_attack,45.8,8
2025-11-10,China,war_activity,57.6,10
2025-11-10,China,external_attack,59.6,11
2025-11-10,China,regional_spillover,58.3,9
2025-11-11,China,internal_violence,58.1,11
2025-11-11,China,repression,52.9,8
2025-11-11,China,domestic_attack,48.1,9
2025-11-11,China,war_activity,58.4,11
2025-11-11,China,external_attack,58.4,9
2025-11-11,China,regional_spillover,61.7,9
2025-11-12,China,internal_violence,56.7,10
2025-11-12,China,repression,50.4,8
2025-11-12,China,domestic_attack,45.0,7
2025-11-12,China,war_activity,58.9,10
2025-11-12,China,external_attack,62.3,12
2025-11-12,China,regional_spillover,59.9,9
2025-11-13,China,internal_violence,60.2,11
2025-11-13,China,repression,51.3,7
2025-11-13,China,domestic_attack,48.2,8
2025-11-13,China,war_activity,63.8,11
2025-11-13,China,external_attack,62.1,11
2025-11-13,China,regional_spillover,59.8,10
2025-11-14,China,internal_violence,57.9,11
2025-11-14,China,repression,53.4,8
2025-11-14,China,domestic_attack,43.6,9
2025-11-14,China,war_activity,60.0,10
2025-11-14,China,external_attack,62.4,11
2025-11-14,China,regional_spillover,59.9,9
2025-11-15,China,internal_violence,58.5,11
2025-11-15,China,repression,50.8,10
2025-11-15,China,domestic_attack,43.5,8
2025-11-15,China,war_activity,63.1,12
2025-11-15,China,external_attack,61.4,12
2025-11-15,China,regional_spillover,59.0,9
2025-11-16,China,internal_violence,55.1,10
2025-11-16,China,repression,47.7,8
2025-11-16,China,domestic_attack,41.5,6
2025-11-16,China,war_activity,61.7,9
2025-11-16,China,external_attack,59.3,9
2025-11-16,China,regional_spillover,61.1,10
2025-11-17,China,internal_violence,55.9,9
2025-11-17,China,repression,48.7,7
2025-11-17,China,domestic_attack,43.3,9
2025-11-17,China,war_activity,58.6,11
2025-11-17,China,external_attack,62.9,12
2025-11-17,China,regional_spillover,56.8,10
2025-11-18,China,internal_violence,54.0,10
2025-11-18,China,repression,48.2,8
2025-11-18,China,domestic_attack,47.5,7
2025-11-18,China,war_activity,61.3,10
2025-11-18,China,external_attack,62.7,9
2025-11-18,China,regional_spillover,58.1,10
2025-11-19,China,internal_violence,57.6,9
2025-11-19,China,repression,51.2,8
2025-11-19,China,domestic_attack,45.3,7
2025-11-19,China,war_activity,62.4,9
2025-11-19,China,external_attack,59.3,11
2025-11-19,China,regional_spillover,62.2,10
2025-11-20,China,internal_violence,56.3,9
2025-11-20,China,repression,54.0,8
2025-11-20,China,domestic_attack,48.2,9
2025-11-20,China,war_activity,62.0,12
2025-11-20,China,external_attack,58.9,9
2025-11-20,China,regional_spillover,63.6,12
2025-11-21,China,internal_violence,57.6,9
2025-11-21,China,repression,48.6,8
2025-11-21,China,domestic_attack,45.4,9
2025-11-21,China,war_activity,57.9,10
2025-11-21,China,external_attack,61.3,10
2025-11-21,China,regional_spillover,61.7,11
2025-11-22,China,internal_violence,54.0,8
2025-11-22,China,repression,46.3,8
2025-11-22,China,domestic_attack,46.6,8
2025-11-22,China,war_activity,62.9,10
2025-11-22,China,external_attack,61.9,9
2025-11-22,China,regional_spillover,60.6,11
2025-11-23,China,internal_violence,51.7,8
2025-11-23,China,repression,49.3,7
2025-11-23,China,domestic_attack,43.7,8
2025-11-23,China,war_activity,61.3,9
2025-11-23,China,external_attack,60.7,11
2025-11-23,China,regional_spillover,57.5,9
2025-11-24,China,internal_violence,52.3,8
2025-11-24,China,repression,50.5,9
2025-11-24,China,domestic_attack,41.0,8
2025-11-24,China,war_activity,59.9,11
2025-11-24,China,external_attack,60.9,9
2025-11-24,China,regional_spillover,57.3,10
2025-11-25,China,internal_violence,56.9,10
2025-11-25,China,repression,47.5,9
2025-11-25,China,domestic_attack,46.6,9
2025-11-25,China,war_activity,60.9,9
2025-11-25,China,external_attack,59.1,10
2025-11-25,China,regional_spillover,60.5,10
2025-11-26,China,internal_violence,57.1,11
2025-11-26,China,repression,52.9,9
2025-11-26,China,domestic_attack,43.0,8
2025-11-26,China,war_activity,58.2,11
2025-11-26,China,external_attack,61.8,11
2025-11-26,China,regional_spillover,57.8,9
2025-11-27,China,internal_violence,55.1,10
2025-11-27,China,repression,49.4,9
2025-11-27,China,domestic_attack,47.5,8
2025-11-27,China,war_activity,63.1,11
2025-11-27,China,external_attack,62.0,12
2025-11-27,China,regional_spillover,60.3,11
2025-11-28,China,internal_violence,57.4,10
2025-11-28,China,repression,50.7,8
2025-11-28,China,domestic_attack,43.1,6
2025-11-28,China,war_activity,58.9,10
2025-11-28,China,external_attack,60.3,11
2025-11-28,China,regional_spillover,62.5,12
2025-11-29,China,internal_violence,51.5,7
2025-11-29,China,repression,46.2,8
2025-11-29,China,domestic_attack,44.2,8
2025-11-29,China,war_activity,58.3,9
2025-11-29,China,external_attack,60.1,11
2025-11-29,China,regional_spillover,61.2,9
2025-11-30,China,internal_violence,52.2,7
2025-11-30,China,repression,44.1,6
2025-11-30,China,domestic_attack,44.0,7
2025-11-30,China,war_activity,59.6,9
2025-11-30,China,external_attack,57.5,10
2025-11-30,China,regional_spillover,56.1,9
2025-12-01,China,internal_violence,52.6,9
2025-12-01,China,repression,44.1,6
2025-12-01,China,domestic_attack,41.5,7
2025-12-01,China,war_activity,61.8,11
2025-12-01,China,external_attack,61.8,11
2025-12-01,China,regional_spillover,59.3,10
2025-12-02,China,internal_violence,54.9,10
2025-12-02,China,repression,49.1,8
2025-12-02,China,domestic_attack,45.9,8
2025-12-02,China,war_activity,61.4,10
2025-12-02,China,external_attack,59.0,11
2025-12-02,China,regional_spillover,58.3,10
2025-12-03,China,internal_violence,57.8,9
2025-12-03,China,repression,49.8,8
2025-12-03,China,domestic_attack,41.8,9
2025-12-03,China,war_activity,62.4,11
2025-12-03,China,external_attack,62.2,10
2025-12-03,China,regional_spillover,58.5,9
2025-12-04,China,internal_violence,57.9,11
2025-12-04,China,repression,51.1,8
2025-12-04,China,domestic_attack,41.8,6
2025-12-04,China,war_activity,57.7,11
2025-12-04,China,external_attack,61.9,10
2025-12-04,China,regional_spillover,57.8,11
2025-12-05,China,internal_violence,54.1,10
2025-12-05,China,repression,47.0,8
2025-12-05,China,domestic_attack,42.6,7
2025-12-05,China,war_activity,57.1,10
2025-12-05,China,external_attack,58.4,10
2025-12-05,China,regional_spillover,60.7,12
2025-12-06,China,internal_violence,51.6,9
2025-12-06,China,repression,45.6,7
2025-12-06,China,domestic_attack,43.5,6
2025-12-06,China,war_activity,57.0,9
2025-12-06,China,external_attack,56.6,10
2025-12-06,China,regional_spillover,56.9,11
2025-12-07,China,internal_violence,52.4,10
2025-12-07,China,repression,45.6,8
2025-12-07,China,domestic_attack,39.5,6
2025-12-07,China,war_activity,56.3,9
2025-12-07,China,external_attack,56.2,9
2025-12-07,China,regional_spillover,54.3,8
2025-12-08,China,internal_violence,52.6,10
2025-12-08,China,repression,43.4,9
2025-12-08,China,domestic_attack,42.0,8
2025-12-08,China,war_activity,56.9,11
2025-12-08,China,external_attack,56.4,9
2025-12-08,China,regional_spillover,55.6,10
2025-12-09,China,internal_violence,52.3,9
2025-12-09,China,repression,43.6,7
2025-12-09,China,domestic_attack,42.4,7
2025-12-09,China,war_activity,59.1,11
2025-12-09,China,external_attack,59.7,9
2025-12-09,China,regional_spillover,58.8,11
2025-12-10,China,internal_violence,55.1,11
2025-12-10,China,repression,45.4,8
2025-12-10,China,domestic_attack,41.1,6
2025-12-10,China,war_activity,60.9,9
2025-12-10,China,external_attack,60.1,10
2025-12-10,China,regional_spillover,57.2,9
2025-12-11,China,internal_violence,56.1,9
2025-12-11,China,repression,49.2,8
2025-12-11,China,domestic_attack,44.5,9
2025-12-11,China,war_activity,58.3,9
2025-12-11,China,external_attack,61.5,11
2025-12-11,China,regional_spillover,55.9,9
2025-12-12,China,internal_violence,51.3,8
2025-12-12,China,repression,45.8,6
2025-12-12,China,domestic_attack,43.6,7
2025-12-12,China,war_activity,61.0,11
2025-12-12,China,external_attack,59.7,10
2025-12-12,China,regional_spillover,56.3,10
2025-12-13,China,internal_violence,52.2,10
2025-12-13,China,repression,45.5,9
2025-12-13,China,domestic_attack,41.8,6
2025-12-13,China,war_activity,60.7,10
2025-12-13,China,external_attack,60.8,9
2025-12-13,China,regional_spillover,58.6,9
2025-12-14,China,internal_violence,51.0,8
2025-12-14,China,repression,40.7,5
2025-12-14,China,domestic_attack,39.6,8
2025-12-14,China,war_activity,60.7,11
2025-12-14,China,external_attack,59.4,9
2025-12-14,China,regional_spillover,55.0,9
2025-12-15,China,internal_violence,48.8,7
2025-12-15,China,repression,43.1,8
2025-12-15,China,domestic_attack,39.2,7
2025-12-15,China,war_activity,58.2,9
2025-12-15,China,external_attack,59.9,12
2025-12-15,China,regional_spillover,54.4,10
2025-12-16,China,internal_violence,48.5,9
2025-12-16,China,repression,42.0,6
2025-12-16,China,domestic_attack,38.5,5
2025-12-16,China,war_activity,57.6,9
2025-12-16,China,external_attack,56.3,9
2025-12-16,China,regional_spillover,59.3,10
2025-12-17,China,internal_violence,51.7,9
2025-12-17,China,repression,43.1,7
2025-12-17,China,domestic_attack,44.1,7
2025-12-17,China,war_activity,57.3,11
2025-12-17,China,external_attack,56.2,9
2025-12-17,China,regional_spillover,55.8,10
2025-12-18,China,internal_violence,54.4,10
2025-12-18,China,repression,47.7,8
2025-12-18,China,domestic_attack,42.6,8
2025-12-18,China,war_activity,58.5,8
2025-12-18,China,external_attack,59.9,9
2025-12-18,China,regional_spillover,55.2,9
2025-12-19,China,internal_violence,52.8,8
2025-12-19,China,repression,45.0,8
2025-12-19,China,domestic_attack,38.6,7
2025-12-19,China,war_activity,59.2,10
2025-12-19,China,external_attack,56.6,11
2025-12-19,China,regional_spillover,56.1,8
2025-12-20,China,internal_violence,51.1,10
2025-12-20,China,repression,43.1,8
2025-12-20,China,domestic_attack,41.3,6
2025-12-20,China,war_activity,58.1,11
2025-12-20,China,external_attack,59.7,9
2025-12-20,China,regional_spillover,57.3,9
2025-12-21,China,internal_violence,49.2,8
2025-12-21,China,repression,39.4,5
2025-12-21,China,domestic_attack,37.7,7
2025-12-21,China,war_activity,55.2,11
2025-12-21,China,external_attack,59.0,10
2025-12-21,China,regional_spillover,55.0,10
2025-12-22,China,internal_violence,47.6,8
2025-12-22,China,repression,43.2,8
2025-12-22,China,domestic_attack,40.3,7
2025-12-22,China,war_activity,56.7,11
2025-12-22,China,external_attack,60.2,11
2025-12-22,China,regional_spillover,56.9,9
2025-12-23,China,internal_violence,51.8,8
2025-12-23,China,repression,42.0,6
2025-12-23,China,domestic_attack,39.4,6
2025-12-23,China,war_activity,56.5,11
2025-12-23,China,external_attack,59.0,11
2025-12-23,China,regional_spillover,57.5,10
2025-12-24,China,internal_violence,48.4,8
2025-12-24,China,repression,43.5,6
2025-12-24,China,domestic_attack,42.6,7
2025-12-24,China,war_activity,56.4,10
2025-12-24,China,external_attack,58.4,9
2025-12-24,China,regional_spillover,54.4,9
2025-12-25,China,internal_violence,49.8,9
2025-12-25,China,repression,43.3,8
2025-12-25,China,domestic_attack,39.0,6
2025-12-25,China,war_activity,59.4,9
2025-12-25,China,external_attack,57.8,10
2025-12-25,China,regional_spillover,59.9,9
2025-12-26,China,internal_violence,48.2,7
2025-12-26,China,repression,45.9,9
2025-12-26,China,domestic_attack,42.0,9
2025-12-26,China,war_activity,56.3,10
2025-12-26,China,external_attack,57.7,9
2025-12-26,China,regional_spillover,54.2,11
2025-12-27,China,internal_violence,46.1,7
2025-12-27,China,repression,41.4,6
2025-12-27,China,domestic_attack,38.6,8
2025-12-27,China,war_activity,55.7,10
2025-12-27,China,external_attack,57.4,11
2025-12-27,China,regional_spillover,56.0,8
2025-12-28,China,internal_violence,47.2,8
2025-12-28,China,repression,44.2,7
2025-12-28,China,domestic_attack,36.4,7
2025-12-28,China,war_activity,55.9,8
2025-12-28,China,external_attack,58.5,11
2025-12-28,China,regional_spillover,56.9,9
2025-12-29,China,internal_violence,49.8,10
2025-12-29,China,repression,40.8,6
2025-12-29,China,domestic_attack,39.3,7
2025-12-29,China,war_activity,57.6,9
2025-12-29,China,external_attack,57.3,11
2025-12-29,China,regional_spillover,55.6,10
2025-12-30,China,internal_violence,49.7,8
2025-12-30,China,repression,42.2,9
2025-12-30,China,domestic_attack,38.5,8
2025-12-30,China,war_activity,59.3,12
2025-12-30,China,external_attack,58.6,10
2025-12-30,China,regional_spillover,55.2,11
2025-12-31,China,internal_violence,49.7,10
2025-12-31,China,repression,42.9,7
2025-12-31,China,domestic_attack,39.5,7
2025-12-31,China,war_activity,58.1,11
2025-12-31,China,external_attack,61.2,10
2025-12-31,China,regional_spillover,55.3,11
2026-01-01,China,internal_violence,52.2,10
2026-01-01,China,repression,45.6,8
2026-01-01,China,domestic_attack,42.3,6
2026-01-01,China,war_activity,58.4,11
2026-01-01,China,external_attack,60.5,10
2026-01-01,China,regional_spillover,55.1,8
2026-01-02,China,internal_violence,51.5,10
2026-01-02,China,repression,42.9,7
2026-01-02,China,domestic_attack,41.7,8
2026-01-02,China,war_activity,58.2,10
2026-01-02,China,external_attack,59.7,11
2026-01-02,China,regional_spillover,55.2,10
2026-01-03,China,internal_violence,49.1,7
2026-01-03,China,repression,42.4,8
2026-01-03,China,domestic_attack,39.4,6
2026-01-03,China,war_activity,56.5,10
2026-01-03,China,external_attack,58.0,9
2026-01-03,China,regional_spillover,55.5,10
2026-01-04,China,internal_violence,49.8,8
2026-01-04,China,repression,44.1,7
2026-01-04,China,domestic_attack,38.1,7
2026-01-04,China,war_activity,55.3,11
2026-01-04,China,external_attack,57.1,9
2026-01-04,China,regional_spillover,54.8,10
2026-01-05,China,internal_violence,48.2,10
2026-01-05,China,repression,44.7,7
2026-01-05,China,domestic_attack,40.2,7
2026-01-05,China,war_activity,59.8,10
2026-01-05,China,external_attack,56.0,11
2026-01-05,China,regional_spillover,56.7,9
2026-01-06,China,internal_violence,47.8,9
2026-01-06,China,repression,42.5,7
2026-01-06,China,domestic_attack,42.3,6
2026-01-06,China,war_activity,59.3,10
2026-01-06,China,external_attack,61.2,9
2026-01-06,China,regional_spillover,54.6,10
2026-01-07,China,internal_violence,50.7,8
2026-01-07,China,repression,45.3,7
2026-01-07,China,domestic_attack,43.8,9
2026-01-07,China,war_activity,60.7,10
2026-01-07,China,external_attack,61.2,9
2026-01-07,China,regional_spillover,55.4,9
2026-01-08,China,internal_violence,54.8,10
2026-01-08,China,repression,43.8,9
2026-01-08,China,domestic_attack,41.2,7
2026-01-08,China,war_activity,57.1,9
2026-01-08,China,external_attack,60.1,12
2026-01-08,China,regional_spillover,55.6,10
2026-01-09,China,internal_violence,49.8,9
2026-01-09,China,repression,44.1,6
2026-01-09,China,domestic_attack,39.6,5
2026-01-09,China,war_activity,58.0,11
2026-01-09,China,external_attack,60.3,11
2026-01-09,China,regional_spillover,55.0,9
2026-01-10,China,internal_violence,53.0,8
2026-01-10,China,repression,42.1,8
2026-01-10,China,domestic_attack,37.7,7
2026-01-10,China,war_activity,55.7,9
2026-01-10,China,external_attack,57.2,10
2026-01-10,China,regional_spillover,54.8,9
2026-01-11,China,internal_violence,47.3,9
2026-01-11,China,repression,43.9,7
2026-01-11,China,domestic_attack,39.3,6
2026-01-11,China,war_activity,60.6,10
2026-01-11,China,external_attack,56.4,10
2026-01-11,China,regional_spillover,54.7,10
2026-01-12,China,internal_violence,50.1,9
2026-01-12,China,repression,42.9,7
2026-01-12,China,domestic_attack,42.2,9
2026-01-12,China,war_activity,59.5,9
2026-01-12,China,external_attack,60.2,10
2026-01-12,China,regional_spillover,54.0,9
2026-01-13,China,internal_violence,54.2,9
2026-01-13,China,repression,47.3,7
2026-01-13,China,domestic_attack,42.7,8
2026-01-13,China,war_activity,60.2,9
2026-01-13,China,external_attack,56.4,11
2026-01-13,China,regional_spillover,60.2,11
2026-01-14,China,internal_violence,55.0,10
2026-01-14,China,repression,45.6,9
2026-01-14,China,domestic_attack,42.0,9
2026-01-14,China,war_activity,58.6,10
2026-01-14,China,external_attack,59.9,11
2026-01-14,China,regional_spillover,60.1,12
2026-01-15,China,internal_violence,57.2,10
2026-01-15,China,repression,50.2,9
2026-01-15,China,domestic_attack,46.3,9
2026-01-15,China,war_activity,61.5,10
2026-01-15,China,external_attack,62.3,12
2026-01-15,China,regional_spillover,58.0,11
2026-01-16,China,internal_violence,53.6,10
2026-01-16,China,repression,48.5,9
2026-01-16,China,domestic_attack,42.5,6
2026-01-16,China,war_activity,60.4,12
2026-01-16,China,external_attack,62.1,11
2026-01-16,China,regional_spillover,59.7,10
2026-01-17,China,internal_violence,52.2,9
2026-01-17,China,repression,48.1,7
2026-01-17,China,domestic_attack,40.6,7
2026-01-17,China,war_activity,57.4,9
2026-01-17,China,external_attack,58.2,9
2026-01-17,China,regional_spillover,59.9,11
2026-01-18,China,internal_violence,51.2,10
2026-01-18,China,repression,46.2,7
2026-01-18,China,domestic_attack,42.2,8
2026-01-18,China,war_activity,56.6,10
2026-01-18,China,external_attack,56.9,10
2026-01-18,China,regional_spillover,55.9,11
2026-01-19,China,internal_violence,50.7,10
2026-01-19,China,repression,45.4,6
2026-01-19,China,domestic_attack,43.2,7
2026-01-19,China,war_activity,61.1,10
2026-01-19,China,external_attack,57.6,8
2026-01-19,China,regional_spillover,59.2,10
2026-01-20,China,internal_violence,55.3,8
2026-01-20,China,repression,46.9,6
2026-01-20,China,domestic_attack,44.8,7
2026-01-20,China,war_activity,60.1,9
2026-01-20,China,external_attack,61.5,9
2026-01-20,China,regional_spillover,58.5,9
2026-01-21,China,internal_violence,59.2,10
2026-01-21,China,repression,47.9,7
2026-01-21,China,domestic_attack,47.3,9
2026-01-21,China,war_activity,60.6,10
2026-01-21,China,external_attack,61.2,10
2026-01-21,China,regional_spillover,58.4,11
2026-01-22,China,internal_violence,57.5,11
2026-01-22,China,repression,52.9,9
2026-01-22,China,domestic_attack,43.9,6
2026-01-22,China,war_activity,60.8,9
2026-01-22,China,external_attack,61.5,11
2026-01-22,China,regional_spillover,59.2,11
2026-01-23,China,internal_violence,58.3,10
2026-01-23,China,repression,53.0,8
2026-01-23,China,domestic_attack,43.2,7
2026-01-23,China,war_activity,62.5,10
2026-01-23,China,external_attack,59.6,10
2026-01-23,China,regional_spillover,62.4,11
2026-01-24,China,internal_violence,56.6,9
2026-01-24,China,repression,49.4,10
2026-01-24,China,domestic_attack,45.7,7
2026-01-24,China,war_activity,57.7,10
2026-01-24,China,external_attack,62.9,11
2026-01-24,China,regional_spillover,58.3,10
2026-01-25,China,internal_violence,56.7,8
2026-01-25,China,repression,49.7,8
2026-01-25,China,domestic_attack,42.5,8
2026-01-25,China,war_activity,62.1,10
2026-01-25,China,external_attack,61.0,10
2026-01-25,China,regional_spillover,57.4,10
2026-01-26,China,internal_violence,56.6,8
2026-01-26,China,repression,50.4,9
2026-01-26,China,domestic_attack,44.6,8
2026-01-26,China,war_activity,60.6,9
2026-01-26,China,external_attack,62.2,12
2026-01-26,China,regional_spillover,63.0,12
2026-01-27,China,internal_violence,61.4,12
2026-01-27,China,repression,50.0,9
2026-01-27,China,domestic_attack,49.5,9
2026-01-27,China,war_activity,61.9,10
2026-01-27,China,external_attack,60.4,11
2026-01-27,China,regional_spillover,59.4,10
2026-01-28,China,internal_violence,61.9,10
2026-01-28,China,repression,54.1,9
2026-01-28,China,domestic_attack,48.2,8
2026-01-28,China,war_activity,61.5,9
2026-01-28,China,external_attack,59.5,10
2026-01-28,China,regional_spillover,60.9,11
2026-01-29,China,internal_violence,62.7,12
2026-01-29,China,repression,57.0,9
2026-01-29,China,domestic_attack,49.5,8
2026-01-29,China,war_activity,60.9,10
2026-01-29,China,external_attack,60.8,11
2026-01-29,China,regional_spillover,62.0,9
2026-01-30,China,internal_violence,63.0,11
2026-01-30,China,repression,51.5,7
2026-01-30,China,domestic_attack,48.9,8
2026-01-30,China,war_activity,62.2,12
2026-01-30,China,external_attack,60.3,9
2026-01-30,China,regional_spillover,62.2,12
2026-01-31,China,internal_violence,61.3,11
2026-01-31,China,repression,54.6,11
2026-01-31,China,domestic_attack,48.5,9
2026-01-31,China,war_activity,59.6,9
2026-01-31,China,external_attack,64.3,10
2026-01-31,China,regional_spillover,62.7,12
2026-02-01,China,internal_violence,57.0,10
2026-02-01,China,repression,52.6,10
2026-02-01,China,domestic_attack,45.9,7
2026-02-01,China,war_activity,60.5,11
2026-02-01,China,external_attack,61.7,11
2026-02-01,China,regional_spillover,61.6,12
2026-02-02,China,internal_violence,63.1,9
2026-02-02,China,repression,52.6,10
2026-02-02,China,domestic_attack,45.6,7
2026-02-02,China,war_activity,62.3,10
2026-02-02,China,external_attack,59.5,10
2026-02-02,China,regional_spillover,64.0,10
2026-02-03,China,internal_violence,61.6,9
2026-02-03,China,repression,55.1,10
2026-02-03,China,domestic_attack,49.6,7
2026-02-03,China,war_activity,61.0,10
2026-02-03,China,external_attack,65.0,11
2026-02-03,China,regional_spillover,66.1,11
2026-02-04,China,internal_violence,63.6,11
2026-02-04,China,repression,57.2,9
2026-02-04,China,domestic_attack,52.2,8
2026-02-04,China,war_activity,61.6,9
2026-02-04,China,external_attack,60.6,10
2026-02-04,China,regional_spillover,67.2,11
2026-02-05,China,internal_violence,64.5,11
2026-02-05,China,repression,59.7,11
2026-02-05,China,domestic_attack,52.2,8
2026-02-05,China,war_activity,64.4,12
2026-02-05,China,external_attack,66.0,12
2026-02-05,China,regional_spillover,62.1,12
2026-02-06,China,internal_violence,62.0,10
2026-02-06,China,repression,59.0,11
2026-02-06,China,domestic_attack,50.3,9
2026-02-06,China,war_activity,63.0,11
2026-02-06,China,external_attack,62.2,10
2026-02-06,China,regional_spillover,67.0,10
2026-02-07,China,internal_violence,64.3,12
2026-02-07,China,repression,55.1,10
2026-02-07,China,domestic_attack,48.2,8
2026-02-07,China,war_activity,62.7,12
2026-02-07,China,external_attack,61.8,11
2026-02-07,China,regional_spillover,63.5,12
2026-02-08,China,internal_violence,61.6,9
2026-02-08,China,repression,53.3,10
2026-02-08,China,domestic_attack,51.3,10
2026-02-08,China,war_activity,62.2,12
2026-02-08,China,external_attack,61.5,11
2026-02-08,China,regional_spillover,61.8,11
2026-02-09,China,internal_violence,61.0,10
2026-02-09,China,repression,54.4,9
2026-02-09,China,domestic_attack,50.8,8
2026-02-09,China,war_activity,61.1,12
2026-02-09,China,external_attack,62.6,10
2026-02-09,China,regional_spillover,65.9,12
2026-02-10,China,internal_violence,66.0,10
2026-02-10,China,repression,56.1,9
2026-02-10,China,domestic_attack,50.8,9
2026-02-10,China,war_activity,62.6,12
2026-02-10,China,external_attack,65.9,13
2026-02-10,China,regional_spillover,64.5,11
2026-02-11,China,internal_violence,69.1,12
2026-02-11,China,repression,60.9,9
2026-02-11,China,domestic_attack,53.0,8
2026-02-11,China,war_activity,62.5,11
2026-02-11,China,external_attack,61.1,9
2026-02-11,China,regional_spillover,65.3,10
2026-02-12,China,internal_violence,70.1,12
2026-02-12,China,repression,57.5,10
2026-02-12,China,domestic_attack,55.0,11
2026-02-12,China,war_activity,62.8,11
2026-02-12,China,external_attack,62.3,11
2026-02-12,China,regional_spillover,68.4,11
2026-02-13,China,internal_violence,65.3,12
2026-02-13,China,repression,60.3,11
2026-02-13,China,domestic_attack,51.0,9
2026-02-13,China,war_activity,66.2,12
2026-02-13,China,external_attack,66.4,12
2026-02-13,China,regional_spillover,67.7,10
2026-02-14,China,internal_violence,63.2,10
2026-02-14,China,repression,58.8,11
2026-02-14,China,domestic_attack,54.5,11
2026-02-14,China,war_activity,61.6,11
2026-02-14,China,external_attack,63.8,10
2026-02-14,China,regional_spillover,66.2,11
2026-02-15,China,internal_violence,66.7,10
2026-02-15,China,repression,54.1,10
2026-02-15,China,domestic_attack,50.5,9
2026-02-15,China,war_activity,63.1,10
2026-02-15,China,external_attack,64.5,11
2026-02-15,China,regional_spillover,63.2,12
2026-02-16,China,internal_violence,62.4,12
2026-02-16,China,repression,55.2,9
2026-02-16,China,domestic_attack,54.3,8
2026-02-16,China,war_activity,62.6,10
2026-02-16,China,external_attack,61.4,11
2026-02-16,China,regional_spillover,62.7,12
2026-02-17,China,internal_violence,66.9,11
2026-02-17,China,repression,60.0,11
2026-02-17,China,domestic_attack,55.8,11
2026-02-17,China,war_activity,66.2,10
2026-02-17,China,external_attack,64.7,10
2026-02-17,China,regional_spillover,63.5,9
2026-02-18,China,internal_violence,65.6,12
2026-02-18,China,repression,57.2,10
2026-02-18,China,domestic_attack,52.5,8
2026-02-18,China,war_activity,65.3,12
2026-02-18,China,external_attack,62.5,10
2026-02-18,China,regional_spillover,65.2,12
2026-02-19,China,internal_violence,66.8,11
2026-02-19,China,repression,62.7,11
2026-02-19,China,domestic_attack,55.1,9
2026-02-19,China,war_activity,65.4,11
2026-02-19,China,external_attack,63.3,10
2026-02-19,China,regional_spillover,66.6,10
2026-02-20,China,internal_violence,64.9,12
2026-02-20,China,repression,57.5,10
2026-02-20,China,domestic_attack,53.3,10
2026-02-20,China,war_activity,66.1,11
2026-02-20,China,external_attack,66.6,11
2026-02-20,China,regional_spillover,64.8,12
2026-02-21,China,internal_violence,67.6,11
2026-02-21,China,repression,57.7,9
2026-02-21,China,domestic_attack,54.1,8
2026-02-21,China,war_activity,63.3,9
2026-02-21,China,external_attack,62.7,11
2026-02-21,China,regional_spillover,66.8,12
2026-02-22,China,internal_violence,63.2,10
2026-02-22,China,repression,55.8,9
2026-02-22,China,domestic_attack,51.8,10
2026-02-22,China,war_activity,63.1,11
2026-02-22,China,external_attack,61.5,10
2026-02-22,China,regional_spillover,67.2,11
2026-02-23,China,internal_violence,65.3,12
2026-02-23,China,repression,54.5,9
2026-02-23,China,domestic_attack,48.8,7
2026-02-23,China,war_activity,62.5,10
2026-02-23,China,external_attack,65.7,12
2026-02-23,China,regional_spillover,66.3,12
2026-02-24,China,internal_violence,63.0,12
2026-02-24,China,repression,58.3,11
2026-02-24,China,domestic_attack,50.0,8
2026-02-24,China,war_activity,65.3,13
2026-02-24,China,external_attack,62.0,12
2026-02-24,China,regional_spillover,63.0,12
2026-02-25,China,internal_violence,66.0,12
2026-02-25,China,repression,59.9,10
2026-02-25,China,domestic_attack,52.4,8
2026-02-25,China,war_activity,66.2,11
2026-02-25,China,external_attack,66.5,12
2026-02-25,China,regional_spillover,64.3,12
2026-02-26,China,internal_violence,68.4,12
2026-02-26,China,repression,60.9,10
2026-02-26,China,domestic_attack,51.9,8
2026-02-26,China,war_activity,65.4,10
2026-02-26,China,external_attack,66.1,10
2026-02-26,China,regional_spillover,66.4,10
2026-02-27,China,internal_violence,66.2,11
2026-02-27,China,repression,60.5,11
2026-02-27,China,domestic_attack,52.3,10
2026-02-27,China,war_activity,61.1,11
2026-02-27,China,external_attack,63.4,10
2026-02-27,China,regional_spillover,63.4,12
2026-02-28,China,internal_violence,62.4,11
2026-02-28,China,repression,55.7,9
2026-02-28,China,domestic_attack,53.3,10
2026-02-28,China,war_activity,61.8,12
2026-02-28,China,external_attack,62.3,12
2026-02-28,China,regional_spillover,66.2,10
2026-03-01,China,internal_violence,61.8,11
2026-03-01,China,repression,55.6,10
2026-03-01,China,domestic_attack,50.4,7
2026-03-01,China,war_activity,62.4,10
2026-03-01,China,external_attack,65.0,10
2026-03-01,China,regional_spillover,63.1,10
2026-03-02,China,internal_violence,63.7,10
2026-03-02,China,repression,57.0,11
2026-03-02,China,domestic_attack,49.3,10
2026-03-02,China,war_activity,59.9,12
2026-03-02,China,external_attack,61.7,10
2026-03-02,China,regional_spillover,63.0,11
2026-03-03,China,internal_violence,65.5,11
2026-03-03,China,repression,57.6,8
2026-03-03,China,domestic_attack,50.0,10
2026-03-03,China,war_activity,64.5,12
2026-03-03,China,external_attack,62.3,10
2026-03-03,China,regional_spillover,61.6,10
2026-03-04,China,internal_violence,64.8,10
2026-03-04,China,repression,54.5,10
2026-03-04,China,domestic_attack,52.9,9
2026-03-04,China,war_activity,65.6,12
2026-03-04,China,external_attack,64.8,11
2026-03-04,China,regional_spillover,63.9,10
2026-03-05,China,internal_violence,66.5,12
2026-03-05,China,repression,54.6,8
2026-03-05,China,domestic_attack,50.8,9
2026-03-05,China,war_activity,62.7,12
2026-03-05,China,external_attack,60.5,9
2026-03-05,China,regional_spillover,64.0,11
2026-03-06,China,internal_violence,62.4,12
2026-03-06,China,repression,54.8,11
2026-03-06,China,domestic_attack,49.2,8
2026-03-06,China,war_activity,60.9,9
2026-03-06,China,external_attack,63.2,10
2026-03-06,China,regional_spillover,65.6,11
2026-03-07,China,internal_violence,59.2,11
2026-03-07,China,repression,52.4,8
2026-03-07,China,domestic_attack,49.0,8
2026-03-07,China,war_activity,60.4,12
2026-03-07,China,external_attack,62.7,11
2026-03-07,China,regional_spillover,64.9,10
2026-03-08,China,internal_violence,58.2,10
2026-03-08,China,repression,49.8,8
2026-03-08,China,domestic_attack,49.8,8
2026-03-08,China,war_activity,60.3,10
2026-03-08,China,external_attack,64.1,12
2026-03-08,China,regional_spillover,64.2,10
2026-03-09,China,internal_violence,57.0,10
2026-03-09,China,repression,54.0,9
2026-03-09,China,domestic_attack,49.6,8
2026-03-09,China,war_activity,63.7,12
2026-03-09,China,external_attack,61.2,9
2026-03-09,China,regional_spillover,59.6,11
2026-03-10,China,internal_violence,62.1,11
2026-03-10,China,repression,55.2,10
2026-03-10,China,domestic_attack,50.8,9
2026-03-10,China,war_activity,62.1,10
2026-03-10,China,external_attack,62.3,9
2026-03-10,China,regional_spillover,61.4,10
2026-03-11,China,internal_violence,63.1,10
2026-03-11,China,repression,55.7,9
2026-03-11,China,domestic_attack,47.7,7
2026-03-11,China,war_activity,64.0,10
2026-03-11,China,external_attack,60.3,11
2026-03-11,China,regional_spillover,64.9,11
2026-03-12,China,internal_violence,58.1,11
2026-03-12,China,repression,56.5,10
2026-03-12,China,domestic_attack,46.9,7
2026-03-12,China,war_activity,59.2,10
2026-03-12,China,external_attack,62.9,12
2026-03-12,China,regional_spillover,60.1,11
2026-03-13,China,internal_violence,58.3,10
2026-03-13,China,repression,51.5,10
2026-03-13,China,domestic_attack,45.0,9
2026-03-13,China,war_activity,60.8,10
2026-03-13,China,external_attack,62.8,10
2026-03-13,China,regional_spillover,61.7,11
2026-03-14,China,internal_violence,55.8,9
2026-03-14,China,repression,51.6,9
2026-03-14,China,domestic_attack,45.7,8
2026-03-14,China,war_activity,63.4,11
2026-03-14,China,external_attack,59.2,10
2026-03-14,China,regional_spillover,60.1,9
2026-03-15,China,internal_violence,53.9,9
2026-03-15,China,repression,46.8,9
2026-03-15,China,domestic_attack,42.2,9
2026-03-15,China,war_activity,58.7,11
2026-03-15,China,external_attack,62.6,12
2026-03-15,China,regional_spillover,57.5,11
2026-03-16,China,internal_violence,53.9,9
2026-03-16,China,repression,48.5,7
2026-03-16,China,domestic_attack,44.2,9
2026-03-16,China,war_activity,60.0,11
2026-03-16,China,external_attack,62.4,10
2026-03-16,China,regional_spillover,60.3,10
2026-03-17,China,internal_violence,53.9,10
2026-03-17,China,repression,50.8,9
2026-03-17,China,domestic_attack,46.9,8
2026-03-17,China,war_activity,58.0,10
2026-03-17,China,external_attack,63.0,11
2026-03-17,China,regional_spillover,60.8,11
2026-03-18,China,internal_violence,58.6,10
2026-03-18,China,repression,51.7,10
2026-03-18,China,domestic_attack,47.0,7
2026-03-18,China,war_activity,61.7,10
2026-03-18,China,external_attack,62.0,9
2026-03-18,China,regional_spillover,60.2,11
2026-03-19,China,internal_violence,54.5,9
2026-03-19,China,repression,53.2,9
2026-03-19,China,domestic_attack,46.3,7
2026-03-19,China,war_activity,60.1,10
2026-03-19,China,external_attack,62.0,12
2026-03-19,China,regional_spillover,61.3,10
2026-03-20,China,internal_violence,55.2,9
2026-03-20,China,repression,46.8,9
2026-03-20,China,domestic_attack,42.7,6
2026-03-20,China,war_activity,58.1,8
2026-03-20,China,external_attack,59.7,9
2026-03-20,China,regional_spillover,57.2,9
2026-03-21,China,internal_violence,50.8,8
2026-03-21,China,repression,45.9,9
2026-03-21,China,domestic_attack,40.9,8
2026-03-21,China,war_activity,59.8,11
2026-03-21,China,external_attack,58.5,11
2026-03-21,China,regional_spillover,60.4,10
2026-03-22,China,internal_violence,54.0,9
2026-03-22,China,repression,43.2,9
2026-03-22,China,domestic_attack,38.8,7
2026-03-22,China,war_activity,57.5,9
2026-03-22,China,external_attack,58.3,11
2026-03-22,China,regional_spillover,59.4,10
2026-03-23,China,internal_violence,51.4,9
2026-03-23,China,repression,48.5,9
2026-03-23,China,domestic_attack,43.8,9
2026-03-23,China,war_activity,60.7,11
2026-03-23,China,external_attack,57.6,8
2026-03-23,China,regional_spillover,57.8,10
2026-03-24,China,internal_violence,50.7,9
2026-03-24,China,repression,45.0,9
2026-03-24,China,domestic_attack,44.4,8
2026-03-24,China,war_activity,61.7,10
2026-03-24,China,external_attack,59.7,10
2026-03-24,China,regional_spillover,59.3,10
2026-03-25,China,internal_violence,54.2,9
2026-03-25,China,repression,46.0,7
2026-03-25,China,domestic_attack,44.7,9
2026-03-25,China,war_activity,60.0,9
2026-03-25,China,external_attack,58.7,10
2026-03-25,China,regional_spillover,58.2,11
2026-03-26,China,internal_violence,51.6,8
2026-03-26,China,repression,47.1,8
2026-03-26,China,domestic_attack,44.4,6
2026-03-26,China,war_activity,59.2,10
2026-03-26,China,external_attack,61.4,9
2026-03-26,China,regional_spillover,57.0,8
2026-03-27,China,internal_violence,52.4,10
2026-03-27,China,repression,48.6,9
2026-03-27,China,domestic_attack,39.7,7
2026-03-27,China,war_activity,62.0,9
2026-03-27,China,external_attack,61.0,11
2026-03-27,China,regional_spillover,56.9,8
2026-03-28,China,internal_violence,52.7,9
2026-03-28,China,repression,45.2,8
2026-03-28,China,domestic_attack,42.4,7
2026-03-28,China,war_activity,59.9,11
2026-03-28,China,external_attack,58.8,11
2026-03-28,China,regional_spillover,56.9,9
2026-03-29,China,internal_violence,50.6,8
2026-03-29,China,repression,44.4,9
2026-03-29,China,domestic_attack,40.3,7
2026-03-29,China,war_activity,58.1,10
2026-03-29,China,external_attack,56.1,10
2026-03-29,China,regional_spillover,55.8,11
2026-03-30,China,internal_violence,48.6,9
2026-03-30,China,repression,44.5,7
2026-03-30,China,domestic_attack,37.8,5
2026-03-30,China,war_activity,60.6,9
2026-03-30,China,external_attack,60.1,11
2026-03-30,China,regional_spillover,58.2,11
2026-03-31,China,internal_violence,51.5,9
2026-03-31,China,repression,46.2,7
2026-03-31,China,domestic_attack,40.4,7
2026-03-31,China,war_activity,55.9,9
2026-03-31,China,external_attack,60.8,9
2026-03-31,China,regional_spillover,58.2,10
2026-04-01,China,internal_violence,51.3,10
2026-04-01,China,repression,47.2,9
2026-04-01,China,domestic_attack,39.3,7
2026-04-01,China,war_activity,60.2,11
2026-04-01,China,external_attack,58.4,10
2026-04-01,China,regional_spillover,56.8,9
2026-04-02,China,internal_violence,53.9,8
2026-04-02,China,repression,45.5,7
2026-04-02,China,domestic_attack,44.0,6
2026-04-02,China,war_activity,59.9,11
2026-04-02,China,external_attack,61.4,11
2026-04-02,China,regional_spillover,56.6,10
2026-04-03,China,internal_violence,50.0,9
2026-04-03,China,repression,43.9,7
2026-04-03,China,domestic_attack,39.2,8
2026-04-03,China,war_activity,56.2,9
2026-04-03,China,external_attack,58.9,9
2026-04-03,China,regional_spillover,56.7,10
2026-04-04,China,internal_violence,51.4,8
2026-04-04,China,repression,43.9,8
2026-04-04,China,domestic_attack,40.2,7
2026-04-04,China,war_activity,56.0,10
2026-04-04,China,external_attack,57.6,8
2026-04-04,China,regional_spillover,57.0,9
2026-04-05,China,internal_violence,46.9,7
2026-04-05,China,repression,41.7,7
2026-04-05,China,domestic_attack,36.5,5
2026-04-05,China,war_activity,60.3,9
2026-04-05,China,external_attack,60.4,9
2026-04-05,China,regional_spillover,56.7,10
2026-04-06,China,internal_violence,48.0,7
2026-04-06,China,repression,44.8,9
2026-04-06,China,domestic_attack,39.9,5
2026-04-06,China,war_activity,55.1,9
2026-04-06,China,external_attack,59.9,9
2026-04-06,China,regional_spillover,53.1,8
2026-04-07,China,internal_violence,48.2,9
2026-04-07,China,repression,43.8,8
2026-04-07,China,domestic_attack,40.5,8
2026-04-07,China,war_activity,60.0,10
2026-04-07,China,external_attack,61.1,9
2026-04-07,China,regional_spillover,56.8,11
2026-04-08,China,internal_violence,53.8,8
2026-04-08,China,repression,44.3,8
2026-04-08,China,domestic_attack,41.6,7
2026-04-08,China,war_activity,57.4,10
2026-04-08,China,external_attack,59.6,11
2026-04-08,China,regional_spillover,58.5,11
2026-04-09,China,internal_violence,52.1,9
2026-04-09,China,repression,47.1,6
2026-04-09,China,domestic_attack,40.1,6
2026-04-09,China,war_activity,59.1,9
2026-04-09,China,external_attack,61.8,10
2026-04-09,China,regional_spillover,56.3,10
2026-04-10,China,internal_violence,50.3,9
2026-04-10,China,repression,46.6,7
2026-04-10,China,domestic_attack,40.4,5
2026-04-10,China,war_activity,58.0,9
2026-04-10,China,external_attack,56.3,9
2026-04-10,China,regional_spillover,57.1,11
2026-04-11,China,internal_violence,49.3,10
2026-04-11,China,repression,44.6,6
2026-04-11,China,domestic_attack,37.7,5
2026-04-11,China,war_activity,59.1,9
2026-04-11,China,external_attack,56.0,9
2026-04-11,China,regional_spillover,55.9,9
2026-04-12,China,internal_violence,49.6,8
2026-04-12,China,repression,43.1,7
2026-04-12,China,domestic_attack,39.4,6
2026-04-12,China,war_activity,58.4,9
2026-04-12,China,external_attack,55.8,9
2026-04-12,China,regional_spillover,53.7,8
2025-04-22,Taiwan,internal_violence,55.0,8
2025-04-22,Taiwan,repression,48.2,9
2025-04-22,Taiwan,domestic_attack,45.6,8
2025-04-22,Taiwan,war_activity,69.5,12
2025-04-22,Taiwan,external_attack,70.4,12
2025-04-22,Taiwan,regional_spillover,68.2,12
2025-04-23,Taiwan,internal_violence,60.9,11
2025-04-23,Taiwan,repression,52.2,10
2025-04-23,Taiwan,domestic_attack,49.3,9
2025-04-23,Taiwan,war_activity,67.0,12
2025-04-23,Taiwan,external_attack,70.6,13
2025-04-23,Taiwan,regional_spillover,67.8,13
2025-04-24,Taiwan,internal_violence,60.7,9
2025-04-24,Taiwan,repression,51.2,10
2025-04-24,Taiwan,domestic_attack,47.3,7
2025-04-24,Taiwan,war_activity,68.1,11
2025-04-24,Taiwan,external_attack,70.5,11
2025-04-24,Taiwan,regional_spillover,66.9,13
2025-04-25,Taiwan,internal_violence,60.3,11
2025-04-25,Taiwan,repression,52.3,8
2025-04-25,Taiwan,domestic_attack,47.5,8
2025-04-25,Taiwan,war_activity,66.4,11
2025-04-25,Taiwan,external_attack,68.5,11
2025-04-25,Taiwan,regional_spillover,65.5,12
2025-04-26,Taiwan,internal_violence,55.5,9
2025-04-26,Taiwan,repression,51.5,9
2025-04-26,Taiwan,domestic_attack,47.4,9
2025-04-26,Taiwan,war_activity,66.7,12
2025-04-26,Taiwan,external_attack,67.4,10
2025-04-26,Taiwan,regional_spillover,68.2,11
2025-04-27,Taiwan,internal_violence,56.9,9
2025-04-27,Taiwan,repression,47.2,9
2025-04-27,Taiwan,domestic_attack,42.9,7
2025-04-27,Taiwan,war_activity,69.7,12
2025-04-27,Taiwan,external_attack,67.5,10
2025-04-27,Taiwan,regional_spillover,64.2,10
2025-04-28,Taiwan,internal_violence,59.1,9
2025-04-28,Taiwan,repression,51.4,7
2025-04-28,Taiwan,domestic_attack,44.4,7
2025-04-28,Taiwan,war_activity,68.5,11
2025-04-28,Taiwan,external_attack,66.4,13
2025-04-28,Taiwan,regional_spillover,65.9,10
2025-04-29,Taiwan,internal_violence,59.1,10
2025-04-29,Taiwan,repression,49.9,8
2025-04-29,Taiwan,domestic_attack,46.2,6
2025-04-29,Taiwan,war_activity,69.5,13
2025-04-29,Taiwan,external_attack,66.7,10
2025-04-29,Taiwan,regional_spillover,68.8,13
2025-04-30,Taiwan,internal_violence,62.4,12
2025-04-30,Taiwan,repression,53.3,10
2025-04-30,Taiwan,domestic_attack,47.7,8
2025-04-30,Taiwan,war_activity,71.6,13
2025-04-30,Taiwan,external_attack,70.1,13
2025-04-30,Taiwan,regional_spillover,70.0,11
2025-05-01,Taiwan,internal_violence,58.2,9
2025-05-01,Taiwan,repression,51.4,8
2025-05-01,Taiwan,domestic_attack,50.5,8
2025-05-01,Taiwan,war_activity,72.2,11
2025-05-01,Taiwan,external_attack,70.8,11
2025-05-01,Taiwan,regional_spillover,65.7,11
2025-05-02,Taiwan,internal_violence,62.1,10
2025-05-02,Taiwan,repression,54.4,8
2025-05-02,Taiwan,domestic_attack,48.1,8
2025-05-02,Taiwan,war_activity,70.7,11
2025-05-02,Taiwan,external_attack,69.0,11
2025-05-02,Taiwan,regional_spillover,66.6,12
2025-05-03,Taiwan,internal_violence,58.5,10
2025-05-03,Taiwan,repression,54.1,10
2025-05-03,Taiwan,domestic_attack,46.9,8
2025-05-03,Taiwan,war_activity,67.2,12
2025-05-03,Taiwan,external_attack,68.5,10
2025-05-03,Taiwan,regional_spillover,68.4,11
2025-05-04,Taiwan,internal_violence,57.8,10
2025-05-04,Taiwan,repression,51.8,9
2025-05-04,Taiwan,domestic_attack,49.1,9
2025-05-04,Taiwan,war_activity,70.0,13
2025-05-04,Taiwan,external_attack,70.6,11
2025-05-04,Taiwan,regional_spillover,69.0,13
2025-05-05,Taiwan,internal_violence,60.7,11
2025-05-05,Taiwan,repression,52.2,8
2025-05-05,Taiwan,domestic_attack,46.3,8
2025-05-05,Taiwan,war_activity,69.2,11
2025-05-05,Taiwan,external_attack,71.4,12
2025-05-05,Taiwan,regional_spillover,68.8,11
2025-05-06,Taiwan,internal_violence,61.2,11
2025-05-06,Taiwan,repression,52.6,9
2025-05-06,Taiwan,domestic_attack,47.9,7
2025-05-06,Taiwan,war_activity,67.1,11
2025-05-06,Taiwan,external_attack,67.5,11
2025-05-06,Taiwan,regional_spillover,64.7,12
2025-05-07,Taiwan,internal_violence,60.3,10
2025-05-07,Taiwan,repression,53.6,9
2025-05-07,Taiwan,domestic_attack,47.2,7
2025-05-07,Taiwan,war_activity,72.0,13
2025-05-07,Taiwan,external_attack,69.7,11
2025-05-07,Taiwan,regional_spillover,68.1,11
2025-05-08,Taiwan,internal_violence,63.5,12
2025-05-08,Taiwan,repression,53.5,10
2025-05-08,Taiwan,domestic_attack,47.0,9
2025-05-08,Taiwan,war_activity,72.6,12
2025-05-08,Taiwan,external_attack,69.7,13
2025-05-08,Taiwan,regional_spillover,67.3,11
2025-05-09,Taiwan,internal_violence,59.1,11
2025-05-09,Taiwan,repression,52.6,8
2025-05-09,Taiwan,domestic_attack,51.2,10
2025-05-09,Taiwan,war_activity,68.5,12
2025-05-09,Taiwan,external_attack,71.7,12
2025-05-09,Taiwan,regional_spillover,65.8,11
2025-05-10,Taiwan,internal_violence,61.6,9
2025-05-10,Taiwan,repression,50.4,10
2025-05-10,Taiwan,domestic_attack,45.3,7
2025-05-10,Taiwan,war_activity,68.7,13
2025-05-10,Taiwan,external_attack,69.9,12
2025-05-10,Taiwan,regional_spillover,68.4,11
2025-05-11,Taiwan,internal_violence,60.1,9
2025-05-11,Taiwan,repression,50.7,10
2025-05-11,Taiwan,domestic_attack,48.2,7
2025-05-11,Taiwan,war_activity,68.2,10
2025-05-11,Taiwan,external_attack,66.9,10
2025-05-11,Taiwan,regional_spillover,67.5,12
2025-05-12,Taiwan,internal_violence,57.0,9
2025-05-12,Taiwan,repression,51.1,7
2025-05-12,Taiwan,domestic_attack,50.1,8
2025-05-12,Taiwan,war_activity,67.4,13
2025-05-12,Taiwan,external_attack,67.4,13
2025-05-12,Taiwan,regional_spillover,68.2,13
2025-05-13,Taiwan,internal_violence,63.3,10
2025-05-13,Taiwan,repression,55.5,10
2025-05-13,Taiwan,domestic_attack,47.2,8
2025-05-13,Taiwan,war_activity,70.6,13
2025-05-13,Taiwan,external_attack,67.3,12
2025-05-13,Taiwan,regional_spillover,69.5,11
2025-05-14,Taiwan,internal_violence,61.9,12
2025-05-14,Taiwan,repression,56.0,8
2025-05-14,Taiwan,domestic_attack,52.5,7
2025-05-14,Taiwan,war_activity,72.2,12
2025-05-14,Taiwan,external_attack,71.0,13
2025-05-14,Taiwan,regional_spillover,67.6,11
2025-05-15,Taiwan,internal_violence,64.8,12
2025-05-15,Taiwan,repression,54.8,8
2025-05-15,Taiwan,domestic_attack,48.9,9
2025-05-15,Taiwan,war_activity,71.2,13
2025-05-15,Taiwan,external_attack,72.8,13
2025-05-15,Taiwan,regional_spillover,67.6,12
2025-05-16,Taiwan,internal_violence,62.9,9
2025-05-16,Taiwan,repression,55.7,11
2025-05-16,Taiwan,domestic_attack,46.9,8
2025-05-16,Taiwan,war_activity,72.0,11
2025-05-16,Taiwan,external_attack,71.7,11
2025-05-16,Taiwan,regional_spillover,65.9,12
2025-05-17,Taiwan,internal_violence,60.0,9
2025-05-17,Taiwan,repression,53.6,10
2025-05-17,Taiwan,domestic_attack,48.3,7
2025-05-17,Taiwan,war_activity,69.5,10
2025-05-17,Taiwan,external_attack,68.1,13
2025-05-17,Taiwan,regional_spillover,69.0,12
2025-05-18,Taiwan,internal_violence,57.6,8
2025-05-18,Taiwan,repression,53.5,10
2025-05-18,Taiwan,domestic_attack,49.4,9
2025-05-18,Taiwan,war_activity,67.4,11
2025-05-18,Taiwan,external_attack,70.0,13
2025-05-18,Taiwan,regional_spillover,67.8,12
2025-05-19,Taiwan,internal_violence,56.5,10
2025-05-19,Taiwan,repression,49.5,8
2025-05-19,Taiwan,domestic_attack,49.9,9
2025-05-19,Taiwan,war_activity,70.3,12
2025-05-19,Taiwan,external_attack,67.0,12
2025-05-19,Taiwan,regional_spillover,65.4,11
2025-05-20,Taiwan,internal_violence,62.2,10
2025-05-20,Taiwan,repression,53.5,8
2025-05-20,Taiwan,domestic_attack,49.8,8
2025-05-20,Taiwan,war_activity,71.4,13
2025-05-20,Taiwan,external_attack,70.5,12
2025-05-20,Taiwan,regional_spillover,69.2,13
2025-05-21,Taiwan,internal_violence,63.2,12
2025-05-21,Taiwan,repression,54.3,9
2025-05-21,Taiwan,domestic_attack,50.7,8
2025-05-21,Taiwan,war_activity,69.5,12
2025-05-21,Taiwan,external_attack,72.6,12
2025-05-21,Taiwan,regional_spillover,67.4,11
2025-05-22,Taiwan,internal_violence,62.0,11
2025-05-22,Taiwan,repression,52.7,10
2025-05-22,Taiwan,domestic_attack,50.6,8
2025-05-22,Taiwan,war_activity,71.7,12
2025-05-22,Taiwan,external_attack,69.0,13
2025-05-22,Taiwan,regional_spillover,66.0,12
2025-05-23,Taiwan,internal_violence,63.3,12
2025-05-23,Taiwan,repression,54.6,8
2025-05-23,Taiwan,domestic_attack,46.1,7
2025-05-23,Taiwan,war_activity,70.9,13
2025-05-23,Taiwan,external_attack,68.5,13
2025-05-23,Taiwan,regional_spillover,68.0,13
2025-05-24,Taiwan,internal_violence,60.1,10
2025-05-24,Taiwan,repression,50.6,10
2025-05-24,Taiwan,domestic_attack,47.1,7
2025-05-24,Taiwan,war_activity,66.8,10
2025-05-24,Taiwan,external_attack,66.5,11
2025-05-24,Taiwan,regional_spillover,68.9,12
2025-05-25,Taiwan,internal_violence,57.3,9
2025-05-25,Taiwan,repression,52.5,9
2025-05-25,Taiwan,domestic_attack,47.0,9
2025-05-25,Taiwan,war_activity,67.3,10
2025-05-25,Taiwan,external_attack,71.0,13
2025-05-25,Taiwan,regional_spillover,65.3,11
2025-05-26,Taiwan,internal_violence,60.4,11
2025-05-26,Taiwan,repression,53.8,10
2025-05-26,Taiwan,domestic_attack,45.5,7
2025-05-26,Taiwan,war_activity,66.5,13
2025-05-26,Taiwan,external_attack,69.8,12
2025-05-26,Taiwan,regional_spillover,69.0,12
2025-05-27,Taiwan,internal_violence,58.6,11
2025-05-27,Taiwan,repression,53.9,10
2025-05-27,Taiwan,domestic_attack,45.7,6
2025-05-27,Taiwan,war_activity,69.7,11
2025-05-27,Taiwan,external_attack,68.2,11
2025-05-27,Taiwan,regional_spillover,67.0,11
2025-05-28,Taiwan,internal_violence,61.2,11
2025-05-28,Taiwan,repression,53.5,8
2025-05-28,Taiwan,domestic_attack,47.9,7
2025-05-28,Taiwan,war_activity,70.1,13
2025-05-28,Taiwan,external_attack,67.5,12
2025-05-28,Taiwan,regional_spillover,68.2,11
2025-05-29,Taiwan,internal_violence,59.8,10
2025-05-29,Taiwan,repression,54.7,11
2025-05-29,Taiwan,domestic_attack,47.0,8
2025-05-29,Taiwan,war_activity,71.5,12
2025-05-29,Taiwan,external_attack,70.5,12
2025-05-29,Taiwan,regional_spillover,67.1,13
2025-05-30,Taiwan,internal_violence,59.0,11
2025-05-30,Taiwan,repression,52.3,10
2025-05-30,Taiwan,domestic_attack,47.6,9
2025-05-30,Taiwan,war_activity,70.7,11
2025-05-30,Taiwan,external_attack,71.4,13
2025-05-30,Taiwan,regional_spillover,64.6,12
2025-05-31,Taiwan,internal_violence,60.2,10
2025-05-31,Taiwan,repression,51.6,8
2025-05-31,Taiwan,domestic_attack,48.8,8
2025-05-31,Taiwan,war_activity,70.6,12
2025-05-31,Taiwan,external_attack,70.8,11
2025-05-31,Taiwan,regional_spillover,66.8,12
2025-06-01,Taiwan,internal_violence,58.0,11
2025-06-01,Taiwan,repression,48.1,8
2025-06-01,Taiwan,domestic_attack,47.3,8
2025-06-01,Taiwan,war_activity,65.8,11
2025-06-01,Taiwan,external_attack,66.6,13
2025-06-01,Taiwan,regional_spillover,63.4,10
2025-06-02,Taiwan,internal_violence,54.4,11
2025-06-02,Taiwan,repression,51.1,8
2025-06-02,Taiwan,domestic_attack,45.5,8
2025-06-02,Taiwan,war_activity,70.6,12
2025-06-02,Taiwan,external_attack,68.1,10
2025-06-02,Taiwan,regional_spillover,64.8,12
2025-06-03,Taiwan,internal_violence,59.4,11
2025-06-03,Taiwan,repression,53.9,10
2025-06-03,Taiwan,domestic_attack,49.0,8
2025-06-03,Taiwan,war_activity,66.1,10
2025-06-03,Taiwan,external_attack,71.0,13
2025-06-03,Taiwan,regional_spillover,67.5,12
2025-06-04,Taiwan,internal_violence,60.0,10
2025-06-04,Taiwan,repression,52.7,10
2025-06-04,Taiwan,domestic_attack,46.5,9
2025-06-04,Taiwan,war_activity,68.2,13
2025-06-04,Taiwan,external_attack,71.0,11
2025-06-04,Taiwan,regional_spillover,69.5,12
2025-06-05,Taiwan,internal_violence,58.1,10
2025-06-05,Taiwan,repression,53.9,10
2025-06-05,Taiwan,domestic_attack,45.6,7
2025-06-05,Taiwan,war_activity,68.6,11
2025-06-05,Taiwan,external_attack,68.6,12
2025-06-05,Taiwan,regional_spillover,68.3,12
2025-06-06,Taiwan,internal_violence,60.3,11
2025-06-06,Taiwan,repression,49.7,7
2025-06-06,Taiwan,domestic_attack,46.8,7
2025-06-06,Taiwan,war_activity,69.9,13
2025-06-06,Taiwan,external_attack,68.0,12
2025-06-06,Taiwan,regional_spillover,67.7,11
2025-06-07,Taiwan,internal_violence,57.5,10
2025-06-07,Taiwan,repression,50.8,10
2025-06-07,Taiwan,domestic_attack,44.7,8
2025-06-07,Taiwan,war_activity,68.7,13
2025-06-07,Taiwan,external_attack,66.6,13
2025-06-07,Taiwan,regional_spillover,67.9,12
2025-06-08,Taiwan,internal_violence,55.2,9
2025-06-08,Taiwan,repression,48.4,7
2025-06-08,Taiwan,domestic_attack,44.7,7
2025-06-08,Taiwan,war_activity,68.4,11
2025-06-08,Taiwan,external_attack,70.2,12
2025-06-08,Taiwan,regional_spillover,65.9,12
2025-06-09,Taiwan,internal_violence,55.3,9
2025-06-09,Taiwan,repression,50.0,7
2025-06-09,Taiwan,domestic_attack,41.2,8
2025-06-09,Taiwan,war_activity,66.1,12
2025-06-09,Taiwan,external_attack,67.9,11
2025-06-09,Taiwan,regional_spillover,64.7,11
2025-06-10,Taiwan,internal_violence,58.0,10
2025-06-10,Taiwan,repression,50.5,7
2025-06-10,Taiwan,domestic_attack,47.6,9
2025-06-10,Taiwan,war_activity,66.2,10
2025-06-10,Taiwan,external_attack,68.8,10
2025-06-10,Taiwan,regional_spillover,64.4,12
2025-06-11,Taiwan,internal_violence,59.0,11
2025-06-11,Taiwan,repression,52.3,8
2025-06-11,Taiwan,domestic_attack,46.2,8
2025-06-11,Taiwan,war_activity,68.3,10
2025-06-11,Taiwan,external_attack,70.8,13
2025-06-11,Taiwan,regional_spillover,64.0,11
2025-06-12,Taiwan,internal_violence,57.0,9
2025-06-12,Taiwan,repression,53.6,9
2025-06-12,Taiwan,domestic_attack,48.6,10
2025-06-12,Taiwan,war_activity,66.1,12
2025-06-12,Taiwan,external_attack,69.7,11
2025-06-12,Taiwan,regional_spillover,64.4,12
2025-06-13,Taiwan,internal_violence,56.7,9
2025-06-13,Taiwan,repression,50.1,8
2025-06-13,Taiwan,domestic_attack,46.1,7
2025-06-13,Taiwan,war_activity,70.0,12
2025-06-13,Taiwan,external_attack,65.7,11
2025-06-13,Taiwan,regional_spillover,67.1,10
2025-06-14,Taiwan,internal_violence,55.5,9
2025-06-14,Taiwan,repression,46.6,9
2025-06-14,Taiwan,domestic_attack,46.0,7
2025-06-14,Taiwan,war_activity,68.0,11
2025-06-14,Taiwan,external_attack,66.2,10
2025-06-14,Taiwan,regional_spillover,63.1,10
2025-06-15,Taiwan,internal_violence,53.3,11
2025-06-15,Taiwan,repression,49.6,9
2025-06-15,Taiwan,domestic_attack,43.0,8
2025-06-15,Taiwan,war_activity,66.2,11
2025-06-15,Taiwan,external_attack,67.4,10
2025-06-15,Taiwan,regional_spillover,65.5,11
2025-06-16,Taiwan,internal_violence,52.3,9
2025-06-16,Taiwan,repression,49.8,10
2025-06-16,Taiwan,domestic_attack,45.3,8
2025-06-16,Taiwan,war_activity,65.6,12
2025-06-16,Taiwan,external_attack,67.0,11
2025-06-16,Taiwan,regional_spillover,65.8,11
2025-06-17,Taiwan,internal_violence,52.0,8
2025-06-17,Taiwan,repression,51.0,10
2025-06-17,Taiwan,domestic_attack,45.0,6
2025-06-17,Taiwan,war_activity,69.6,11
2025-06-17,Taiwan,external_attack,67.3,12
2025-06-17,Taiwan,regional_spillover,66.6,10
2025-06-18,Taiwan,internal_violence,55.7,10
2025-06-18,Taiwan,repression,49.6,10
2025-06-18,Taiwan,domestic_attack,44.9,6
2025-06-18,Taiwan,war_activity,65.2,11
2025-06-18,Taiwan,external_attack,70.6,13
2025-06-18,Taiwan,regional_spillover,64.6,10
2025-06-19,Taiwan,internal_violence,58.3,10
2025-06-19,Taiwan,repression,50.0,8
2025-06-19,Taiwan,domestic_attack,43.4,7
2025-06-19,Taiwan,war_activity,68.1,11
2025-06-19,Taiwan,external_attack,69.5,11
2025-06-19,Taiwan,regional_spillover,68.0,13
2025-06-20,Taiwan,internal_violence,56.6,11
2025-06-20,Taiwan,repression,47.4,8
2025-06-20,Taiwan,domestic_attack,44.4,7
2025-06-20,Taiwan,war_activity,67.5,12
2025-06-20,Taiwan,external_attack,69.9,12
2025-06-20,Taiwan,regional_spillover,64.5,9
2025-06-21,Taiwan,internal_violence,55.0,11
2025-06-21,Taiwan,repression,48.3,8
2025-06-21,Taiwan,domestic_attack,42.2,8
2025-06-21,Taiwan,war_activity,66.6,10
2025-06-21,Taiwan,external_attack,65.7,12
2025-06-21,Taiwan,regional_spillover,64.5,10
2025-06-22,Taiwan,internal_violence,53.6,8
2025-06-22,Taiwan,repression,44.3,6
2025-06-22,Taiwan,domestic_attack,38.8,5
2025-06-22,Taiwan,war_activity,65.4,12
2025-06-22,Taiwan,external_attack,67.0,13
2025-06-22,Taiwan,regional_spillover,62.0,9
2025-06-23,Taiwan,internal_violence,51.0,9
2025-06-23,Taiwan,repression,48.6,9
2025-06-23,Taiwan,domestic_attack,44.1,6
2025-06-23,Taiwan,war_activity,68.6,10
2025-06-23,Taiwan,external_attack,64.9,11
2025-06-23,Taiwan,regional_spillover,62.7,11
2025-06-24,Taiwan,internal_violence,53.4,8
2025-06-24,Taiwan,repression,49.4,8
2025-06-24,Taiwan,domestic_attack,42.3,6
2025-06-24,Taiwan,war_activity,65.0,11
2025-06-24,Taiwan,external_attack,65.7,11
2025-06-24,Taiwan,regional_spillover,66.6,10
2025-06-25,Taiwan,internal_violence,57.0,10
2025-06-25,Taiwan,repression,49.3,7
2025-06-25,Taiwan,domestic_attack,46.7,6
2025-06-25,Taiwan,war_activity,67.6,10
2025-06-25,Taiwan,external_attack,68.4,10
2025-06-25,Taiwan,regional_spillover,67.3,11
2025-06-26,Taiwan,internal_violence,55.5,10
2025-06-26,Taiwan,repression,48.1,7
2025-06-26,Taiwan,domestic_attack,43.5,7
2025-06-26,Taiwan,war_activity,68.9,11
2025-06-26,Taiwan,external_attack,66.2,11
2025-06-26,Taiwan,regional_spillover,62.4,10
2025-06-27,Taiwan,internal_violence,53.4,10
2025-06-27,Taiwan,repression,50.3,10
2025-06-27,Taiwan,domestic_attack,43.2,7
2025-06-27,Taiwan,war_activity,68.9,10
2025-06-27,Taiwan,external_attack,67.9,13
2025-06-27,Taiwan,regional_spillover,63.7,10
2025-06-28,Taiwan,internal_violence,52.2,9
2025-06-28,Taiwan,repression,48.2,7
2025-06-28,Taiwan,domestic_attack,41.3,5
2025-06-28,Taiwan,war_activity,63.9,10
2025-06-28,Taiwan,external_attack,65.8,11
2025-06-28,Taiwan,regional_spillover,62.6,11
2025-06-29,Taiwan,internal_violence,53.2,9
2025-06-29,Taiwan,repression,45.8,9
2025-06-29,Taiwan,domestic_attack,41.3,8
2025-06-29,Taiwan,war_activity,68.5,11
2025-06-29,Taiwan,external_attack,66.3,11
2025-06-29,Taiwan,regional_spillover,61.0,12
2025-06-30,Taiwan,internal_violence,52.7,10
2025-06-30,Taiwan,repression,44.1,6
2025-06-30,Taiwan,domestic_attack,41.1,7
2025-06-30,Taiwan,war_activity,67.4,12
2025-06-30,Taiwan,external_attack,68.9,12
2025-06-30,Taiwan,regional_spillover,61.2,10
2025-07-01,Taiwan,internal_violence,52.1,8
2025-07-01,Taiwan,repression,47.9,9
2025-07-01,Taiwan,domestic_attack,43.0,6
2025-07-01,Taiwan,war_activity,68.7,12
2025-07-01,Taiwan,external_attack,67.7,10
2025-07-01,Taiwan,regional_spillover,61.3,9
2025-07-02,Taiwan,internal_violence,55.5,10
2025-07-02,Taiwan,repression,45.8,8
2025-07-02,Taiwan,domestic_attack,42.4,6
2025-07-02,Taiwan,war_activity,69.5,13
2025-07-02,Taiwan,external_attack,65.9,12
2025-07-02,Taiwan,regional_spillover,67.0,12
2025-07-03,Taiwan,internal_violence,53.2,10
2025-07-03,Taiwan,repression,49.4,9
2025-07-03,Taiwan,domestic_attack,43.9,6
2025-07-03,Taiwan,war_activity,65.6,12
2025-07-03,Taiwan,external_attack,69.2,11
2025-07-03,Taiwan,regional_spillover,65.1,12
2025-07-04,Taiwan,internal_violence,54.0,10
2025-07-04,Taiwan,repression,45.9,8
2025-07-04,Taiwan,domestic_attack,43.3,8
2025-07-04,Taiwan,war_activity,67.2,11
2025-07-04,Taiwan,external_attack,65.9,12
2025-07-04,Taiwan,regional_spillover,66.8,12
2025-07-05,Taiwan,internal_violence,51.0,9
2025-07-05,Taiwan,repression,47.8,9
2025-07-05,Taiwan,domestic_attack,39.5,6
2025-07-05,Taiwan,war_activity,68.9,11
2025-07-05,Taiwan,external_attack,65.2,12
2025-07-05,Taiwan,regional_spillover,62.3,10
2025-07-06,Taiwan,internal_violence,52.2,8
2025-07-06,Taiwan,repression,48.3,8
2025-07-06,Taiwan,domestic_attack,40.0,7
2025-07-06,Taiwan,war_activity,64.8,11
2025-07-06,Taiwan,external_attack,67.6,10
2025-07-06,Taiwan,regional_spillover,64.5,10
2025-07-07,Taiwan,internal_violence,53.2,8
2025-07-07,Taiwan,repression,45.3,7
2025-07-07,Taiwan,domestic_attack,41.7,8
2025-07-07,Taiwan,war_activity,65.4,11
2025-07-07,Taiwan,external_attack,65.2,11
2025-07-07,Taiwan,regional_spillover,63.0,10
2025-07-08,Taiwan,internal_violence,54.2,10
2025-07-08,Taiwan,repression,49.4,8
2025-07-08,Taiwan,domestic_attack,40.8,7
2025-07-08,Taiwan,war_activity,67.6,12
2025-07-08,Taiwan,external_attack,69.1,12
2025-07-08,Taiwan,regional_spillover,65.9,11
2025-07-09,Taiwan,internal_violence,55.8,9
2025-07-09,Taiwan,repression,48.1,9
2025-07-09,Taiwan,domestic_attack,44.3,8
2025-07-09,Taiwan,war_activity,68.3,12
2025-07-09,Taiwan,external_attack,69.3,11
2025-07-09,Taiwan,regional_spillover,62.6,10
2025-07-10,Taiwan,internal_violence,55.9,10
2025-07-10,Taiwan,repression,49.6,7
2025-07-10,Taiwan,domestic_attack,43.1,8
2025-07-10,Taiwan,war_activity,68.9,11
2025-07-10,Taiwan,external_attack,68.7,12
2025-07-10,Taiwan,regional_spillover,65.9,11
2025-07-11,Taiwan,internal_violence,53.8,10
2025-07-11,Taiwan,repression,51.1,7
2025-07-11,Taiwan,domestic_attack,41.8,7
2025-07-11,Taiwan,war_activity,65.3,12
2025-07-11,Taiwan,external_attack,65.8,12
2025-07-11,Taiwan,regional_spillover,62.8,11
2025-07-12,Taiwan,internal_violence,50.9,7
2025-07-12,Taiwan,repression,48.8,8
2025-07-12,Taiwan,domestic_attack,41.2,7
2025-07-12,Taiwan,war_activity,66.8,10
2025-07-12,Taiwan,external_attack,67.3,11
2025-07-12,Taiwan,regional_spillover,66.0,11
2025-07-13,Taiwan,internal_violence,50.1,10
2025-07-13,Taiwan,repression,48.0,8
2025-07-13,Taiwan,domestic_attack,43.7,8
2025-07-13,Taiwan,war_activity,68.8,13
2025-07-13,Taiwan,external_attack,65.4,12
2025-07-13,Taiwan,regional_spillover,64.9,12
2025-07-14,Taiwan,internal_violence,53.5,8
2025-07-14,Taiwan,repression,44.7,8
2025-07-14,Taiwan,domestic_attack,44.7,8
2025-07-14,Taiwan,war_activity,68.4,10
2025-07-14,Taiwan,external_attack,65.1,11
2025-07-14,Taiwan,regional_spillover,64.5,12
2025-07-15,Taiwan,internal_violence,54.5,9
2025-07-15,Taiwan,repression,50.6,9
2025-07-15,Taiwan,domestic_attack,43.6,6
2025-07-15,Taiwan,war_activity,69.4,13
2025-07-15,Taiwan,external_attack,67.6,13
2025-07-15,Taiwan,regional_spillover,64.9,11
2025-07-16,Taiwan,internal_violence,54.0,9
2025-07-16,Taiwan,repression,48.8,7
2025-07-16,Taiwan,domestic_attack,47.8,8
2025-07-16,Taiwan,war_activity,70.5,12
2025-07-16,Taiwan,external_attack,69.6,11
2025-07-16,Taiwan,regional_spillover,64.7,11
2025-07-17,Taiwan,internal_violence,54.6,10
2025-07-17,Taiwan,repression,51.8,10
2025-07-17,Taiwan,domestic_attack,44.2,6
2025-07-17,Taiwan,war_activity,70.2,11
2025-07-17,Taiwan,external_attack,67.4,10
2025-07-17,Taiwan,regional_spillover,67.0,10
2025-07-18,Taiwan,internal_violence,58.2,9
2025-07-18,Taiwan,repression,50.1,8
2025-07-18,Taiwan,domestic_attack,44.5,9
2025-07-18,Taiwan,war_activity,70.4,13
2025-07-18,Taiwan,external_attack,68.6,12
2025-07-18,Taiwan,regional_spillover,65.6,12
2025-07-19,Taiwan,internal_violence,52.5,10
2025-07-19,Taiwan,repression,51.2,10
2025-07-19,Taiwan,domestic_attack,46.7,7
2025-07-19,Taiwan,war_activity,66.3,11
2025-07-19,Taiwan,external_attack,70.5,12
2025-07-19,Taiwan,regional_spillover,62.2,12
2025-07-20,Taiwan,internal_violence,52.7,10
2025-07-20,Taiwan,repression,47.2,9
2025-07-20,Taiwan,domestic_attack,41.8,8
2025-07-20,Taiwan,war_activity,64.7,10
2025-07-20,Taiwan,external_attack,66.6,12
2025-07-20,Taiwan,regional_spillover,64.9,10
2025-07-21,Taiwan,internal_violence,52.3,9
2025-07-21,Taiwan,repression,49.3,9
2025-07-21,Taiwan,domestic_attack,41.6,6
2025-07-21,Taiwan,war_activity,67.2,12
2025-07-21,Taiwan,external_attack,66.6,12
2025-07-21,Taiwan,regional_spillover,62.3,12
2025-07-22,Taiwan,internal_violence,57.7,11
2025-07-22,Taiwan,repression,50.1,9
2025-07-22,Taiwan,domestic_attack,46.0,6
2025-07-22,Taiwan,war_activity,67.4,10
2025-07-22,Taiwan,external_attack,66.7,10
2025-07-22,Taiwan,regional_spillover,66.6,12
2025-07-23,Taiwan,internal_violence,58.6,9
2025-07-23,Taiwan,repression,50.8,10
2025-07-23,Taiwan,domestic_attack,46.3,8
2025-07-23,Taiwan,war_activity,68.4,10
2025-07-23,Taiwan,external_attack,69.5,12
2025-07-23,Taiwan,regional_spillover,67.8,13
2025-07-24,Taiwan,internal_violence,57.2,11
2025-07-24,Taiwan,repression,52.3,10
2025-07-24,Taiwan,domestic_attack,46.7,9
2025-07-24,Taiwan,war_activity,70.4,12
2025-07-24,Taiwan,external_attack,68.5,12
2025-07-24,Taiwan,regional_spillover,69.6,12
2025-07-25,Taiwan,internal_violence,57.8,10
2025-07-25,Taiwan,repression,53.6,10
2025-07-25,Taiwan,domestic_attack,47.6,7
2025-07-25,Taiwan,war_activity,67.9,10
2025-07-25,Taiwan,external_attack,66.7,10
2025-07-25,Taiwan,regional_spillover,64.5,9
2025-07-26,Taiwan,internal_violence,57.6,9
2025-07-26,Taiwan,repression,51.2,8
2025-07-26,Taiwan,domestic_attack,44.3,7
2025-07-26,Taiwan,war_activity,66.3,11
2025-07-26,Taiwan,external_attack,69.2,11
2025-07-26,Taiwan,regional_spillover,64.1,12
2025-07-27,Taiwan,internal_violence,57.1,11
2025-07-27,Taiwan,repression,50.5,7
2025-07-27,Taiwan,domestic_attack,43.1,7
2025-07-27,Taiwan,war_activity,66.6,11
2025-07-27,Taiwan,external_attack,66.2,10
2025-07-27,Taiwan,regional_spillover,63.5,9
2025-07-28,Taiwan,internal_violence,59.6,10
2025-07-28,Taiwan,repression,49.4,7
2025-07-28,Taiwan,domestic_attack,43.0,9
2025-07-28,Taiwan,war_activity,68.7,12
2025-07-28,Taiwan,external_attack,66.5,12
2025-07-28,Taiwan,regional_spillover,64.9,10
2025-07-29,Taiwan,internal_violence,57.7,10
2025-07-29,Taiwan,repression,49.1,8
2025-07-29,Taiwan,domestic_attack,46.4,8
2025-07-29,Taiwan,war_activity,68.2,10
2025-07-29,Taiwan,external_attack,70.8,13
2025-07-29,Taiwan,regional_spillover,69.2,13
2025-07-30,Taiwan,internal_violence,59.4,11
2025-07-30,Taiwan,repression,56.0,9
2025-07-30,Taiwan,domestic_attack,46.4,9
2025-07-30,Taiwan,war_activity,67.0,11
2025-07-30,Taiwan,external_attack,72.0,13
2025-07-30,Taiwan,regional_spillover,68.7,10
2025-07-31,Taiwan,internal_violence,63.6,11
2025-07-31,Taiwan,repression,53.2,10
2025-07-31,Taiwan,domestic_attack,48.4,7
2025-07-31,Taiwan,war_activity,69.2,10
2025-07-31,Taiwan,external_attack,66.9,12
2025-07-31,Taiwan,regional_spillover,69.3,12
2025-08-01,Taiwan,internal_violence,60.2,11
2025-08-01,Taiwan,repression,51.9,9
2025-08-01,Taiwan,domestic_attack,50.8,9
2025-08-01,Taiwan,war_activity,68.4,11
2025-08-01,Taiwan,external_attack,71.5,13
2025-08-01,Taiwan,regional_spillover,68.7,12
2025-08-02,Taiwan,internal_violence,57.1,9
2025-08-02,Taiwan,repression,51.9,7
2025-08-02,Taiwan,domestic_attack,46.4,9
2025-08-02,Taiwan,war_activity,71.5,12
2025-08-02,Taiwan,external_attack,66.9,12
2025-08-02,Taiwan,regional_spillover,67.0,13
2025-08-03,Taiwan,internal_violence,60.2,9
2025-08-03,Taiwan,repression,48.9,8
2025-08-03,Taiwan,domestic_attack,43.6,8
2025-08-03,Taiwan,war_activity,69.3,11
2025-08-03,Taiwan,external_attack,69.6,12
2025-08-03,Taiwan,regional_spillover,66.2,10
2025-08-04,Taiwan,internal_violence,57.8,9
2025-08-04,Taiwan,repression,52.1,10
2025-08-04,Taiwan,domestic_attack,48.1,9
2025-08-04,Taiwan,war_activity,66.1,10
2025-08-04,Taiwan,external_attack,70.2,12
2025-08-04,Taiwan,regional_spillover,68.2,12
2025-08-05,Taiwan,internal_violence,57.9,11
2025-08-05,Taiwan,repression,55.5,9
2025-08-05,Taiwan,domestic_attack,46.1,9
2025-08-05,Taiwan,war_activity,66.5,11
2025-08-05,Taiwan,external_attack,67.1,10
2025-08-05,Taiwan,regional_spillover,65.4,12
2025-08-06,Taiwan,internal_violence,61.9,11
2025-08-06,Taiwan,repression,57.3,10
2025-08-06,Taiwan,domestic_attack,52.3,8
2025-08-06,Taiwan,war_activity,69.6,12
2025-08-06,Taiwan,external_attack,72.0,11
2025-08-06,Taiwan,regional_spillover,69.6,13
2025-08-07,Taiwan,internal_violence,62.5,12
2025-08-07,Taiwan,repression,53.2,9
2025-08-07,Taiwan,domestic_attack,51.7,9
2025-08-07,Taiwan,war_activity,72.0,11
2025-08-07,Taiwan,external_attack,71.6,11
2025-08-07,Taiwan,regional_spillover,69.1,13
2025-08-08,Taiwan,internal_violence,60.4,9
2025-08-08,Taiwan,repression,52.4,8
2025-08-08,Taiwan,domestic_attack,46.9,7
2025-08-08,Taiwan,war_activity,69.2,13
2025-08-08,Taiwan,external_attack,72.0,12
2025-08-08,Taiwan,regional_spillover,67.5,10
2025-08-09,Taiwan,internal_violence,61.9,11
2025-08-09,Taiwan,repression,53.2,10
2025-08-09,Taiwan,domestic_attack,47.6,9
2025-08-09,Taiwan,war_activity,71.9,12
2025-08-09,Taiwan,external_attack,68.7,12
2025-08-09,Taiwan,regional_spillover,67.0,13
2025-08-10,Taiwan,internal_violence,61.8,10
2025-08-10,Taiwan,repression,51.2,9
2025-08-10,Taiwan,domestic_attack,45.7,8
2025-08-10,Taiwan,war_activity,68.0,13
2025-08-10,Taiwan,external_attack,71.6,12
2025-08-10,Taiwan,regional_spillover,66.5,12
2025-08-11,Taiwan,internal_violence,62.5,12
2025-08-11,Taiwan,repression,51.7,7
2025-08-11,Taiwan,domestic_attack,47.7,7
2025-08-11,Taiwan,war_activity,71.0,13
2025-08-11,Taiwan,external_attack,68.2,11
2025-08-11,Taiwan,regional_spillover,69.2,12
2025-08-12,Taiwan,internal_violence,60.8,11
2025-08-12,Taiwan,repression,54.5,9
2025-08-12,Taiwan,domestic_attack,48.8,9
2025-08-12,Taiwan,war_activity,71.9,13
2025-08-12,Taiwan,external_attack,67.9,12
2025-08-12,Taiwan,regional_spillover,70.8,11
2025-08-13,Taiwan,internal_violence,61.8,9
2025-08-13,Taiwan,repression,56.5,11
2025-08-13,Taiwan,domestic_attack,47.9,7
2025-08-13,Taiwan,war_activity,67.5,12
2025-08-13,Taiwan,external_attack,72.2,11
2025-08-13,Taiwan,regional_spillover,67.6,12
2025-08-14,Taiwan,internal_violence,62.0,10
2025-08-14,Taiwan,repression,58.6,10
2025-08-14,Taiwan,domestic_attack,48.1,8
2025-08-14,Taiwan,war_activity,71.5,12
2025-08-14,Taiwan,external_attack,72.4,12
2025-08-14,Taiwan,regional_spillover,69.3,13
2025-08-15,Taiwan,internal_violence,61.3,10
2025-08-15,Taiwan,repression,56.3,9
2025-08-15,Taiwan,domestic_attack,51.1,10
2025-08-15,Taiwan,war_activity,67.3,11
2025-08-15,Taiwan,external_attack,69.5,12
2025-08-15,Taiwan,regional_spillover,67.5,12
2025-08-16,Taiwan,internal_violence,58.3,10
2025-08-16,Taiwan,repression,54.1,8
2025-08-16,Taiwan,domestic_attack,46.0,8
2025-08-16,Taiwan,war_activity,67.1,11
2025-08-16,Taiwan,external_attack,72.1,14
2025-08-16,Taiwan,regional_spillover,66.2,11
2025-08-17,Taiwan,internal_violence,62.7,11
2025-08-17,Taiwan,repression,52.5,9
2025-08-17,Taiwan,domestic_attack,49.7,9
2025-08-17,Taiwan,war_activity,71.0,13
2025-08-17,Taiwan,external_attack,67.6,11
2025-08-17,Taiwan,regional_spillover,68.8,13
2025-08-18,Taiwan,internal_violence,61.6,11
2025-08-18,Taiwan,repression,53.6,9
2025-08-18,Taiwan,domestic_attack,45.6,8
2025-08-18,Taiwan,war_activity,69.7,11
2025-08-18,Taiwan,external_attack,69.3,12
2025-08-18,Taiwan,regional_spillover,68.8,13
2025-08-19,Taiwan,internal_violence,60.7,12
2025-08-19,Taiwan,repression,57.2,9
2025-08-19,Taiwan,domestic_attack,51.1,9
2025-08-19,Taiwan,war_activity,72.2,11
2025-08-19,Taiwan,external_attack,70.6,11
2025-08-19,Taiwan,regional_spillover,69.7,11
2025-08-20,Taiwan,internal_violence,63.5,9
2025-08-20,Taiwan,repression,57.6,10
2025-08-20,Taiwan,domestic_attack,49.8,8
2025-08-20,Taiwan,war_activity,69.9,13
2025-08-20,Taiwan,external_attack,70.6,13
2025-08-20,Taiwan,regional_spillover,67.7,11
2025-08-21,Taiwan,internal_violence,64.7,12
2025-08-21,Taiwan,repression,55.2,10
2025-08-21,Taiwan,domestic_attack,51.1,7
2025-08-21,Taiwan,war_activity,68.8,12
2025-08-21,Taiwan,external_attack,70.9,13
2025-08-21,Taiwan,regional_spillover,70.2,13
2025-08-22,Taiwan,internal_violence,62.3,10
2025-08-22,Taiwan,repression,53.7,9
2025-08-22,Taiwan,domestic_attack,48.1,7
2025-08-22,Taiwan,war_activity,69.9,13
2025-08-22,Taiwan,external_attack,68.0,13
2025-08-22,Taiwan,regional_spillover,66.8,11
2025-08-23,Taiwan,internal_violence,61.6,10
2025-08-23,Taiwan,repression,51.4,8
2025-08-23,Taiwan,domestic_attack,46.9,8
2025-08-23,Taiwan,war_activity,69.5,12
2025-08-23,Taiwan,external_attack,68.5,12
2025-08-23,Taiwan,regional_spillover,66.6,12
2025-08-24,Taiwan,internal_violence,59.5,10
2025-08-24,Taiwan,repression,52.1,10
2025-08-24,Taiwan,domestic_attack,49.8,7
2025-08-24,Taiwan,war_activity,67.7,13
2025-08-24,Taiwan,external_attack,70.9,12
2025-08-24,Taiwan,regional_spillover,68.3,10
2025-08-25,Taiwan,internal_violence,61.4,11
2025-08-25,Taiwan,repression,52.6,9
2025-08-25,Taiwan,domestic_attack,48.3,9
2025-08-25,Taiwan,war_activity,69.6,11
2025-08-25,Taiwan,external_attack,71.3,12
2025-08-25,Taiwan,regional_spillover,70.2,11
2025-08-26,Taiwan,internal_violence,63.4,11
2025-08-26,Taiwan,repression,55.8,9
2025-08-26,Taiwan,domestic_attack,51.6,8
2025-08-26,Taiwan,war_activity,70.8,11
2025-08-26,Taiwan,external_attack,68.7,13
2025-08-26,Taiwan,regional_spillover,68.3,12
2025-08-27,Taiwan,internal_violence,61.0,12
2025-08-27,Taiwan,repression,57.9,11
2025-08-27,Taiwan,domestic_attack,50.0,9
2025-08-27,Taiwan,war_activity,71.4,13
2025-08-27,Taiwan,external_attack,67.8,12
2025-08-27,Taiwan,regional_spillover,70.6,12
2025-08-28,Taiwan,internal_violence,62.4,12
2025-08-28,Taiwan,repression,55.9,9
2025-08-28,Taiwan,domestic_attack,49.0,8
2025-08-28,Taiwan,war_activity,70.7,13
2025-08-28,Taiwan,external_attack,67.9,10
2025-08-28,Taiwan,regional_spillover,70.3,11
2025-08-29,Taiwan,internal_violence,62.1,10
2025-08-29,Taiwan,repression,55.4,10
2025-08-29,Taiwan,domestic_attack,52.3,9
2025-08-29,Taiwan,war_activity,70.2,11
2025-08-29,Taiwan,external_attack,71.2,13
2025-08-29,Taiwan,regional_spillover,68.7,13
2025-08-30,Taiwan,internal_violence,62.1,12
2025-08-30,Taiwan,repression,54.8,9
2025-08-30,Taiwan,domestic_attack,46.3,9
2025-08-30,Taiwan,war_activity,72.2,12
2025-08-30,Taiwan,external_attack,68.7,13
2025-08-30,Taiwan,regional_spillover,69.8,11
2025-08-31,Taiwan,internal_violence,59.3,9
2025-08-31,Taiwan,repression,55.2,10
2025-08-31,Taiwan,domestic_attack,46.2,8
2025-08-31,Taiwan,war_activity,71.7,11
2025-08-31,Taiwan,external_attack,67.3,10
2025-08-31,Taiwan,regional_spillover,65.0,10
2025-09-01,Taiwan,internal_violence,62.6,9
2025-09-01,Taiwan,repression,53.4,10
2025-09-01,Taiwan,domestic_attack,49.6,9
2025-09-01,Taiwan,war_activity,71.0,13
2025-09-01,Taiwan,external_attack,67.7,11
2025-09-01,Taiwan,regional_spillover,70.6,11
2025-09-02,Taiwan,internal_violence,60.3,10
2025-09-02,Taiwan,repression,54.7,9
2025-09-02,Taiwan,domestic_attack,47.7,7
2025-09-02,Taiwan,war_activity,67.4,12
2025-09-02,Taiwan,external_attack,67.3,10
2025-09-02,Taiwan,regional_spillover,69.5,13
2025-09-03,Taiwan,internal_violence,62.6,9
2025-09-03,Taiwan,repression,55.8,9
2025-09-03,Taiwan,domestic_attack,49.2,9
2025-09-03,Taiwan,war_activity,68.3,11
2025-09-03,Taiwan,external_attack,72.3,12
2025-09-03,Taiwan,regional_spillover,69.5,10
2025-09-04,Taiwan,internal_violence,66.5,10
2025-09-04,Taiwan,repression,55.9,11
2025-09-04,Taiwan,domestic_attack,50.9,10
2025-09-04,Taiwan,war_activity,71.2,14
2025-09-04,Taiwan,external_attack,69.3,13
2025-09-04,Taiwan,regional_spillover,69.7,11
2025-09-05,Taiwan,internal_violence,61.4,9
2025-09-05,Taiwan,repression,55.7,10
2025-09-05,Taiwan,domestic_attack,49.0,9
2025-09-05,Taiwan,war_activity,71.8,13
2025-09-05,Taiwan,external_attack,67.6,11
2025-09-05,Taiwan,regional_spillover,71.7,11
2025-09-06,Taiwan,internal_violence,62.6,12
2025-09-06,Taiwan,repression,53.1,9
2025-09-06,Taiwan,domestic_attack,51.5,7
2025-09-06,Taiwan,war_activity,68.3,12
2025-09-06,Taiwan,external_attack,70.0,13
2025-09-06,Taiwan,regional_spillover,67.7,11
2025-09-07,Taiwan,internal_violence,59.1,11
2025-09-07,Taiwan,repression,53.0,11
2025-09-07,Taiwan,domestic_attack,47.7,8
2025-09-07,Taiwan,war_activity,66.6,13
2025-09-07,Taiwan,external_attack,67.0,11
2025-09-07,Taiwan,regional_spillover,69.3,11
2025-09-08,Taiwan,internal_violence,63.6,10
2025-09-08,Taiwan,repression,52.3,8
2025-09-08,Taiwan,domestic_attack,47.0,7
2025-09-08,Taiwan,war_activity,69.4,12
2025-09-08,Taiwan,external_attack,72.1,13
2025-09-08,Taiwan,regional_spillover,70.3,12
2025-09-09,Taiwan,internal_violence,64.6,11
2025-09-09,Taiwan,repression,53.4,9
2025-09-09,Taiwan,domestic_attack,48.6,8
2025-09-09,Taiwan,war_activity,68.2,13
2025-09-09,Taiwan,external_attack,69.7,11
2025-09-09,Taiwan,regional_spillover,69.5,11
2025-09-10,Taiwan,internal_violence,61.6,10
2025-09-10,Taiwan,repression,55.1,8
2025-09-10,Taiwan,domestic_attack,50.2,8
2025-09-10,Taiwan,war_activity,69.3,13
2025-09-10,Taiwan,external_attack,69.9,11
2025-09-10,Taiwan,regional_spillover,68.0,10
2025-09-11,Taiwan,internal_violence,63.7,12
2025-09-11,Taiwan,repression,57.7,8
2025-09-11,Taiwan,domestic_attack,54.0,9
2025-09-11,Taiwan,war_activity,69.6,12
2025-09-11,Taiwan,external_attack,72.2,13
2025-09-11,Taiwan,regional_spillover,72.2,13
2025-09-12,Taiwan,internal_violence,65.4,11
2025-09-12,Taiwan,repression,54.8,10
2025-09-12,Taiwan,domestic_attack,50.8,10
2025-09-12,Taiwan,war_activity,67.9,13
2025-09-12,Taiwan,external_attack,69.8,11
2025-09-12,Taiwan,regional_spillover,66.6,11
2025-09-13,Taiwan,internal_violence,62.1,11
2025-09-13,Taiwan,repression,53.3,8
2025-09-13,Taiwan,domestic_attack,49.0,9
2025-09-13,Taiwan,war_activity,69.0,12
2025-09-13,Taiwan,external_attack,68.6,13
2025-09-13,Taiwan,regional_spillover,70.7,13
2025-09-14,Taiwan,internal_violence,59.0,9
2025-09-14,Taiwan,repression,51.1,9
2025-09-14,Taiwan,domestic_attack,48.2,9
2025-09-14,Taiwan,war_activity,70.8,12
2025-09-14,Taiwan,external_attack,70.6,13
2025-09-14,Taiwan,regional_spillover,65.8,11
2025-09-15,Taiwan,internal_violence,60.6,12
2025-09-15,Taiwan,repression,52.3,8
2025-09-15,Taiwan,domestic_attack,49.0,9
2025-09-15,Taiwan,war_activity,68.7,11
2025-09-15,Taiwan,external_attack,71.2,11
2025-09-15,Taiwan,regional_spillover,68.3,12
2025-09-16,Taiwan,internal_violence,65.5,10
2025-09-16,Taiwan,repression,55.1,9
2025-09-16,Taiwan,domestic_attack,49.7,8
2025-09-16,Taiwan,war_activity,69.0,13
2025-09-16,Taiwan,external_attack,72.1,11
2025-09-16,Taiwan,regional_spillover,66.5,11
2025-09-17,Taiwan,internal_violence,65.6,11
2025-09-17,Taiwan,repression,56.8,10
2025-09-17,Taiwan,domestic_attack,52.2,10
2025-09-17,Taiwan,war_activity,68.7,11
2025-09-17,Taiwan,external_attack,73.0,14
2025-09-17,Taiwan,regional_spillover,69.9,11
2025-09-18,Taiwan,internal_violence,66.8,12
2025-09-18,Taiwan,repression,59.3,10
2025-09-18,Taiwan,domestic_attack,51.9,9
2025-09-18,Taiwan,war_activity,72.2,14
2025-09-18,Taiwan,external_attack,73.1,12
2025-09-18,Taiwan,regional_spillover,69.7,11
2025-09-19,Taiwan,internal_violence,65.9,11
2025-09-19,Taiwan,repression,55.4,9
2025-09-19,Taiwan,domestic_attack,50.9,8
2025-09-19,Taiwan,war_activity,70.5,11
2025-09-19,Taiwan,external_attack,69.3,12
2025-09-19,Taiwan,regional_spillover,70.4,12
2025-09-20,Taiwan,internal_violence,63.6,10
2025-09-20,Taiwan,repression,57.9,10
2025-09-20,Taiwan,domestic_attack,52.3,8
2025-09-20,Taiwan,war_activity,67.8,11
2025-09-20,Taiwan,external_attack,71.0,13
2025-09-20,Taiwan,regional_spillover,71.0,14
2025-09-21,Taiwan,internal_violence,59.8,12
2025-09-21,Taiwan,repression,51.8,8
2025-09-21,Taiwan,domestic_attack,50.1,9
2025-09-21,Taiwan,war_activity,72.2,12
2025-09-21,Taiwan,external_attack,71.0,13
2025-09-21,Taiwan,regional_spillover,70.0,12
2025-09-22,Taiwan,internal_violence,60.5,10
2025-09-22,Taiwan,repression,57.4,8
2025-09-22,Taiwan,domestic_attack,47.2,8
2025-09-22,Taiwan,war_activity,70.7,11
2025-09-22,Taiwan,external_attack,70.2,13
2025-09-22,Taiwan,regional_spillover,69.5,13
2025-09-23,Taiwan,internal_violence,64.6,10
2025-09-23,Taiwan,repression,55.1,9
2025-09-23,Taiwan,domestic_attack,53.6,9
2025-09-23,Taiwan,war_activity,73.1,11
2025-09-23,Taiwan,external_attack,71.5,12
2025-09-23,Taiwan,regional_spillover,70.0,10
2025-09-24,Taiwan,internal_violence,64.3,12
2025-09-24,Taiwan,repression,56.2,10
2025-09-24,Taiwan,domestic_attack,51.1,9
2025-09-24,Taiwan,war_activity,70.0,13
2025-09-24,Taiwan,external_attack,73.4,12
2025-09-24,Taiwan,regional_spillover,67.5,10
2025-09-25,Taiwan,internal_violence,65.1,11
2025-09-25,Taiwan,repression,57.0,10
2025-09-25,Taiwan,domestic_attack,51.9,9
2025-09-25,Taiwan,war_activity,68.7,13
2025-09-25,Taiwan,external_attack,73.6,14
2025-09-25,Taiwan,regional_spillover,67.9,11
2025-09-26,Taiwan,internal_violence,66.6,10
2025-09-26,Taiwan,repression,55.4,9
2025-09-26,Taiwan,domestic_attack,50.3,7
2025-09-26,Taiwan,war_activity,68.8,11
2025-09-26,Taiwan,external_attack,73.5,12
2025-09-26,Taiwan,regional_spillover,69.0,11
2025-09-27,Taiwan,internal_violence,65.4,12
2025-09-27,Taiwan,repression,55.8,9
2025-09-27,Taiwan,domestic_attack,50.8,9
2025-09-27,Taiwan,war_activity,68.0,11
2025-09-27,Taiwan,external_attack,72.0,11
2025-09-27,Taiwan,regional_spillover,71.7,13
2025-09-28,Taiwan,internal_violence,60.5,11
2025-09-28,Taiwan,repression,57.0,10
2025-09-28,Taiwan,domestic_attack,51.1,9
2025-09-28,Taiwan,war_activity,67.8,12
2025-09-28,Taiwan,external_attack,72.6,12
2025-09-28,Taiwan,regional_spillover,71.3,12
2025-09-29,Taiwan,internal_violence,62.3,12
2025-09-29,Taiwan,repression,55.8,8
2025-09-29,Taiwan,domestic_attack,50.8,10
2025-09-29,Taiwan,war_activity,69.2,13
2025-09-29,Taiwan,external_attack,69.2,13
2025-09-29,Taiwan,regional_spillover,70.7,13
2025-09-30,Taiwan,internal_violence,64.7,10
2025-09-30,Taiwan,repression,55.6,8
2025-09-30,Taiwan,domestic_attack,54.3,11
2025-09-30,Taiwan,war_activity,69.2,11
2025-09-30,Taiwan,external_attack,72.7,12
2025-09-30,Taiwan,regional_spillover,68.4,12
2025-10-01,Taiwan,internal_violence,65.2,11
2025-10-01,Taiwan,repression,56.1,8
2025-10-01,Taiwan,domestic_attack,51.5,10
2025-10-01,Taiwan,war_activity,73.1,13
2025-10-01,Taiwan,external_attack,69.1,10
2025-10-01,Taiwan,regional_spillover,70.4,12
2025-10-02,Taiwan,internal_violence,64.4,10
2025-10-02,Taiwan,repression,57.8,9
2025-10-02,Taiwan,domestic_attack,55.5,9
2025-10-02,Taiwan,war_activity,69.3,10
2025-10-02,Taiwan,external_attack,69.7,12
2025-10-02,Taiwan,regional_spillover,70.3,13
2025-10-03,Taiwan,internal_violence,68.1,11
2025-10-03,Taiwan,repression,58.8,10
2025-10-03,Taiwan,domestic_attack,50.5,10
2025-10-03,Taiwan,war_activity,68.8,12
2025-10-03,Taiwan,external_attack,68.8,12
2025-10-03,Taiwan,regional_spillover,72.7,13
2025-10-04,Taiwan,internal_violence,64.1,11
2025-10-04,Taiwan,repression,53.9,8
2025-10-04,Taiwan,domestic_attack,50.6,9
2025-10-04,Taiwan,war_activity,67.9,11
2025-10-04,Taiwan,external_attack,68.8,13
2025-10-04,Taiwan,regional_spillover,69.3,12
2025-10-05,Taiwan,internal_violence,60.8,11
2025-10-05,Taiwan,repression,57.3,9
2025-10-05,Taiwan,domestic_attack,48.0,7
2025-10-05,Taiwan,war_activity,67.5,11
2025-10-05,Taiwan,external_attack,68.9,11
2025-10-05,Taiwan,regional_spillover,68.5,12
2025-10-06,Taiwan,internal_violence,62.8,9
2025-10-06,Taiwan,repression,56.9,9
2025-10-06,Taiwan,domestic_attack,51.6,9
2025-10-06,Taiwan,war_activity,71.4,12
2025-10-06,Taiwan,external_attack,70.0,12
2025-10-06,Taiwan,regional_spillover,70.8,11
2025-10-07,Taiwan,internal_violence,67.2,12
2025-10-07,Taiwan,repression,56.0,8
2025-10-07,Taiwan,domestic_attack,54.1,9
2025-10-07,Taiwan,war_activity,71.0,13
2025-10-07,Taiwan,external_attack,70.8,13
2025-10-07,Taiwan,regional_spillover,68.4,11
2025-10-08,Taiwan,internal_violence,69.0,12
2025-10-08,Taiwan,repression,56.2,10
2025-10-08,Taiwan,domestic_attack,53.2,9
2025-10-08,Taiwan,war_activity,73.0,12
2025-10-08,Taiwan,external_attack,69.2,12
2025-10-08,Taiwan,regional_spillover,72.3,12
2025-10-09,Taiwan,internal_violence,69.5,12
2025-10-09,Taiwan,repression,57.6,10
2025-10-09,Taiwan,domestic_attack,52.9,9
2025-10-09,Taiwan,war_activity,69.3,10
2025-10-09,Taiwan,external_attack,72.9,14
2025-10-09,Taiwan,regional_spillover,70.2,12
2025-10-10,Taiwan,internal_violence,68.3,12
2025-10-10,Taiwan,repression,60.7,11
2025-10-10,Taiwan,domestic_attack,50.7,10
2025-10-10,Taiwan,war_activity,73.0,11
2025-10-10,Taiwan,external_attack,68.8,11
2025-10-10,Taiwan,regional_spillover,72.6,13
2025-10-11,Taiwan,internal_violence,66.8,12
2025-10-11,Taiwan,repression,57.3,10
2025-10-11,Taiwan,domestic_attack,52.9,8
2025-10-11,Taiwan,war_activity,69.6,12
2025-10-11,Taiwan,external_attack,70.4,13
2025-10-11,Taiwan,regional_spillover,70.4,11
2025-10-12,Taiwan,internal_violence,65.7,12
2025-10-12,Taiwan,repression,57.5,11
2025-10-12,Taiwan,domestic_attack,49.1,8
2025-10-12,Taiwan,war_activity,67.8,10
2025-10-12,Taiwan,external_attack,69.2,12
2025-10-12,Taiwan,regional_spillover,67.8,12
2025-10-13,Taiwan,internal_violence,65.7,12
2025-10-13,Taiwan,repression,55.4,10
2025-10-13,Taiwan,domestic_attack,49.0,7
2025-10-13,Taiwan,war_activity,68.9,13
2025-10-13,Taiwan,external_attack,68.1,11
2025-10-13,Taiwan,regional_spillover,67.4,12
2025-10-14,Taiwan,internal_violence,63.2,11
2025-10-14,Taiwan,repression,59.3,9
2025-10-14,Taiwan,domestic_attack,53.6,10
2025-10-14,Taiwan,war_activity,73.0,13
2025-10-14,Taiwan,external_attack,69.3,13
2025-10-14,Taiwan,regional_spillover,70.2,13
2025-10-15,Taiwan,internal_violence,64.5,10
2025-10-15,Taiwan,repression,61.3,9
2025-10-15,Taiwan,domestic_attack,52.9,9
2025-10-15,Taiwan,war_activity,71.2,13
2025-10-15,Taiwan,external_attack,68.7,13
2025-10-15,Taiwan,regional_spillover,71.2,13
2025-10-16,Taiwan,internal_violence,66.1,12
2025-10-16,Taiwan,repression,58.5,9
2025-10-16,Taiwan,domestic_attack,52.9,10
2025-10-16,Taiwan,war_activity,74.1,13
2025-10-16,Taiwan,external_attack,69.0,11
2025-10-16,Taiwan,regional_spillover,69.4,13
2025-10-17,Taiwan,internal_violence,63.6,11
2025-10-17,Taiwan,repression,59.6,11
2025-10-17,Taiwan,domestic_attack,50.1,7
2025-10-17,Taiwan,war_activity,72.2,13
2025-10-17,Taiwan,external_attack,71.8,13
2025-10-17,Taiwan,regional_spillover,72.7,13
2025-10-18,Taiwan,internal_violence,65.0,12
2025-10-18,Taiwan,repression,59.0,11
2025-10-18,Taiwan,domestic_attack,50.1,7
2025-10-18,Taiwan,war_activity,68.8,11
2025-10-18,Taiwan,external_attack,68.3,13
2025-10-18,Taiwan,regional_spillover,69.4,12
2025-10-19,Taiwan,internal_violence,63.5,12
2025-10-19,Taiwan,repression,56.4,11
2025-10-19,Taiwan,domestic_attack,52.8,8
2025-10-19,Taiwan,war_activity,71.3,11
2025-10-19,Taiwan,external_attack,71.5,13
2025-10-19,Taiwan,regional_spillover,71.5,11
2025-10-20,Taiwan,internal_violence,65.5,11
2025-10-20,Taiwan,repression,57.2,11
2025-10-20,Taiwan,domestic_attack,53.3,8
2025-10-20,Taiwan,war_activity,70.8,12
2025-10-20,Taiwan,external_attack,72.8,13
2025-10-20,Taiwan,regional_spillover,68.2,12
2025-10-21,Taiwan,internal_violence,64.3,12
2025-10-21,Taiwan,repression,57.4,9
2025-10-21,Taiwan,domestic_attack,51.9,10
2025-10-21,Taiwan,war_activity,69.2,13
2025-10-21,Taiwan,external_attack,73.4,11
2025-10-21,Taiwan,regional_spillover,69.2,13
2025-10-22,Taiwan,internal_violence,64.6,12
2025-10-22,Taiwan,repression,57.0,10
2025-10-22,Taiwan,domestic_attack,55.5,11
2025-10-22,Taiwan,war_activity,72.8,14
2025-10-22,Taiwan,external_attack,72.0,12
2025-10-22,Taiwan,regional_spillover,72.4,12
2025-10-23,Taiwan,internal_violence,65.8,10
2025-10-23,Taiwan,repression,57.2,9
2025-10-23,Taiwan,domestic_attack,52.9,10
2025-10-23,Taiwan,war_activity,70.2,11
2025-10-23,Taiwan,external_attack,72.0,13
2025-10-23,Taiwan,regional_spillover,71.9,12
2025-10-24,Taiwan,internal_violence,64.2,12
2025-10-24,Taiwan,repression,57.8,11
2025-10-24,Taiwan,domestic_attack,51.1,8
2025-10-24,Taiwan,war_activity,70.2,13
2025-10-24,Taiwan,external_attack,73.0,11
2025-10-24,Taiwan,regional_spillover,71.5,13
2025-10-25,Taiwan,internal_violence,65.2,12
2025-10-25,Taiwan,repression,56.2,10
2025-10-25,Taiwan,domestic_attack,53.8,10
2025-10-25,Taiwan,war_activity,68.2,11
2025-10-25,Taiwan,external_attack,70.2,12
2025-10-25,Taiwan,regional_spillover,68.9,12
2025-10-26,Taiwan,internal_violence,61.9,12
2025-10-26,Taiwan,repression,57.1,10
2025-10-26,Taiwan,domestic_attack,52.9,9
2025-10-26,Taiwan,war_activity,71.4,11
2025-10-26,Taiwan,external_attack,72.0,11
2025-10-26,Taiwan,regional_spillover,70.8,13
2025-10-27,Taiwan,internal_violence,61.2,9
2025-10-27,Taiwan,repression,55.8,9
2025-10-27,Taiwan,domestic_attack,53.2,10
2025-10-27,Taiwan,war_activity,73.0,13
2025-10-27,Taiwan,external_attack,71.7,13
2025-10-27,Taiwan,regional_spillover,70.8,11
2025-10-28,Taiwan,internal_violence,65.3,11
2025-10-28,Taiwan,repression,57.0,11
2025-10-28,Taiwan,domestic_attack,49.9,8
2025-10-28,Taiwan,war_activity,73.3,13
2025-10-28,Taiwan,external_attack,71.0,11
2025-10-28,Taiwan,regional_spillover,71.3,13
2025-10-29,Taiwan,internal_violence,65.8,11
2025-10-29,Taiwan,repression,56.7,10
2025-10-29,Taiwan,domestic_attack,53.0,10
2025-10-29,Taiwan,war_activity,70.6,13
2025-10-29,Taiwan,external_attack,72.6,11
2025-10-29,Taiwan,regional_spillover,72.8,11
2025-10-30,Taiwan,internal_violence,64.2,10
2025-10-30,Taiwan,repression,58.3,11
2025-10-30,Taiwan,domestic_attack,55.4,9
2025-10-30,Taiwan,war_activity,70.9,13
2025-10-30,Taiwan,external_attack,72.2,13
2025-10-30,Taiwan,regional_spillover,69.0,11
2025-10-31,Taiwan,internal_violence,62.7,10
2025-10-31,Taiwan,repression,59.2,10
2025-10-31,Taiwan,domestic_attack,52.7,8
2025-10-31,Taiwan,war_activity,70.1,12
2025-10-31,Taiwan,external_attack,73.7,14
2025-10-31,Taiwan,regional_spillover,71.7,12
2025-11-01,Taiwan,internal_violence,61.6,9
2025-11-01,Taiwan,repression,55.7,8
2025-11-01,Taiwan,domestic_attack,50.4,8
2025-11-01,Taiwan,war_activity,69.7,10
2025-11-01,Taiwan,external_attack,68.3,12
2025-11-01,Taiwan,regional_spillover,69.3,13
2025-11-02,Taiwan,internal_violence,62.2,10
2025-11-02,Taiwan,repression,57.0,8
2025-11-02,Taiwan,domestic_attack,48.0,7
2025-11-02,Taiwan,war_activity,68.1,12
2025-11-02,Taiwan,external_attack,69.7,13
2025-11-02,Taiwan,regional_spillover,67.1,11
2025-11-03,Taiwan,internal_violence,65.4,11
2025-11-03,Taiwan,repression,54.7,9
2025-11-03,Taiwan,domestic_attack,50.6,10
2025-11-03,Taiwan,war_activity,72.1,12
2025-11-03,Taiwan,external_attack,68.8,11
2025-11-03,Taiwan,regional_spillover,68.0,11
2025-11-04,Taiwan,internal_violence,64.8,12
2025-11-04,Taiwan,repression,57.5,10
2025-11-04,Taiwan,domestic_attack,52.9,9
2025-11-04,Taiwan,war_activity,68.1,11
2025-11-04,Taiwan,external_attack,67.9,12
2025-11-04,Taiwan,regional_spillover,69.4,12
2025-11-05,Taiwan,internal_violence,64.6,11
2025-11-05,Taiwan,repression,56.7,11
2025-11-05,Taiwan,domestic_attack,54.0,8
2025-11-05,Taiwan,war_activity,72.8,13
2025-11-05,Taiwan,external_attack,68.9,13
2025-11-05,Taiwan,regional_spillover,68.9,11
2025-11-06,Taiwan,internal_violence,66.7,10
2025-11-06,Taiwan,repression,55.4,10
2025-11-06,Taiwan,domestic_attack,51.4,8
2025-11-06,Taiwan,war_activity,69.7,12
2025-11-06,Taiwan,external_attack,69.6,13
2025-11-06,Taiwan,regional_spillover,69.1,13
2025-11-07,Taiwan,internal_violence,63.2,11
2025-11-07,Taiwan,repression,58.6,11
2025-11-07,Taiwan,domestic_attack,52.1,8
2025-11-07,Taiwan,war_activity,71.5,12
2025-11-07,Taiwan,external_attack,69.7,11
2025-11-07,Taiwan,regional_spillover,70.4,12
2025-11-08,Taiwan,internal_violence,63.4,11
2025-11-08,Taiwan,repression,53.7,10
2025-11-08,Taiwan,domestic_attack,52.0,10
2025-11-08,Taiwan,war_activity,70.3,13
2025-11-08,Taiwan,external_attack,67.4,12
2025-11-08,Taiwan,regional_spillover,69.7,10
2025-11-09,Taiwan,internal_violence,58.9,10
2025-11-09,Taiwan,repression,53.9,8
2025-11-09,Taiwan,domestic_attack,47.6,8
2025-11-09,Taiwan,war_activity,69.5,13
2025-11-09,Taiwan,external_attack,72.6,12
2025-11-09,Taiwan,regional_spillover,70.5,11
2025-11-10,Taiwan,internal_violence,63.2,12
2025-11-10,Taiwan,repression,52.0,7
2025-11-10,Taiwan,domestic_attack,47.9,9
2025-11-10,Taiwan,war_activity,71.4,12
2025-11-10,Taiwan,external_attack,69.9,11
2025-11-10,Taiwan,regional_spillover,69.5,13
2025-11-11,Taiwan,internal_violence,60.7,10
2025-11-11,Taiwan,repression,54.0,10
2025-11-11,Taiwan,domestic_attack,53.2,10
2025-11-11,Taiwan,war_activity,70.8,13
2025-11-11,Taiwan,external_attack,71.9,13
2025-11-11,Taiwan,regional_spillover,71.4,12
2025-11-12,Taiwan,internal_violence,65.4,10
2025-11-12,Taiwan,repression,54.8,11
2025-11-12,Taiwan,domestic_attack,52.5,9
2025-11-12,Taiwan,war_activity,69.2,13
2025-11-12,Taiwan,external_attack,72.8,12
2025-11-12,Taiwan,regional_spillover,67.4,11
2025-11-13,Taiwan,internal_violence,64.0,12
2025-11-13,Taiwan,repression,57.3,10
2025-11-13,Taiwan,domestic_attack,54.0,9
2025-11-13,Taiwan,war_activity,71.8,13
2025-11-13,Taiwan,external_attack,70.7,13
2025-11-13,Taiwan,regional_spillover,67.3,11
2025-11-14,Taiwan,internal_violence,63.4,11
2025-11-14,Taiwan,repression,53.9,11
2025-11-14,Taiwan,domestic_attack,53.0,8
2025-11-14,Taiwan,war_activity,70.4,13
2025-11-14,Taiwan,external_attack,73.2,12
2025-11-14,Taiwan,regional_spillover,69.1,12
2025-11-15,Taiwan,internal_violence,59.6,11
2025-11-15,Taiwan,repression,56.5,9
2025-11-15,Taiwan,domestic_attack,47.9,7
2025-11-15,Taiwan,war_activity,68.0,12
2025-11-15,Taiwan,external_attack,70.4,12
2025-11-15,Taiwan,regional_spillover,67.1,11
2025-11-16,Taiwan,internal_violence,62.0,12
2025-11-16,Taiwan,repression,54.9,10
2025-11-16,Taiwan,domestic_attack,47.6,9
2025-11-16,Taiwan,war_activity,70.0,11
2025-11-16,Taiwan,external_attack,71.5,12
2025-11-16,Taiwan,regional_spillover,67.6,10
2025-11-17,Taiwan,internal_violence,58.5,11
2025-11-17,Taiwan,repression,52.2,10
2025-11-17,Taiwan,domestic_attack,48.6,9
2025-11-17,Taiwan,war_activity,71.6,11
2025-11-17,Taiwan,external_attack,66.8,10
2025-11-17,Taiwan,regional_spillover,68.8,12
2025-11-18,Taiwan,internal_violence,62.2,9
2025-11-18,Taiwan,repression,54.4,10
2025-11-18,Taiwan,domestic_attack,51.4,8
2025-11-18,Taiwan,war_activity,72.2,14
2025-11-18,Taiwan,external_attack,67.9,12
2025-11-18,Taiwan,regional_spillover,69.8,11
2025-11-19,Taiwan,internal_violence,62.4,11
2025-11-19,Taiwan,repression,55.6,8
2025-11-19,Taiwan,domestic_attack,51.8,10
2025-11-19,Taiwan,war_activity,70.3,13
2025-11-19,Taiwan,external_attack,71.5,13
2025-11-19,Taiwan,regional_spillover,71.1,13
2025-11-20,Taiwan,internal_violence,61.8,11
2025-11-20,Taiwan,repression,57.5,11
2025-11-20,Taiwan,domestic_attack,51.1,8
2025-11-20,Taiwan,war_activity,70.4,11
2025-11-20,Taiwan,external_attack,68.5,10
2025-11-20,Taiwan,regional_spillover,66.7,12
2025-11-21,Taiwan,internal_violence,63.6,10
2025-11-21,Taiwan,repression,53.9,9
2025-11-21,Taiwan,domestic_attack,50.4,9
2025-11-21,Taiwan,war_activity,69.2,12
2025-11-21,Taiwan,external_attack,72.6,13
2025-11-21,Taiwan,regional_spillover,67.8,13
2025-11-22,Taiwan,internal_violence,62.9,9
2025-11-22,Taiwan,repression,52.3,8
2025-11-22,Taiwan,domestic_attack,49.9,7
2025-11-22,Taiwan,war_activity,70.2,13
2025-11-22,Taiwan,external_attack,68.6,11
2025-11-22,Taiwan,regional_spillover,66.0,12
2025-11-23,Taiwan,internal_violence,60.0,10
2025-11-23,Taiwan,repression,54.0,10
2025-11-23,Taiwan,domestic_attack,49.2,8
2025-11-23,Taiwan,war_activity,68.6,12
2025-11-23,Taiwan,external_attack,69.8,11
2025-11-23,Taiwan,regional_spillover,66.4,10
2025-11-24,Taiwan,internal_violence,56.6,11
2025-11-24,Taiwan,repression,51.9,9
2025-11-24,Taiwan,domestic_attack,45.7,8
2025-11-24,Taiwan,war_activity,69.6,13
2025-11-24,Taiwan,external_attack,70.8,11
2025-11-24,Taiwan,regional_spillover,67.7,10
2025-11-25,Taiwan,internal_violence,63.0,10
2025-11-25,Taiwan,repression,53.6,10
2025-11-25,Taiwan,domestic_attack,50.0,8
2025-11-25,Taiwan,war_activity,69.5,13
2025-11-25,Taiwan,external_attack,67.1,10
2025-11-25,Taiwan,regional_spillover,67.7,12
2025-11-26,Taiwan,internal_violence,64.4,11
2025-11-26,Taiwan,repression,52.8,10
2025-11-26,Taiwan,domestic_attack,51.3,9
2025-11-26,Taiwan,war_activity,70.0,12
2025-11-26,Taiwan,external_attack,69.8,12
2025-11-26,Taiwan,regional_spillover,68.6,12
2025-11-27,Taiwan,internal_violence,60.9,12
2025-11-27,Taiwan,repression,54.0,8
2025-11-27,Taiwan,domestic_attack,48.1,7
2025-11-27,Taiwan,war_activity,69.6,10
2025-11-27,Taiwan,external_attack,69.1,12
2025-11-27,Taiwan,regional_spillover,68.6,11
2025-11-28,Taiwan,internal_violence,59.7,9
2025-11-28,Taiwan,repression,51.6,8
2025-11-28,Taiwan,domestic_attack,47.4,8
2025-11-28,Taiwan,war_activity,68.5,11
2025-11-28,Taiwan,external_attack,70.7,13
2025-11-28,Taiwan,regional_spillover,66.6,10
2025-11-29,Taiwan,internal_violence,57.3,10
2025-11-29,Taiwan,repression,53.8,9
2025-11-29,Taiwan,domestic_attack,44.7,9
2025-11-29,Taiwan,war_activity,66.0,10
2025-11-29,Taiwan,external_attack,69.9,13
2025-11-29,Taiwan,regional_spillover,64.2,10
2025-11-30,Taiwan,internal_violence,57.6,10
2025-11-30,Taiwan,repression,51.0,7
2025-11-30,Taiwan,domestic_attack,48.2,7
2025-11-30,Taiwan,war_activity,66.8,11
2025-11-30,Taiwan,external_attack,65.8,12
2025-11-30,Taiwan,regional_spillover,64.6,10
2025-12-01,Taiwan,internal_violence,59.5,9
2025-12-01,Taiwan,repression,51.9,10
2025-12-01,Taiwan,domestic_attack,48.2,9
2025-12-01,Taiwan,war_activity,66.9,11
2025-12-01,Taiwan,external_attack,71.1,12
2025-12-01,Taiwan,regional_spillover,67.1,11
2025-12-02,Taiwan,internal_violence,57.6,9
2025-12-02,Taiwan,repression,51.1,7
2025-12-02,Taiwan,domestic_attack,47.2,8
2025-12-02,Taiwan,war_activity,66.1,12
2025-12-02,Taiwan,external_attack,70.2,12
2025-12-02,Taiwan,regional_spillover,68.2,11
2025-12-03,Taiwan,internal_violence,59.6,12
2025-12-03,Taiwan,repression,50.3,8
2025-12-03,Taiwan,domestic_attack,48.0,10
2025-12-03,Taiwan,war_activity,67.2,12
2025-12-03,Taiwan,external_attack,67.2,11
2025-12-03,Taiwan,regional_spillover,66.4,11
2025-12-04,Taiwan,internal_violence,58.9,10
2025-12-04,Taiwan,repression,52.8,9
2025-12-04,Taiwan,domestic_attack,48.2,8
2025-12-04,Taiwan,war_activity,70.6,13
2025-12-04,Taiwan,external_attack,67.8,10
2025-12-04,Taiwan,regional_spillover,64.8,12
2025-12-05,Taiwan,internal_violence,57.4,8
2025-12-05,Taiwan,repression,49.9,8
2025-12-05,Taiwan,domestic_attack,49.2,9
2025-12-05,Taiwan,war_activity,67.8,13
2025-12-05,Taiwan,external_attack,71.6,13
2025-12-05,Taiwan,regional_spillover,65.1,10
2025-12-06,Taiwan,internal_violence,56.1,9
2025-12-06,Taiwan,repression,50.0,9
2025-12-06,Taiwan,domestic_attack,46.7,8
2025-12-06,Taiwan,war_activity,70.0,11
2025-12-06,Taiwan,external_attack,71.0,11
2025-12-06,Taiwan,regional_spillover,65.1,10
2025-12-07,Taiwan,internal_violence,57.4,11
2025-12-07,Taiwan,repression,49.6,7
2025-12-07,Taiwan,domestic_attack,42.3,8
2025-12-07,Taiwan,war_activity,70.0,12
2025-12-07,Taiwan,external_attack,65.2,11
2025-12-07,Taiwan,regional_spillover,62.3,11
2025-12-08,Taiwan,internal_violence,53.1,10
2025-12-08,Taiwan,repression,51.5,10
2025-12-08,Taiwan,domestic_attack,44.7,8
2025-12-08,Taiwan,war_activity,66.8,12
2025-12-08,Taiwan,external_attack,65.3,11
2025-12-08,Taiwan,regional_spillover,63.7,9
2025-12-09,Taiwan,internal_violence,54.1,8
2025-12-09,Taiwan,repression,52.0,10
2025-12-09,Taiwan,domestic_attack,46.3,7
2025-12-09,Taiwan,war_activity,66.0,12
2025-12-09,Taiwan,external_attack,69.9,12
2025-12-09,Taiwan,regional_spillover,65.1,12
2025-12-10,Taiwan,internal_violence,56.7,9
2025-12-10,Taiwan,repression,52.2,9
2025-12-10,Taiwan,domestic_attack,47.6,8
2025-12-10,Taiwan,war_activity,71.0,11
2025-12-10,Taiwan,external_attack,66.6,11
2025-12-10,Taiwan,regional_spillover,64.7,10
2025-12-11,Taiwan,internal_violence,60.5,11
2025-12-11,Taiwan,repression,51.9,10
2025-12-11,Taiwan,domestic_attack,45.3,8
2025-12-11,Taiwan,war_activity,66.2,12
2025-12-11,Taiwan,external_attack,67.4,12
2025-12-11,Taiwan,regional_spillover,65.6,12
2025-12-12,Taiwan,internal_violence,55.5,9
2025-12-12,Taiwan,repression,48.3,9
2025-12-12,Taiwan,domestic_attack,43.1,7
2025-12-12,Taiwan,war_activity,70.3,12
2025-12-12,Taiwan,external_attack,66.3,10
2025-12-12,Taiwan,regional_spillover,63.0,10
2025-12-13,Taiwan,internal_violence,56.2,8
2025-12-13,Taiwan,repression,49.7,9
2025-12-13,Taiwan,domestic_attack,41.9,7
2025-12-13,Taiwan,war_activity,65.8,10
2025-12-13,Taiwan,external_attack,66.3,13
2025-12-13,Taiwan,regional_spillover,66.4,10
2025-12-14,Taiwan,internal_violence,54.6,9
2025-12-14,Taiwan,repression,50.1,7
2025-12-14,Taiwan,domestic_attack,41.6,7
2025-12-14,Taiwan,war_activity,64.7,11
2025-12-14,Taiwan,external_attack,65.0,13
2025-12-14,Taiwan,regional_spillover,61.7,10
2025-12-15,Taiwan,internal_violence,53.0,10
2025-12-15,Taiwan,repression,45.9,9
2025-12-15,Taiwan,domestic_attack,42.5,8
2025-12-15,Taiwan,war_activity,65.7,12
2025-12-15,Taiwan,external_attack,66.3,10
2025-12-15,Taiwan,regional_spillover,62.8,11
2025-12-16,Taiwan,internal_violence,55.9,8
2025-12-16,Taiwan,repression,49.2,8
2025-12-16,Taiwan,domestic_attack,46.4,7
2025-12-16,Taiwan,war_activity,69.1,12
2025-12-16,Taiwan,external_attack,66.8,12
2025-12-16,Taiwan,regional_spillover,66.0,12
2025-12-17,Taiwan,internal_violence,57.0,11
2025-12-17,Taiwan,repression,47.1,8
2025-12-17,Taiwan,domestic_attack,47.2,7
2025-12-17,Taiwan,war_activity,65.7,12
2025-12-17,Taiwan,external_attack,70.1,12
2025-12-17,Taiwan,regional_spillover,63.0,11
2025-12-18,Taiwan,internal_violence,55.5,11
2025-12-18,Taiwan,repression,47.4,7
2025-12-18,Taiwan,domestic_attack,45.8,9
2025-12-18,Taiwan,war_activity,66.6,10
2025-12-18,Taiwan,external_attack,67.8,12
2025-12-18,Taiwan,regional_spillover,67.1,12
2025-12-19,Taiwan,internal_violence,55.4,9
2025-12-19,Taiwan,repression,47.3,8
2025-12-19,Taiwan,domestic_attack,45.0,9
2025-12-19,Taiwan,war_activity,69.2,10
2025-12-19,Taiwan,external_attack,66.7,12
2025-12-19,Taiwan,regional_spillover,66.2,10
2025-12-20,Taiwan,internal_violence,55.2,10
2025-12-20,Taiwan,repression,47.4,10
2025-12-20,Taiwan,domestic_attack,41.3,6
2025-12-20,Taiwan,war_activity,68.2,12
2025-12-20,Taiwan,external_attack,66.9,11
2025-12-20,Taiwan,regional_spillover,62.5,12
2025-12-21,Taiwan,internal_violence,52.8,8
2025-12-21,Taiwan,repression,45.9,7
2025-12-21,Taiwan,domestic_attack,39.5,6
2025-12-21,Taiwan,war_activity,65.3,10
2025-12-21,Taiwan,external_attack,65.4,11
2025-12-21,Taiwan,regional_spillover,63.8,12
2025-12-22,Taiwan,internal_violence,51.1,7
2025-12-22,Taiwan,repression,44.3,9
2025-12-22,Taiwan,domestic_attack,43.1,8
2025-12-22,Taiwan,war_activity,64.2,11
2025-12-22,Taiwan,external_attack,69.4,11
2025-12-22,Taiwan,regional_spillover,62.7,11
2025-12-23,Taiwan,internal_violence,51.1,10
2025-12-23,Taiwan,repression,45.9,9
2025-12-23,Taiwan,domestic_attack,44.6,6
2025-12-23,Taiwan,war_activity,68.7,13
2025-12-23,Taiwan,external_attack,69.7,11
2025-12-23,Taiwan,regional_spillover,65.3,12
2025-12-24,Taiwan,internal_violence,54.5,10
2025-12-24,Taiwan,repression,50.4,9
2025-12-24,Taiwan,domestic_attack,44.3,9
2025-12-24,Taiwan,war_activity,65.8,11
2025-12-24,Taiwan,external_attack,70.2,12
2025-12-24,Taiwan,regional_spillover,64.9,12
2025-12-25,Taiwan,internal_violence,55.1,11
2025-12-25,Taiwan,repression,50.6,8
2025-12-25,Taiwan,domestic_attack,46.9,8
2025-12-25,Taiwan,war_activity,68.5,12
2025-12-25,Taiwan,external_attack,67.6,11
2025-12-25,Taiwan,regional_spillover,62.9,12
2025-12-26,Taiwan,internal_violence,52.5,8
2025-12-26,Taiwan,repression,46.6,8
2025-12-26,Taiwan,domestic_attack,41.4,6
2025-12-26,Taiwan,war_activity,66.1,10
2025-12-26,Taiwan,external_attack,68.7,11
2025-12-26,Taiwan,regional_spillover,64.3,12
2025-12-27,Taiwan,internal_violence,50.8,8
2025-12-27,Taiwan,repression,49.2,9
2025-12-27,Taiwan,domestic_attack,41.9,7
2025-12-27,Taiwan,war_activity,65.4,11
2025-12-27,Taiwan,external_attack,65.8,12
2025-12-27,Taiwan,regional_spillover,62.1,11
2025-12-28,Taiwan,internal_violence,53.8,9
2025-12-28,Taiwan,repression,44.4,9
2025-12-28,Taiwan,domestic_attack,41.5,6
2025-12-28,Taiwan,war_activity,68.6,11
2025-12-28,Taiwan,external_attack,65.0,10
2025-12-28,Taiwan,regional_spillover,60.5,10
2025-12-29,Taiwan,internal_violence,53.8,10
2025-12-29,Taiwan,repression,47.7,9
2025-12-29,Taiwan,domestic_attack,43.6,7
2025-12-29,Taiwan,war_activity,63.9,12
2025-12-29,Taiwan,external_attack,65.9,11
2025-12-29,Taiwan,regional_spillover,65.0,12
2025-12-30,Taiwan,internal_violence,52.7,8
2025-12-30,Taiwan,repression,46.1,6
2025-12-30,Taiwan,domestic_attack,44.8,6
2025-12-30,Taiwan,war_activity,68.0,11
2025-12-30,Taiwan,external_attack,67.6,12
2025-12-30,Taiwan,regional_spillover,62.6,12
2025-12-31,Taiwan,internal_violence,53.9,10
2025-12-31,Taiwan,repression,49.3,10
2025-12-31,Taiwan,domestic_attack,46.7,8
2025-12-31,Taiwan,war_activity,68.7,12
2025-12-31,Taiwan,external_attack,65.6,10
2025-12-31,Taiwan,regional_spillover,66.6,12
2026-01-01,Taiwan,internal_violence,52.7,10
2026-01-01,Taiwan,repression,49.3,8
2026-01-01,Taiwan,domestic_attack,43.8,8
2026-01-01,Taiwan,war_activity,65.8,11
2026-01-01,Taiwan,external_attack,66.5,11
2026-01-01,Taiwan,regional_spillover,65.5,11
2026-01-02,Taiwan,internal_violence,51.8,10
2026-01-02,Taiwan,repression,50.1,8
2026-01-02,Taiwan,domestic_attack,42.2,8
2026-01-02,Taiwan,war_activity,66.6,10
2026-01-02,Taiwan,external_attack,64.8,10
2026-01-02,Taiwan,regional_spillover,63.2,12
2026-01-03,Taiwan,internal_violence,51.3,8
2026-01-03,Taiwan,repression,49.4,10
2026-01-03,Taiwan,domestic_attack,42.7,7
2026-01-03,Taiwan,war_activity,69.0,13
2026-01-03,Taiwan,external_attack,66.0,11
2026-01-03,Taiwan,regional_spillover,62.5,10
2026-01-04,Taiwan,internal_violence,54.6,10
2026-01-04,Taiwan,repression,43.2,7
2026-01-04,Taiwan,domestic_attack,43.7,6
2026-01-04,Taiwan,war_activity,67.9,10
2026-01-04,Taiwan,external_attack,66.5,10
2026-01-04,Taiwan,regional_spillover,62.2,12
2026-01-05,Taiwan,internal_violence,52.2,7
2026-01-05,Taiwan,repression,43.9,8
2026-01-05,Taiwan,domestic_attack,39.8,6
2026-01-05,Taiwan,war_activity,64.7,13
2026-01-05,Taiwan,external_attack,67.5,11
2026-01-05,Taiwan,regional_spillover,61.1,11
2026-01-06,Taiwan,internal_violence,54.5,10
2026-01-06,Taiwan,repression,47.1,9
2026-01-06,Taiwan,domestic_attack,40.5,6
2026-01-06,Taiwan,war_activity,69.8,13
2026-01-06,Taiwan,external_attack,67.6,11
2026-01-06,Taiwan,regional_spillover,62.4,12
2026-01-07,Taiwan,internal_violence,57.7,9
2026-01-07,Taiwan,repression,50.2,8
2026-01-07,Taiwan,domestic_attack,45.3,8
2026-01-07,Taiwan,war_activity,66.1,11
2026-01-07,Taiwan,external_attack,66.6,11
2026-01-07,Taiwan,regional_spillover,62.4,11
2026-01-08,Taiwan,internal_violence,56.2,8
2026-01-08,Taiwan,repression,50.4,9
2026-01-08,Taiwan,domestic_attack,44.4,8
2026-01-08,Taiwan,war_activity,70.3,11
2026-01-08,Taiwan,external_attack,65.4,12
2026-01-08,Taiwan,regional_spillover,62.9,10
2026-01-09,Taiwan,internal_violence,54.1,8
2026-01-09,Taiwan,repression,49.1,8
2026-01-09,Taiwan,domestic_attack,43.8,6
2026-01-09,Taiwan,war_activity,65.8,10
2026-01-09,Taiwan,external_attack,69.5,13
2026-01-09,Taiwan,regional_spillover,66.4,12
2026-01-10,Taiwan,internal_violence,54.4,9
2026-01-10,Taiwan,repression,49.5,8
2026-01-10,Taiwan,domestic_attack,43.9,7
2026-01-10,Taiwan,war_activity,69.5,13
2026-01-10,Taiwan,external_attack,66.4,13
2026-01-10,Taiwan,regional_spillover,66.2,10
2026-01-11,Taiwan,internal_violence,53.2,7
2026-01-11,Taiwan,repression,47.8,9
2026-01-11,Taiwan,domestic_attack,39.8,7
2026-01-11,Taiwan,war_activity,64.3,12
2026-01-11,Taiwan,external_attack,68.2,11
2026-01-11,Taiwan,regional_spillover,61.4,10
2026-01-12,Taiwan,internal_violence,52.4,8
2026-01-12,Taiwan,repression,49.2,9
2026-01-12,Taiwan,domestic_attack,40.8,6
2026-01-12,Taiwan,war_activity,66.7,11
2026-01-12,Taiwan,external_attack,65.3,10
2026-01-12,Taiwan,regional_spillover,62.8,9
2026-01-13,Taiwan,internal_violence,56.8,9
2026-01-13,Taiwan,repression,49.1,8
2026-01-13,Taiwan,domestic_attack,44.0,8
2026-01-13,Taiwan,war_activity,66.0,10
2026-01-13,Taiwan,external_attack,65.9,11
2026-01-13,Taiwan,regional_spillover,65.0,11
2026-01-14,Taiwan,internal_violence,56.6,9
2026-01-14,Taiwan,repression,52.9,8
2026-01-14,Taiwan,domestic_attack,43.2,8
2026-01-14,Taiwan,war_activity,69.1,12
2026-01-14,Taiwan,external_attack,69.9,11
2026-01-14,Taiwan,regional_spillover,67.8,11
2026-01-15,Taiwan,internal_violence,59.3,9
2026-01-15,Taiwan,repression,49.5,8
2026-01-15,Taiwan,domestic_attack,44.3,9
2026-01-15,Taiwan,war_activity,69.6,12
2026-01-15,Taiwan,external_attack,69.1,11
2026-01-15,Taiwan,regional_spillover,68.0,12
2026-01-16,Taiwan,internal_violence,55.8,11
2026-01-16,Taiwan,repression,50.2,7
2026-01-16,Taiwan,domestic_attack,46.2,8
2026-01-16,Taiwan,war_activity,67.8,11
2026-01-16,Taiwan,external_attack,69.6,13
2026-01-16,Taiwan,regional_spillover,63.7,12
2026-01-17,Taiwan,internal_violence,56.1,8
2026-01-17,Taiwan,repression,48.8,8
2026-01-17,Taiwan,domestic_attack,46.9,8
2026-01-17,Taiwan,war_activity,68.5,13
2026-01-17,Taiwan,external_attack,69.6,11
2026-01-17,Taiwan,regional_spillover,64.2,12
2026-01-18,Taiwan,internal_violence,54.4,10
2026-01-18,Taiwan,repression,50.7,10
2026-01-18,Taiwan,domestic_attack,46.5,7
2026-01-18,Taiwan,war_activity,68.0,12
2026-01-18,Taiwan,external_attack,66.0,12
2026-01-18,Taiwan,regional_spillover,63.6,11
2026-01-19,Taiwan,internal_violence,54.6,8
2026-01-19,Taiwan,repression,47.8,7
2026-01-19,Taiwan,domestic_attack,45.1,6
2026-01-19,Taiwan,war_activity,70.1,11
2026-01-19,Taiwan,external_attack,66.8,13
2026-01-19,Taiwan,regional_spillover,63.9,11
2026-01-20,Taiwan,internal_violence,60.9,9
2026-01-20,Taiwan,repression,53.8,10
2026-01-20,Taiwan,domestic_attack,49.0,10
2026-01-20,Taiwan,war_activity,67.1,12
2026-01-20,Taiwan,external_attack,67.7,11
2026-01-20,Taiwan,regional_spillover,64.2,10
2026-01-21,Taiwan,internal_violence,60.4,10
2026-01-21,Taiwan,repression,53.6,8
2026-01-21,Taiwan,domestic_attack,49.0,8
2026-01-21,Taiwan,war_activity,66.9,10
2026-01-21,Taiwan,external_attack,69.4,13
2026-01-21,Taiwan,regional_spillover,69.2,11
2026-01-22,Taiwan,internal_violence,63.0,9
2026-01-22,Taiwan,repression,52.7,10
2026-01-22,Taiwan,domestic_attack,47.9,9
2026-01-22,Taiwan,war_activity,67.9,13
2026-01-22,Taiwan,external_attack,69.9,13
2026-01-22,Taiwan,regional_spillover,65.7,10
2026-01-23,Taiwan,internal_violence,61.6,10
2026-01-23,Taiwan,repression,51.9,9
2026-01-23,Taiwan,domestic_attack,48.3,8
2026-01-23,Taiwan,war_activity,68.9,11
2026-01-23,Taiwan,external_attack,71.9,12
2026-01-23,Taiwan,regional_spillover,68.9,13
2026-01-24,Taiwan,internal_violence,57.3,11
2026-01-24,Taiwan,repression,51.4,10
2026-01-24,Taiwan,domestic_attack,48.4,8
2026-01-24,Taiwan,war_activity,67.6,12
2026-01-24,Taiwan,external_attack,66.4,11
2026-01-24,Taiwan,regional_spillover,66.8,10
2026-01-25,Taiwan,internal_violence,57.3,9
2026-01-25,Taiwan,repression,51.8,8
2026-01-25,Taiwan,domestic_attack,47.8,8
2026-01-25,Taiwan,war_activity,70.4,13
2026-01-25,Taiwan,external_attack,69.7,12
2026-01-25,Taiwan,regional_spillover,64.6,12
2026-01-26,Taiwan,internal_violence,61.1,9
2026-01-26,Taiwan,repression,50.2,8
2026-01-26,Taiwan,domestic_attack,47.2,9
2026-01-26,Taiwan,war_activity,66.8,11
2026-01-26,Taiwan,external_attack,69.6,12
2026-01-26,Taiwan,regional_spillover,66.1,12
2026-01-27,Taiwan,internal_violence,59.6,10
2026-01-27,Taiwan,repression,56.5,10
2026-01-27,Taiwan,domestic_attack,51.8,8
2026-01-27,Taiwan,war_activity,71.9,11
2026-01-27,Taiwan,external_attack,70.4,13
2026-01-27,Taiwan,regional_spillover,70.2,11
2026-01-28,Taiwan,internal_violence,64.9,12
2026-01-28,Taiwan,repression,53.4,9
2026-01-28,Taiwan,domestic_attack,50.1,7
2026-01-28,Taiwan,war_activity,68.4,13
2026-01-28,Taiwan,external_attack,69.3,11
2026-01-28,Taiwan,regional_spillover,70.1,12
2026-01-29,Taiwan,internal_violence,67.1,11
2026-01-29,Taiwan,repression,55.1,9
2026-01-29,Taiwan,domestic_attack,51.5,9
2026-01-29,Taiwan,war_activity,72.2,11
2026-01-29,Taiwan,external_attack,72.5,11
2026-01-29,Taiwan,regional_spillover,70.1,11
2026-01-30,Taiwan,internal_violence,65.9,12
2026-01-30,Taiwan,repression,57.8,11
2026-01-30,Taiwan,domestic_attack,51.5,10
2026-01-30,Taiwan,war_activity,72.2,14
2026-01-30,Taiwan,external_attack,68.1,11
2026-01-30,Taiwan,regional_spillover,67.8,12
2026-01-31,Taiwan,internal_violence,61.2,9
2026-01-31,Taiwan,repression,57.1,10
2026-01-31,Taiwan,domestic_attack,49.0,9
2026-01-31,Taiwan,war_activity,70.5,13
2026-01-31,Taiwan,external_attack,67.7,12
2026-01-31,Taiwan,regional_spillover,68.0,12
2026-02-01,Taiwan,internal_violence,59.5,11
2026-02-01,Taiwan,repression,56.0,10
2026-02-01,Taiwan,domestic_attack,52.2,9
2026-02-01,Taiwan,war_activity,67.7,11
2026-02-01,Taiwan,external_attack,71.6,13
2026-02-01,Taiwan,regional_spillover,70.0,12
2026-02-02,Taiwan,internal_violence,62.8,11
2026-02-02,Taiwan,repression,53.5,8
2026-02-02,Taiwan,domestic_attack,52.7,10
2026-02-02,Taiwan,war_activity,67.8,13
2026-02-02,Taiwan,external_attack,72.9,12
2026-02-02,Taiwan,regional_spillover,68.6,13
2026-02-03,Taiwan,internal_violence,64.6,12
2026-02-03,Taiwan,repression,58.8,11
2026-02-03,Taiwan,domestic_attack,51.1,9
2026-02-03,Taiwan,war_activity,72.0,13
2026-02-03,Taiwan,external_attack,70.6,13
2026-02-03,Taiwan,regional_spillover,71.4,12
2026-02-04,Taiwan,internal_violence,65.8,12
2026-02-04,Taiwan,repression,56.6,9
2026-02-04,Taiwan,domestic_attack,51.0,10
2026-02-04,Taiwan,war_activity,71.5,11
2026-02-04,Taiwan,external_attack,72.8,14
2026-02-04,Taiwan,regional_spillover,70.2,11
2026-02-05,Taiwan,internal_violence,68.3,10
2026-02-05,Taiwan,repression,59.2,11
2026-02-05,Taiwan,domestic_attack,56.9,11
2026-02-05,Taiwan,war_activity,73.7,12
2026-02-05,Taiwan,external_attack,71.5,11
2026-02-05,Taiwan,regional_spillover,73.8,14
2026-02-06,Taiwan,internal_violence,68.3,11
2026-02-06,Taiwan,repression,62.3,9
2026-02-06,Taiwan,domestic_attack,51.5,10
2026-02-06,Taiwan,war_activity,72.2,13
2026-02-06,Taiwan,external_attack,72.9,13
2026-02-06,Taiwan,regional_spillover,69.2,11
2026-02-07,Taiwan,internal_violence,63.8,11
2026-02-07,Taiwan,repression,58.8,11
2026-02-07,Taiwan,domestic_attack,52.2,7
2026-02-07,Taiwan,war_activity,71.9,11
2026-02-07,Taiwan,external_attack,71.2,12
2026-02-07,Taiwan,regional_spillover,68.3,11
2026-02-08,Taiwan,internal_violence,64.0,12
2026-02-08,Taiwan,repression,59.7,9
2026-02-08,Taiwan,domestic_attack,51.5,10
2026-02-08,Taiwan,war_activity,68.5,11
2026-02-08,Taiwan,external_attack,70.1,13
2026-02-08,Taiwan,regional_spillover,69.9,12
2026-02-09,Taiwan,internal_violence,63.9,12
2026-02-09,Taiwan,repression,57.0,11
2026-02-09,Taiwan,domestic_attack,53.9,9
2026-02-09,Taiwan,war_activity,71.3,11
2026-02-09,Taiwan,external_attack,69.2,13
2026-02-09,Taiwan,regional_spillover,72.0,12
2026-02-10,Taiwan,internal_violence,68.0,13
2026-02-10,Taiwan,repression,61.8,11
2026-02-10,Taiwan,domestic_attack,53.9,10
2026-02-10,Taiwan,war_activity,73.9,13
2026-02-10,Taiwan,external_attack,73.0,14
2026-02-10,Taiwan,regional_spillover,69.6,12
2026-02-11,Taiwan,internal_violence,69.4,11
2026-02-11,Taiwan,repression,62.5,12
2026-02-11,Taiwan,domestic_attack,54.2,10
2026-02-11,Taiwan,war_activity,74.7,13
2026-02-11,Taiwan,external_attack,74.0,14
2026-02-11,Taiwan,regional_spillover,72.2,12
2026-02-12,Taiwan,internal_violence,72.9,12
2026-02-12,Taiwan,repression,63.2,10
2026-02-12,Taiwan,domestic_attack,56.5,10
2026-02-12,Taiwan,war_activity,71.7,12
2026-02-12,Taiwan,external_attack,74.0,12
2026-02-12,Taiwan,regional_spillover,75.5,12
2026-02-13,Taiwan,internal_violence,71.1,11
2026-02-13,Taiwan,repression,61.1,11
2026-02-13,Taiwan,domestic_attack,56.0,10
2026-02-13,Taiwan,war_activity,71.4,14
2026-02-13,Taiwan,external_attack,74.5,12
2026-02-13,Taiwan,regional_spillover,71.0,12
2026-02-14,Taiwan,internal_violence,70.8,13
2026-02-14,Taiwan,repression,63.1,11
2026-02-14,Taiwan,domestic_attack,55.7,8
2026-02-14,Taiwan,war_activity,72.5,12
2026-02-14,Taiwan,external_attack,72.3,11
2026-02-14,Taiwan,regional_spillover,72.9,12
2026-02-15,Taiwan,internal_violence,70.5,13
2026-02-15,Taiwan,repression,61.4,10
2026-02-15,Taiwan,domestic_attack,54.3,10
2026-02-15,Taiwan,war_activity,70.3,12
2026-02-15,Taiwan,external_attack,74.1,14
2026-02-15,Taiwan,regional_spillover,72.8,11
2026-02-16,Taiwan,internal_violence,68.7,13
2026-02-16,Taiwan,repression,59.5,9
2026-02-16,Taiwan,domestic_attack,54.7,10
2026-02-16,Taiwan,war_activity,70.8,12
2026-02-16,Taiwan,external_attack,74.4,14
2026-02-16,Taiwan,regional_spillover,74.5,14
2026-02-17,Taiwan,internal_violence,73.0,14
2026-02-17,Taiwan,repression,61.7,11
2026-02-17,Taiwan,domestic_attack,54.5,10
2026-02-17,Taiwan,war_activity,73.3,13
2026-02-17,Taiwan,external_attack,70.2,12
2026-02-17,Taiwan,regional_spillover,73.6,13
2026-02-18,Taiwan,internal_violence,71.3,14
2026-02-18,Taiwan,repression,65.5,11
2026-02-18,Taiwan,domestic_attack,59.6,12
2026-02-18,Taiwan,war_activity,72.9,13
2026-02-18,Taiwan,external_attack,72.1,11
2026-02-18,Taiwan,regional_spillover,71.5,14
2026-02-19,Taiwan,internal_violence,75.7,12
2026-02-19,Taiwan,repression,67.1,11
2026-02-19,Taiwan,domestic_attack,60.6,10
2026-02-19,Taiwan,war_activity,76.3,12
2026-02-19,Taiwan,external_attack,70.8,11
2026-02-19,Taiwan,regional_spillover,74.8,13
2026-02-20,Taiwan,internal_violence,72.6,13
2026-02-20,Taiwan,repression,63.4,12
2026-02-20,Taiwan,domestic_attack,56.1,9
2026-02-20,Taiwan,war_activity,70.5,12
2026-02-20,Taiwan,external_attack,75.2,13
2026-02-20,Taiwan,regional_spillover,74.4,14
2026-02-21,Taiwan,internal_violence,69.6,11
2026-02-21,Taiwan,repression,63.7,12
2026-02-21,Taiwan,domestic_attack,55.0,10
2026-02-21,Taiwan,war_activity,73.6,14
2026-02-21,Taiwan,external_attack,73.1,12
2026-02-21,Taiwan,regional_spillover,70.8,13
2026-02-22,Taiwan,internal_violence,67.3,10
2026-02-22,Taiwan,repression,63.3,11
2026-02-22,Taiwan,domestic_attack,53.9,9
2026-02-22,Taiwan,war_activity,72.9,11
2026-02-22,Taiwan,external_attack,73.1,13
2026-02-22,Taiwan,regional_spillover,75.1,14
2026-02-23,Taiwan,internal_violence,72.1,11
2026-02-23,Taiwan,repression,64.9,11
2026-02-23,Taiwan,domestic_attack,56.3,9
2026-02-23,Taiwan,war_activity,70.2,11
2026-02-23,Taiwan,external_attack,73.6,12
2026-02-23,Taiwan,regional_spillover,74.9,13
2026-02-24,Taiwan,internal_violence,69.5,11
2026-02-24,Taiwan,repression,63.0,10
2026-02-24,Taiwan,domestic_attack,55.1,10
2026-02-24,Taiwan,war_activity,74.0,12
2026-02-24,Taiwan,external_attack,75.4,13
2026-02-24,Taiwan,regional_spillover,74.3,12
2026-02-25,Taiwan,internal_violence,70.7,11
2026-02-25,Taiwan,repression,64.6,10
2026-02-25,Taiwan,domestic_attack,60.4,9
2026-02-25,Taiwan,war_activity,75.0,12
2026-02-25,Taiwan,external_attack,76.3,14
2026-02-25,Taiwan,regional_spillover,73.1,14
2026-02-26,Taiwan,internal_violence,72.7,13
2026-02-26,Taiwan,repression,64.5,12
2026-02-26,Taiwan,domestic_attack,56.9,9
2026-02-26,Taiwan,war_activity,71.8,13
2026-02-26,Taiwan,external_attack,75.3,13
2026-02-26,Taiwan,regional_spillover,77.1,14
2026-02-27,Taiwan,internal_violence,72.9,12
2026-02-27,Taiwan,repression,61.6,11
2026-02-27,Taiwan,domestic_attack,55.8,11
2026-02-27,Taiwan,war_activity,73.1,13
2026-02-27,Taiwan,external_attack,75.3,12
2026-02-27,Taiwan,regional_spillover,73.6,13
2026-02-28,Taiwan,internal_violence,71.2,11
2026-02-28,Taiwan,repression,59.9,11
2026-02-28,Taiwan,domestic_attack,57.9,9
2026-02-28,Taiwan,war_activity,70.8,14
2026-02-28,Taiwan,external_attack,70.0,13
2026-02-28,Taiwan,regional_spillover,73.8,14
2026-03-01,Taiwan,internal_violence,69.8,11
2026-03-01,Taiwan,repression,64.3,11
2026-03-01,Taiwan,domestic_attack,54.5,10
2026-03-01,Taiwan,war_activity,74.9,14
2026-03-01,Taiwan,external_attack,70.4,13
2026-03-01,Taiwan,regional_spillover,72.8,14
2026-03-02,Taiwan,internal_violence,68.8,11
2026-03-02,Taiwan,repression,60.4,11
2026-03-02,Taiwan,domestic_attack,57.0,10
2026-03-02,Taiwan,war_activity,75.3,12
2026-03-02,Taiwan,external_attack,73.1,12
2026-03-02,Taiwan,regional_spillover,71.2,12
2026-03-03,Taiwan,internal_violence,73.1,12
2026-03-03,Taiwan,repression,60.1,10
2026-03-03,Taiwan,domestic_attack,59.1,9
2026-03-03,Taiwan,war_activity,74.1,14
2026-03-03,Taiwan,external_attack,70.9,13
2026-03-03,Taiwan,regional_spillover,73.5,13
2026-03-04,Taiwan,internal_violence,73.2,14
2026-03-04,Taiwan,repression,62.3,11
2026-03-04,Taiwan,domestic_attack,56.0,9
2026-03-04,Taiwan,war_activity,74.8,13
2026-03-04,Taiwan,external_attack,72.4,13
2026-03-04,Taiwan,regional_spillover,72.4,14
2026-03-05,Taiwan,internal_violence,70.5,12
2026-03-05,Taiwan,repression,65.2,10
2026-03-05,Taiwan,domestic_attack,58.2,9
2026-03-05,Taiwan,war_activity,71.6,12
2026-03-05,Taiwan,external_attack,72.4,11
2026-03-05,Taiwan,regional_spillover,74.4,12
2026-03-06,Taiwan,internal_violence,69.0,10
2026-03-06,Taiwan,repression,64.4,11
2026-03-06,Taiwan,domestic_attack,54.9,8
2026-03-06,Taiwan,war_activity,73.4,14
2026-03-06,Taiwan,external_attack,75.1,12
2026-03-06,Taiwan,regional_spillover,72.7,11
2026-03-07,Taiwan,internal_violence,66.9,11
2026-03-07,Taiwan,repression,61.6,12
2026-03-07,Taiwan,domestic_attack,53.5,10
2026-03-07,Taiwan,war_activity,72.4,12
2026-03-07,Taiwan,external_attack,69.6,12
2026-03-07,Taiwan,regional_spillover,71.1,11
2026-03-08,Taiwan,internal_violence,66.0,13
2026-03-08,Taiwan,repression,61.3,9
2026-03-08,Taiwan,domestic_attack,54.6,9
2026-03-08,Taiwan,war_activity,70.2,11
2026-03-08,Taiwan,external_attack,69.3,13
2026-03-08,Taiwan,regional_spillover,72.4,12
2026-03-09,Taiwan,internal_violence,70.2,13
2026-03-09,Taiwan,repression,59.6,11
2026-03-09,Taiwan,domestic_attack,51.5,9
2026-03-09,Taiwan,war_activity,74.5,14
2026-03-09,Taiwan,external_attack,70.5,12
2026-03-09,Taiwan,regional_spillover,69.5,11
2026-03-10,Taiwan,internal_violence,66.3,10
2026-03-10,Taiwan,repression,59.1,9
2026-03-10,Taiwan,domestic_attack,52.2,10
2026-03-10,Taiwan,war_activity,72.4,13
2026-03-10,Taiwan,external_attack,73.0,11
2026-03-10,Taiwan,regional_spillover,72.8,13
2026-03-11,Taiwan,internal_violence,72.1,12
2026-03-11,Taiwan,repression,61.3,9
2026-03-11,Taiwan,domestic_attack,56.4,11
2026-03-11,Taiwan,war_activity,72.4,13
2026-03-11,Taiwan,external_attack,69.8,12
2026-03-11,Taiwan,regional_spillover,71.3,12
2026-03-12,Taiwan,internal_violence,69.2,13
2026-03-12,Taiwan,repression,60.8,12
2026-03-12,Taiwan,domestic_attack,58.1,9
2026-03-12,Taiwan,war_activity,71.6,13
2026-03-12,Taiwan,external_attack,69.7,11
2026-03-12,Taiwan,regional_spillover,74.9,11
2026-03-13,Taiwan,internal_violence,65.5,13
2026-03-13,Taiwan,repression,59.2,11
2026-03-13,Taiwan,domestic_attack,55.4,9
2026-03-13,Taiwan,war_activity,73.5,11
2026-03-13,Taiwan,external_attack,72.4,12
2026-03-13,Taiwan,regional_spillover,71.7,11
2026-03-14,Taiwan,internal_violence,65.3,10
2026-03-14,Taiwan,repression,58.2,9
2026-03-14,Taiwan,domestic_attack,55.6,11
2026-03-14,Taiwan,war_activity,68.9,13
2026-03-14,Taiwan,external_attack,71.1,13
2026-03-14,Taiwan,regional_spillover,68.6,11
2026-03-15,Taiwan,internal_violence,67.2,11
2026-03-15,Taiwan,repression,56.2,9
2026-03-15,Taiwan,domestic_attack,52.4,8
2026-03-15,Taiwan,war_activity,72.5,14
2026-03-15,Taiwan,external_attack,68.3,13
2026-03-15,Taiwan,regional_spillover,72.0,11
2026-03-16,Taiwan,internal_violence,64.3,12
2026-03-16,Taiwan,repression,58.6,9
2026-03-16,Taiwan,domestic_attack,53.8,10
2026-03-16,Taiwan,war_activity,70.8,13
2026-03-16,Taiwan,external_attack,69.6,12
2026-03-16,Taiwan,regional_spillover,71.0,13
2026-03-17,Taiwan,internal_violence,63.6,10
2026-03-17,Taiwan,repression,59.0,9
2026-03-17,Taiwan,domestic_attack,54.6,9
2026-03-17,Taiwan,war_activity,69.2,11
2026-03-17,Taiwan,external_attack,73.4,13
2026-03-17,Taiwan,regional_spillover,71.4,12
2026-03-18,Taiwan,internal_violence,67.9,12
2026-03-18,Taiwan,repression,56.3,10
2026-03-18,Taiwan,domestic_attack,50.9,9
2026-03-18,Taiwan,war_activity,69.8,11
2026-03-18,Taiwan,external_attack,72.2,12
2026-03-18,Taiwan,regional_spillover,69.5,13
2026-03-19,Taiwan,internal_violence,68.9,10
2026-03-19,Taiwan,repression,58.6,11
2026-03-19,Taiwan,domestic_attack,50.2,8
2026-03-19,Taiwan,war_activity,70.9,13
2026-03-19,Taiwan,external_attack,68.9,11
2026-03-19,Taiwan,regional_spillover,71.6,13
2026-03-20,Taiwan,internal_violence,66.9,11
2026-03-20,Taiwan,repression,58.7,9
2026-03-20,Taiwan,domestic_attack,54.3,9
2026-03-20,Taiwan,war_activity,71.8,11
2026-03-20,Taiwan,external_attack,72.5,13
2026-03-20,Taiwan,regional_spillover,69.1,11
2026-03-21,Taiwan,internal_violence,62.8,9
2026-03-21,Taiwan,repression,53.7,9
2026-03-21,Taiwan,domestic_attack,48.8,8
2026-03-21,Taiwan,war_activity,69.3,13
2026-03-21,Taiwan,external_attack,71.7,12
2026-03-21,Taiwan,regional_spillover,68.3,13
2026-03-22,Taiwan,internal_violence,60.5,9
2026-03-22,Taiwan,repression,51.7,9
2026-03-22,Taiwan,domestic_attack,49.9,9
2026-03-22,Taiwan,war_activity,67.5,10
2026-03-22,Taiwan,external_attack,72.2,14
2026-03-22,Taiwan,regional_spillover,70.6,12
2026-03-23,Taiwan,internal_violence,60.7,11
2026-03-23,Taiwan,repression,55.7,11
2026-03-23,Taiwan,domestic_attack,48.1,9
2026-03-23,Taiwan,war_activity,68.4,11
2026-03-23,Taiwan,external_attack,72.3,11
2026-03-23,Taiwan,regional_spillover,67.8,12
2026-03-24,Taiwan,internal_violence,60.0,10
2026-03-24,Taiwan,repression,53.7,10
2026-03-24,Taiwan,domestic_attack,50.5,9
2026-03-24,Taiwan,war_activity,67.0,11
2026-03-24,Taiwan,external_attack,68.4,12
2026-03-24,Taiwan,regional_spillover,69.7,12
2026-03-25,Taiwan,internal_violence,63.5,11
2026-03-25,Taiwan,repression,57.5,8
2026-03-25,Taiwan,domestic_attack,50.7,8
2026-03-25,Taiwan,war_activity,72.4,13
2026-03-25,Taiwan,external_attack,72.3,11
2026-03-25,Taiwan,regional_spillover,67.4,13
2026-03-26,Taiwan,internal_violence,64.6,12
2026-03-26,Taiwan,repression,56.4,10
2026-03-26,Taiwan,domestic_attack,47.9,8
2026-03-26,Taiwan,war_activity,67.7,11
2026-03-26,Taiwan,external_attack,70.3,11
2026-03-26,Taiwan,regional_spillover,70.7,12
2026-03-27,Taiwan,internal_violence,62.1,10
2026-03-27,Taiwan,repression,56.7,9
2026-03-27,Taiwan,domestic_attack,50.2,7
2026-03-27,Taiwan,war_activity,69.9,12
2026-03-27,Taiwan,external_attack,71.7,13
2026-03-27,Taiwan,regional_spillover,70.2,12
2026-03-28,Taiwan,internal_violence,57.4,9
2026-03-28,Taiwan,repression,54.6,8
2026-03-28,Taiwan,domestic_attack,45.0,8
2026-03-28,Taiwan,war_activity,66.1,11
2026-03-28,Taiwan,external_attack,69.9,13
2026-03-28,Taiwan,regional_spillover,65.5,12
2026-03-29,Taiwan,internal_violence,60.4,9
2026-03-29,Taiwan,repression,52.9,8
2026-03-29,Taiwan,domestic_attack,48.1,8
2026-03-29,Taiwan,war_activity,66.4,10
2026-03-29,Taiwan,external_attack,68.2,12
2026-03-29,Taiwan,regional_spillover,67.0,13
2026-03-30,Taiwan,internal_violence,55.7,8
2026-03-30,Taiwan,repression,49.3,7
2026-03-30,Taiwan,domestic_attack,47.2,9
2026-03-30,Taiwan,war_activity,67.8,12
2026-03-30,Taiwan,external_attack,66.6,12
2026-03-30,Taiwan,regional_spillover,67.7,10
2026-03-31,Taiwan,internal_violence,57.3,8
2026-03-31,Taiwan,repression,49.6,10
2026-03-31,Taiwan,domestic_attack,48.3,9
2026-03-31,Taiwan,war_activity,69.2,10
2026-03-31,Taiwan,external_attack,67.2,12
2026-03-31,Taiwan,regional_spillover,68.4,11
2026-04-01,Taiwan,internal_violence,59.9,9
2026-04-01,Taiwan,repression,54.7,8
2026-04-01,Taiwan,domestic_attack,47.5,8
2026-04-01,Taiwan,war_activity,69.6,11
2026-04-01,Taiwan,external_attack,70.9,12
2026-04-01,Taiwan,regional_spillover,69.4,12
2026-04-02,Taiwan,internal_violence,61.0,10
2026-04-02,Taiwan,repression,50.4,7
2026-04-02,Taiwan,domestic_attack,47.3,8
2026-04-02,Taiwan,war_activity,68.4,11
2026-04-02,Taiwan,external_attack,66.9,13
2026-04-02,Taiwan,regional_spillover,67.0,12
2026-04-03,Taiwan,internal_violence,59.8,11
2026-04-03,Taiwan,repression,50.2,8
2026-04-03,Taiwan,domestic_attack,47.0,7
2026-04-03,Taiwan,war_activity,66.8,10
2026-04-03,Taiwan,external_attack,66.2,10
2026-04-03,Taiwan,regional_spillover,67.9,11
2026-04-04,Taiwan,internal_violence,56.9,9
2026-04-04,Taiwan,repression,50.5,7
2026-04-04,Taiwan,domestic_attack,45.9,8
2026-04-04,Taiwan,war_activity,65.3,11
2026-04-04,Taiwan,external_attack,70.8,14
2026-04-04,Taiwan,regional_spillover,65.1,10
2026-04-05,Taiwan,internal_violence,57.9,11
2026-04-05,Taiwan,repression,47.3,9
2026-04-05,Taiwan,domestic_attack,46.9,9
2026-04-05,Taiwan,war_activity,68.1,12
2026-04-05,Taiwan,external_attack,67.3,12
2026-04-05,Taiwan,regional_spillover,63.8,9
2026-04-06,Taiwan,internal_violence,57.4,9
2026-04-06,Taiwan,repression,46.7,6
2026-04-06,Taiwan,domestic_attack,46.4,9
2026-04-06,Taiwan,war_activity,65.9,12
2026-04-06,Taiwan,external_attack,67.2,13
2026-04-06,Taiwan,regional_spillover,65.6,10
2026-04-07,Taiwan,internal_violence,59.1,11
2026-04-07,Taiwan,repression,51.1,9
2026-04-07,Taiwan,domestic_attack,43.4,6
2026-04-07,Taiwan,war_activity,65.9,11
2026-04-07,Taiwan,external_attack,66.5,13
2026-04-07,Taiwan,regional_spillover,67.2,11
2026-04-08,Taiwan,internal_violence,60.2,9
2026-04-08,Taiwan,repression,50.6,10
2026-04-08,Taiwan,domestic_attack,45.6,7
2026-04-08,Taiwan,war_activity,68.8,11
2026-04-08,Taiwan,external_attack,70.5,13
2026-04-08,Taiwan,regional_spillover,67.9,12
2026-04-09,Taiwan,internal_violence,56.0,8
2026-04-09,Taiwan,repression,49.5,7
2026-04-09,Taiwan,domestic_attack,47.9,8
2026-04-09,Taiwan,war_activity,66.0,12
2026-04-09,Taiwan,external_attack,67.7,11
2026-04-09,Taiwan,regional_spillover,64.1,10
2026-04-10,Taiwan,internal_violence,59.7,10
2026-04-10,Taiwan,repression,51.5,9
2026-04-10,Taiwan,domestic_attack,45.7,7
2026-04-10,Taiwan,war_activity,67.9,11
2026-04-10,Taiwan,external_attack,69.5,13
2026-04-10,Taiwan,regional_spillover,66.9,12
2026-04-11,Taiwan,internal_violence,55.0,10
2026-04-11,Taiwan,repression,50.3,10
2026-04-11,Taiwan,domestic_attack,45.6,7
2026-04-11,Taiwan,war_activity,66.1,10
2026-04-11,Taiwan,external_attack,66.7,11
2026-04-11,Taiwan,regional_spillover,64.5,10
2026-04-12,Taiwan,internal_violence,54.0,10
2026-04-12,Taiwan,repression,46.1,6
2026-04-12,Taiwan,domestic_attack,42.0,7
2026-04-12,Taiwan,war_activity,69.9,12
2026-04-12,Taiwan,external_attack,67.6,12
2026-04-12,Taiwan,regional_spillover,67.0,13
2025-04-22,Poland,internal_violence,45.6,7
2025-04-22,Poland,repression,40.5,6
2025-04-22,Poland,domestic_attack,35.3,7
2025-04-22,Poland,war_activity,46.3,8
2025-04-22,Poland,external_attack,42.1,8
2025-04-22,Poland,regional_spillover,44.8,7
2025-04-23,Poland,internal_violence,46.1,7
2025-04-23,Poland,repression,38.9,8
2025-04-23,Poland,domestic_attack,39.2,5
2025-04-23,Poland,war_activity,44.4,6
2025-04-23,Poland,external_attack,46.0,8
2025-04-23,Poland,regional_spillover,43.7,6
2025-04-24,Poland,internal_violence,48.4,9
2025-04-24,Poland,repression,42.6,6
2025-04-24,Poland,domestic_attack,36.5,5
2025-04-24,Poland,war_activity,45.5,8
2025-04-24,Poland,external_attack,41.8,6
2025-04-24,Poland,regional_spillover,47.7,8
2025-04-25,Poland,internal_violence,45.1,8
2025-04-25,Poland,repression,40.2,6
2025-04-25,Poland,domestic_attack,37.6,5
2025-04-25,Poland,war_activity,44.8,7
2025-04-25,Poland,external_attack,46.4,7
2025-04-25,Poland,regional_spillover,43.2,7
2025-04-26,Poland,internal_violence,42.9,8
2025-04-26,Poland,repression,38.5,5
2025-04-26,Poland,domestic_attack,36.9,7
2025-04-26,Poland,war_activity,44.4,6
2025-04-26,Poland,external_attack,43.5,9
2025-04-26,Poland,regional_spillover,45.6,7
2025-04-27,Poland,internal_violence,43.0,8
2025-04-27,Poland,repression,40.3,7
2025-04-27,Poland,domestic_attack,32.5,4
2025-04-27,Poland,war_activity,46.1,9
2025-04-27,Poland,external_attack,41.3,7
2025-04-27,Poland,regional_spillover,46.2,7
2025-04-28,Poland,internal_violence,43.3,8
2025-04-28,Poland,repression,40.8,8
2025-04-28,Poland,domestic_attack,37.6,6
2025-04-28,Poland,war_activity,45.2,8
2025-04-28,Poland,external_attack,42.5,8
2025-04-28,Poland,regional_spillover,46.7,7
2025-04-29,Poland,internal_violence,46.5,9
2025-04-29,Poland,repression,42.5,7
2025-04-29,Poland,domestic_attack,39.0,7
2025-04-29,Poland,war_activity,45.2,8
2025-04-29,Poland,external_attack,43.3,7
2025-04-29,Poland,regional_spillover,44.6,8
2025-04-30,Poland,internal_violence,50.1,9
2025-04-30,Poland,repression,43.3,6
2025-04-30,Poland,domestic_attack,38.4,6
2025-04-30,Poland,war_activity,44.7,9
2025-04-30,Poland,external_attack,42.1,6
2025-04-30,Poland,regional_spillover,45.5,7
2025-05-01,Poland,internal_violence,48.8,7
2025-05-01,Poland,repression,44.3,9
2025-05-01,Poland,domestic_attack,39.4,8
2025-05-01,Poland,war_activity,43.4,9
2025-05-01,Poland,external_attack,44.3,8
2025-05-01,Poland,regional_spillover,49.2,8
2025-05-02,Poland,internal_violence,50.1,9
2025-05-02,Poland,repression,42.5,7
2025-05-02,Poland,domestic_attack,36.9,8
2025-05-02,Poland,war_activity,45.7,7
2025-05-02,Poland,external_attack,45.0,8
2025-05-02,Poland,regional_spillover,44.6,7
2025-05-03,Poland,internal_violence,45.4,8
2025-05-03,Poland,repression,42.7,6
2025-05-03,Poland,domestic_attack,34.5,5
2025-05-03,Poland,war_activity,42.8,7
2025-05-03,Poland,external_attack,41.8,7
2025-05-03,Poland,regional_spillover,43.2,8
2025-05-04,Poland,internal_violence,43.5,7
2025-05-04,Poland,repression,38.4,5
2025-05-04,Poland,domestic_attack,37.7,7
2025-05-04,Poland,war_activity,41.5,6
2025-05-04,Poland,external_attack,45.5,7
2025-05-04,Poland,regional_spillover,47.7,8
2025-05-05,Poland,internal_violence,45.8,7
2025-05-05,Poland,repression,42.0,6
2025-05-05,Poland,domestic_attack,34.3,5
2025-05-05,Poland,war_activity,43.3,7
2025-05-05,Poland,external_attack,41.7,9
2025-05-05,Poland,regional_spillover,45.8,6
2025-05-06,Poland,internal_violence,49.5,10
2025-05-06,Poland,repression,41.3,5
2025-05-06,Poland,domestic_attack,38.7,5
2025-05-06,Poland,war_activity,43.0,8
2025-05-06,Poland,external_attack,45.3,8
2025-05-06,Poland,regional_spillover,46.7,8
2025-05-07,Poland,internal_violence,50.4,9
2025-05-07,Poland,repression,45.0,9
2025-05-07,Poland,domestic_attack,37.0,5
2025-05-07,Poland,war_activity,46.5,7
2025-05-07,Poland,external_attack,47.2,9
2025-05-07,Poland,regional_spillover,49.5,8
2025-05-08,Poland,internal_violence,51.4,10
2025-05-08,Poland,repression,44.5,8
2025-05-08,Poland,domestic_attack,38.9,5
2025-05-08,Poland,war_activity,46.4,8
2025-05-08,Poland,external_attack,47.0,8
2025-05-08,Poland,regional_spillover,49.3,8
2025-05-09,Poland,internal_violence,50.1,8
2025-05-09,Poland,repression,43.3,8
2025-05-09,Poland,domestic_attack,39.4,8
2025-05-09,Poland,war_activity,45.3,9
2025-05-09,Poland,external_attack,45.9,7
2025-05-09,Poland,regional_spillover,47.6,7
2025-05-10,Poland,internal_violence,49.9,9
2025-05-10,Poland,repression,43.3,6
2025-05-10,Poland,domestic_attack,38.3,6
2025-05-10,Poland,war_activity,44.1,8
2025-05-10,Poland,external_attack,46.5,9
2025-05-10,Poland,regional_spillover,45.2,6
2025-05-11,Poland,internal_violence,48.7,7
2025-05-11,Poland,repression,38.6,7
2025-05-11,Poland,domestic_attack,37.3,6
2025-05-11,Poland,war_activity,45.1,9
2025-05-11,Poland,external_attack,45.9,9
2025-05-11,Poland,regional_spillover,47.5,7
2025-05-12,Poland,internal_violence,45.0,9
2025-05-12,Poland,repression,40.5,7
2025-05-12,Poland,domestic_attack,39.0,7
2025-05-12,Poland,war_activity,45.9,6
2025-05-12,Poland,external_attack,43.5,8
2025-05-12,Poland,regional_spillover,45.5,7
2025-05-13,Poland,internal_violence,49.9,7
2025-05-13,Poland,repression,43.4,6
2025-05-13,Poland,domestic_attack,38.1,6
2025-05-13,Poland,war_activity,47.4,8
2025-05-13,Poland,external_attack,46.9,9
2025-05-13,Poland,regional_spillover,49.3,9
2025-05-14,Poland,internal_violence,47.4,7
2025-05-14,Poland,repression,41.9,8
2025-05-14,Poland,domestic_attack,39.7,6
2025-05-14,Poland,war_activity,45.8,9
2025-05-14,Poland,external_attack,43.5,8
2025-05-14,Poland,regional_spillover,49.1,8
2025-05-15,Poland,internal_violence,48.7,9
2025-05-15,Poland,repression,44.0,8
2025-05-15,Poland,domestic_attack,39.1,8
2025-05-15,Poland,war_activity,46.1,9
2025-05-15,Poland,external_attack,47.8,8
2025-05-15,Poland,regional_spillover,47.1,8
2025-05-16,Poland,internal_violence,48.3,8
2025-05-16,Poland,repression,46.1,8
2025-05-16,Poland,domestic_attack,40.6,6
2025-05-16,Poland,war_activity,43.1,7
2025-05-16,Poland,external_attack,45.4,6
2025-05-16,Poland,regional_spillover,47.2,9
2025-05-17,Poland,internal_violence,48.3,9
2025-05-17,Poland,repression,44.5,9
2025-05-17,Poland,domestic_attack,39.7,7
2025-05-17,Poland,war_activity,46.5,7
2025-05-17,Poland,external_attack,43.3,6
2025-05-17,Poland,regional_spillover,44.5,6
2025-05-18,Poland,internal_violence,47.6,8
2025-05-18,Poland,repression,43.8,8
2025-05-18,Poland,domestic_attack,35.8,6
2025-05-18,Poland,war_activity,46.7,9
2025-05-18,Poland,external_attack,43.0,6
2025-05-18,Poland,regional_spillover,45.3,8
2025-05-19,Poland,internal_violence,44.5,7
2025-05-19,Poland,repression,41.6,7
2025-05-19,Poland,domestic_attack,36.7,6
2025-05-19,Poland,war_activity,46.0,7
2025-05-19,Poland,external_attack,44.8,7
2025-05-19,Poland,regional_spillover,47.0,9
2025-05-20,Poland,internal_violence,46.6,7
2025-05-20,Poland,repression,40.4,7
2025-05-20,Poland,domestic_attack,37.7,6
2025-05-20,Poland,war_activity,43.1,6
2025-05-20,Poland,external_attack,43.3,7
2025-05-20,Poland,regional_spillover,48.3,8
2025-05-21,Poland,internal_violence,48.8,7
2025-05-21,Poland,repression,43.0,7
2025-05-21,Poland,domestic_attack,40.3,8
2025-05-21,Poland,war_activity,43.6,7
2025-05-21,Poland,external_attack,45.0,6
2025-05-21,Poland,regional_spillover,44.7,8
2025-05-22,Poland,internal_violence,52.0,8
2025-05-22,Poland,repression,41.6,8
2025-05-22,Poland,domestic_attack,38.6,8
2025-05-22,Poland,war_activity,47.4,8
2025-05-22,Poland,external_attack,46.7,8
2025-05-22,Poland,regional_spillover,50.2,10
2025-05-23,Poland,internal_violence,48.4,7
2025-05-23,Poland,repression,43.7,6
2025-05-23,Poland,domestic_attack,37.8,6
2025-05-23,Poland,war_activity,45.1,7
2025-05-23,Poland,external_attack,45.8,8
2025-05-23,Poland,regional_spillover,48.1,8
2025-05-24,Poland,internal_violence,46.9,8
2025-05-24,Poland,repression,39.0,6
2025-05-24,Poland,domestic_attack,36.8,6
2025-05-24,Poland,war_activity,43.0,8
2025-05-24,Poland,external_attack,45.1,9
2025-05-24,Poland,regional_spillover,45.9,9
2025-05-25,Poland,internal_violence,45.4,6
2025-05-25,Poland,repression,39.1,7
2025-05-25,Poland,domestic_attack,34.6,6
2025-05-25,Poland,war_activity,43.6,8
2025-05-25,Poland,external_attack,41.1,7
2025-05-25,Poland,regional_spillover,47.1,8
2025-05-26,Poland,internal_violence,47.2,8
2025-05-26,Poland,repression,38.1,6
2025-05-26,Poland,domestic_attack,36.1,6
2025-05-26,Poland,war_activity,46.6,7
2025-05-26,Poland,external_attack,41.8,6
2025-05-26,Poland,regional_spillover,48.0,7
2025-05-27,Poland,internal_violence,44.7,9
2025-05-27,Poland,repression,44.0,7
2025-05-27,Poland,domestic_attack,37.8,6
2025-05-27,Poland,war_activity,46.1,7
2025-05-27,Poland,external_attack,45.2,7
2025-05-27,Poland,regional_spillover,44.5,6
2025-05-28,Poland,internal_violence,50.1,9
2025-05-28,Poland,repression,42.0,8
2025-05-28,Poland,domestic_attack,39.3,7
2025-05-28,Poland,war_activity,42.6,8
2025-05-28,Poland,external_attack,43.5,8
2025-05-28,Poland,regional_spillover,44.1,8
2025-05-29,Poland,internal_violence,51.2,10
2025-05-29,Poland,repression,45.6,8
2025-05-29,Poland,domestic_attack,41.7,7
2025-05-29,Poland,war_activity,43.6,6
2025-05-29,Poland,external_attack,44.0,9
2025-05-29,Poland,regional_spillover,44.6,7
2025-05-30,Poland,internal_violence,47.9,7
2025-05-30,Poland,repression,39.2,7
2025-05-30,Poland,domestic_attack,40.5,7
2025-05-30,Poland,war_activity,45.1,9
2025-05-30,Poland,external_attack,46.8,7
2025-05-30,Poland,regional_spillover,44.5,7
2025-05-31,Poland,internal_violence,44.0,7
2025-05-31,Poland,repression,39.7,7
2025-05-31,Poland,domestic_attack,38.3,5
2025-05-31,Poland,war_activity,43.7,8
2025-05-31,Poland,external_attack,45.5,6
2025-05-31,Poland,regional_spillover,46.6,8
2025-06-01,Poland,internal_violence,43.1,7
2025-06-01,Poland,repression,40.1,8
2025-06-01,Poland,domestic_attack,32.7,7
2025-06-01,Poland,war_activity,45.6,6
2025-06-01,Poland,external_attack,43.5,8
2025-06-01,Poland,regional_spillover,42.8,7
2025-06-02,Poland,internal_violence,46.3,8
2025-06-02,Poland,repression,38.8,6
2025-06-02,Poland,domestic_attack,37.3,8
2025-06-02,Poland,war_activity,43.4,8
2025-06-02,Poland,external_attack,40.9,7
2025-06-02,Poland,regional_spillover,47.2,8
2025-06-03,Poland,internal_violence,44.7,7
2025-06-03,Poland,repression,42.0,8
2025-06-03,Poland,domestic_attack,36.8,8
2025-06-03,Poland,war_activity,42.6,7
2025-06-03,Poland,external_attack,42.1,6
2025-06-03,Poland,regional_spillover,44.3,6
2025-06-04,Poland,internal_violence,48.6,9
2025-06-04,Poland,repression,40.3,6
2025-06-04,Poland,domestic_attack,38.4,6
2025-06-04,Poland,war_activity,45.5,7
2025-06-04,Poland,external_attack,46.3,7
2025-06-04,Poland,regional_spillover,43.6,6
2025-06-05,Poland,internal_violence,45.3,8
2025-06-05,Poland,repression,40.0,8
2025-06-05,Poland,domestic_attack,39.4,6
2025-06-05,Poland,war_activity,44.7,6
2025-06-05,Poland,external_attack,44.8,7
2025-06-05,Poland,regional_spillover,43.4,9
2025-06-06,Poland,internal_violence,44.8,8
2025-06-06,Poland,repression,42.8,6
2025-06-06,Poland,domestic_attack,39.1,8
2025-06-06,Poland,war_activity,42.7,8
2025-06-06,Poland,external_attack,45.4,9
2025-06-06,Poland,regional_spillover,42.4,7
2025-06-07,Poland,internal_violence,43.2,6
2025-06-07,Poland,repression,41.3,8
2025-06-07,Poland,domestic_attack,32.7,7
2025-06-07,Poland,war_activity,44.7,9
2025-06-07,Poland,external_attack,43.0,7
2025-06-07,Poland,regional_spillover,43.9,7
2025-06-08,Poland,internal_violence,40.2,8
2025-06-08,Poland,repression,35.9,6
2025-06-08,Poland,domestic_attack,36.4,6
2025-06-08,Poland,war_activity,42.9,8
2025-06-08,Poland,external_attack,43.8,7
2025-06-08,Poland,regional_spillover,41.7,6
2025-06-09,Poland,internal_violence,41.4,6
2025-06-09,Poland,repression,40.4,8
2025-06-09,Poland,domestic_attack,36.4,5
2025-06-09,Poland,war_activity,42.3,6
2025-06-09,Poland,external_attack,43.7,7
2025-06-09,Poland,regional_spillover,40.9,6
2025-06-10,Poland,internal_violence,44.8,9
2025-06-10,Poland,repression,39.7,7
2025-06-10,Poland,domestic_attack,34.2,7
2025-06-10,Poland,war_activity,41.3,6
2025-06-10,Poland,external_attack,40.7,7
2025-06-10,Poland,regional_spillover,45.5,7
2025-06-11,Poland,internal_violence,46.5,9
2025-06-11,Poland,repression,38.3,6
2025-06-11,Poland,domestic_attack,34.1,5
2025-06-11,Poland,war_activity,45.3,7
2025-06-11,Poland,external_attack,42.6,6
2025-06-11,Poland,regional_spillover,44.7,6
2025-06-12,Poland,internal_violence,45.4,7
2025-06-12,Poland,repression,40.6,8
2025-06-12,Poland,domestic_attack,33.7,5
2025-06-12,Poland,war_activity,42.9,8
2025-06-12,Poland,external_attack,45.0,9
2025-06-12,Poland,regional_spillover,44.4,9
2025-06-13,Poland,internal_violence,43.7,9
2025-06-13,Poland,repression,39.1,7
2025-06-13,Poland,domestic_attack,37.2,5
2025-06-13,Poland,war_activity,44.2,8
2025-06-13,Poland,external_attack,44.1,6
2025-06-13,Poland,regional_spillover,42.6,8
2025-06-14,Poland,internal_violence,41.0,6
2025-06-14,Poland,repression,37.9,6
2025-06-14,Poland,domestic_attack,34.3,7
2025-06-14,Poland,war_activity,41.1,7
2025-06-14,Poland,external_attack,43.7,7
2025-06-14,Poland,regional_spillover,45.1,7
2025-06-15,Poland,internal_violence,40.1,7
2025-06-15,Poland,repression,35.2,7
2025-06-15,Poland,domestic_attack,31.6,4
2025-06-15,Poland,war_activity,44.0,9
2025-06-15,Poland,external_attack,39.6,6
2025-06-15,Poland,regional_spillover,39.8,5
2025-06-16,Poland,internal_violence,39.7,8
2025-06-16,Poland,repression,34.1,4
2025-06-16,Poland,domestic_attack,34.8,7
2025-06-16,Poland,war_activity,42.5,6
2025-06-16,Poland,external_attack,44.4,6
2025-06-16,Poland,regional_spillover,43.7,8
2025-06-17,Poland,internal_violence,41.0,8
2025-06-17,Poland,repression,39.0,5
2025-06-17,Poland,domestic_attack,36.0,5
2025-06-17,Poland,war_activity,43.0,7
2025-06-17,Poland,external_attack,44.1,7
2025-06-17,Poland,regional_spillover,43.5,6
2025-06-18,Poland,internal_violence,42.9,7
2025-06-18,Poland,repression,37.5,5
2025-06-18,Poland,domestic_attack,33.5,6
2025-06-18,Poland,war_activity,44.1,8
2025-06-18,Poland,external_attack,43.0,8
2025-06-18,Poland,regional_spillover,41.5,6
2025-06-19,Poland,internal_violence,42.5,8
2025-06-19,Poland,repression,37.0,6
2025-06-19,Poland,domestic_attack,35.9,6
2025-06-19,Poland,war_activity,43.6,6
2025-06-19,Poland,external_attack,40.5,8
2025-06-19,Poland,regional_spillover,42.7,8
2025-06-20,Poland,internal_violence,44.4,7
2025-06-20,Poland,repression,35.9,6
2025-06-20,Poland,domestic_attack,31.3,5
2025-06-20,Poland,war_activity,41.0,6
2025-06-20,Poland,external_attack,42.5,6
2025-06-20,Poland,regional_spillover,46.0,8
2025-06-21,Poland,internal_violence,38.3,6
2025-06-21,Poland,repression,37.2,8
2025-06-21,Poland,domestic_attack,30.4,6
2025-06-21,Poland,war_activity,43.3,7
2025-06-21,Poland,external_attack,42.5,9
2025-06-21,Poland,regional_spillover,40.6,8
2025-06-22,Poland,internal_violence,37.1,5
2025-06-22,Poland,repression,35.7,5
2025-06-22,Poland,domestic_attack,29.8,4
2025-06-22,Poland,war_activity,40.0,7
2025-06-22,Poland,external_attack,42.0,6
2025-06-22,Poland,regional_spillover,43.9,8
2025-06-23,Poland,internal_violence,42.3,6
2025-06-23,Poland,repression,36.5,6
2025-06-23,Poland,domestic_attack,32.4,4
2025-06-23,Poland,war_activity,40.9,8
2025-06-23,Poland,external_attack,41.0,6
2025-06-23,Poland,regional_spillover,40.9,7
2025-06-24,Poland,internal_violence,40.3,6
2025-06-24,Poland,repression,38.7,7
2025-06-24,Poland,domestic_attack,31.2,4
2025-06-24,Poland,war_activity,40.8,8
2025-06-24,Poland,external_attack,44.5,9
2025-06-24,Poland,regional_spillover,42.9,6
2025-06-25,Poland,internal_violence,43.1,7
2025-06-25,Poland,repression,37.8,7
2025-06-25,Poland,domestic_attack,35.4,5
2025-06-25,Poland,war_activity,43.5,6
2025-06-25,Poland,external_attack,42.6,6
2025-06-25,Poland,regional_spillover,43.1,7
2025-06-26,Poland,internal_violence,44.9,7
2025-06-26,Poland,repression,38.7,6
2025-06-26,Poland,domestic_attack,35.7,6
2025-06-26,Poland,war_activity,41.0,7
2025-06-26,Poland,external_attack,43.8,7
2025-06-26,Poland,regional_spillover,43.1,7
2025-06-27,Poland,internal_violence,44.0,6
2025-06-27,Poland,repression,35.0,5
2025-06-27,Poland,domestic_attack,34.1,7
2025-06-27,Poland,war_activity,45.1,8
2025-06-27,Poland,external_attack,43.1,8
2025-06-27,Poland,regional_spillover,45.4,6
2025-06-28,Poland,internal_violence,39.0,7
2025-06-28,Poland,repression,37.4,7
2025-06-28,Poland,domestic_attack,30.6,6
2025-06-28,Poland,war_activity,43.4,7
2025-06-28,Poland,external_attack,44.0,8
2025-06-28,Poland,regional_spillover,39.5,8
2025-06-29,Poland,internal_violence,39.4,7
2025-06-29,Poland,repression,36.2,6
2025-06-29,Poland,domestic_attack,31.5,6
2025-06-29,Poland,war_activity,41.0,6
2025-06-29,Poland,external_attack,43.5,8
2025-06-29,Poland,regional_spillover,39.9,7
2025-06-30,Poland,internal_violence,39.0,5
2025-06-30,Poland,repression,35.5,7
2025-06-30,Poland,domestic_attack,31.7,6
2025-06-30,Poland,war_activity,43.6,8
2025-06-30,Poland,external_attack,39.1,5
2025-06-30,Poland,regional_spillover,39.7,6
2025-07-01,Poland,internal_violence,42.1,9
2025-07-01,Poland,repression,34.0,6
2025-07-01,Poland,domestic_attack,35.3,7
2025-07-01,Poland,war_activity,44.2,6
2025-07-01,Poland,external_attack,40.4,8
2025-07-01,Poland,regional_spillover,43.3,9
2025-07-02,Poland,internal_violence,43.1,7
2025-07-02,Poland,repression,39.0,6
2025-07-02,Poland,domestic_attack,32.0,5
2025-07-02,Poland,war_activity,41.0,6
2025-07-02,Poland,external_attack,40.2,8
2025-07-02,Poland,regional_spillover,41.1,6
2025-07-03,Poland,internal_violence,42.9,7
2025-07-03,Poland,repression,36.1,5
2025-07-03,Poland,domestic_attack,34.3,5
2025-07-03,Poland,war_activity,42.7,9
2025-07-03,Poland,external_attack,40.4,6
2025-07-03,Poland,regional_spillover,43.0,6
2025-07-04,Poland,internal_violence,41.7,6
2025-07-04,Poland,repression,35.3,5
2025-07-04,Poland,domestic_attack,32.7,6
2025-07-04,Poland,war_activity,42.2,8
2025-07-04,Poland,external_attack,43.9,8
2025-07-04,Poland,regional_spillover,42.7,9
2025-07-05,Poland,internal_violence,38.5,7
2025-07-05,Poland,repression,35.4,6
2025-07-05,Poland,domestic_attack,33.4,5
2025-07-05,Poland,war_activity,42.0,7
2025-07-05,Poland,external_attack,43.5,6
2025-07-05,Poland,regional_spillover,41.3,7
2025-07-06,Poland,internal_violence,40.9,8
2025-07-06,Poland,repression,34.8,7
2025-07-06,Poland,domestic_attack,32.4,6
2025-07-06,Poland,war_activity,39.8,5
2025-07-06,Poland,external_attack,40.6,8
2025-07-06,Poland,regional_spillover,42.6,8
2025-07-07,Poland,internal_violence,40.4,7
2025-07-07,Poland,repression,35.3,5
2025-07-07,Poland,domestic_attack,29.8,5
2025-07-07,Poland,war_activity,40.9,8
2025-07-07,Poland,external_attack,42.6,6
2025-07-07,Poland,regional_spillover,42.6,8
2025-07-08,Poland,internal_violence,42.2,6
2025-07-08,Poland,repression,38.9,6
2025-07-08,Poland,domestic_attack,30.5,5
2025-07-08,Poland,war_activity,44.5,6
2025-07-08,Poland,external_attack,41.7,8
2025-07-08,Poland,regional_spillover,41.1,7
2025-07-09,Poland,internal_violence,45.7,9
2025-07-09,Poland,repression,38.3,6
2025-07-09,Poland,domestic_attack,33.9,6
2025-07-09,Poland,war_activity,40.4,6
2025-07-09,Poland,external_attack,45.1,6
2025-07-09,Poland,regional_spillover,43.5,7
2025-07-10,Poland,internal_violence,41.3,7
2025-07-10,Poland,repression,39.5,5
2025-07-10,Poland,domestic_attack,34.5,7
2025-07-10,Poland,war_activity,42.0,9
2025-07-10,Poland,external_attack,43.7,6
2025-07-10,Poland,regional_spillover,44.6,6
2025-07-11,Poland,internal_violence,42.3,6
2025-07-11,Poland,repression,39.7,8
2025-07-11,Poland,domestic_attack,36.9,8
2025-07-11,Poland,war_activity,42.3,6
2025-07-11,Poland,external_attack,44.4,8
2025-07-11,Poland,regional_spillover,45.6,7
2025-07-12,Poland,internal_violence,41.5,6
2025-07-12,Poland,repression,35.4,7
2025-07-12,Poland,domestic_attack,33.9,7
2025-07-12,Poland,war_activity,44.3,6
2025-07-12,Poland,external_attack,42.3,8
2025-07-12,Poland,regional_spillover,44.9,7
2025-07-13,Poland,internal_violence,40.9,7
2025-07-13,Poland,repression,35.8,8
2025-07-13,Poland,domestic_attack,32.5,4
2025-07-13,Poland,war_activity,39.7,7
2025-07-13,Poland,external_attack,44.9,7
2025-07-13,Poland,regional_spillover,41.5,8
2025-07-14,Poland,internal_violence,42.4,8
2025-07-14,Poland,repression,38.5,7
2025-07-14,Poland,domestic_attack,33.9,6
2025-07-14,Poland,war_activity,44.4,7
2025-07-14,Poland,external_attack,43.1,6
2025-07-14,Poland,regional_spillover,39.9,6
2025-07-15,Poland,internal_violence,43.1,7
2025-07-15,Poland,repression,35.2,5
2025-07-15,Poland,domestic_attack,32.5,6
2025-07-15,Poland,war_activity,41.1,7
2025-07-15,Poland,external_attack,45.4,6
2025-07-15,Poland,regional_spillover,41.5,6
2025-07-16,Poland,internal_violence,44.7,8
2025-07-16,Poland,repression,37.1,6
2025-07-16,Poland,domestic_attack,34.8,5
2025-07-16,Poland,war_activity,46.1,8
2025-07-16,Poland,external_attack,44.6,7
2025-07-16,Poland,regional_spillover,46.3,7
2025-07-17,Poland,internal_violence,45.5,8
2025-07-17,Poland,repression,41.9,7
2025-07-17,Poland,domestic_attack,37.7,8
2025-07-17,Poland,war_activity,45.8,7
2025-07-17,Poland,external_attack,44.2,8
2025-07-17,Poland,regional_spillover,44.3,9
2025-07-18,Poland,internal_violence,43.3,8
2025-07-18,Poland,repression,39.6,8
2025-07-18,Poland,domestic_attack,32.6,7
2025-07-18,Poland,war_activity,41.8,6
2025-07-18,Poland,external_attack,45.0,9
2025-07-18,Poland,regional_spillover,43.1,9
2025-07-19,Poland,internal_violence,42.2,8
2025-07-19,Poland,repression,38.1,5
2025-07-19,Poland,domestic_attack,33.1,6
2025-07-19,Poland,war_activity,40.6,6
2025-07-19,Poland,external_attack,44.7,7
2025-07-19,Poland,regional_spillover,43.5,8
2025-07-20,Poland,internal_violence,42.8,7
2025-07-20,Poland,repression,36.2,8
2025-07-20,Poland,domestic_attack,36.3,8
2025-07-20,Poland,war_activity,41.5,7
2025-07-20,Poland,external_attack,44.5,7
2025-07-20,Poland,regional_spillover,45.8,7
2025-07-21,Poland,internal_violence,43.7,7
2025-07-21,Poland,repression,36.9,5
2025-07-21,Poland,domestic_attack,31.5,7
2025-07-21,Poland,war_activity,42.6,7
2025-07-21,Poland,external_attack,45.1,9
2025-07-21,Poland,regional_spillover,44.4,8
2025-07-22,Poland,internal_violence,45.7,8
2025-07-22,Poland,repression,40.2,6
2025-07-22,Poland,domestic_attack,37.5,6
2025-07-22,Poland,war_activity,45.4,9
2025-07-22,Poland,external_attack,42.1,6
2025-07-22,Poland,regional_spillover,42.6,8
2025-07-23,Poland,internal_violence,45.5,7
2025-07-23,Poland,repression,42.8,8
2025-07-23,Poland,domestic_attack,36.5,7
2025-07-23,Poland,war_activity,45.1,6
2025-07-23,Poland,external_attack,42.0,6
2025-07-23,Poland,regional_spillover,44.4,6
2025-07-24,Poland,internal_violence,48.8,7
2025-07-24,Poland,repression,41.9,6
2025-07-24,Poland,domestic_attack,39.8,7
2025-07-24,Poland,war_activity,41.7,7
2025-07-24,Poland,external_attack,46.3,7
2025-07-24,Poland,regional_spillover,47.0,9
2025-07-25,Poland,internal_violence,47.2,9
2025-07-25,Poland,repression,41.2,6
2025-07-25,Poland,domestic_attack,35.1,6
2025-07-25,Poland,war_activity,45.4,7
2025-07-25,Poland,external_attack,43.7,8
2025-07-25,Poland,regional_spillover,46.5,7
2025-07-26,Poland,internal_violence,46.6,8
2025-07-26,Poland,repression,39.4,6
2025-07-26,Poland,domestic_attack,34.0,5
2025-07-26,Poland,war_activity,45.7,8
2025-07-26,Poland,external_attack,45.3,6
2025-07-26,Poland,regional_spillover,42.6,8
2025-07-27,Poland,internal_violence,42.3,7
2025-07-27,Poland,repression,37.0,5
2025-07-27,Poland,domestic_attack,35.4,7
2025-07-27,Poland,war_activity,42.6,8
2025-07-27,Poland,external_attack,41.0,7
2025-07-27,Poland,regional_spillover,46.3,9
2025-07-28,Poland,internal_violence,45.9,7
2025-07-28,Poland,repression,41.7,7
2025-07-28,Poland,domestic_attack,37.2,6
2025-07-28,Poland,war_activity,42.9,7
2025-07-28,Poland,external_attack,45.4,7
2025-07-28,Poland,regional_spillover,45.9,7
2025-07-29,Poland,internal_violence,47.5,9
2025-07-29,Poland,repression,40.0,7
2025-07-29,Poland,domestic_attack,38.6,5
2025-07-29,Poland,war_activity,43.7,8
2025-07-29,Poland,external_attack,45.9,7
2025-07-29,Poland,regional_spillover,45.5,6
2025-07-30,Poland,internal_violence,50.4,9
2025-07-30,Poland,repression,40.7,7
2025-07-30,Poland,domestic_attack,39.2,6
2025-07-30,Poland,war_activity,44.5,8
2025-07-30,Poland,external_attack,45.0,6
2025-07-30,Poland,regional_spillover,47.5,8
2025-07-31,Poland,internal_violence,49.7,8
2025-07-31,Poland,repression,45.1,9
2025-07-31,Poland,domestic_attack,36.9,5
2025-07-31,Poland,war_activity,43.8,7
2025-07-31,Poland,external_attack,46.9,9
2025-07-31,Poland,regional_spillover,49.5,8
2025-08-01,Poland,internal_violence,48.6,8
2025-08-01,Poland,repression,41.5,8
2025-08-01,Poland,domestic_attack,37.2,7
2025-08-01,Poland,war_activity,45.3,7
2025-08-01,Poland,external_attack,45.8,6
2025-08-01,Poland,regional_spillover,44.7,7
2025-08-02,Poland,internal_violence,44.2,8
2025-08-02,Poland,repression,40.7,7
2025-08-02,Poland,domestic_attack,36.8,6
2025-08-02,Poland,war_activity,46.4,8
2025-08-02,Poland,external_attack,45.3,6
2025-08-02,Poland,regional_spillover,46.2,9
2025-08-03,Poland,internal_violence,46.2,7
2025-08-03,Poland,repression,39.5,7
2025-08-03,Poland,domestic_attack,35.2,4
2025-08-03,Poland,war_activity,43.2,6
2025-08-03,Poland,external_attack,45.0,7
2025-08-03,Poland,regional_spillover,46.3,9
2025-08-04,Poland,internal_violence,48.3,9
2025-08-04,Poland,repression,38.3,5
2025-08-04,Poland,domestic_attack,35.5,7
2025-08-04,Poland,war_activity,45.9,7
2025-08-04,Poland,external_attack,45.2,7
2025-08-04,Poland,regional_spillover,42.7,7
2025-08-05,Poland,internal_violence,45.0,7
2025-08-05,Poland,repression,42.2,6
2025-08-05,Poland,domestic_attack,40.5,7
2025-08-05,Poland,war_activity,46.0,7
2025-08-05,Poland,external_attack,43.1,7
2025-08-05,Poland,regional_spillover,49.0,7
2025-08-06,Poland,internal_violence,50.6,7
2025-08-06,Poland,repression,40.9,7
2025-08-06,Poland,domestic_attack,36.7,7
2025-08-06,Poland,war_activity,45.4,9
2025-08-06,Poland,external_attack,43.9,8
2025-08-06,Poland,regional_spillover,47.4,7
2025-08-07,Poland,internal_violence,48.6,8
2025-08-07,Poland,repression,46.7,7
2025-08-07,Poland,domestic_attack,42.6,8
2025-08-07,Poland,war_activity,45.2,7
2025-08-07,Poland,external_attack,43.1,8
2025-08-07,Poland,regional_spillover,47.4,7
2025-08-08,Poland,internal_violence,49.4,9
2025-08-08,Poland,repression,46.0,8
2025-08-08,Poland,domestic_attack,40.1,7
2025-08-08,Poland,war_activity,43.3,7
2025-08-08,Poland,external_attack,45.8,8
2025-08-08,Poland,regional_spillover,48.6,9
2025-08-09,Poland,internal_violence,45.8,7
2025-08-09,Poland,repression,40.4,8
2025-08-09,Poland,domestic_attack,36.4,5
2025-08-09,Poland,war_activity,45.0,6
2025-08-09,Poland,external_attack,43.8,8
2025-08-09,Poland,regional_spillover,46.0,8
2025-08-10,Poland,internal_violence,45.7,6
2025-08-10,Poland,repression,41.4,7
2025-08-10,Poland,domestic_attack,35.0,6
2025-08-10,Poland,war_activity,41.8,6
2025-08-10,Poland,external_attack,44.8,7
2025-08-10,Poland,regional_spillover,48.0,9
2025-08-11,Poland,internal_violence,47.8,7
2025-08-11,Poland,repression,43.3,6
2025-08-11,Poland,domestic_attack,39.0,8
2025-08-11,Poland,war_activity,43.9,7
2025-08-11,Poland,external_attack,46.0,6
2025-08-11,Poland,regional_spillover,48.1,8
2025-08-12,Poland,internal_violence,46.4,8
2025-08-12,Poland,repression,41.9,7
2025-08-12,Poland,domestic_attack,37.1,6
2025-08-12,Poland,war_activity,43.8,7
2025-08-12,Poland,external_attack,46.2,8
2025-08-12,Poland,regional_spillover,48.8,9
2025-08-13,Poland,internal_violence,47.5,7
2025-08-13,Poland,repression,46.0,7
2025-08-13,Poland,domestic_attack,39.6,6
2025-08-13,Poland,war_activity,43.2,8
2025-08-13,Poland,external_attack,46.9,8
2025-08-13,Poland,regional_spillover,49.3,9
2025-08-14,Poland,internal_violence,48.5,9
2025-08-14,Poland,repression,44.8,8
2025-08-14,Poland,domestic_attack,41.9,6
2025-08-14,Poland,war_activity,46.7,7
2025-08-14,Poland,external_attack,47.0,8
2025-08-14,Poland,regional_spillover,50.1,8
2025-08-15,Poland,internal_violence,47.5,9
2025-08-15,Poland,repression,43.1,9
2025-08-15,Poland,domestic_attack,41.2,8
2025-08-15,Poland,war_activity,47.0,8
2025-08-15,Poland,external_attack,44.7,9
2025-08-15,Poland,regional_spillover,48.0,9
2025-08-16,Poland,internal_violence,48.9,7
2025-08-16,Poland,repression,40.9,6
2025-08-16,Poland,domestic_attack,38.5,6
2025-08-16,Poland,war_activity,42.2,7
2025-08-16,Poland,external_attack,44.9,7
2025-08-16,Poland,regional_spillover,45.4,8
2025-08-17,Poland,internal_violence,45.0,7
2025-08-17,Poland,repression,43.2,7
2025-08-17,Poland,domestic_attack,39.3,8
2025-08-17,Poland,war_activity,43.0,6
2025-08-17,Poland,external_attack,42.8,7
2025-08-17,Poland,regional_spillover,44.9,6
2025-08-18,Poland,internal_violence,49.0,9
2025-08-18,Poland,repression,42.7,6
2025-08-18,Poland,domestic_attack,35.2,6
2025-08-18,Poland,war_activity,46.0,7
2025-08-18,Poland,external_attack,46.2,8
2025-08-18,Poland,regional_spillover,43.3,9
2025-08-19,Poland,internal_violence,47.3,9
2025-08-19,Poland,repression,40.9,7
2025-08-19,Poland,domestic_attack,38.5,6
2025-08-19,Poland,war_activity,44.3,7
2025-08-19,Poland,external_attack,44.6,8
2025-08-19,Poland,regional_spillover,46.2,7
2025-08-20,Poland,internal_violence,47.9,7
2025-08-20,Poland,repression,46.8,8
2025-08-20,Poland,domestic_attack,41.2,5
2025-08-20,Poland,war_activity,46.7,7
2025-08-20,Poland,external_attack,43.2,6
2025-08-20,Poland,regional_spillover,50.2,8
2025-08-21,Poland,internal_violence,52.8,8
2025-08-21,Poland,repression,43.5,6
2025-08-21,Poland,domestic_attack,40.8,6
2025-08-21,Poland,war_activity,43.6,6
2025-08-21,Poland,external_attack,47.5,7
2025-08-21,Poland,regional_spillover,49.1,9
2025-08-22,Poland,internal_violence,47.7,7
2025-08-22,Poland,repression,46.0,7
2025-08-22,Poland,domestic_attack,41.8,8
2025-08-22,Poland,war_activity,44.1,7
2025-08-22,Poland,external_attack,44.3,6
2025-08-22,Poland,regional_spillover,48.4,8
2025-08-23,Poland,internal_violence,49.9,9
2025-08-23,Poland,repression,41.6,6
2025-08-23,Poland,domestic_attack,35.7,7
2025-08-23,Poland,war_activity,44.3,8
2025-08-23,Poland,external_attack,42.0,7
2025-08-23,Poland,regional_spillover,45.6,8
2025-08-24,Poland,internal_violence,48.1,9
2025-08-24,Poland,repression,43.9,6
2025-08-24,Poland,domestic_attack,36.7,7
2025-08-24,Poland,war_activity,46.3,7
2025-08-24,Poland,external_attack,43.1,6
2025-08-24,Poland,regional_spillover,45.3,9
2025-08-25,Poland,internal_violence,47.2,7
2025-08-25,Poland,repression,44.3,7
2025-08-25,Poland,domestic_attack,37.7,7
2025-08-25,Poland,war_activity,45.8,9
2025-08-25,Poland,external_attack,45.5,9
2025-08-25,Poland,regional_spillover,47.3,8
2025-08-26,Poland,internal_violence,48.5,9
2025-08-26,Poland,repression,40.4,7
2025-08-26,Poland,domestic_attack,39.9,7
2025-08-26,Poland,war_activity,47.2,8
2025-08-26,Poland,external_attack,43.4,8
2025-08-26,Poland,regional_spillover,46.0,6
2025-08-27,Poland,internal_violence,51.1,8
2025-08-27,Poland,repression,42.3,7
2025-08-27,Poland,domestic_attack,41.8,6
2025-08-27,Poland,war_activity,46.4,9
2025-08-27,Poland,external_attack,47.3,9
2025-08-27,Poland,regional_spillover,47.2,7
2025-08-28,Poland,internal_violence,51.3,9
2025-08-28,Poland,repression,43.4,7
2025-08-28,Poland,domestic_attack,40.5,6
2025-08-28,Poland,war_activity,45.2,9
2025-08-28,Poland,external_attack,46.5,8
2025-08-28,Poland,regional_spillover,50.4,9
2025-08-29,Poland,internal_violence,51.1,8
2025-08-29,Poland,repression,43.2,7
2025-08-29,Poland,domestic_attack,40.1,7
2025-08-29,Poland,war_activity,45.9,8
2025-08-29,Poland,external_attack,46.9,7
2025-08-29,Poland,regional_spillover,44.5,9
2025-08-30,Poland,internal_violence,50.2,10
2025-08-30,Poland,repression,44.7,7
2025-08-30,Poland,domestic_attack,40.4,7
2025-08-30,Poland,war_activity,42.5,8
2025-08-30,Poland,external_attack,42.2,8
2025-08-30,Poland,regional_spillover,48.2,9
2025-08-31,Poland,internal_violence,48.4,9
2025-08-31,Poland,repression,40.3,6
2025-08-31,Poland,domestic_attack,37.0,7
2025-08-31,Poland,war_activity,42.8,8
2025-08-31,Poland,external_attack,44.9,7
2025-08-31,Poland,regional_spillover,47.0,9
2025-09-01,Poland,internal_violence,48.0,9
2025-09-01,Poland,repression,40.8,7
2025-09-01,Poland,domestic_attack,36.4,6
2025-09-01,Poland,war_activity,43.4,6
2025-09-01,Poland,external_attack,44.0,9
2025-09-01,Poland,regional_spillover,47.6,7
2025-09-02,Poland,internal_violence,49.1,9
2025-09-02,Poland,repression,41.6,8
2025-09-02,Poland,domestic_attack,38.9,6
2025-09-02,Poland,war_activity,45.3,6
2025-09-02,Poland,external_attack,43.5,6
2025-09-02,Poland,regional_spillover,47.1,7
2025-09-03,Poland,internal_violence,52.0,8
2025-09-03,Poland,repression,42.4,7
2025-09-03,Poland,domestic_attack,39.9,7
2025-09-03,Poland,war_activity,42.5,8
2025-09-03,Poland,external_attack,45.5,8
2025-09-03,Poland,regional_spillover,49.6,10
2025-09-04,Poland,internal_violence,52.5,9
2025-09-04,Poland,repression,45.6,9
2025-09-04,Poland,domestic_attack,42.2,7
2025-09-04,Poland,war_activity,46.2,9
2025-09-04,Poland,external_attack,45.8,8
2025-09-04,Poland,regional_spillover,47.1,7
2025-09-05,Poland,internal_violence,50.4,8
2025-09-05,Poland,repression,44.0,7
2025-09-05,Poland,domestic_attack,39.7,5
2025-09-05,Poland,war_activity,44.7,7
2025-09-05,Poland,external_attack,43.0,7
2025-09-05,Poland,regional_spillover,47.1,8
2025-09-06,Poland,internal_violence,45.4,9
2025-09-06,Poland,repression,38.9,8
2025-09-06,Poland,domestic_attack,37.3,6
2025-09-06,Poland,war_activity,45.2,8
2025-09-06,Poland,external_attack,46.0,7
2025-09-06,Poland,regional_spillover,48.1,7
2025-09-07,Poland,internal_violence,43.4,7
2025-09-07,Poland,repression,40.2,6
2025-09-07,Poland,domestic_attack,35.2,5
2025-09-07,Poland,war_activity,46.0,9
2025-09-07,Poland,external_attack,42.8,8
2025-09-07,Poland,regional_spillover,47.0,9
2025-09-08,Poland,internal_violence,44.3,8
2025-09-08,Poland,repression,41.3,8
2025-09-08,Poland,domestic_attack,37.9,8
2025-09-08,Poland,war_activity,45.8,6
2025-09-08,Poland,external_attack,44.4,9
2025-09-08,Poland,regional_spillover,43.1,7
2025-09-09,Poland,internal_violence,50.1,7
2025-09-09,Poland,repression,44.2,7
2025-09-09,Poland,domestic_attack,36.5,5
2025-09-09,Poland,war_activity,44.8,7
2025-09-09,Poland,external_attack,44.1,9
2025-09-09,Poland,regional_spillover,44.2,7
2025-09-10,Poland,internal_violence,48.6,9
2025-09-10,Poland,repression,41.5,8
2025-09-10,Poland,domestic_attack,39.6,6
2025-09-10,Poland,war_activity,43.0,7
2025-09-10,Poland,external_attack,45.9,8
2025-09-10,Poland,regional_spillover,47.6,7
2025-09-11,Poland,internal_violence,50.3,8
2025-09-11,Poland,repression,46.0,7
2025-09-11,Poland,domestic_attack,41.8,6
2025-09-11,Poland,war_activity,43.5,8
2025-09-11,Poland,external_attack,47.2,9
2025-09-11,Poland,regional_spillover,48.1,7
2025-09-12,Poland,internal_violence,46.8,8
2025-09-12,Poland,repression,43.7,6
2025-09-12,Poland,domestic_attack,37.7,5
2025-09-12,Poland,war_activity,44.5,8
2025-09-12,Poland,external_attack,45.9,8
2025-09-12,Poland,regional_spillover,45.5,9
2025-09-13,Poland,internal_violence,47.8,7
2025-09-13,Poland,repression,43.4,6
2025-09-13,Poland,domestic_attack,37.2,6
2025-09-13,Poland,war_activity,46.4,8
2025-09-13,Poland,external_attack,43.9,8
2025-09-13,Poland,regional_spillover,45.8,8
2025-09-14,Poland,internal_violence,44.5,6
2025-09-14,Poland,repression,41.8,7
2025-09-14,Poland,domestic_attack,33.7,6
2025-09-14,Poland,war_activity,42.8,7
2025-09-14,Poland,external_attack,43.2,8
2025-09-14,Poland,regional_spillover,46.2,8
2025-09-15,Poland,internal_violence,43.9,6
2025-09-15,Poland,repression,42.6,6
2025-09-15,Poland,domestic_attack,34.7,7
2025-09-15,Poland,war_activity,44.3,8
2025-09-15,Poland,external_attack,41.9,8
2025-09-15,Poland,regional_spillover,43.8,7
2025-09-16,Poland,internal_violence,44.7,9
2025-09-16,Poland,repression,43.6,6
2025-09-16,Poland,domestic_attack,38.3,8
2025-09-16,Poland,war_activity,45.2,8
2025-09-16,Poland,external_attack,42.5,8
2025-09-16,Poland,regional_spillover,44.8,9
2025-09-17,Poland,internal_violence,51.2,9
2025-09-17,Poland,repression,41.3,7
2025-09-17,Poland,domestic_attack,36.9,7
2025-09-17,Poland,war_activity,45.9,8
2025-09-17,Poland,external_attack,43.7,6
2025-09-17,Poland,regional_spillover,46.0,7
2025-09-18,Poland,internal_violence,49.6,9
2025-09-18,Poland,repression,41.4,5
2025-09-18,Poland,domestic_attack,37.8,7
2025-09-18,Poland,war_activity,45.7,8
2025-09-18,Poland,external_attack,45.9,8
2025-09-18,Poland,regional_spillover,44.9,6
2025-09-19,Poland,internal_violence,47.5,7
2025-09-19,Poland,repression,45.2,7
2025-09-19,Poland,domestic_attack,40.9,8
2025-09-19,Poland,war_activity,42.3,7
2025-09-19,Poland,external_attack,44.9,8
2025-09-19,Poland,regional_spillover,48.8,9
2025-09-20,Poland,internal_violence,45.5,8
2025-09-20,Poland,repression,41.9,8
2025-09-20,Poland,domestic_attack,35.6,6
2025-09-20,Poland,war_activity,42.1,7
2025-09-20,Poland,external_attack,41.5,7
2025-09-20,Poland,regional_spillover,47.5,7
2025-09-21,Poland,internal_violence,46.2,9
2025-09-21,Poland,repression,42.8,9
2025-09-21,Poland,domestic_attack,38.0,6
2025-09-21,Poland,war_activity,44.0,7
2025-09-21,Poland,external_attack,44.4,7
2025-09-21,Poland,regional_spillover,44.2,7
2025-09-22,Poland,internal_violence,46.2,7
2025-09-22,Poland,repression,38.7,6
2025-09-22,Poland,domestic_attack,35.0,5
2025-09-22,Poland,war_activity,41.4,8
2025-09-22,Poland,external_attack,45.2,9
2025-09-22,Poland,regional_spillover,47.5,7
2025-09-23,Poland,internal_violence,48.3,7
2025-09-23,Poland,repression,40.9,6
2025-09-23,Poland,domestic_attack,35.8,7
2025-09-23,Poland,war_activity,42.8,7
2025-09-23,Poland,external_attack,42.0,8
2025-09-23,Poland,regional_spillover,44.6,7
2025-09-24,Poland,internal_violence,50.2,8
2025-09-24,Poland,repression,44.2,9
2025-09-24,Poland,domestic_attack,40.9,7
2025-09-24,Poland,war_activity,47.7,7
2025-09-24,Poland,external_attack,43.7,7
2025-09-24,Poland,regional_spillover,45.6,9
2025-09-25,Poland,internal_violence,47.7,8
2025-09-25,Poland,repression,41.5,8
2025-09-25,Poland,domestic_attack,41.3,8
2025-09-25,Poland,war_activity,45.0,9
2025-09-25,Poland,external_attack,43.8,7
2025-09-25,Poland,regional_spillover,47.1,8
2025-09-26,Poland,internal_violence,51.7,9
2025-09-26,Poland,repression,41.0,8
2025-09-26,Poland,domestic_attack,36.7,7
2025-09-26,Poland,war_activity,47.5,7
2025-09-26,Poland,external_attack,44.1,8
2025-09-26,Poland,regional_spillover,44.3,8
2025-09-27,Poland,internal_violence,48.8,7
2025-09-27,Poland,repression,40.3,8
2025-09-27,Poland,domestic_attack,36.1,7
2025-09-27,Poland,war_activity,46.5,8
2025-09-27,Poland,external_attack,42.5,9
2025-09-27,Poland,regional_spillover,45.9,7
2025-09-28,Poland,internal_violence,48.1,7
2025-09-28,Poland,repression,43.0,8
2025-09-28,Poland,domestic_attack,37.4,6
2025-09-28,Poland,war_activity,43.6,7
2025-09-28,Poland,external_attack,46.8,9
2025-09-28,Poland,regional_spillover,46.6,9
2025-09-29,Poland,internal_violence,47.0,7
2025-09-29,Poland,repression,39.9,6
2025-09-29,Poland,domestic_attack,37.3,6
2025-09-29,Poland,war_activity,45.3,8
2025-09-29,Poland,external_attack,46.0,9
2025-09-29,Poland,regional_spillover,43.7,8
2025-09-30,Poland,internal_violence,46.9,7
2025-09-30,Poland,repression,45.0,7
2025-09-30,Poland,domestic_attack,36.9,6
2025-09-30,Poland,war_activity,47.1,7
2025-09-30,Poland,external_attack,44.7,7
2025-09-30,Poland,regional_spillover,48.0,7
2025-10-01,Poland,internal_violence,52.2,10
2025-10-01,Poland,repression,44.3,8
2025-10-01,Poland,domestic_attack,42.4,6
2025-10-01,Poland,war_activity,47.8,7
2025-10-01,Poland,external_attack,47.3,8
2025-10-01,Poland,regional_spillover,49.7,8
2025-10-02,Poland,internal_violence,52.9,8
2025-10-02,Poland,repression,47.0,9
2025-10-02,Poland,domestic_attack,39.2,5
2025-10-02,Poland,war_activity,47.3,7
2025-10-02,Poland,external_attack,47.9,8
2025-10-02,Poland,regional_spillover,48.2,8
2025-10-03,Poland,internal_violence,49.7,7
2025-10-03,Poland,repression,45.8,9
2025-10-03,Poland,domestic_attack,37.9,6
2025-10-03,Poland,war_activity,43.9,6
2025-10-03,Poland,external_attack,43.3,8
2025-10-03,Poland,regional_spillover,48.3,7
2025-10-04,Poland,internal_violence,49.6,8
2025-10-04,Poland,repression,43.3,6
2025-10-04,Poland,domestic_attack,38.2,6
2025-10-04,Poland,war_activity,44.7,7
2025-10-04,Poland,external_attack,46.8,7
2025-10-04,Poland,regional_spillover,47.6,8
2025-10-05,Poland,internal_violence,47.3,7
2025-10-05,Poland,repression,41.4,7
2025-10-05,Poland,domestic_attack,39.9,5
2025-10-05,Poland,war_activity,42.8,6
2025-10-05,Poland,external_attack,46.0,7
2025-10-05,Poland,regional_spillover,43.9,7
2025-10-06,Poland,internal_violence,48.8,8
2025-10-06,Poland,repression,42.2,7
2025-10-06,Poland,domestic_attack,40.7,7
2025-10-06,Poland,war_activity,46.7,7
2025-10-06,Poland,external_attack,46.8,9
2025-10-06,Poland,regional_spillover,46.8,6
2025-10-07,Poland,internal_violence,51.3,10
2025-10-07,Poland,repression,46.4,7
2025-10-07,Poland,domestic_attack,42.5,6
2025-10-07,Poland,war_activity,42.7,8
2025-10-07,Poland,external_attack,43.4,7
2025-10-07,Poland,regional_spillover,46.0,9
2025-10-08,Poland,internal_violence,48.8,9
2025-10-08,Poland,repression,44.4,6
2025-10-08,Poland,domestic_attack,40.1,8
2025-10-08,Poland,war_activity,45.0,7
2025-10-08,Poland,external_attack,44.0,8
2025-10-08,Poland,regional_spillover,50.2,8
2025-10-09,Poland,internal_violence,50.8,9
2025-10-09,Poland,repression,44.6,7
2025-10-09,Poland,domestic_attack,40.2,6
2025-10-09,Poland,war_activity,44.0,7
2025-10-09,Poland,external_attack,48.5,7
2025-10-09,Poland,regional_spillover,46.1,7
2025-10-10,Poland,internal_violence,52.0,10
2025-10-10,Poland,repression,47.2,9
2025-10-10,Poland,domestic_attack,38.9,8
2025-10-10,Poland,war_activity,45.6,7
2025-10-10,Poland,external_attack,43.2,7
2025-10-10,Poland,regional_spillover,48.6,7
2025-10-11,Poland,internal_violence,52.2,9
2025-10-11,Poland,repression,42.6,9
2025-10-11,Poland,domestic_attack,40.3,5
2025-10-11,Poland,war_activity,44.2,8
2025-10-11,Poland,external_attack,46.5,9
2025-10-11,Poland,regional_spillover,47.5,8
2025-10-12,Poland,internal_violence,51.0,9
2025-10-12,Poland,repression,45.2,9
2025-10-12,Poland,domestic_attack,36.1,7
2025-10-12,Poland,war_activity,45.3,9
2025-10-12,Poland,external_attack,45.6,7
2025-10-12,Poland,regional_spillover,46.9,8
2025-10-13,Poland,internal_violence,51.4,10
2025-10-13,Poland,repression,41.0,7
2025-10-13,Poland,domestic_attack,38.8,8
2025-10-13,Poland,war_activity,44.2,8
2025-10-13,Poland,external_attack,46.1,9
2025-10-13,Poland,regional_spillover,45.7,8
2025-10-14,Poland,internal_violence,53.5,9
2025-10-14,Poland,repression,45.7,9
2025-10-14,Poland,domestic_attack,41.4,7
2025-10-14,Poland,war_activity,44.6,7
2025-10-14,Poland,external_attack,46.6,8
2025-10-14,Poland,regional_spillover,46.8,9
2025-10-15,Poland,internal_violence,52.6,8
2025-10-15,Poland,repression,47.2,7
2025-10-15,Poland,domestic_attack,42.6,8
2025-10-15,Poland,war_activity,44.6,9
2025-10-15,Poland,external_attack,47.4,7
2025-10-15,Poland,regional_spillover,51.2,9
2025-10-16,Poland,internal_violence,52.1,10
2025-10-16,Poland,repression,48.1,8
2025-10-16,Poland,domestic_attack,39.6,6
2025-10-16,Poland,war_activity,43.9,8
2025-10-16,Poland,external_attack,46.4,8
2025-10-16,Poland,regional_spillover,48.8,9
2025-10-17,Poland,internal_violence,50.5,9
2025-10-17,Poland,repression,44.1,7
2025-10-17,Poland,domestic_attack,41.3,7
2025-10-17,Poland,war_activity,45.2,7
2025-10-17,Poland,external_attack,47.2,8
2025-10-17,Poland,regional_spillover,46.0,9
2025-10-18,Poland,internal_violence,50.8,8
2025-10-18,Poland,repression,44.5,9
2025-10-18,Poland,domestic_attack,38.7,6
2025-10-18,Poland,war_activity,47.9,8
2025-10-18,Poland,external_attack,44.4,8
2025-10-18,Poland,regional_spillover,47.8,8
2025-10-19,Poland,internal_violence,51.3,9
2025-10-19,Poland,repression,43.3,6
2025-10-19,Poland,domestic_attack,38.9,6
2025-10-19,Poland,war_activity,44.8,9
2025-10-19,Poland,external_attack,46.2,8
2025-10-19,Poland,regional_spillover,49.7,8
2025-10-20,Poland,internal_violence,47.6,8
2025-10-20,Poland,repression,45.6,8
2025-10-20,Poland,domestic_attack,37.4,6
2025-10-20,Poland,war_activity,48.0,7
2025-10-20,Poland,external_attack,45.0,6
2025-10-20,Poland,regional_spillover,48.2,9
2025-10-21,Poland,internal_violence,53.3,10
2025-10-21,Poland,repression,45.2,9
2025-10-21,Poland,domestic_attack,41.9,6
2025-10-21,Poland,war_activity,43.9,6
2025-10-21,Poland,external_attack,45.5,7
2025-10-21,Poland,regional_spillover,50.2,7
2025-10-22,Poland,internal_violence,53.1,9
2025-10-22,Poland,repression,46.8,7
2025-10-22,Poland,domestic_attack,43.3,7
2025-10-22,Poland,war_activity,46.8,7
2025-10-22,Poland,external_attack,47.9,9
2025-10-22,Poland,regional_spillover,47.5,7
2025-10-23,Poland,internal_violence,55.5,9
2025-10-23,Poland,repression,46.0,8
2025-10-23,Poland,domestic_attack,43.5,9
2025-10-23,Poland,war_activity,47.3,8
2025-10-23,Poland,external_attack,45.3,7
2025-10-23,Poland,regional_spillover,48.6,7
2025-10-24,Poland,internal_violence,50.6,9
2025-10-24,Poland,repression,45.4,7
2025-10-24,Poland,domestic_attack,41.8,6
2025-10-24,Poland,war_activity,47.3,6
2025-10-24,Poland,external_attack,44.8,7
2025-10-24,Poland,regional_spillover,51.1,8
2025-10-25,Poland,internal_violence,53.6,9
2025-10-25,Poland,repression,46.9,8
2025-10-25,Poland,domestic_attack,38.4,8
2025-10-25,Poland,war_activity,45.8,7
2025-10-25,Poland,external_attack,46.8,7
2025-10-25,Poland,regional_spillover,47.3,8
2025-10-26,Poland,internal_violence,52.3,8
2025-10-26,Poland,repression,43.8,7
2025-10-26,Poland,domestic_attack,39.3,6
2025-10-26,Poland,war_activity,47.5,7
2025-10-26,Poland,external_attack,46.4,7
2025-10-26,Poland,regional_spillover,47.5,8
2025-10-27,Poland,internal_violence,51.0,8
2025-10-27,Poland,repression,46.4,7
2025-10-27,Poland,domestic_attack,39.3,7
2025-10-27,Poland,war_activity,47.7,9
2025-10-27,Poland,external_attack,47.6,9
2025-10-27,Poland,regional_spillover,45.2,6
2025-10-28,Poland,internal_violence,51.5,10
2025-10-28,Poland,repression,44.5,7
2025-10-28,Poland,domestic_attack,39.8,8
2025-10-28,Poland,war_activity,45.1,7
2025-10-28,Poland,external_attack,47.1,8
2025-10-28,Poland,regional_spillover,50.7,9
2025-10-29,Poland,internal_violence,55.4,10
2025-10-29,Poland,repression,44.8,8
2025-10-29,Poland,domestic_attack,45.2,9
2025-10-29,Poland,war_activity,47.5,7
2025-10-29,Poland,external_attack,48.3,10
2025-10-29,Poland,regional_spillover,48.0,8
2025-10-30,Poland,internal_violence,54.9,9
2025-10-30,Poland,repression,45.3,6
2025-10-30,Poland,domestic_attack,42.3,7
2025-10-30,Poland,war_activity,48.3,8
2025-10-30,Poland,external_attack,47.2,8
2025-10-30,Poland,regional_spillover,46.9,8
2025-10-31,Poland,internal_violence,50.8,9
2025-10-31,Poland,repression,46.8,8
2025-10-31,Poland,domestic_attack,44.8,8
2025-10-31,Poland,war_activity,47.8,8
2025-10-31,Poland,external_attack,47.3,8
2025-10-31,Poland,regional_spillover,50.5,9
2025-11-01,Poland,internal_violence,53.2,10
2025-11-01,Poland,repression,45.9,6
2025-11-01,Poland,domestic_attack,42.8,6
2025-11-01,Poland,war_activity,46.9,9
2025-11-01,Poland,external_attack,46.1,9
2025-11-01,Poland,regional_spillover,47.4,9
2025-11-02,Poland,internal_violence,49.3,9
2025-11-02,Poland,repression,41.5,8
2025-11-02,Poland,domestic_attack,39.5,8
2025-11-02,Poland,war_activity,47.7,7
2025-11-02,Poland,external_attack,42.8,8
2025-11-02,Poland,regional_spillover,44.8,9
2025-11-03,Poland,internal_violence,51.1,8
2025-11-03,Poland,repression,46.4,9
2025-11-03,Poland,domestic_attack,41.7,7
2025-11-03,Poland,war_activity,44.8,6
2025-11-03,Poland,external_attack,43.1,7
2025-11-03,Poland,regional_spillover,48.0,8
2025-11-04,Poland,internal_violence,52.3,8
2025-11-04,Poland,repression,46.5,8
2025-11-04,Poland,domestic_attack,43.4,7
2025-11-04,Poland,war_activity,48.4,7
2025-11-04,Poland,external_attack,45.4,6
2025-11-04,Poland,regional_spillover,47.4,9
2025-11-05,Poland,internal_violence,55.5,9
2025-11-05,Poland,repression,44.5,9
2025-11-05,Poland,domestic_attack,43.2,7
2025-11-05,Poland,war_activity,44.9,7
2025-11-05,Poland,external_attack,46.4,6
2025-11-05,Poland,regional_spillover,47.4,9
2025-11-06,Poland,internal_violence,51.8,9
2025-11-06,Poland,repression,49.3,9
2025-11-06,Poland,domestic_attack,40.5,8
2025-11-06,Poland,war_activity,47.2,8
2025-11-06,Poland,external_attack,47.5,7
2025-11-06,Poland,regional_spillover,52.1,8
2025-11-07,Poland,internal_violence,51.9,9
2025-11-07,Poland,repression,45.5,6
2025-11-07,Poland,domestic_attack,42.0,9
2025-11-07,Poland,war_activity,48.6,9
2025-11-07,Poland,external_attack,48.5,9
2025-11-07,Poland,regional_spillover,49.5,8
2025-11-08,Poland,internal_violence,50.2,7
2025-11-08,Poland,repression,42.1,6
2025-11-08,Poland,domestic_attack,37.7,6
2025-11-08,Poland,war_activity,44.5,8
2025-11-08,Poland,external_attack,44.9,7
2025-11-08,Poland,regional_spillover,45.3,8
2025-11-09,Poland,internal_violence,49.3,9
2025-11-09,Poland,repression,41.1,6
2025-11-09,Poland,domestic_attack,39.4,7
2025-11-09,Poland,war_activity,45.1,8
2025-11-09,Poland,external_attack,43.5,8
2025-11-09,Poland,regional_spillover,45.1,7
2025-11-10,Poland,internal_violence,49.5,8
2025-11-10,Poland,repression,43.5,9
2025-11-10,Poland,domestic_attack,38.0,6
2025-11-10,Poland,war_activity,46.1,8
2025-11-10,Poland,external_attack,43.8,8
2025-11-10,Poland,regional_spillover,47.7,7
2025-11-11,Poland,internal_violence,52.5,10
2025-11-11,Poland,repression,44.0,7
2025-11-11,Poland,domestic_attack,40.7,8
2025-11-11,Poland,war_activity,44.2,6
2025-11-11,Poland,external_attack,46.2,8
2025-11-11,Poland,regional_spillover,50.2,8
2025-11-12,Poland,internal_violence,50.5,10
2025-11-12,Poland,repression,47.1,7
2025-11-12,Poland,domestic_attack,40.3,6
2025-11-12,Poland,war_activity,46.5,7
2025-11-12,Poland,external_attack,44.5,7
2025-11-12,Poland,regional_spillover,46.7,7
2025-11-13,Poland,internal_violence,55.3,9
2025-11-13,Poland,repression,49.1,9
2025-11-13,Poland,domestic_attack,44.9,8
2025-11-13,Poland,war_activity,48.9,7
2025-11-13,Poland,external_attack,48.4,8
2025-11-13,Poland,regional_spillover,48.1,10
2025-11-14,Poland,internal_violence,50.6,9
2025-11-14,Poland,repression,42.8,8
2025-11-14,Poland,domestic_attack,39.2,7
2025-11-14,Poland,war_activity,48.5,7
2025-11-14,Poland,external_attack,45.3,8
2025-11-14,Poland,regional_spillover,48.8,9
2025-11-15,Poland,internal_violence,47.1,7
2025-11-15,Poland,repression,45.6,9
2025-11-15,Poland,domestic_attack,40.1,6
2025-11-15,Poland,war_activity,42.7,6
2025-11-15,Poland,external_attack,44.4,8
2025-11-15,Poland,regional_spillover,49.0,7
2025-11-16,Poland,internal_violence,48.7,7
2025-11-16,Poland,repression,40.4,8
2025-11-16,Poland,domestic_attack,40.0,6
2025-11-16,Poland,war_activity,44.5,8
2025-11-16,Poland,external_attack,44.4,8
2025-11-16,Poland,regional_spillover,45.6,7
2025-11-17,Poland,internal_violence,50.5,8
2025-11-17,Poland,repression,45.0,9
2025-11-17,Poland,domestic_attack,40.6,8
2025-11-17,Poland,war_activity,46.9,9
2025-11-17,Poland,external_attack,46.3,8
2025-11-17,Poland,regional_spillover,48.7,9
2025-11-18,Poland,internal_violence,50.5,9
2025-11-18,Poland,repression,43.7,6
2025-11-18,Poland,domestic_attack,38.8,8
2025-11-18,Poland,war_activity,45.5,9
2025-11-18,Poland,external_attack,45.4,7
2025-11-18,Poland,regional_spillover,49.9,7
2025-11-19,Poland,internal_violence,51.5,10
2025-11-19,Poland,repression,43.8,7
2025-11-19,Poland,domestic_attack,43.2,7
2025-11-19,Poland,war_activity,44.5,6
2025-11-19,Poland,external_attack,47.0,6
2025-11-19,Poland,regional_spillover,48.5,9
2025-11-20,Poland,internal_violence,51.0,9
2025-11-20,Poland,repression,44.9,6
2025-11-20,Poland,domestic_attack,41.5,6
2025-11-20,Poland,war_activity,45.3,7
2025-11-20,Poland,external_attack,46.3,9
2025-11-20,Poland,regional_spillover,48.0,8
2025-11-21,Poland,internal_violence,47.5,7
2025-11-21,Poland,repression,46.5,7
2025-11-21,Poland,domestic_attack,42.3,8
2025-11-21,Poland,war_activity,47.3,7
2025-11-21,Poland,external_attack,42.8,8
2025-11-21,Poland,regional_spillover,49.5,9
2025-11-22,Poland,internal_violence,50.8,8
2025-11-22,Poland,repression,44.1,7
2025-11-22,Poland,domestic_attack,41.2,7
2025-11-22,Poland,war_activity,42.1,7
2025-11-22,Poland,external_attack,44.0,9
2025-11-22,Poland,regional_spillover,48.8,8
2025-11-23,Poland,internal_violence,44.9,8
2025-11-23,Poland,repression,42.2,6
2025-11-23,Poland,domestic_attack,35.0,6
2025-11-23,Poland,war_activity,43.3,7
2025-11-23,Poland,external_attack,44.0,7
2025-11-23,Poland,regional_spillover,47.3,8
2025-11-24,Poland,internal_violence,48.2,7
2025-11-24,Poland,repression,42.7,6
2025-11-24,Poland,domestic_attack,37.2,7
2025-11-24,Poland,war_activity,42.3,6
2025-11-24,Poland,external_attack,45.8,9
2025-11-24,Poland,regional_spillover,46.9,9
2025-11-25,Poland,internal_violence,49.4,10
2025-11-25,Poland,repression,42.5,6
2025-11-25,Poland,domestic_attack,39.3,7
2025-11-25,Poland,war_activity,42.4,7
2025-11-25,Poland,external_attack,42.3,8
2025-11-25,Poland,regional_spillover,49.0,8
2025-11-26,Poland,internal_violence,50.6,8
2025-11-26,Poland,repression,43.8,6
2025-11-26,Poland,domestic_attack,39.5,8
2025-11-26,Poland,war_activity,42.6,8
2025-11-26,Poland,external_attack,45.3,7
2025-11-26,Poland,regional_spillover,46.9,8
2025-11-27,Poland,internal_violence,48.7,7
2025-11-27,Poland,repression,44.8,9
2025-11-27,Poland,domestic_attack,42.2,9
2025-11-27,Poland,war_activity,43.8,9
2025-11-27,Poland,external_attack,46.9,9
2025-11-27,Poland,regional_spillover,50.1,8
2025-11-28,Poland,internal_violence,46.4,7
2025-11-28,Poland,repression,45.3,7
2025-11-28,Poland,domestic_attack,40.2,6
2025-11-28,Poland,war_activity,42.8,8
2025-11-28,Poland,external_attack,42.5,7
2025-11-28,Poland,regional_spillover,44.0,6
2025-11-29,Poland,internal_violence,46.2,8
2025-11-29,Poland,repression,42.1,7
2025-11-29,Poland,domestic_attack,35.4,5
2025-11-29,Poland,war_activity,42.0,6
2025-11-29,Poland,external_attack,45.5,7
2025-11-29,Poland,regional_spillover,43.8,6
2025-11-30,Poland,internal_violence,43.8,7
2025-11-30,Poland,repression,37.6,7
2025-11-30,Poland,domestic_attack,33.7,6
2025-11-30,Poland,war_activity,43.1,7
2025-11-30,Poland,external_attack,42.3,6
2025-11-30,Poland,regional_spillover,46.3,9
2025-12-01,Poland,internal_violence,46.6,7
2025-12-01,Poland,repression,40.5,6
2025-12-01,Poland,domestic_attack,35.0,7
2025-12-01,Poland,war_activity,41.8,7
2025-12-01,Poland,external_attack,42.0,6
2025-12-01,Poland,regional_spillover,47.7,9
2025-12-02,Poland,internal_violence,45.4,8
2025-12-02,Poland,repression,41.2,8
2025-12-02,Poland,domestic_attack,38.4,6
2025-12-02,Poland,war_activity,42.7,7
2025-12-02,Poland,external_attack,44.7,7
2025-12-02,Poland,regional_spillover,47.9,8
2025-12-03,Poland,internal_violence,47.4,7
2025-12-03,Poland,repression,43.0,6
2025-12-03,Poland,domestic_attack,39.7,8
2025-12-03,Poland,war_activity,47.2,9
2025-12-03,Poland,external_attack,46.3,7
2025-12-03,Poland,regional_spillover,46.3,8
2025-12-04,Poland,internal_violence,50.2,8
2025-12-04,Poland,repression,41.0,6
2025-12-04,Poland,domestic_attack,40.9,7
2025-12-04,Poland,war_activity,43.0,7
2025-12-04,Poland,external_attack,43.8,6
2025-12-04,Poland,regional_spillover,44.7,8
2025-12-05,Poland,internal_violence,47.0,9
2025-12-05,Poland,repression,41.7,6
2025-12-05,Poland,domestic_attack,36.6,5
2025-12-05,Poland,war_activity,43.9,9
2025-12-05,Poland,external_attack,43.6,8
2025-12-05,Poland,regional_spillover,47.0,8
2025-12-06,Poland,internal_violence,42.8,8
2025-12-06,Poland,repression,41.5,8
2025-12-06,Poland,domestic_attack,37.0,7
2025-12-06,Poland,war_activity,44.1,9
2025-12-06,Poland,external_attack,44.3,8
2025-12-06,Poland,regional_spillover,43.0,6
2025-12-07,Poland,internal_violence,40.5,6
2025-12-07,Poland,repression,40.0,6
2025-12-07,Poland,domestic_attack,35.1,5
2025-12-07,Poland,war_activity,40.8,7
2025-12-07,Poland,external_attack,41.4,7
2025-12-07,Poland,regional_spillover,45.5,7
2025-12-08,Poland,internal_violence,45.9,9
2025-12-08,Poland,repression,35.8,5
2025-12-08,Poland,domestic_attack,34.1,6
2025-12-08,Poland,war_activity,42.6,7
2025-12-08,Poland,external_attack,40.4,8
2025-12-08,Poland,regional_spillover,45.3,8
2025-12-09,Poland,internal_violence,46.0,6
2025-12-09,Poland,repression,38.5,5
2025-12-09,Poland,domestic_attack,37.4,6
2025-12-09,Poland,war_activity,43.7,7
2025-12-09,Poland,external_attack,41.0,6
2025-12-09,Poland,regional_spillover,45.3,7
2025-12-10,Poland,internal_violence,44.4,6
2025-12-10,Poland,repression,42.0,6
2025-12-10,Poland,domestic_attack,38.2,6
2025-12-10,Poland,war_activity,41.3,7
2025-12-10,Poland,external_attack,44.4,7
2025-12-10,Poland,regional_spillover,46.3,7
2025-12-11,Poland,internal_violence,47.7,7
2025-12-11,Poland,repression,43.1,7
2025-12-11,Poland,domestic_attack,35.2,4
2025-12-11,Poland,war_activity,45.7,7
2025-12-11,Poland,external_attack,41.3,6
2025-12-11,Poland,regional_spillover,46.0,7
2025-12-12,Poland,internal_violence,45.0,9
2025-12-12,Poland,repression,37.0,5
2025-12-12,Poland,domestic_attack,33.3,6
2025-12-12,Poland,war_activity,45.3,8
2025-12-12,Poland,external_attack,42.2,6
2025-12-12,Poland,regional_spillover,43.4,8
2025-12-13,Poland,internal_violence,45.3,8
2025-12-13,Poland,repression,38.6,8
2025-12-13,Poland,domestic_attack,33.5,5
2025-12-13,Poland,war_activity,42.2,7
2025-12-13,Poland,external_attack,43.1,6
2025-12-13,Poland,regional_spillover,45.7,8
2025-12-14,Poland,internal_violence,41.5,8
2025-12-14,Poland,repression,37.8,7
2025-12-14,Poland,domestic_attack,34.8,6
2025-12-14,Poland,war_activity,42.5,7
2025-12-14,Poland,external_attack,40.0,7
2025-12-14,Poland,regional_spillover,43.5,6
2025-12-15,Poland,internal_violence,42.7,7
2025-12-15,Poland,repression,37.9,8
2025-12-15,Poland,domestic_attack,35.0,6
2025-12-15,Poland,war_activity,43.4,7
2025-12-15,Poland,external_attack,42.7,7
2025-12-15,Poland,regional_spillover,42.0,9
2025-12-16,Poland,internal_violence,44.9,7
2025-12-16,Poland,repression,37.1,7
2025-12-16,Poland,domestic_attack,32.0,6
2025-12-16,Poland,war_activity,44.9,8
2025-12-16,Poland,external_attack,45.5,8
2025-12-16,Poland,regional_spillover,45.6,7
2025-12-17,Poland,internal_violence,43.4,6
2025-12-17,Poland,repression,40.3,7
2025-12-17,Poland,domestic_attack,34.9,7
2025-12-17,Poland,war_activity,43.6,7
2025-12-17,Poland,external_attack,42.7,8
2025-12-17,Poland,regional_spillover,41.8,6
2025-12-18,Poland,internal_violence,45.5,7
2025-12-18,Poland,repression,40.5,7
2025-12-18,Poland,domestic_attack,33.7,6
2025-12-18,Poland,war_activity,42.3,6
2025-12-18,Poland,external_attack,45.0,9
2025-12-18,Poland,regional_spillover,46.1,8
2025-12-19,Poland,internal_violence,45.7,9
2025-12-19,Poland,repression,39.8,7
2025-12-19,Poland,domestic_attack,36.1,5
2025-12-19,Poland,war_activity,41.5,6
2025-12-19,Poland,external_attack,45.6,8
2025-12-19,Poland,regional_spillover,41.2,6
2025-12-20,Poland,internal_violence,43.8,6
2025-12-20,Poland,repression,36.1,5
2025-12-20,Poland,domestic_attack,31.4,5
2025-12-20,Poland,war_activity,41.3,7
2025-12-20,Poland,external_attack,44.4,9
2025-12-20,Poland,regional_spillover,40.1,7
2025-12-21,Poland,internal_violence,42.4,9
2025-12-21,Poland,repression,35.2,6
2025-12-21,Poland,domestic_attack,30.6,7
2025-12-21,Poland,war_activity,42.8,6
2025-12-21,Poland,external_attack,41.9,8
2025-12-21,Poland,regional_spillover,42.5,9
2025-12-22,Poland,internal_violence,42.5,8
2025-12-22,Poland,repression,34.0,6
2025-12-22,Poland,domestic_attack,31.4,5
2025-12-22,Poland,war_activity,40.8,8
2025-12-22,Poland,external_attack,43.4,9
2025-12-22,Poland,regional_spillover,43.8,6
2025-12-23,Poland,internal_violence,40.1,5
2025-12-23,Poland,repression,39.4,5
2025-12-23,Poland,domestic_attack,34.8,7
2025-12-23,Poland,war_activity,43.4,7
2025-12-23,Poland,external_attack,43.8,7
2025-12-23,Poland,regional_spillover,44.7,6
2025-12-24,Poland,internal_violence,42.7,8
2025-12-24,Poland,repression,40.5,7
2025-12-24,Poland,domestic_attack,36.9,6
2025-12-24,Poland,war_activity,40.9,8
2025-12-24,Poland,external_attack,40.8,8
2025-12-24,Poland,regional_spillover,45.5,7
2025-12-25,Poland,internal_violence,42.0,7
2025-12-25,Poland,repression,37.2,7
2025-12-25,Poland,domestic_attack,34.1,5
2025-12-25,Poland,war_activity,41.6,8
2025-12-25,Poland,external_attack,42.5,9
2025-12-25,Poland,regional_spillover,45.2,8
2025-12-26,Poland,internal_violence,44.5,9
2025-12-26,Poland,repression,37.3,6
2025-12-26,Poland,domestic_attack,35.8,7
2025-12-26,Poland,war_activity,45.2,7
2025-12-26,Poland,external_attack,43.9,7
2025-12-26,Poland,regional_spillover,42.8,6
2025-12-27,Poland,internal_violence,40.8,7
2025-12-27,Poland,repression,35.4,7
2025-12-27,Poland,domestic_attack,30.2,5
2025-12-27,Poland,war_activity,43.8,6
2025-12-27,Poland,external_attack,40.8,6
2025-12-27,Poland,regional_spillover,41.1,7
2025-12-28,Poland,internal_violence,40.3,8
2025-12-28,Poland,repression,36.8,5
2025-12-28,Poland,domestic_attack,29.1,4
2025-12-28,Poland,war_activity,40.2,8
2025-12-28,Poland,external_attack,44.0,7
2025-12-28,Poland,regional_spillover,41.8,7
2025-12-29,Poland,internal_violence,37.5,6
2025-12-29,Poland,repression,35.6,6
2025-12-29,Poland,domestic_attack,31.3,5
2025-12-29,Poland,war_activity,42.3,6
2025-12-29,Poland,external_attack,41.4,6
2025-12-29,Poland,regional_spillover,44.5,7
2025-12-30,Poland,internal_violence,39.5,8
2025-12-30,Poland,repression,38.5,6
2025-12-30,Poland,domestic_attack,31.8,4
2025-12-30,Poland,war_activity,45.0,9
2025-12-30,Poland,external_attack,43.7,6
2025-12-30,Poland,regional_spillover,45.2,7
2025-12-31,Poland,internal_violence,41.0,8
2025-12-31,Poland,repression,35.7,5
2025-12-31,Poland,domestic_attack,33.7,4
2025-12-31,Poland,war_activity,45.7,6
2025-12-31,Poland,external_attack,43.4,8
2025-12-31,Poland,regional_spillover,42.6,7
2026-01-01,Poland,internal_violence,44.1,7
2026-01-01,Poland,repression,37.0,6
2026-01-01,Poland,domestic_attack,33.9,7
2026-01-01,Poland,war_activity,45.7,6
2026-01-01,Poland,external_attack,41.7,9
2026-01-01,Poland,regional_spillover,44.3,6
2026-01-02,Poland,internal_violence,41.4,8
2026-01-02,Poland,repression,37.2,7
2026-01-02,Poland,domestic_attack,35.4,7
2026-01-02,Poland,war_activity,42.8,8
2026-01-02,Poland,external_attack,42.7,7
2026-01-02,Poland,regional_spillover,40.5,7
2026-01-03,Poland,internal_violence,38.2,7
2026-01-03,Poland,repression,33.2,5
2026-01-03,Poland,domestic_attack,34.6,6
2026-01-03,Poland,war_activity,43.0,7
2026-01-03,Poland,external_attack,43.1,6
2026-01-03,Poland,regional_spillover,40.4,6
2026-01-04,Poland,internal_violence,41.9,6
2026-01-04,Poland,repression,35.4,6
2026-01-04,Poland,domestic_attack,30.2,4
2026-01-04,Poland,war_activity,39.4,7
2026-01-04,Poland,external_attack,40.1,6
2026-01-04,Poland,regional_spillover,44.5,8
2026-01-05,Poland,internal_violence,41.9,7
2026-01-05,Poland,repression,37.8,8
2026-01-05,Poland,domestic_attack,32.2,4
2026-01-05,Poland,war_activity,41.6,6
2026-01-05,Poland,external_attack,44.8,8
2026-01-05,Poland,regional_spillover,42.7,6
2026-01-06,Poland,internal_violence,40.0,6
2026-01-06,Poland,repression,37.5,5
2026-01-06,Poland,domestic_attack,32.4,6
2026-01-06,Poland,war_activity,44.9,9
2026-01-06,Poland,external_attack,41.1,7
2026-01-06,Poland,regional_spillover,41.0,7
2026-01-07,Poland,internal_violence,40.8,6
2026-01-07,Poland,repression,37.9,6
2026-01-07,Poland,domestic_attack,34.0,7
2026-01-07,Poland,war_activity,42.8,7
2026-01-07,Poland,external_attack,43.7,9
2026-01-07,Poland,regional_spillover,46.4,9
2026-01-08,Poland,internal_violence,43.5,7
2026-01-08,Poland,repression,37.5,5
2026-01-08,Poland,domestic_attack,36.8,7
2026-01-08,Poland,war_activity,42.1,6
2026-01-08,Poland,external_attack,42.3,7
2026-01-08,Poland,regional_spillover,41.8,6
2026-01-09,Poland,internal_violence,41.1,7
2026-01-09,Poland,repression,39.3,7
2026-01-09,Poland,domestic_attack,36.1,5
2026-01-09,Poland,war_activity,45.1,8
2026-01-09,Poland,external_attack,43.7,9
2026-01-09,Poland,regional_spillover,44.5,7
2026-01-10,Poland,internal_violence,44.0,7
2026-01-10,Poland,repression,38.0,8
2026-01-10,Poland,domestic_attack,34.2,5
2026-01-10,Poland,war_activity,43.2,6
2026-01-10,Poland,external_attack,43.3,8
2026-01-10,Poland,regional_spillover,42.7,6
2026-01-11,Poland,internal_violence,38.6,7
2026-01-11,Poland,repression,38.5,5
2026-01-11,Poland,domestic_attack,30.8,4
2026-01-11,Poland,war_activity,40.6,8
2026-01-11,Poland,external_attack,40.4,7
2026-01-11,Poland,regional_spillover,44.3,7
2026-01-12,Poland,internal_violence,41.7,8
2026-01-12,Poland,repression,37.8,6
2026-01-12,Poland,domestic_attack,33.4,4
2026-01-12,Poland,war_activity,43.8,6
2026-01-12,Poland,external_attack,45.3,8
2026-01-12,Poland,regional_spillover,43.7,7
2026-01-13,Poland,internal_violence,41.6,7
2026-01-13,Poland,repression,36.2,5
2026-01-13,Poland,domestic_attack,36.6,7
2026-01-13,Poland,war_activity,43.8,6
2026-01-13,Poland,external_attack,42.4,6
2026-01-13,Poland,regional_spillover,43.6,8
2026-01-14,Poland,internal_violence,46.2,6
2026-01-14,Poland,repression,42.4,7
2026-01-14,Poland,domestic_attack,36.0,7
2026-01-14,Poland,war_activity,44.7,8
2026-01-14,Poland,external_attack,45.6,9
2026-01-14,Poland,regional_spillover,44.4,6
2026-01-15,Poland,internal_violence,48.7,10
2026-01-15,Poland,repression,41.5,8
2026-01-15,Poland,domestic_attack,34.8,7
2026-01-15,Poland,war_activity,46.9,7
2026-01-15,Poland,external_attack,46.0,7
2026-01-15,Poland,regional_spillover,47.9,9
2026-01-16,Poland,internal_violence,47.3,7
2026-01-16,Poland,repression,42.1,7
2026-01-16,Poland,domestic_attack,37.5,6
2026-01-16,Poland,war_activity,43.4,7
2026-01-16,Poland,external_attack,46.5,6
2026-01-16,Poland,regional_spillover,46.0,7
2026-01-17,Poland,internal_violence,45.5,8
2026-01-17,Poland,repression,40.4,8
2026-01-17,Poland,domestic_attack,36.1,6
2026-01-17,Poland,war_activity,41.5,6
2026-01-17,Poland,external_attack,41.8,6
2026-01-17,Poland,regional_spillover,42.5,7
2026-01-18,Poland,internal_violence,46.2,8
2026-01-18,Poland,repression,37.5,6
2026-01-18,Poland,domestic_attack,32.4,5
2026-01-18,Poland,war_activity,44.9,7
2026-01-18,Poland,external_attack,44.5,7
2026-01-18,Poland,regional_spillover,42.8,7
2026-01-19,Poland,internal_violence,43.5,7
2026-01-19,Poland,repression,41.0,8
2026-01-19,Poland,domestic_attack,37.7,8
2026-01-19,Poland,war_activity,41.8,7
2026-01-19,Poland,external_attack,42.8,9
2026-01-19,Poland,regional_spillover,44.4,8
2026-01-20,Poland,internal_violence,48.2,7
2026-01-20,Poland,repression,41.7,7
2026-01-20,Poland,domestic_attack,38.7,6
2026-01-20,Poland,war_activity,45.7,6
2026-01-20,Poland,external_attack,45.0,7
2026-01-20,Poland,regional_spillover,47.2,9
2026-01-21,Poland,internal_violence,46.4,7
2026-01-21,Poland,repression,40.6,5
2026-01-21,Poland,domestic_attack,39.7,6
2026-01-21,Poland,war_activity,44.5,7
2026-01-21,Poland,external_attack,43.9,7
2026-01-21,Poland,regional_spillover,48.4,8
2026-01-22,Poland,internal_violence,47.1,7
2026-01-22,Poland,repression,41.3,7
2026-01-22,Poland,domestic_attack,39.3,7
2026-01-22,Poland,war_activity,44.8,7
2026-01-22,Poland,external_attack,42.2,7
2026-01-22,Poland,regional_spillover,47.1,9
2026-01-23,Poland,internal_violence,46.4,9
2026-01-23,Poland,repression,43.7,7
2026-01-23,Poland,domestic_attack,41.2,7
2026-01-23,Poland,war_activity,43.9,6
2026-01-23,Poland,external_attack,44.8,9
2026-01-23,Poland,regional_spillover,46.1,8
2026-01-24,Poland,internal_violence,46.4,7
2026-01-24,Poland,repression,43.3,8
2026-01-24,Poland,domestic_attack,38.8,8
2026-01-24,Poland,war_activity,43.1,8
2026-01-24,Poland,external_attack,46.6,8
2026-01-24,Poland,regional_spillover,46.4,7
2026-01-25,Poland,internal_violence,46.5,9
2026-01-25,Poland,repression,40.4,7
2026-01-25,Poland,domestic_attack,38.8,8
2026-01-25,Poland,war_activity,43.0,8
2026-01-25,Poland,external_attack,42.7,7
2026-01-25,Poland,regional_spillover,46.8,9
2026-01-26,Poland,internal_violence,50.2,9
2026-01-26,Poland,repression,41.9,6
2026-01-26,Poland,domestic_attack,39.6,6
2026-01-26,Poland,war_activity,43.9,6
2026-01-26,Poland,external_attack,46.7,9
2026-01-26,Poland,regional_spillover,45.3,6
2026-01-27,Poland,internal_violence,50.7,8
2026-01-27,Poland,repression,45.3,7
2026-01-27,Poland,domestic_attack,41.3,8
2026-01-27,Poland,war_activity,45.2,8
2026-01-27,Poland,external_attack,46.1,9
2026-01-27,Poland,regional_spillover,47.7,7
2026-01-28,Poland,internal_violence,52.8,10
2026-01-28,Poland,repression,44.2,9
2026-01-28,Poland,domestic_attack,43.2,7
2026-01-28,Poland,war_activity,43.7,8
2026-01-28,Poland,external_attack,45.2,6
2026-01-28,Poland,regional_spillover,47.5,9
2026-01-29,Poland,internal_violence,52.4,8
2026-01-29,Poland,repression,47.2,8
2026-01-29,Poland,domestic_attack,43.6,7
2026-01-29,Poland,war_activity,48.8,9
2026-01-29,Poland,external_attack,46.9,7
2026-01-29,Poland,regional_spillover,51.1,8
2026-01-30,Poland,internal_violence,54.0,8
2026-01-30,Poland,repression,44.0,8
2026-01-30,Poland,domestic_attack,44.0,7
2026-01-30,Poland,war_activity,48.2,7
2026-01-30,Poland,external_attack,43.9,6
2026-01-30,Poland,regional_spillover,47.5,7
2026-01-31,Poland,internal_violence,51.7,10
2026-01-31,Poland,repression,47.4,7
2026-01-31,Poland,domestic_attack,42.5,9
2026-01-31,Poland,war_activity,46.4,9
2026-01-31,Poland,external_attack,45.4,7
2026-01-31,Poland,regional_spillover,50.1,9
2026-02-01,Poland,internal_violence,48.0,8
2026-02-01,Poland,repression,44.0,8
2026-02-01,Poland,domestic_attack,40.9,7
2026-02-01,Poland,war_activity,45.8,6
2026-02-01,Poland,external_attack,45.7,6
2026-02-01,Poland,regional_spillover,47.2,7
2026-02-02,Poland,internal_violence,51.3,8
2026-02-02,Poland,repression,46.6,7
2026-02-02,Poland,domestic_attack,42.6,6
2026-02-02,Poland,war_activity,48.2,7
2026-02-02,Poland,external_attack,48.3,9
2026-02-02,Poland,regional_spillover,46.2,6
2026-02-03,Poland,internal_violence,51.7,9
2026-02-03,Poland,repression,45.5,6
2026-02-03,Poland,domestic_attack,42.5,8
2026-02-03,Poland,war_activity,48.9,8
2026-02-03,Poland,external_attack,47.8,7
2026-02-03,Poland,regional_spillover,50.4,9
2026-02-04,Poland,internal_violence,55.2,8
2026-02-04,Poland,repression,46.5,7
2026-02-04,Poland,domestic_attack,46.8,9
2026-02-04,Poland,war_activity,45.3,9
2026-02-04,Poland,external_attack,44.4,8
2026-02-04,Poland,regional_spillover,48.4,10
2026-02-05,Poland,internal_violence,53.4,8
2026-02-05,Poland,repression,50.8,7
2026-02-05,Poland,domestic_attack,45.2,9
2026-02-05,Poland,war_activity,49.0,7
2026-02-05,Poland,external_attack,49.3,9
2026-02-05,Poland,regional_spillover,50.5,10
2026-02-06,Poland,internal_violence,56.4,10
2026-02-06,Poland,repression,47.7,10
2026-02-06,Poland,domestic_attack,43.1,6
2026-02-06,Poland,war_activity,46.5,9
2026-02-06,Poland,external_attack,49.5,10
2026-02-06,Poland,regional_spillover,52.6,9
2026-02-07,Poland,internal_violence,53.8,9
2026-02-07,Poland,repression,48.2,9
2026-02-07,Poland,domestic_attack,43.3,6
2026-02-07,Poland,war_activity,49.2,9
2026-02-07,Poland,external_attack,43.7,8
2026-02-07,Poland,regional_spillover,47.6,8
2026-02-08,Poland,internal_violence,52.9,8
2026-02-08,Poland,repression,50.0,9
2026-02-08,Poland,domestic_attack,41.5,6
2026-02-08,Poland,war_activity,47.6,7
2026-02-08,Poland,external_attack,48.2,10
2026-02-08,Poland,regional_spillover,52.0,10
2026-02-09,Poland,internal_violence,56.9,9
2026-02-09,Poland,repression,47.4,8
2026-02-09,Poland,domestic_attack,41.0,8
2026-02-09,Poland,war_activity,48.4,8
2026-02-09,Poland,external_attack,48.4,9
2026-02-09,Poland,regional_spillover,47.9,9
2026-02-10,Poland,internal_violence,53.6,9
2026-02-10,Poland,repression,51.3,10
2026-02-10,Poland,domestic_attack,43.2,8
2026-02-10,Poland,war_activity,50.1,10
2026-02-10,Poland,external_attack,49.5,9
2026-02-10,Poland,regional_spillover,49.4,7
2026-02-11,Poland,internal_violence,58.6,10
2026-02-11,Poland,repression,52.4,9
2026-02-11,Poland,domestic_attack,46.1,7
2026-02-11,Poland,war_activity,47.8,9
2026-02-11,Poland,external_attack,46.7,9
2026-02-11,Poland,regional_spillover,52.2,8
2026-02-12,Poland,internal_violence,58.9,11
2026-02-12,Poland,repression,49.7,8
2026-02-12,Poland,domestic_attack,47.1,7
2026-02-12,Poland,war_activity,49.3,8
2026-02-12,Poland,external_attack,48.0,7
2026-02-12,Poland,regional_spillover,53.5,10
2026-02-13,Poland,internal_violence,56.1,8
2026-02-13,Poland,repression,51.0,8
2026-02-13,Poland,domestic_attack,43.3,7
2026-02-13,Poland,war_activity,45.3,7
2026-02-13,Poland,external_attack,49.2,7
2026-02-13,Poland,regional_spillover,52.7,9
2026-02-14,Poland,internal_violence,54.7,8
2026-02-14,Poland,repression,52.0,7
2026-02-14,Poland,domestic_attack,46.2,8
2026-02-14,Poland,war_activity,46.8,7
2026-02-14,Poland,external_attack,44.5,9
2026-02-14,Poland,regional_spillover,51.0,9
2026-02-15,Poland,internal_violence,56.2,9
2026-02-15,Poland,repression,46.6,9
2026-02-15,Poland,domestic_attack,44.8,9
2026-02-15,Poland,war_activity,49.9,8
2026-02-15,Poland,external_attack,48.9,9
2026-02-15,Poland,regional_spillover,48.2,7
2026-02-16,Poland,internal_violence,53.6,9
2026-02-16,Poland,repression,48.1,8
2026-02-16,Poland,domestic_attack,42.7,7
2026-02-16,Poland,war_activity,46.0,6
2026-02-16,Poland,external_attack,46.7,7
2026-02-16,Poland,regional_spillover,49.0,9
2026-02-17,Poland,internal_violence,55.0,8
2026-02-17,Poland,repression,49.9,8
2026-02-17,Poland,domestic_attack,46.3,8
2026-02-17,Poland,war_activity,50.3,9
2026-02-17,Poland,external_attack,44.9,6
2026-02-17,Poland,regional_spillover,50.2,10
2026-02-18,Poland,internal_violence,57.4,9
2026-02-18,Poland,repression,51.4,10
2026-02-18,Poland,domestic_attack,46.3,8
2026-02-18,Poland,war_activity,50.9,8
2026-02-18,Poland,external_attack,49.3,10
2026-02-18,Poland,regional_spillover,53.6,8
2026-02-19,Poland,internal_violence,58.6,9
2026-02-19,Poland,repression,54.7,8
2026-02-19,Poland,domestic_attack,48.3,7
2026-02-19,Poland,war_activity,47.2,7
2026-02-19,Poland,external_attack,48.0,7
2026-02-19,Poland,regional_spillover,50.9,9
2026-02-20,Poland,internal_violence,56.6,9
2026-02-20,Poland,repression,50.4,8
2026-02-20,Poland,domestic_attack,47.9,8
2026-02-20,Poland,war_activity,47.5,7
2026-02-20,Poland,external_attack,46.3,9
2026-02-20,Poland,regional_spillover,49.7,9
2026-02-21,Poland,internal_violence,56.3,8
2026-02-21,Poland,repression,47.5,9
2026-02-21,Poland,domestic_attack,46.2,8
2026-02-21,Poland,war_activity,49.6,8
2026-02-21,Poland,external_attack,49.7,7
2026-02-21,Poland,regional_spillover,53.9,9
2026-02-22,Poland,internal_violence,56.8,11
2026-02-22,Poland,repression,50.6,9
2026-02-22,Poland,domestic_attack,45.9,6
2026-02-22,Poland,war_activity,44.9,7
2026-02-22,Poland,external_attack,46.5,9
2026-02-22,Poland,regional_spillover,50.5,8
2026-02-23,Poland,internal_violence,56.5,10
2026-02-23,Poland,repression,51.5,8
2026-02-23,Poland,domestic_attack,43.5,7
2026-02-23,Poland,war_activity,49.3,9
2026-02-23,Poland,external_attack,47.2,9
2026-02-23,Poland,regional_spillover,51.2,7
2026-02-24,Poland,internal_violence,55.4,10
2026-02-24,Poland,repression,52.3,8
2026-02-24,Poland,domestic_attack,47.3,7
2026-02-24,Poland,war_activity,46.8,9
2026-02-24,Poland,external_attack,45.5,9
2026-02-24,Poland,regional_spillover,53.9,10
2026-02-25,Poland,internal_violence,56.6,11
2026-02-25,Poland,repression,50.1,8
2026-02-25,Poland,domestic_attack,47.3,9
2026-02-25,Poland,war_activity,48.7,9
2026-02-25,Poland,external_attack,47.5,8
2026-02-25,Poland,regional_spillover,52.7,8
2026-02-26,Poland,internal_violence,58.4,11
2026-02-26,Poland,repression,51.3,10
2026-02-26,Poland,domestic_attack,44.6,6
2026-02-26,Poland,war_activity,46.8,9
2026-02-26,Poland,external_attack,47.7,9
2026-02-26,Poland,regional_spillover,54.3,10
2026-02-27,Poland,internal_violence,55.6,10
2026-02-27,Poland,repression,51.4,7
2026-02-27,Poland,domestic_attack,43.4,6
2026-02-27,Poland,war_activity,46.4,7
2026-02-27,Poland,external_attack,50.3,8
2026-02-27,Poland,regional_spillover,50.6,10
2026-02-28,Poland,internal_violence,54.7,10
2026-02-28,Poland,repression,46.8,9
2026-02-28,Poland,domestic_attack,45.1,8
2026-02-28,Poland,war_activity,48.3,8
2026-02-28,Poland,external_attack,44.7,8
2026-02-28,Poland,regional_spillover,49.4,7
2026-03-01,Poland,internal_violence,54.1,8
2026-03-01,Poland,repression,49.4,7
2026-03-01,Poland,domestic_attack,42.2,6
2026-03-01,Poland,war_activity,47.3,9
2026-03-01,Poland,external_attack,47.3,7
2026-03-01,Poland,regional_spillover,48.2,7
2026-03-02,Poland,internal_violence,55.7,10
2026-03-02,Poland,repression,48.4,8
2026-03-02,Poland,domestic_attack,42.4,7
2026-03-02,Poland,war_activity,47.1,8
2026-03-02,Poland,external_attack,48.5,8
2026-03-02,Poland,regional_spillover,50.5,8
2026-03-03,Poland,internal_violence,54.2,8
2026-03-03,Poland,repression,49.2,7
2026-03-03,Poland,domestic_attack,44.4,9
2026-03-03,Poland,war_activity,45.9,8
2026-03-03,Poland,external_attack,47.3,7
2026-03-03,Poland,regional_spillover,47.8,9
2026-03-04,Poland,internal_violence,58.2,11
2026-03-04,Poland,repression,50.6,7
2026-03-04,Poland,domestic_attack,43.4,6
2026-03-04,Poland,war_activity,46.9,9
2026-03-04,Poland,external_attack,46.0,9
2026-03-04,Poland,regional_spillover,49.5,8
2026-03-05,Poland,internal_violence,59.1,11
2026-03-05,Poland,repression,50.3,8
2026-03-05,Poland,domestic_attack,47.4,7
2026-03-05,Poland,war_activity,48.6,10
2026-03-05,Poland,external_attack,45.8,8
2026-03-05,Poland,regional_spillover,51.3,7
2026-03-06,Poland,internal_violence,52.7,8
2026-03-06,Poland,repression,51.3,8
2026-03-06,Poland,domestic_attack,42.1,7
2026-03-06,Poland,war_activity,46.3,7
2026-03-06,Poland,external_attack,45.9,7
2026-03-06,Poland,regional_spillover,50.1,9
2026-03-07,Poland,internal_violence,51.3,10
2026-03-07,Poland,repression,44.5,8
2026-03-07,Poland,domestic_attack,39.6,6
2026-03-07,Poland,war_activity,47.2,8
2026-03-07,Poland,external_attack,45.7,8
2026-03-07,Poland,regional_spillover,48.7,7
2026-03-08,Poland,internal_violence,53.1,8
2026-03-08,Poland,repression,43.4,7
2026-03-08,Poland,domestic_attack,41.3,7
2026-03-08,Poland,war_activity,44.3,9
2026-03-08,Poland,external_attack,43.1,6
2026-03-08,Poland,regional_spillover,46.7,8
2026-03-09,Poland,internal_violence,52.3,10
2026-03-09,Poland,repression,45.1,7
2026-03-09,Poland,domestic_attack,40.3,7
2026-03-09,Poland,war_activity,43.6,7
2026-03-09,Poland,external_attack,43.6,8
2026-03-09,Poland,regional_spillover,49.0,10
2026-03-10,Poland,internal_violence,51.1,9
2026-03-10,Poland,repression,46.2,8
2026-03-10,Poland,domestic_attack,41.2,7
2026-03-10,Poland,war_activity,46.0,9
2026-03-10,Poland,external_attack,45.8,8
2026-03-10,Poland,regional_spillover,48.0,7
2026-03-11,Poland,internal_violence,51.9,10
2026-03-11,Poland,repression,47.9,8
2026-03-11,Poland,domestic_attack,44.9,7
2026-03-11,Poland,war_activity,45.6,9
2026-03-11,Poland,external_attack,44.4,6
2026-03-11,Poland,regional_spillover,50.6,9
2026-03-12,Poland,internal_violence,55.9,8
2026-03-12,Poland,repression,48.7,9
2026-03-12,Poland,domestic_attack,45.0,8
2026-03-12,Poland,war_activity,45.8,8
2026-03-12,Poland,external_attack,45.9,6
2026-03-12,Poland,regional_spillover,51.0,9
2026-03-13,Poland,internal_violence,50.7,10
2026-03-13,Poland,repression,43.1,7
2026-03-13,Poland,domestic_attack,39.1,5
2026-03-13,Poland,war_activity,48.5,9
2026-03-13,Poland,external_attack,47.2,7
2026-03-13,Poland,regional_spillover,47.6,7
2026-03-14,Poland,internal_violence,49.8,8
2026-03-14,Poland,repression,45.9,9
2026-03-14,Poland,domestic_attack,41.4,6
2026-03-14,Poland,war_activity,47.3,7
2026-03-14,Poland,external_attack,44.0,6
2026-03-14,Poland,regional_spillover,50.0,7
2026-03-15,Poland,internal_violence,45.7,8
2026-03-15,Poland,repression,40.2,5
2026-03-15,Poland,domestic_attack,35.9,7
2026-03-15,Poland,war_activity,42.9,6
2026-03-15,Poland,external_attack,41.9,6
2026-03-15,Poland,regional_spillover,44.5,6
2026-03-16,Poland,internal_violence,46.4,9
2026-03-16,Poland,repression,41.4,7
2026-03-16,Poland,domestic_attack,41.1,7
2026-03-16,Poland,war_activity,44.0,8
2026-03-16,Poland,external_attack,44.1,7
2026-03-16,Poland,regional_spillover,44.4,7
2026-03-17,Poland,internal_violence,46.3,6
2026-03-17,Poland,repression,41.9,7
2026-03-17,Poland,domestic_attack,38.7,8
2026-03-17,Poland,war_activity,42.6,7
2026-03-17,Poland,external_attack,45.8,8
2026-03-17,Poland,regional_spillover,48.5,9
2026-03-18,Poland,internal_violence,47.9,9
2026-03-18,Poland,repression,42.3,8
2026-03-18,Poland,domestic_attack,38.6,5
2026-03-18,Poland,war_activity,46.7,8
2026-03-18,Poland,external_attack,46.6,9
2026-03-18,Poland,regional_spillover,45.1,8
2026-03-19,Poland,internal_violence,49.1,10
2026-03-19,Poland,repression,45.5,8
2026-03-19,Poland,domestic_attack,37.7,6
2026-03-19,Poland,war_activity,43.2,6
2026-03-19,Poland,external_attack,43.9,6
2026-03-19,Poland,regional_spillover,46.9,9
2026-03-20,Poland,internal_violence,45.6,9
2026-03-20,Poland,repression,42.4,6
2026-03-20,Poland,domestic_attack,36.7,7
2026-03-20,Poland,war_activity,46.9,7
2026-03-20,Poland,external_attack,44.4,8
2026-03-20,Poland,regional_spillover,48.8,8
2026-03-21,Poland,internal_violence,48.7,9
2026-03-21,Poland,repression,39.1,7
2026-03-21,Poland,domestic_attack,35.3,7
2026-03-21,Poland,war_activity,42.3,6
2026-03-21,Poland,external_attack,42.2,7
2026-03-21,Poland,regional_spillover,48.1,7
2026-03-22,Poland,internal_violence,42.6,8
2026-03-22,Poland,repression,39.0,7
2026-03-22,Poland,domestic_attack,37.9,7
2026-03-22,Poland,war_activity,41.3,7
2026-03-22,Poland,external_attack,46.0,8
2026-03-22,Poland,regional_spillover,44.3,7
2026-03-23,Poland,internal_violence,47.0,8
2026-03-23,Poland,repression,36.9,6
2026-03-23,Poland,domestic_attack,35.6,5
2026-03-23,Poland,war_activity,42.5,6
2026-03-23,Poland,external_attack,41.6,8
2026-03-23,Poland,regional_spillover,45.4,9
2026-03-24,Poland,internal_violence,44.1,8
2026-03-24,Poland,repression,40.5,5
2026-03-24,Poland,domestic_attack,37.4,6
2026-03-24,Poland,war_activity,44.4,7
2026-03-24,Poland,external_attack,45.5,9
2026-03-24,Poland,regional_spillover,46.8,8
2026-03-25,Poland,internal_violence,46.6,7
2026-03-25,Poland,repression,44.2,6
2026-03-25,Poland,domestic_attack,35.7,6
2026-03-25,Poland,war_activity,47.0,7
2026-03-25,Poland,external_attack,43.5,9
2026-03-25,Poland,regional_spillover,43.7,7
2026-03-26,Poland,internal_violence,48.5,8
2026-03-26,Poland,repression,39.4,7
2026-03-26,Poland,domestic_attack,36.4,5
2026-03-26,Poland,war_activity,46.9,7
2026-03-26,Poland,external_attack,42.1,7
2026-03-26,Poland,regional_spillover,44.0,6
2026-03-27,Poland,internal_violence,47.0,6
2026-03-27,Poland,repression,37.7,5
2026-03-27,Poland,domestic_attack,37.5,7
2026-03-27,Poland,war_activity,44.4,7
2026-03-27,Poland,external_attack,42.7,8
2026-03-27,Poland,regional_spillover,46.0,9
2026-03-28,Poland,internal_violence,42.8,7
2026-03-28,Poland,repression,40.0,6
2026-03-28,Poland,domestic_attack,35.3,6
2026-03-28,Poland,war_activity,42.5,6
2026-03-28,Poland,external_attack,44.1,6
2026-03-28,Poland,regional_spillover,44.8,8
2026-03-29,Poland,internal_violence,39.5,5
2026-03-29,Poland,repression,38.0,6
2026-03-29,Poland,domestic_attack,32.3,5
2026-03-29,Poland,war_activity,41.3,7
2026-03-29,Poland,external_attack,45.0,9
2026-03-29,Poland,regional_spillover,40.5,8
2026-03-30,Poland,internal_violence,42.8,8
2026-03-30,Poland,repression,39.8,6
2026-03-30,Poland,domestic_attack,36.6,7
2026-03-30,Poland,war_activity,45.1,7
2026-03-30,Poland,external_attack,45.4,7
2026-03-30,Poland,regional_spillover,41.2,7
2026-03-31,Poland,internal_violence,45.6,9
2026-03-31,Poland,repression,40.8,6
2026-03-31,Poland,domestic_attack,37.1,8
2026-03-31,Poland,war_activity,41.8,8
2026-03-31,Poland,external_attack,42.2,7
2026-03-31,Poland,regional_spillover,44.5,8
2026-04-01,Poland,internal_violence,47.4,9
2026-04-01,Poland,repression,41.1,6
2026-04-01,Poland,domestic_attack,36.7,6
2026-04-01,Poland,war_activity,41.3,8
2026-04-01,Poland,external_attack,44.1,7
2026-04-01,Poland,regional_spillover,44.5,8
2026-04-02,Poland,internal_violence,46.9,7
2026-04-02,Poland,repression,37.4,8
2026-04-02,Poland,domestic_attack,35.5,5
2026-04-02,Poland,war_activity,45.7,8
2026-04-02,Poland,external_attack,43.6,6
2026-04-02,Poland,regional_spillover,46.7,8
2026-04-03,Poland,internal_violence,42.0,6
2026-04-03,Poland,repression,37.8,6
2026-04-03,Poland,domestic_attack,37.2,6
2026-04-03,Poland,war_activity,41.9,6
2026-04-03,Poland,external_attack,41.8,7
2026-04-03,Poland,regional_spillover,42.7,9
2026-04-04,Poland,internal_violence,44.5,7
2026-04-04,Poland,repression,35.9,5
2026-04-04,Poland,domestic_attack,35.7,5
2026-04-04,Poland,war_activity,45.2,8
2026-04-04,Poland,external_attack,43.8,8
2026-04-04,Poland,regional_spillover,45.8,6
2026-04-05,Poland,internal_violence,43.1,6
2026-04-05,Poland,repression,37.0,6
2026-04-05,Poland,domestic_attack,33.9,6
2026-04-05,Poland,war_activity,42.0,6
2026-04-05,Poland,external_attack,43.8,6
2026-04-05,Poland,regional_spillover,44.6,7
2026-04-06,Poland,internal_violence,39.3,5
2026-04-06,Poland,repression,36.9,7
2026-04-06,Poland,domestic_attack,31.7,7
2026-04-06,Poland,war_activity,44.6,6
2026-04-06,Poland,external_attack,43.5,8
2026-04-06,Poland,regional_spillover,43.9,6
2026-04-07,Poland,internal_violence,41.7,9
2026-04-07,Poland,repression,36.9,6
2026-04-07,Poland,domestic_attack,35.9,5
2026-04-07,Poland,war_activity,42.9,7
2026-04-07,Poland,external_attack,44.2,7
2026-04-07,Poland,regional_spillover,42.8,7
2026-04-08,Poland,internal_violence,46.3,6
2026-04-08,Poland,repression,37.7,7
2026-04-08,Poland,domestic_attack,33.8,6
2026-04-08,Poland,war_activity,45.8,8
2026-04-08,Poland,external_attack,44.0,8
2026-04-08,Poland,regional_spillover,46.9,9
2026-04-09,Poland,internal_violence,42.4,6
2026-04-09,Poland,repression,40.7,8
2026-04-09,Poland,domestic_attack,36.9,6
2026-04-09,Poland,war_activity,43.6,7
2026-04-09,Poland,external_attack,40.8,7
2026-04-09,Poland,regional_spillover,46.2,7
2026-04-10,Poland,internal_violence,46.1,9
2026-04-10,Poland,repression,41.1,8
2026-04-10,Poland,domestic_attack,37.4,5
2026-04-10,Poland,war_activity,41.1,8
2026-04-10,Poland,external_attack,42.5,7
2026-04-10,Poland,regional_spillover,42.6,8
2026-04-11,Poland,internal_violence,44.1,7
2026-04-11,Poland,repression,34.4,5
2026-04-11,Poland,domestic_attack,31.8,6
2026-04-11,Poland,war_activity,44.1,7
2026-04-11,Poland,external_attack,43.4,6
2026-04-11,Poland,regional_spillover,44.3,7
2026-04-12,Poland,internal_violence,43.6,7
2026-04-12,Poland,repression,33.7,6
2026-04-12,Poland,domestic_attack,31.0,4
2026-04-12,Poland,war_activity,42.4,8
2026-04-12,Poland,external_attack,39.8,6
2026-04-12,Poland,regional_spillover,42.6,6
2025-04-22,Nigeria,internal_violence,74.9,14
2025-04-22,Nigeria,repression,62.9,12
2025-04-22,Nigeria,domestic_attack,59.2,11
2025-04-22,Nigeria,war_activity,69.0,12
2025-04-22,Nigeria,external_attack,69.6,13
2025-04-22,Nigeria,regional_spillover,73.6,13
2025-04-23,Nigeria,internal_violence,72.2,11
2025-04-23,Nigeria,repression,67.5,13
2025-04-23,Nigeria,domestic_attack,60.9,10
2025-04-23,Nigeria,war_activity,68.1,13
2025-04-23,Nigeria,external_attack,68.0,10
2025-04-23,Nigeria,regional_spillover,70.6,11
2025-04-24,Nigeria,internal_violence,77.9,13
2025-04-24,Nigeria,repression,65.0,10
2025-04-24,Nigeria,domestic_attack,61.7,10
2025-04-24,Nigeria,war_activity,71.5,13
2025-04-24,Nigeria,external_attack,71.8,11
2025-04-24,Nigeria,regional_spillover,75.4,13
2025-04-25,Nigeria,internal_violence,76.2,12
2025-04-25,Nigeria,repression,66.7,12
2025-04-25,Nigeria,domestic_attack,58.7,9
2025-04-25,Nigeria,war_activity,72.7,14
2025-04-25,Nigeria,external_attack,70.7,11
2025-04-25,Nigeria,regional_spillover,71.3,13
2025-04-26,Nigeria,internal_violence,71.7,13
2025-04-26,Nigeria,repression,63.9,12
2025-04-26,Nigeria,domestic_attack,58.8,9
2025-04-26,Nigeria,war_activity,72.0,13
2025-04-26,Nigeria,external_attack,70.4,13
2025-04-26,Nigeria,regional_spillover,71.3,12
2025-04-27,Nigeria,internal_violence,73.6,14
2025-04-27,Nigeria,repression,65.0,11
2025-04-27,Nigeria,domestic_attack,57.8,8
2025-04-27,Nigeria,war_activity,68.2,12
2025-04-27,Nigeria,external_attack,70.2,13
2025-04-27,Nigeria,regional_spillover,73.4,13
2025-04-28,Nigeria,internal_violence,72.1,12
2025-04-28,Nigeria,repression,65.3,10
2025-04-28,Nigeria,domestic_attack,61.0,9
2025-04-28,Nigeria,war_activity,71.3,12
2025-04-28,Nigeria,external_attack,66.6,10
2025-04-28,Nigeria,regional_spillover,73.3,11
2025-04-29,Nigeria,internal_violence,74.7,13
2025-04-29,Nigeria,repression,64.4,10
2025-04-29,Nigeria,domestic_attack,60.5,12
2025-04-29,Nigeria,war_activity,68.8,11
2025-04-29,Nigeria,external_attack,69.7,12
2025-04-29,Nigeria,regional_spillover,71.1,12
2025-04-30,Nigeria,internal_violence,73.9,13
2025-04-30,Nigeria,repression,65.0,10
2025-04-30,Nigeria,domestic_attack,60.0,9
2025-04-30,Nigeria,war_activity,69.0,13
2025-04-30,Nigeria,external_attack,71.8,12
2025-04-30,Nigeria,regional_spillover,71.3,13
2025-05-01,Nigeria,internal_violence,79.4,13
2025-05-01,Nigeria,repression,66.6,10
2025-05-01,Nigeria,domestic_attack,61.2,12
2025-05-01,Nigeria,war_activity,71.3,13
2025-05-01,Nigeria,external_attack,68.0,12
2025-05-01,Nigeria,regional_spillover,72.5,13
2025-05-02,Nigeria,internal_violence,73.6,12
2025-05-02,Nigeria,repression,69.4,13
2025-05-02,Nigeria,domestic_attack,60.5,11
2025-05-02,Nigeria,war_activity,72.1,14
2025-05-02,Nigeria,external_attack,71.6,12
2025-05-02,Nigeria,regional_spillover,74.4,12
2025-05-03,Nigeria,internal_violence,74.8,12
2025-05-03,Nigeria,repression,66.7,11
2025-05-03,Nigeria,domestic_attack,59.4,9
2025-05-03,Nigeria,war_activity,67.7,12
2025-05-03,Nigeria,external_attack,68.4,11
2025-05-03,Nigeria,regional_spillover,71.6,12
2025-05-04,Nigeria,internal_violence,75.7,13
2025-05-04,Nigeria,repression,65.8,11
2025-05-04,Nigeria,domestic_attack,59.9,11
2025-05-04,Nigeria,war_activity,67.4,12
2025-05-04,Nigeria,external_attack,71.3,12
2025-05-04,Nigeria,regional_spillover,69.4,12
2025-05-05,Nigeria,internal_violence,72.2,13
2025-05-05,Nigeria,repression,68.5,11
2025-05-05,Nigeria,domestic_attack,61.6,10
2025-05-05,Nigeria,war_activity,70.7,12
2025-05-05,Nigeria,external_attack,69.6,11
2025-05-05,Nigeria,regional_spillover,74.2,14
2025-05-06,Nigeria,internal_violence,78.2,12
2025-05-06,Nigeria,repression,66.3,13
2025-05-06,Nigeria,domestic_attack,60.6,9
2025-05-06,Nigeria,war_activity,71.8,12
2025-05-06,Nigeria,external_attack,69.4,12
2025-05-06,Nigeria,regional_spillover,73.5,11
2025-05-07,Nigeria,internal_violence,79.9,14
2025-05-07,Nigeria,repression,66.8,13
2025-05-07,Nigeria,domestic_attack,63.1,9
2025-05-07,Nigeria,war_activity,69.5,13
2025-05-07,Nigeria,external_attack,71.9,12
2025-05-07,Nigeria,regional_spillover,75.5,13
2025-05-08,Nigeria,internal_violence,78.8,14
2025-05-08,Nigeria,repression,69.8,11
2025-05-08,Nigeria,domestic_attack,61.2,10
2025-05-08,Nigeria,war_activity,70.0,11
2025-05-08,Nigeria,external_attack,71.9,11
2025-05-08,Nigeria,regional_spillover,73.0,13
2025-05-09,Nigeria,internal_violence,77.9,12
2025-05-09,Nigeria,repression,70.4,13
2025-05-09,Nigeria,domestic_attack,63.9,12
2025-05-09,Nigeria,war_activity,68.6,13
2025-05-09,Nigeria,external_attack,69.6,13
2025-05-09,Nigeria,regional_spillover,74.5,14
2025-05-10,Nigeria,internal_violence,77.6,14
2025-05-10,Nigeria,repression,65.3,10
2025-05-10,Nigeria,domestic_attack,58.0,10
2025-05-10,Nigeria,war_activity,73.1,11
2025-05-10,Nigeria,external_attack,71.1,11
2025-05-10,Nigeria,regional_spillover,72.6,13
2025-05-11,Nigeria,internal_violence,72.2,11
2025-05-11,Nigeria,repression,67.2,11
2025-05-11,Nigeria,domestic_attack,60.6,10
2025-05-11,Nigeria,war_activity,68.1,13
2025-05-11,Nigeria,external_attack,70.8,12
2025-05-11,Nigeria,regional_spillover,71.0,13
2025-05-12,Nigeria,internal_violence,75.7,13
2025-05-12,Nigeria,repression,65.8,10
2025-05-12,Nigeria,domestic_attack,62.3,11
2025-05-12,Nigeria,war_activity,71.6,12
2025-05-12,Nigeria,external_attack,67.8,11
2025-05-12,Nigeria,regional_spillover,74.7,12
2025-05-13,Nigeria,internal_violence,78.6,13
2025-05-13,Nigeria,repression,69.1,12
2025-05-13,Nigeria,domestic_attack,60.3,10
2025-05-13,Nigeria,war_activity,68.1,11
2025-05-13,Nigeria,external_attack,69.9,13
2025-05-13,Nigeria,regional_spillover,73.9,11
2025-05-14,Nigeria,internal_violence,76.9,13
2025-05-14,Nigeria,repression,69.8,11
2025-05-14,Nigeria,domestic_attack,64.5,11
2025-05-14,Nigeria,war_activity,69.1,10
2025-05-14,Nigeria,external_attack,68.3,11
2025-05-14,Nigeria,regional_spillover,77.4,12
2025-05-15,Nigeria,internal_violence,78.4,14
2025-05-15,Nigeria,repression,69.7,12
2025-05-15,Nigeria,domestic_attack,63.4,11
2025-05-15,Nigeria,war_activity,72.0,14
2025-05-15,Nigeria,external_attack,71.2,12
2025-05-15,Nigeria,regional_spillover,75.8,14
2025-05-16,Nigeria,internal_violence,76.8,14
2025-05-16,Nigeria,repression,66.4,11
2025-05-16,Nigeria,domestic_attack,60.3,11
2025-05-16,Nigeria,war_activity,69.2,12
2025-05-16,Nigeria,external_attack,71.5,12
2025-05-16,Nigeria,regional_spillover,73.8,13
2025-05-17,Nigeria,internal_violence,77.1,12
2025-05-17,Nigeria,repression,65.7,10
2025-05-17,Nigeria,domestic_attack,59.4,11
2025-05-17,Nigeria,war_activity,69.2,11
2025-05-17,Nigeria,external_attack,72.5,12
2025-05-17,Nigeria,regional_spillover,74.9,13
2025-05-18,Nigeria,internal_violence,73.7,13
2025-05-18,Nigeria,repression,65.2,11
2025-05-18,Nigeria,domestic_attack,58.6,11
2025-05-18,Nigeria,war_activity,72.2,13
2025-05-18,Nigeria,external_attack,70.5,11
2025-05-18,Nigeria,regional_spillover,72.0,12
2025-05-19,Nigeria,internal_violence,77.1,14
2025-05-19,Nigeria,repression,68.6,12
2025-05-19,Nigeria,domestic_attack,62.5,12
2025-05-19,Nigeria,war_activity,68.4,11
2025-05-19,Nigeria,external_attack,68.5,11
2025-05-19,Nigeria,regional_spillover,74.5,14
2025-05-20,Nigeria,internal_violence,75.4,14
2025-05-20,Nigeria,repression,66.2,11
2025-05-20,Nigeria,domestic_attack,62.2,11
2025-05-20,Nigeria,war_activity,71.4,13
2025-05-20,Nigeria,external_attack,71.9,13
2025-05-20,Nigeria,regional_spillover,72.6,12
2025-05-21,Nigeria,internal_violence,76.1,12
2025-05-21,Nigeria,repression,66.6,12
2025-05-21,Nigeria,domestic_attack,59.8,11
2025-05-21,Nigeria,war_activity,72.8,14
2025-05-21,Nigeria,external_attack,70.6,11
2025-05-21,Nigeria,regional_spillover,76.6,13
2025-05-22,Nigeria,internal_violence,76.5,14
2025-05-22,Nigeria,repression,70.6,11
2025-05-22,Nigeria,domestic_attack,60.6,10
2025-05-22,Nigeria,war_activity,74.0,14
2025-05-22,Nigeria,external_attack,70.0,11
2025-05-22,Nigeria,regional_spillover,72.8,12
2025-05-23,Nigeria,internal_violence,74.7,13
2025-05-23,Nigeria,repression,66.4,12
2025-05-23,Nigeria,domestic_attack,59.8,10
2025-05-23,Nigeria,war_activity,69.7,11
2025-05-23,Nigeria,external_attack,73.1,12
2025-05-23,Nigeria,regional_spillover,72.8,11
2025-05-24,Nigeria,internal_violence,73.5,12
2025-05-24,Nigeria,repression,68.4,12
2025-05-24,Nigeria,domestic_attack,63.0,9
2025-05-24,Nigeria,war_activity,71.3,13
2025-05-24,Nigeria,external_attack,68.7,10
2025-05-24,Nigeria,regional_spillover,71.1,12
2025-05-25,Nigeria,internal_violence,73.5,12
2025-05-25,Nigeria,repression,67.2,10
2025-05-25,Nigeria,domestic_attack,61.5,11
2025-05-25,Nigeria,war_activity,67.8,12
2025-05-25,Nigeria,external_attack,68.2,13
2025-05-25,Nigeria,regional_spillover,70.5,12
2025-05-26,Nigeria,internal_violence,74.0,13
2025-05-26,Nigeria,repression,65.5,12
2025-05-26,Nigeria,domestic_attack,57.6,9
2025-05-26,Nigeria,war_activity,70.5,13
2025-05-26,Nigeria,external_attack,68.0,12
2025-05-26,Nigeria,regional_spillover,73.5,13
2025-05-27,Nigeria,internal_violence,74.7,11
2025-05-27,Nigeria,repression,64.3,10
2025-05-27,Nigeria,domestic_attack,59.8,11
2025-05-27,Nigeria,war_activity,71.7,11
2025-05-27,Nigeria,external_attack,70.6,12
2025-05-27,Nigeria,regional_spillover,74.6,13
2025-05-28,Nigeria,internal_violence,77.8,15
2025-05-28,Nigeria,repression,65.5,11
2025-05-28,Nigeria,domestic_attack,60.7,9
2025-05-28,Nigeria,war_activity,68.6,12
2025-05-28,Nigeria,external_attack,70.7,11
2025-05-28,Nigeria,regional_spillover,74.2,13
2025-05-29,Nigeria,internal_violence,77.9,14
2025-05-29,Nigeria,repression,65.9,11
2025-05-29,Nigeria,domestic_attack,60.3,10
2025-05-29,Nigeria,war_activity,68.5,13
2025-05-29,Nigeria,external_attack,70.1,12
2025-05-29,Nigeria,regional_spillover,75.9,12
2025-05-30,Nigeria,internal_violence,75.2,12
2025-05-30,Nigeria,repression,65.6,10
2025-05-30,Nigeria,domestic_attack,61.3,11
2025-05-30,Nigeria,war_activity,69.2,12
2025-05-30,Nigeria,external_attack,70.8,11
2025-05-30,Nigeria,regional_spillover,72.4,12
2025-05-31,Nigeria,internal_violence,72.8,12
2025-05-31,Nigeria,repression,63.7,10
2025-05-31,Nigeria,domestic_attack,59.8,10
2025-05-31,Nigeria,war_activity,69.8,12
2025-05-31,Nigeria,external_attack,71.8,12
2025-05-31,Nigeria,regional_spillover,70.9,13
2025-06-01,Nigeria,internal_violence,71.2,12
2025-06-01,Nigeria,repression,66.6,12
2025-06-01,Nigeria,domestic_attack,56.6,10
2025-06-01,Nigeria,war_activity,67.4,12
2025-06-01,Nigeria,external_attack,71.5,12
2025-06-01,Nigeria,regional_spillover,74.2,12
2025-06-02,Nigeria,internal_violence,75.4,12
2025-06-02,Nigeria,repression,63.1,11
2025-06-02,Nigeria,domestic_attack,58.3,11
2025-06-02,Nigeria,war_activity,70.7,13
2025-06-02,Nigeria,external_attack,67.2,12
2025-06-02,Nigeria,regional_spillover,69.2,12
2025-06-03,Nigeria,internal_violence,73.0,13
2025-06-03,Nigeria,repression,63.5,11
2025-06-03,Nigeria,domestic_attack,60.7,12
2025-06-03,Nigeria,war_activity,69.3,12
2025-06-03,Nigeria,external_attack,70.2,13
2025-06-03,Nigeria,regional_spillover,72.8,13
2025-06-04,Nigeria,internal_violence,76.5,13
2025-06-04,Nigeria,repression,68.4,11
2025-06-04,Nigeria,domestic_attack,60.3,10
2025-06-04,Nigeria,war_activity,67.6,11
2025-06-04,Nigeria,external_attack,71.2,11
2025-06-04,Nigeria,regional_spillover,72.3,12
2025-06-05,Nigeria,internal_violence,76.9,12
2025-06-05,Nigeria,repression,67.1,12
2025-06-05,Nigeria,domestic_attack,58.0,11
2025-06-05,Nigeria,war_activity,71.2,12
2025-06-05,Nigeria,external_attack,70.7,13
2025-06-05,Nigeria,regional_spillover,70.7,13
2025-06-06,Nigeria,internal_violence,71.5,13
2025-06-06,Nigeria,repression,63.5,12
2025-06-06,Nigeria,domestic_attack,60.3,10
2025-06-06,Nigeria,war_activity,68.0,13
2025-06-06,Nigeria,external_attack,69.4,11
2025-06-06,Nigeria,regional_spillover,71.9,12
2025-06-07,Nigeria,internal_violence,74.9,13
2025-06-07,Nigeria,repression,62.3,10
2025-06-07,Nigeria,domestic_attack,60.1,10
2025-06-07,Nigeria,war_activity,71.5,13
2025-06-07,Nigeria,external_attack,66.7,12
2025-06-07,Nigeria,regional_spillover,71.0,11
2025-06-08,Nigeria,internal_violence,71.5,12
2025-06-08,Nigeria,repression,60.8,11
2025-06-08,Nigeria,domestic_attack,56.6,10
2025-06-08,Nigeria,war_activity,71.1,13
2025-06-08,Nigeria,external_attack,70.0,11
2025-06-08,Nigeria,regional_spillover,71.7,11
2025-06-09,Nigeria,internal_violence,72.2,13
2025-06-09,Nigeria,repression,61.5,10
2025-06-09,Nigeria,domestic_attack,59.1,10
2025-06-09,Nigeria,war_activity,67.8,10
2025-06-09,Nigeria,external_attack,67.2,13
2025-06-09,Nigeria,regional_spillover,69.4,11
2025-06-10,Nigeria,internal_violence,70.7,12
2025-06-10,Nigeria,repression,64.6,11
2025-06-10,Nigeria,domestic_attack,56.2,10
2025-06-10,Nigeria,war_activity,66.6,12
2025-06-10,Nigeria,external_attack,70.8,12
2025-06-10,Nigeria,regional_spillover,71.5,11
2025-06-11,Nigeria,internal_violence,75.8,13
2025-06-11,Nigeria,repression,63.2,12
2025-06-11,Nigeria,domestic_attack,56.4,10
2025-06-11,Nigeria,war_activity,71.2,13
2025-06-11,Nigeria,external_attack,68.8,12
2025-06-11,Nigeria,regional_spillover,69.4,12
2025-06-12,Nigeria,internal_violence,76.0,13
2025-06-12,Nigeria,repression,64.2,11
2025-06-12,Nigeria,domestic_attack,59.5,11
2025-06-12,Nigeria,war_activity,69.4,12
2025-06-12,Nigeria,external_attack,67.1,11
2025-06-12,Nigeria,regional_spillover,73.3,13
2025-06-13,Nigeria,internal_violence,71.4,13
2025-06-13,Nigeria,repression,64.7,10
2025-06-13,Nigeria,domestic_attack,56.2,9
2025-06-13,Nigeria,war_activity,67.5,10
2025-06-13,Nigeria,external_attack,68.1,11
2025-06-13,Nigeria,regional_spillover,71.6,13
2025-06-14,Nigeria,internal_violence,72.5,14
2025-06-14,Nigeria,repression,64.7,10
2025-06-14,Nigeria,domestic_attack,57.4,10
2025-06-14,Nigeria,war_activity,68.4,12
2025-06-14,Nigeria,external_attack,70.7,13
2025-06-14,Nigeria,regional_spillover,70.3,11
2025-06-15,Nigeria,internal_violence,67.7,11
2025-06-15,Nigeria,repression,61.8,12
2025-06-15,Nigeria,domestic_attack,54.8,8
2025-06-15,Nigeria,war_activity,67.2,11
2025-06-15,Nigeria,external_attack,70.2,12
2025-06-15,Nigeria,regional_spillover,71.6,13
2025-06-16,Nigeria,internal_violence,68.4,11
2025-06-16,Nigeria,repression,62.0,9
2025-06-16,Nigeria,domestic_attack,57.8,9
2025-06-16,Nigeria,war_activity,66.3,11
2025-06-16,Nigeria,external_attack,67.7,11
2025-06-16,Nigeria,regional_spillover,72.1,12
2025-06-17,Nigeria,internal_violence,73.3,13
2025-06-17,Nigeria,repression,63.8,12
2025-06-17,Nigeria,domestic_attack,55.8,9
2025-06-17,Nigeria,war_activity,71.4,13
2025-06-17,Nigeria,external_attack,66.4,10
2025-06-17,Nigeria,regional_spillover,70.4,12
2025-06-18,Nigeria,internal_violence,72.6,13
2025-06-18,Nigeria,repression,64.4,12
2025-06-18,Nigeria,domestic_attack,56.4,10
2025-06-18,Nigeria,war_activity,71.3,12
2025-06-18,Nigeria,external_attack,68.7,12
2025-06-18,Nigeria,regional_spillover,70.4,13
2025-06-19,Nigeria,internal_violence,73.0,11
2025-06-19,Nigeria,repression,61.3,11
2025-06-19,Nigeria,domestic_attack,57.6,10
2025-06-19,Nigeria,war_activity,67.1,12
2025-06-19,Nigeria,external_attack,70.4,11
2025-06-19,Nigeria,regional_spillover,73.1,13
2025-06-20,Nigeria,internal_violence,72.5,12
2025-06-20,Nigeria,repression,63.0,10
2025-06-20,Nigeria,domestic_attack,57.9,8
2025-06-20,Nigeria,war_activity,66.8,11
2025-06-20,Nigeria,external_attack,68.8,13
2025-06-20,Nigeria,regional_spillover,72.6,13
2025-06-21,Nigeria,internal_violence,69.7,10
2025-06-21,Nigeria,repression,60.1,10
2025-06-21,Nigeria,domestic_attack,55.6,10
2025-06-21,Nigeria,war_activity,70.4,11
2025-06-21,Nigeria,external_attack,67.2,12
2025-06-21,Nigeria,regional_spillover,67.8,11
2025-06-22,Nigeria,internal_violence,68.5,11
2025-06-22,Nigeria,repression,58.3,11
2025-06-22,Nigeria,domestic_attack,52.1,8
2025-06-22,Nigeria,war_activity,70.5,11
2025-06-22,Nigeria,external_attack,67.1,13
2025-06-22,Nigeria,regional_spillover,67.8,12
2025-06-23,Nigeria,internal_violence,68.7,11
2025-06-23,Nigeria,repression,60.7,11
2025-06-23,Nigeria,domestic_attack,54.4,8
2025-06-23,Nigeria,war_activity,68.1,13
2025-06-23,Nigeria,external_attack,65.0,10
2025-06-23,Nigeria,regional_spillover,71.3,11
2025-06-24,Nigeria,internal_violence,67.6,12
2025-06-24,Nigeria,repression,64.4,11
2025-06-24,Nigeria,domestic_attack,53.5,10
2025-06-24,Nigeria,war_activity,66.3,10
2025-06-24,Nigeria,external_attack,67.1,12
2025-06-24,Nigeria,regional_spillover,72.2,11
2025-06-25,Nigeria,internal_violence,71.2,11
2025-06-25,Nigeria,repression,60.4,11
2025-06-25,Nigeria,domestic_attack,57.8,9
2025-06-25,Nigeria,war_activity,66.1,10
2025-06-25,Nigeria,external_attack,70.3,14
2025-06-25,Nigeria,regional_spillover,72.0,13
2025-06-26,Nigeria,internal_violence,72.8,14
2025-06-26,Nigeria,repression,62.7,11
2025-06-26,Nigeria,domestic_attack,57.7,10
2025-06-26,Nigeria,war_activity,69.3,10
2025-06-26,Nigeria,external_attack,69.1,11
2025-06-26,Nigeria,regional_spillover,72.1,11
2025-06-27,Nigeria,internal_violence,72.4,11
2025-06-27,Nigeria,repression,63.4,11
2025-06-27,Nigeria,domestic_attack,55.6,9
2025-06-27,Nigeria,war_activity,66.7,12
2025-06-27,Nigeria,external_attack,68.1,10
2025-06-27,Nigeria,regional_spillover,68.7,11
2025-06-28,Nigeria,internal_violence,69.4,12
2025-06-28,Nigeria,repression,60.8,10
2025-06-28,Nigeria,domestic_attack,57.2,9
2025-06-28,Nigeria,war_activity,65.9,10
2025-06-28,Nigeria,external_attack,68.6,13
2025-06-28,Nigeria,regional_spillover,67.2,12
2025-06-29,Nigeria,internal_violence,66.3,10
2025-06-29,Nigeria,repression,58.0,9
2025-06-29,Nigeria,domestic_attack,54.1,11
2025-06-29,Nigeria,war_activity,68.6,13
2025-06-29,Nigeria,external_attack,66.1,10
2025-06-29,Nigeria,regional_spillover,69.2,13
2025-06-30,Nigeria,internal_violence,67.5,10
2025-06-30,Nigeria,repression,57.7,11
2025-06-30,Nigeria,domestic_attack,56.6,9
2025-06-30,Nigeria,war_activity,65.6,11
2025-06-30,Nigeria,external_attack,66.2,12
2025-06-30,Nigeria,regional_spillover,69.8,13
2025-07-01,Nigeria,internal_violence,69.0,12
2025-07-01,Nigeria,repression,59.3,10
2025-07-01,Nigeria,domestic_attack,56.4,11
2025-07-01,Nigeria,war_activity,68.0,11
2025-07-01,Nigeria,external_attack,69.2,13
2025-07-01,Nigeria,regional_spillover,71.5,11
2025-07-02,Nigeria,internal_violence,70.9,12
2025-07-02,Nigeria,repression,61.8,10
2025-07-02,Nigeria,domestic_attack,56.6,8
2025-07-02,Nigeria,war_activity,68.7,11
2025-07-02,Nigeria,external_attack,70.4,11
2025-07-02,Nigeria,regional_spillover,72.7,12
2025-07-03,Nigeria,internal_violence,72.8,14
2025-07-03,Nigeria,repression,65.6,10
2025-07-03,Nigeria,domestic_attack,55.7,8
2025-07-03,Nigeria,war_activity,68.1,11
2025-07-03,Nigeria,external_attack,66.8,11
2025-07-03,Nigeria,regional_spillover,70.9,12
2025-07-04,Nigeria,internal_violence,69.6,12
2025-07-04,Nigeria,repression,63.6,10
2025-07-04,Nigeria,domestic_attack,58.7,10
2025-07-04,Nigeria,war_activity,67.1,12
2025-07-04,Nigeria,external_attack,68.5,11
2025-07-04,Nigeria,regional_spillover,71.0,12
2025-07-05,Nigeria,internal_violence,69.9,13
2025-07-05,Nigeria,repression,59.6,11
2025-07-05,Nigeria,domestic_attack,56.8,10
2025-07-05,Nigeria,war_activity,69.6,10
2025-07-05,Nigeria,external_attack,66.3,12
2025-07-05,Nigeria,regional_spillover,66.6,12
2025-07-06,Nigeria,internal_violence,69.0,13
2025-07-06,Nigeria,repression,59.8,12
2025-07-06,Nigeria,domestic_attack,54.6,9
2025-07-06,Nigeria,war_activity,66.5,10
2025-07-06,Nigeria,external_attack,68.8,12
2025-07-06,Nigeria,regional_spillover,66.4,13
2025-07-07,Nigeria,internal_violence,67.5,11
2025-07-07,Nigeria,repression,58.8,9
2025-07-07,Nigeria,domestic_attack,56.1,9
2025-07-07,Nigeria,war_activity,66.2,13
2025-07-07,Nigeria,external_attack,65.2,10
2025-07-07,Nigeria,regional_spillover,70.6,13
2025-07-08,Nigeria,internal_violence,71.0,12
2025-07-08,Nigeria,repression,59.6,11
2025-07-08,Nigeria,domestic_attack,53.9,8
2025-07-08,Nigeria,war_activity,70.1,13
2025-07-08,Nigeria,external_attack,69.2,13
2025-07-08,Nigeria,regional_spillover,68.6,12
2025-07-09,Nigeria,internal_violence,73.7,12
2025-07-09,Nigeria,repression,65.4,12
2025-07-09,Nigeria,domestic_attack,57.2,9
2025-07-09,Nigeria,war_activity,69.5,12
2025-07-09,Nigeria,external_attack,71.6,11
2025-07-09,Nigeria,regional_spillover,72.7,11
2025-07-10,Nigeria,internal_violence,74.4,14
2025-07-10,Nigeria,repression,65.5,11
2025-07-10,Nigeria,domestic_attack,58.6,11
2025-07-10,Nigeria,war_activity,68.1,12
2025-07-10,Nigeria,external_attack,69.8,11
2025-07-10,Nigeria,regional_spillover,68.9,11
2025-07-11,Nigeria,internal_violence,73.6,13
2025-07-11,Nigeria,repression,62.9,12
2025-07-11,Nigeria,domestic_attack,60.1,11
2025-07-11,Nigeria,war_activity,69.3,13
2025-07-11,Nigeria,external_attack,66.9,11
2025-07-11,Nigeria,regional_spillover,71.5,12
2025-07-12,Nigeria,internal_violence,70.0,12
2025-07-12,Nigeria,repression,62.5,10
2025-07-12,Nigeria,domestic_attack,53.7,9
2025-07-12,Nigeria,war_activity,66.0,12
2025-07-12,Nigeria,external_attack,67.2,11
2025-07-12,Nigeria,regional_spillover,69.5,13
2025-07-13,Nigeria,internal_violence,71.2,13
2025-07-13,Nigeria,repression,59.2,10
2025-07-13,Nigeria,domestic_attack,55.6,9
2025-07-13,Nigeria,war_activity,70.3,12
2025-07-13,Nigeria,external_attack,68.1,11
2025-07-13,Nigeria,regional_spillover,71.5,13
2025-07-14,Nigeria,internal_violence,68.7,13
2025-07-14,Nigeria,repression,62.1,11
2025-07-14,Nigeria,domestic_attack,58.1,9
2025-07-14,Nigeria,war_activity,66.1,13
2025-07-14,Nigeria,external_attack,65.7,10
2025-07-14,Nigeria,regional_spillover,69.7,12
2025-07-15,Nigeria,internal_violence,73.1,13
2025-07-15,Nigeria,repression,61.8,11
2025-07-15,Nigeria,domestic_attack,59.8,9
2025-07-15,Nigeria,war_activity,71.7,12
2025-07-15,Nigeria,external_attack,67.3,12
2025-07-15,Nigeria,regional_spillover,71.4,12
2025-07-16,Nigeria,internal_violence,75.0,13
2025-07-16,Nigeria,repression,65.3,10
2025-07-16,Nigeria,domestic_attack,59.0,9
2025-07-16,Nigeria,war_activity,67.9,12
2025-07-16,Nigeria,external_attack,67.1,11
2025-07-16,Nigeria,regional_spillover,71.7,13
2025-07-17,Nigeria,internal_violence,74.8,13
2025-07-17,Nigeria,repression,68.3,12
2025-07-17,Nigeria,domestic_attack,57.4,10
2025-07-17,Nigeria,war_activity,70.7,13
2025-07-17,Nigeria,external_attack,71.2,11
2025-07-17,Nigeria,regional_spillover,72.3,11
2025-07-18,Nigeria,internal_violence,75.8,14
2025-07-18,Nigeria,repression,67.9,12
2025-07-18,Nigeria,domestic_attack,60.3,10
2025-07-18,Nigeria,war_activity,70.4,12
2025-07-18,Nigeria,external_attack,67.7,11
2025-07-18,Nigeria,regional_spillover,69.8,12
2025-07-19,Nigeria,internal_violence,72.4,13
2025-07-19,Nigeria,repression,62.5,10
2025-07-19,Nigeria,domestic_attack,56.9,11
2025-07-19,Nigeria,war_activity,67.0,10
2025-07-19,Nigeria,external_attack,68.2,13
2025-07-19,Nigeria,regional_spillover,72.9,14
2025-07-20,Nigeria,internal_violence,73.1,13
2025-07-20,Nigeria,repression,64.5,13
2025-07-20,Nigeria,domestic_attack,55.4,10
2025-07-20,Nigeria,war_activity,71.5,12
2025-07-20,Nigeria,external_attack,67.6,13
2025-07-20,Nigeria,regional_spillover,71.4,12
2025-07-21,Nigeria,internal_violence,70.2,12
2025-07-21,Nigeria,repression,61.9,9
2025-07-21,Nigeria,domestic_attack,56.4,10
2025-07-21,Nigeria,war_activity,70.6,11
2025-07-21,Nigeria,external_attack,70.6,11
2025-07-21,Nigeria,regional_spillover,69.3,12
2025-07-22,Nigeria,internal_violence,77.1,13
2025-07-22,Nigeria,repression,67.9,12
2025-07-22,Nigeria,domestic_attack,59.8,10
2025-07-22,Nigeria,war_activity,72.7,11
2025-07-22,Nigeria,external_attack,67.4,11
2025-07-22,Nigeria,regional_spillover,70.0,11
2025-07-23,Nigeria,internal_violence,76.3,11
2025-07-23,Nigeria,repression,67.7,11
2025-07-23,Nigeria,domestic_attack,62.7,11
2025-07-23,Nigeria,war_activity,72.8,12
2025-07-23,Nigeria,external_attack,68.6,12
2025-07-23,Nigeria,regional_spillover,75.1,14
2025-07-24,Nigeria,internal_violence,75.0,12
2025-07-24,Nigeria,repression,69.5,11
2025-07-24,Nigeria,domestic_attack,63.8,11
2025-07-24,Nigeria,war_activity,71.7,13
2025-07-24,Nigeria,external_attack,70.1,12
2025-07-24,Nigeria,regional_spillover,76.6,15
2025-07-25,Nigeria,internal_violence,77.1,13
2025-07-25,Nigeria,repression,66.9,13
2025-07-25,Nigeria,domestic_attack,62.2,12
2025-07-25,Nigeria,war_activity,73.1,12
2025-07-25,Nigeria,external_attack,71.7,13
2025-07-25,Nigeria,regional_spillover,75.3,13
2025-07-26,Nigeria,internal_violence,78.2,13
2025-07-26,Nigeria,repression,64.1,10
2025-07-26,Nigeria,domestic_attack,62.8,10
2025-07-26,Nigeria,war_activity,70.7,12
2025-07-26,Nigeria,external_attack,68.1,13
2025-07-26,Nigeria,regional_spillover,71.8,12
2025-07-27,Nigeria,internal_violence,76.2,12
2025-07-27,Nigeria,repression,64.2,11
2025-07-27,Nigeria,domestic_attack,61.2,11
2025-07-27,Nigeria,war_activity,69.4,10
2025-07-27,Nigeria,external_attack,71.6,12
2025-07-27,Nigeria,regional_spillover,71.4,11
2025-07-28,Nigeria,internal_violence,77.1,15
2025-07-28,Nigeria,repression,65.3,12
2025-07-28,Nigeria,domestic_attack,58.4,11
2025-07-28,Nigeria,war_activity,68.1,10
2025-07-28,Nigeria,external_attack,70.8,13
2025-07-28,Nigeria,regional_spillover,73.8,13
2025-07-29,Nigeria,internal_violence,75.2,11
2025-07-29,Nigeria,repression,69.9,11
2025-07-29,Nigeria,domestic_attack,60.0,10
2025-07-29,Nigeria,war_activity,72.3,12
2025-07-29,Nigeria,external_attack,72.7,11
2025-07-29,Nigeria,regional_spillover,73.4,14
2025-07-30,Nigeria,internal_violence,80.0,15
2025-07-30,Nigeria,repression,71.0,14
2025-07-30,Nigeria,domestic_attack,63.2,12
2025-07-30,Nigeria,war_activity,71.7,14
2025-07-30,Nigeria,external_attack,73.6,14
2025-07-30,Nigeria,regional_spillover,77.5,13
2025-07-31,Nigeria,internal_violence,78.0,13
2025-07-31,Nigeria,repression,73.0,13
2025-07-31,Nigeria,domestic_attack,62.4,9
2025-07-31,Nigeria,war_activity,71.1,11
2025-07-31,Nigeria,external_attack,69.2,10
2025-07-31,Nigeria,regional_spillover,77.4,12
2025-08-01,Nigeria,internal_violence,80.9,14
2025-08-01,Nigeria,repression,68.5,10
2025-08-01,Nigeria,domestic_attack,64.3,11
2025-08-01,Nigeria,war_activity,69.2,12
2025-08-01,Nigeria,external_attack,70.7,11
2025-08-01,Nigeria,regional_spillover,77.3,13
2025-08-02,Nigeria,internal_violence,78.1,13
2025-08-02,Nigeria,repression,72.4,11
2025-08-02,Nigeria,domestic_attack,62.8,11
2025-08-02,Nigeria,war_activity,71.0,13
2025-08-02,Nigeria,external_attack,71.6,11
2025-08-02,Nigeria,regional_spillover,76.2,14
2025-08-03,Nigeria,internal_violence,77.3,15
2025-08-03,Nigeria,repression,66.7,13
2025-08-03,Nigeria,domestic_attack,60.4,10
2025-08-03,Nigeria,war_activity,72.8,13
2025-08-03,Nigeria,external_attack,68.6,12
2025-08-03,Nigeria,regional_spillover,73.6,13
2025-08-04,Nigeria,internal_violence,79.4,14
2025-08-04,Nigeria,repression,70.3,13
2025-08-04,Nigeria,domestic_attack,60.8,9
2025-08-04,Nigeria,war_activity,72.5,13
2025-08-04,Nigeria,external_attack,72.4,12
2025-08-04,Nigeria,regional_spillover,77.6,12
2025-08-05,Nigeria,internal_violence,79.5,14
2025-08-05,Nigeria,repression,73.3,14
2025-08-05,Nigeria,domestic_attack,67.5,13
2025-08-05,Nigeria,war_activity,70.9,12
2025-08-05,Nigeria,external_attack,74.6,13
2025-08-05,Nigeria,regional_spillover,74.2,12
2025-08-06,Nigeria,internal_violence,84.6,16
2025-08-06,Nigeria,repression,74.8,12
2025-08-06,Nigeria,domestic_attack,68.3,10
2025-08-06,Nigeria,war_activity,72.8,13
2025-08-06,Nigeria,external_attack,70.9,13
2025-08-06,Nigeria,regional_spillover,74.9,12
2025-08-07,Nigeria,internal_violence,86.8,15
2025-08-07,Nigeria,repression,74.2,13
2025-08-07,Nigeria,domestic_attack,66.3,11
2025-08-07,Nigeria,war_activity,73.4,12
2025-08-07,Nigeria,external_attack,70.9,12
2025-08-07,Nigeria,regional_spillover,79.0,15
2025-08-08,Nigeria,internal_violence,81.7,14
2025-08-08,Nigeria,repression,76.4,12
2025-08-08,Nigeria,domestic_attack,68.7,13
2025-08-08,Nigeria,war_activity,75.3,12
2025-08-08,Nigeria,external_attack,73.8,13
2025-08-08,Nigeria,regional_spillover,77.3,13
2025-08-09,Nigeria,internal_violence,80.5,12
2025-08-09,Nigeria,repression,70.9,11
2025-08-09,Nigeria,domestic_attack,67.6,10
2025-08-09,Nigeria,war_activity,74.1,12
2025-08-09,Nigeria,external_attack,72.3,12
2025-08-09,Nigeria,regional_spillover,76.2,12
2025-08-10,Nigeria,internal_violence,83.6,15
2025-08-10,Nigeria,repression,73.4,14
2025-08-10,Nigeria,domestic_attack,67.0,13
2025-08-10,Nigeria,war_activity,74.9,14
2025-08-10,Nigeria,external_attack,71.0,11
2025-08-10,Nigeria,regional_spillover,76.1,14
2025-08-11,Nigeria,internal_violence,81.7,15
2025-08-11,Nigeria,repression,72.2,13
2025-08-11,Nigeria,domestic_attack,64.9,11
2025-08-11,Nigeria,war_activity,75.0,11
2025-08-11,Nigeria,external_attack,75.0,14
2025-08-11,Nigeria,regional_spillover,78.6,14
2025-08-12,Nigeria,internal_violence,83.2,13
2025-08-12,Nigeria,repression,73.0,12
2025-08-12,Nigeria,domestic_attack,65.5,11
2025-08-12,Nigeria,war_activity,76.3,13
2025-08-12,Nigeria,external_attack,74.9,12
2025-08-12,Nigeria,regional_spillover,75.6,14
2025-08-13,Nigeria,internal_violence,87.5,15
2025-08-13,Nigeria,repression,74.7,14
2025-08-13,Nigeria,domestic_attack,70.7,11
2025-08-13,Nigeria,war_activity,71.5,14
2025-08-13,Nigeria,external_attack,74.9,13
2025-08-13,Nigeria,regional_spillover,81.0,15
2025-08-14,Nigeria,internal_violence,87.0,14
2025-08-14,Nigeria,repression,77.9,15
2025-08-14,Nigeria,domestic_attack,72.6,12
2025-08-14,Nigeria,war_activity,72.4,13
2025-08-14,Nigeria,external_attack,76.0,12
2025-08-14,Nigeria,regional_spillover,77.6,13
2025-08-15,Nigeria,internal_violence,89.9,15
2025-08-15,Nigeria,repression,76.8,12
2025-08-15,Nigeria,domestic_attack,67.6,12
2025-08-15,Nigeria,war_activity,75.2,14
2025-08-15,Nigeria,external_attack,73.5,11
2025-08-15,Nigeria,regional_spillover,77.2,13
2025-08-16,Nigeria,internal_violence,87.8,14
2025-08-16,Nigeria,repression,77.9,13
2025-08-16,Nigeria,domestic_attack,66.8,10
2025-08-16,Nigeria,war_activity,72.8,11
2025-08-16,Nigeria,external_attack,71.0,13
2025-08-16,Nigeria,regional_spillover,80.2,14
2025-08-17,Nigeria,internal_violence,83.4,14
2025-08-17,Nigeria,repression,76.8,13
2025-08-17,Nigeria,domestic_attack,66.8,12
2025-08-17,Nigeria,war_activity,71.3,13
2025-08-17,Nigeria,external_attack,73.3,12
2025-08-17,Nigeria,regional_spillover,79.7,13
2025-08-18,Nigeria,internal_violence,88.6,16
2025-08-18,Nigeria,repression,75.3,14
2025-08-18,Nigeria,domestic_attack,67.3,10
2025-08-18,Nigeria,war_activity,76.7,14
2025-08-18,Nigeria,external_attack,71.3,14
2025-08-18,Nigeria,regional_spillover,81.9,13
2025-08-19,Nigeria,internal_violence,90.6,15
2025-08-19,Nigeria,repression,79.1,14
2025-08-19,Nigeria,domestic_attack,72.5,12
2025-08-19,Nigeria,war_activity,73.8,14
2025-08-19,Nigeria,external_attack,72.9,11
2025-08-19,Nigeria,regional_spillover,82.4,14
2025-08-20,Nigeria,internal_violence,93.4,17
2025-08-20,Nigeria,repression,82.4,14
2025-08-20,Nigeria,domestic_attack,73.5,14
2025-08-20,Nigeria,war_activity,75.8,12
2025-08-20,Nigeria,external_attack,76.5,12
2025-08-20,Nigeria,regional_spillover,82.0,13
2025-08-21,Nigeria,internal_violence,91.9,16
2025-08-21,Nigeria,repression,79.5,13
2025-08-21,Nigeria,domestic_attack,72.0,14
2025-08-21,Nigeria,war_activity,77.0,12
2025-08-21,Nigeria,external_attack,75.8,13
2025-08-21,Nigeria,regional_spillover,83.0,13
2025-08-22,Nigeria,internal_violence,93.3,17
2025-08-22,Nigeria,repression,81.2,15
2025-08-22,Nigeria,domestic_attack,72.3,13
2025-08-22,Nigeria,war_activity,73.0,13
2025-08-22,Nigeria,external_attack,75.7,13
2025-08-22,Nigeria,regional_spillover,81.2,14
2025-08-23,Nigeria,internal_violence,88.8,14
2025-08-23,Nigeria,repression,80.7,14
2025-08-23,Nigeria,domestic_attack,73.0,12
2025-08-23,Nigeria,war_activity,74.8,13
2025-08-23,Nigeria,external_attack,75.8,13
2025-08-23,Nigeria,regional_spillover,81.2,14
2025-08-24,Nigeria,internal_violence,88.3,14
2025-08-24,Nigeria,repression,76.8,14
2025-08-24,Nigeria,domestic_attack,71.3,13
2025-08-24,Nigeria,war_activity,74.1,12
2025-08-24,Nigeria,external_attack,71.8,13
2025-08-24,Nigeria,regional_spillover,79.7,13
2025-08-25,Nigeria,internal_violence,86.9,16
2025-08-25,Nigeria,repression,80.8,12
2025-08-25,Nigeria,domestic_attack,73.6,14
2025-08-25,Nigeria,war_activity,73.2,11
2025-08-25,Nigeria,external_attack,74.2,13
2025-08-25,Nigeria,regional_spillover,81.9,13
2025-08-26,Nigeria,internal_violence,89.0,16
2025-08-26,Nigeria,repression,82.5,13
2025-08-26,Nigeria,domestic_attack,73.4,13
2025-08-26,Nigeria,war_activity,73.2,14
2025-08-26,Nigeria,external_attack,76.0,12
2025-08-26,Nigeria,regional_spillover,80.6,15
2025-08-27,Nigeria,internal_violence,95.0,15
2025-08-27,Nigeria,repression,83.3,14
2025-08-27,Nigeria,domestic_attack,77.2,14
2025-08-27,Nigeria,war_activity,73.6,12
2025-08-27,Nigeria,external_attack,73.8,13
2025-08-27,Nigeria,regional_spillover,83.5,13
2025-08-28,Nigeria,internal_violence,92.3,14
2025-08-28,Nigeria,repression,79.8,14
2025-08-28,Nigeria,domestic_attack,75.2,12
2025-08-28,Nigeria,war_activity,74.2,11
2025-08-28,Nigeria,external_attack,74.4,14
2025-08-28,Nigeria,regional_spillover,84.1,15
2025-08-29,Nigeria,internal_violence,92.2,17
2025-08-29,Nigeria,repression,82.7,14
2025-08-29,Nigeria,domestic_attack,71.8,12
2025-08-29,Nigeria,war_activity,76.3,12
2025-08-29,Nigeria,external_attack,76.3,13
2025-08-29,Nigeria,regional_spillover,80.2,13
2025-08-30,Nigeria,internal_violence,94.1,16
2025-08-30,Nigeria,repression,82.9,16
2025-08-30,Nigeria,domestic_attack,74.4,14
2025-08-30,Nigeria,war_activity,77.8,14
2025-08-30,Nigeria,external_attack,76.4,14
2025-08-30,Nigeria,regional_spillover,79.6,14
2025-08-31,Nigeria,internal_violence,91.5,16
2025-08-31,Nigeria,repression,77.8,13
2025-08-31,Nigeria,domestic_attack,74.8,13
2025-08-31,Nigeria,war_activity,73.0,14
2025-08-31,Nigeria,external_attack,74.5,12
2025-08-31,Nigeria,regional_spillover,83.2,15
2025-09-01,Nigeria,internal_violence,88.9,16
2025-09-01,Nigeria,repression,78.7,14
2025-09-01,Nigeria,domestic_attack,74.3,12
2025-09-01,Nigeria,war_activity,73.2,12
2025-09-01,Nigeria,external_attack,76.0,13
2025-09-01,Nigeria,regional_spillover,78.9,14
2025-09-02,Nigeria,internal_violence,91.1,16
2025-09-02,Nigeria,repression,82.5,15
2025-09-02,Nigeria,domestic_attack,74.2,13
2025-09-02,Nigeria,war_activity,75.2,14
2025-09-02,Nigeria,external_attack,75.9,12
2025-09-02,Nigeria,regional_spillover,80.4,14
2025-09-03,Nigeria,internal_violence,94.3,15
2025-09-03,Nigeria,repression,83.8,14
2025-09-03,Nigeria,domestic_attack,75.1,13
2025-09-03,Nigeria,war_activity,74.4,13
2025-09-03,Nigeria,external_attack,73.4,12
2025-09-03,Nigeria,regional_spillover,84.8,15
2025-09-04,Nigeria,internal_violence,90.3,17
2025-09-04,Nigeria,repression,83.6,13
2025-09-04,Nigeria,domestic_attack,76.3,13
2025-09-04,Nigeria,war_activity,75.8,14
2025-09-04,Nigeria,external_attack,74.9,13
2025-09-04,Nigeria,regional_spillover,80.7,13
2025-09-05,Nigeria,internal_violence,94.0,15
2025-09-05,Nigeria,repression,84.8,13
2025-09-05,Nigeria,domestic_attack,76.0,14
2025-09-05,Nigeria,war_activity,73.5,11
2025-09-05,Nigeria,external_attack,76.2,14
2025-09-05,Nigeria,regional_spillover,80.4,13
2025-09-06,Nigeria,internal_violence,91.3,15
2025-09-06,Nigeria,repression,78.8,14
2025-09-06,Nigeria,domestic_attack,75.5,11
2025-09-06,Nigeria,war_activity,74.0,12
2025-09-06,Nigeria,external_attack,74.5,12
2025-09-06,Nigeria,regional_spillover,79.1,14
2025-09-07,Nigeria,internal_violence,89.8,14
2025-09-07,Nigeria,repression,78.9,15
2025-09-07,Nigeria,domestic_attack,71.4,12
2025-09-07,Nigeria,war_activity,72.7,12
2025-09-07,Nigeria,external_attack,77.3,13
2025-09-07,Nigeria,regional_spillover,81.6,13
2025-09-08,Nigeria,internal_violence,88.6,16
2025-09-08,Nigeria,repression,81.8,13
2025-09-08,Nigeria,domestic_attack,71.1,12
2025-09-08,Nigeria,war_activity,77.5,12
2025-09-08,Nigeria,external_attack,72.4,12
2025-09-08,Nigeria,regional_spillover,80.6,13
2025-09-09,Nigeria,internal_violence,93.0,16
2025-09-09,Nigeria,repression,79.1,14
2025-09-09,Nigeria,domestic_attack,72.4,13
2025-09-09,Nigeria,war_activity,74.9,12
2025-09-09,Nigeria,external_attack,72.7,13
2025-09-09,Nigeria,regional_spillover,80.4,15
2025-09-10,Nigeria,internal_violence,94.6,16
2025-09-10,Nigeria,repression,81.9,15
2025-09-10,Nigeria,domestic_attack,74.6,13
2025-09-10,Nigeria,war_activity,77.7,13
2025-09-10,Nigeria,external_attack,75.5,13
2025-09-10,Nigeria,regional_spillover,81.3,14
2025-09-11,Nigeria,internal_violence,93.9,15
2025-09-11,Nigeria,repression,84.2,13
2025-09-11,Nigeria,domestic_attack,72.5,13
2025-09-11,Nigeria,war_activity,76.9,14
2025-09-11,Nigeria,external_attack,75.8,14
2025-09-11,Nigeria,regional_spillover,83.7,15
2025-09-12,Nigeria,internal_violence,90.1,17
2025-09-12,Nigeria,repression,80.8,13
2025-09-12,Nigeria,domestic_attack,71.6,13
2025-09-12,Nigeria,war_activity,73.6,13
2025-09-12,Nigeria,external_attack,74.3,13
2025-09-12,Nigeria,regional_spillover,79.7,14
2025-09-13,Nigeria,internal_violence,88.1,15
2025-09-13,Nigeria,repression,78.0,15
2025-09-13,Nigeria,domestic_attack,71.8,12
2025-09-13,Nigeria,war_activity,76.0,12
2025-09-13,Nigeria,external_attack,72.4,14
2025-09-13,Nigeria,regional_spillover,80.4,15
2025-09-14,Nigeria,internal_violence,88.8,16
2025-09-14,Nigeria,repression,79.8,13
2025-09-14,Nigeria,domestic_attack,70.0,13
2025-09-14,Nigeria,war_activity,77.1,13
2025-09-14,Nigeria,external_attack,74.1,12
2025-09-14,Nigeria,regional_spillover,81.6,13
2025-09-15,Nigeria,internal_violence,88.7,14
2025-09-15,Nigeria,repression,76.3,14
2025-09-15,Nigeria,domestic_attack,68.4,12
2025-09-15,Nigeria,war_activity,75.1,14
2025-09-15,Nigeria,external_attack,72.3,12
2025-09-15,Nigeria,regional_spillover,81.6,14
2025-09-16,Nigeria,internal_violence,91.7,16
2025-09-16,Nigeria,repression,80.8,13
2025-09-16,Nigeria,domestic_attack,71.6,14
2025-09-16,Nigeria,war_activity,77.0,12
2025-09-16,Nigeria,external_attack,73.8,13
2025-09-16,Nigeria,regional_spillover,81.4,13
2025-09-17,Nigeria,internal_violence,88.5,15
2025-09-17,Nigeria,repression,79.3,14
2025-09-17,Nigeria,domestic_attack,71.0,12
2025-09-17,Nigeria,war_activity,76.3,12
2025-09-17,Nigeria,external_attack,72.6,13
2025-09-17,Nigeria,regional_spillover,79.7,13
2025-09-18,Nigeria,internal_violence,91.8,17
2025-09-18,Nigeria,repression,79.1,13
2025-09-18,Nigeria,domestic_attack,71.0,13
2025-09-18,Nigeria,war_activity,77.4,15
2025-09-18,Nigeria,external_attack,75.5,13
2025-09-18,Nigeria,regional_spillover,83.1,14
2025-09-19,Nigeria,internal_violence,88.7,16
2025-09-19,Nigeria,repression,80.4,13
2025-09-19,Nigeria,domestic_attack,68.9,12
2025-09-19,Nigeria,war_activity,77.0,14
2025-09-19,Nigeria,external_attack,72.0,13
2025-09-19,Nigeria,regional_spillover,78.4,14
2025-09-20,Nigeria,internal_violence,87.9,16
2025-09-20,Nigeria,repression,77.7,14
2025-09-20,Nigeria,domestic_attack,71.0,12
2025-09-20,Nigeria,war_activity,72.6,13
2025-09-20,Nigeria,external_attack,73.6,13
2025-09-20,Nigeria,regional_spillover,79.9,14
2025-09-21,Nigeria,internal_violence,83.3,14
2025-09-21,Nigeria,repression,74.4,12
2025-09-21,Nigeria,domestic_attack,68.2,13
2025-09-21,Nigeria,war_activity,74.7,13
2025-09-21,Nigeria,external_attack,73.1,12
2025-09-21,Nigeria,regional_spillover,76.6,13
2025-09-22,Nigeria,internal_violence,83.7,13
2025-09-22,Nigeria,repression,73.1,12
2025-09-22,Nigeria,domestic_attack,64.9,11
2025-09-22,Nigeria,war_activity,74.5,12
2025-09-22,Nigeria,external_attack,72.0,12
2025-09-22,Nigeria,regional_spillover,77.4,14
2025-09-23,Nigeria,internal_violence,86.0,15
2025-09-23,Nigeria,repression,75.2,12
2025-09-23,Nigeria,domestic_attack,68.3,12
2025-09-23,Nigeria,war_activity,74.1,12
2025-09-23,Nigeria,external_attack,71.9,11
2025-09-23,Nigeria,regional_spillover,79.6,12
2025-09-24,Nigeria,internal_violence,87.9,15
2025-09-24,Nigeria,repression,77.8,13
2025-09-24,Nigeria,domestic_attack,67.8,11
2025-09-24,Nigeria,war_activity,74.9,11
2025-09-24,Nigeria,external_attack,74.0,11
2025-09-24,Nigeria,regional_spillover,80.9,13
2025-09-25,Nigeria,internal_violence,84.7,14
2025-09-25,Nigeria,repression,77.8,13
2025-09-25,Nigeria,domestic_attack,69.3,11
2025-09-25,Nigeria,war_activity,73.2,14
2025-09-25,Nigeria,external_attack,75.5,13
2025-09-25,Nigeria,regional_spillover,80.5,14
2025-09-26,Nigeria,internal_violence,84.6,14
2025-09-26,Nigeria,repression,75.9,14
2025-09-26,Nigeria,domestic_attack,65.2,12
2025-09-26,Nigeria,war_activity,75.9,12
2025-09-26,Nigeria,external_attack,73.9,12
2025-09-26,Nigeria,regional_spillover,76.7,12
2025-09-27,Nigeria,internal_violence,81.5,13
2025-09-27,Nigeria,repression,71.1,11
2025-09-27,Nigeria,domestic_attack,65.3,11
2025-09-27,Nigeria,war_activity,72.8,14
2025-09-27,Nigeria,external_attack,74.7,12
2025-09-27,Nigeria,regional_spillover,79.3,13
2025-09-28,Nigeria,internal_violence,81.2,13
2025-09-28,Nigeria,repression,71.6,13
2025-09-28,Nigeria,domestic_attack,63.6,12
2025-09-28,Nigeria,war_activity,74.8,14
2025-09-28,Nigeria,external_attack,69.7,11
2025-09-28,Nigeria,regional_spillover,77.7,14
2025-09-29,Nigeria,internal_violence,81.3,14
2025-09-29,Nigeria,repression,70.3,12
2025-09-29,Nigeria,domestic_attack,65.9,10
2025-09-29,Nigeria,war_activity,74.6,11
2025-09-29,Nigeria,external_attack,74.3,12
2025-09-29,Nigeria,regional_spillover,74.4,13
2025-09-30,Nigeria,internal_violence,79.2,13
2025-09-30,Nigeria,repression,73.3,11
2025-09-30,Nigeria,domestic_attack,67.7,13
2025-09-30,Nigeria,war_activity,71.0,11
2025-09-30,Nigeria,external_attack,72.5,14
2025-09-30,Nigeria,regional_spillover,76.4,14
2025-10-01,Nigeria,internal_violence,84.4,15
2025-10-01,Nigeria,repression,72.1,11
2025-10-01,Nigeria,domestic_attack,68.6,11
2025-10-01,Nigeria,war_activity,73.7,13
2025-10-01,Nigeria,external_attack,71.6,13
2025-10-01,Nigeria,regional_spillover,76.9,13
2025-10-02,Nigeria,internal_violence,81.6,14
2025-10-02,Nigeria,repression,73.9,12
2025-10-02,Nigeria,domestic_attack,66.5,11
2025-10-02,Nigeria,war_activity,71.3,12
2025-10-02,Nigeria,external_attack,73.8,12
2025-10-02,Nigeria,regional_spillover,77.4,12
2025-10-03,Nigeria,internal_violence,79.0,15
2025-10-03,Nigeria,repression,69.8,10
2025-10-03,Nigeria,domestic_attack,61.9,12
2025-10-03,Nigeria,war_activity,73.3,11
2025-10-03,Nigeria,external_attack,73.1,13
2025-10-03,Nigeria,regional_spillover,73.3,12
2025-10-04,Nigeria,internal_violence,77.9,12
2025-10-04,Nigeria,repression,69.9,12
2025-10-04,Nigeria,domestic_attack,63.3,11
2025-10-04,Nigeria,war_activity,73.9,12
2025-10-04,Nigeria,external_attack,70.4,13
2025-10-04,Nigeria,regional_spillover,75.8,13
2025-10-05,Nigeria,internal_violence,77.3,12
2025-10-05,Nigeria,repression,66.1,10
2025-10-05,Nigeria,domestic_attack,59.3,10
2025-10-05,Nigeria,war_activity,68.2,11
2025-10-05,Nigeria,external_attack,72.9,12
2025-10-05,Nigeria,regional_spillover,73.0,13
2025-10-06,Nigeria,internal_violence,76.6,14
2025-10-06,Nigeria,repression,68.2,12
2025-10-06,Nigeria,domestic_attack,61.4,10
2025-10-06,Nigeria,war_activity,72.3,13
2025-10-06,Nigeria,external_attack,72.0,13
2025-10-06,Nigeria,regional_spillover,74.2,13
2025-10-07,Nigeria,internal_violence,81.0,14
2025-10-07,Nigeria,repression,71.2,12
2025-10-07,Nigeria,domestic_attack,64.6,12
2025-10-07,Nigeria,war_activity,72.5,11
2025-10-07,Nigeria,external_attack,68.4,12
2025-10-07,Nigeria,regional_spillover,73.3,12
2025-10-08,Nigeria,internal_violence,76.7,12
2025-10-08,Nigeria,repression,72.6,12
2025-10-08,Nigeria,domestic_attack,63.0,12
2025-10-08,Nigeria,war_activity,73.2,12
2025-10-08,Nigeria,external_attack,72.1,13
2025-10-08,Nigeria,regional_spillover,74.8,11
2025-10-09,Nigeria,internal_violence,77.1,14
2025-10-09,Nigeria,repression,69.4,12
2025-10-09,Nigeria,domestic_attack,64.7,11
2025-10-09,Nigeria,war_activity,70.7,13
2025-10-09,Nigeria,external_attack,74.0,14
2025-10-09,Nigeria,regional_spillover,77.2,13
2025-10-10,Nigeria,internal_violence,80.8,12
2025-10-10,Nigeria,repression,69.2,12
2025-10-10,Nigeria,domestic_attack,61.0,10
2025-10-10,Nigeria,war_activity,69.6,10
2025-10-10,Nigeria,external_attack,72.0,11
2025-10-10,Nigeria,regional_spillover,73.2,13
2025-10-11,Nigeria,internal_violence,75.5,14
2025-10-11,Nigeria,repression,65.2,11
2025-10-11,Nigeria,domestic_attack,63.5,10
2025-10-11,Nigeria,war_activity,71.0,13
2025-10-11,Nigeria,external_attack,71.3,13
2025-10-11,Nigeria,regional_spillover,70.9,13
2025-10-12,Nigeria,internal_violence,74.0,11
2025-10-12,Nigeria,repression,64.7,11
2025-10-12,Nigeria,domestic_attack,57.2,9
2025-10-12,Nigeria,war_activity,68.0,11
2025-10-12,Nigeria,external_attack,68.5,12
2025-10-12,Nigeria,regional_spillover,72.6,13
2025-10-13,Nigeria,internal_violence,75.6,13
2025-10-13,Nigeria,repression,65.2,12
2025-10-13,Nigeria,domestic_attack,62.2,10
2025-10-13,Nigeria,war_activity,70.2,13
2025-10-13,Nigeria,external_attack,68.9,13
2025-10-13,Nigeria,regional_spillover,73.9,14
2025-10-14,Nigeria,internal_violence,75.7,14
2025-10-14,Nigeria,repression,69.1,13
2025-10-14,Nigeria,domestic_attack,63.6,12
2025-10-14,Nigeria,war_activity,68.9,13
2025-10-14,Nigeria,external_attack,70.6,13
2025-10-14,Nigeria,regional_spillover,74.9,13
2025-10-15,Nigeria,internal_violence,75.2,13
2025-10-15,Nigeria,repression,66.9,12
2025-10-15,Nigeria,domestic_attack,64.6,11
2025-10-15,Nigeria,war_activity,72.9,14
2025-10-15,Nigeria,external_attack,68.0,12
2025-10-15,Nigeria,regional_spillover,76.7,12
2025-10-16,Nigeria,internal_violence,79.9,14
2025-10-16,Nigeria,repression,70.8,13
2025-10-16,Nigeria,domestic_attack,65.1,12
2025-10-16,Nigeria,war_activity,69.0,10
2025-10-16,Nigeria,external_attack,70.8,13
2025-10-16,Nigeria,regional_spillover,72.9,12
2025-10-17,Nigeria,internal_violence,78.9,13
2025-10-17,Nigeria,repression,65.9,12
2025-10-17,Nigeria,domestic_attack,60.9,11
2025-10-17,Nigeria,war_activity,69.1,11
2025-10-17,Nigeria,external_attack,71.6,13
2025-10-17,Nigeria,regional_spillover,75.4,12
2025-10-18,Nigeria,internal_violence,72.6,13
2025-10-18,Nigeria,repression,66.9,10
2025-10-18,Nigeria,domestic_attack,57.4,10
2025-10-18,Nigeria,war_activity,68.8,11
2025-10-18,Nigeria,external_attack,69.0,10
2025-10-18,Nigeria,regional_spillover,74.2,11
2025-10-19,Nigeria,internal_violence,74.7,13
2025-10-19,Nigeria,repression,62.7,12
2025-10-19,Nigeria,domestic_attack,60.6,10
2025-10-19,Nigeria,war_activity,68.4,12
2025-10-19,Nigeria,external_attack,71.1,12
2025-10-19,Nigeria,regional_spillover,69.6,11
2025-10-20,Nigeria,internal_violence,71.7,12
2025-10-20,Nigeria,repression,67.8,12
2025-10-20,Nigeria,domestic_attack,61.5,10
2025-10-20,Nigeria,war_activity,67.4,13
2025-10-20,Nigeria,external_attack,70.3,12
2025-10-20,Nigeria,regional_spillover,72.0,14
2025-10-21,Nigeria,internal_violence,77.5,12
2025-10-21,Nigeria,repression,64.6,11
2025-10-21,Nigeria,domestic_attack,59.4,11
2025-10-21,Nigeria,war_activity,72.3,13
2025-10-21,Nigeria,external_attack,71.3,12
2025-10-21,Nigeria,regional_spillover,70.7,14
2025-10-22,Nigeria,internal_violence,76.9,12
2025-10-22,Nigeria,repression,68.1,12
2025-10-22,Nigeria,domestic_attack,63.6,10
2025-10-22,Nigeria,war_activity,73.6,13
2025-10-22,Nigeria,external_attack,69.5,12
2025-10-22,Nigeria,regional_spillover,75.9,13
2025-10-23,Nigeria,internal_violence,76.6,13
2025-10-23,Nigeria,repression,66.0,12
2025-10-23,Nigeria,domestic_attack,63.4,12
2025-10-23,Nigeria,war_activity,69.7,12
2025-10-23,Nigeria,external_attack,68.9,13
2025-10-23,Nigeria,regional_spillover,72.2,12
2025-10-24,Nigeria,internal_violence,76.5,14
2025-10-24,Nigeria,repression,66.8,11
2025-10-24,Nigeria,domestic_attack,59.9,10
2025-10-24,Nigeria,war_activity,68.8,11
2025-10-24,Nigeria,external_attack,71.1,12
2025-10-24,Nigeria,regional_spillover,73.3,12
2025-10-25,Nigeria,internal_violence,74.9,12
2025-10-25,Nigeria,repression,67.6,12
2025-10-25,Nigeria,domestic_attack,59.2,9
2025-10-25,Nigeria,war_activity,71.2,11
2025-10-25,Nigeria,external_attack,68.5,12
2025-10-25,Nigeria,regional_spillover,74.9,13
2025-10-26,Nigeria,internal_violence,75.8,12
2025-10-26,Nigeria,repression,68.1,10
2025-10-26,Nigeria,domestic_attack,58.7,9
2025-10-26,Nigeria,war_activity,71.3,11
2025-10-26,Nigeria,external_attack,67.2,13
2025-10-26,Nigeria,regional_spillover,71.7,13
2025-10-27,Nigeria,internal_violence,72.3,13
2025-10-27,Nigeria,repression,65.7,11
2025-10-27,Nigeria,domestic_attack,61.6,10
2025-10-27,Nigeria,war_activity,69.8,11
2025-10-27,Nigeria,external_attack,68.1,12
2025-10-27,Nigeria,regional_spillover,70.1,13
2025-10-28,Nigeria,internal_violence,76.5,13
2025-10-28,Nigeria,repression,65.0,12
2025-10-28,Nigeria,domestic_attack,58.8,11
2025-10-28,Nigeria,war_activity,68.3,13
2025-10-28,Nigeria,external_attack,70.8,11
2025-10-28,Nigeria,regional_spillover,70.9,12
2025-10-29,Nigeria,internal_violence,75.3,13
2025-10-29,Nigeria,repression,70.1,13
2025-10-29,Nigeria,domestic_attack,63.2,12
2025-10-29,Nigeria,war_activity,72.1,13
2025-10-29,Nigeria,external_attack,72.3,13
2025-10-29,Nigeria,regional_spillover,71.8,11
2025-10-30,Nigeria,internal_violence,78.1,14
2025-10-30,Nigeria,repression,69.8,13
2025-10-30,Nigeria,domestic_attack,61.2,10
2025-10-30,Nigeria,war_activity,69.5,11
2025-10-30,Nigeria,external_attack,68.1,11
2025-10-30,Nigeria,regional_spillover,73.6,13
2025-10-31,Nigeria,internal_violence,74.7,14
2025-10-31,Nigeria,repression,67.3,13
2025-10-31,Nigeria,domestic_attack,60.6,10
2025-10-31,Nigeria,war_activity,73.1,12
2025-10-31,Nigeria,external_attack,68.6,11
2025-10-31,Nigeria,regional_spillover,72.5,12
2025-11-01,Nigeria,internal_violence,76.1,12
2025-11-01,Nigeria,repression,69.2,12
2025-11-01,Nigeria,domestic_attack,57.8,10
2025-11-01,Nigeria,war_activity,71.6,13
2025-11-01,Nigeria,external_attack,72.2,12
2025-11-01,Nigeria,regional_spillover,72.8,12
2025-11-02,Nigeria,internal_violence,76.9,14
2025-11-02,Nigeria,repression,68.1,12
2025-11-02,Nigeria,domestic_attack,60.3,9
2025-11-02,Nigeria,war_activity,71.5,11
2025-11-02,Nigeria,external_attack,71.7,12
2025-11-02,Nigeria,regional_spillover,72.2,13
2025-11-03,Nigeria,internal_violence,76.1,15
2025-11-03,Nigeria,repression,67.4,11
2025-11-03,Nigeria,domestic_attack,60.2,11
2025-11-03,Nigeria,war_activity,69.7,12
2025-11-03,Nigeria,external_attack,71.3,11
2025-11-03,Nigeria,regional_spillover,74.1,14
2025-11-04,Nigeria,internal_violence,75.0,14
2025-11-04,Nigeria,repression,68.2,11
2025-11-04,Nigeria,domestic_attack,61.6,9
2025-11-04,Nigeria,war_activity,68.7,11
2025-11-04,Nigeria,external_attack,71.5,11
2025-11-04,Nigeria,regional_spillover,73.9,13
2025-11-05,Nigeria,internal_violence,78.8,12
2025-11-05,Nigeria,repression,68.5,11
2025-11-05,Nigeria,domestic_attack,62.4,10
2025-11-05,Nigeria,war_activity,72.8,14
2025-11-05,Nigeria,external_attack,68.8,13
2025-11-05,Nigeria,regional_spillover,72.2,11
2025-11-06,Nigeria,internal_violence,76.6,13
2025-11-06,Nigeria,repression,70.0,11
2025-11-06,Nigeria,domestic_attack,62.2,10
2025-11-06,Nigeria,war_activity,70.8,13
2025-11-06,Nigeria,external_attack,73.3,12
2025-11-06,Nigeria,regional_spillover,76.1,14
2025-11-07,Nigeria,internal_violence,78.2,13
2025-11-07,Nigeria,repression,68.3,10
2025-11-07,Nigeria,domestic_attack,63.2,10
2025-11-07,Nigeria,war_activity,69.9,12
2025-11-07,Nigeria,external_attack,73.5,11
2025-11-07,Nigeria,regional_spillover,76.2,13
2025-11-08,Nigeria,internal_violence,76.0,14
2025-11-08,Nigeria,repression,66.5,10
2025-11-08,Nigeria,domestic_attack,62.2,10
2025-11-08,Nigeria,war_activity,69.6,11
2025-11-08,Nigeria,external_attack,72.9,13
2025-11-08,Nigeria,regional_spillover,71.3,13
2025-11-09,Nigeria,internal_violence,74.4,12
2025-11-09,Nigeria,repression,68.9,12
2025-11-09,Nigeria,domestic_attack,61.7,11
2025-11-09,Nigeria,war_activity,71.1,11
2025-11-09,Nigeria,external_attack,71.9,12
2025-11-09,Nigeria,regional_spillover,70.3,13
2025-11-10,Nigeria,internal_violence,77.1,12
2025-11-10,Nigeria,repression,66.2,11
2025-11-10,Nigeria,domestic_attack,63.1,11
2025-11-10,Nigeria,war_activity,71.1,12
2025-11-10,Nigeria,external_attack,70.7,13
2025-11-10,Nigeria,regional_spillover,75.1,14
2025-11-11,Nigeria,internal_violence,78.9,14
2025-11-11,Nigeria,repression,68.7,11
2025-11-11,Nigeria,domestic_attack,59.5,9
2025-11-11,Nigeria,war_activity,71.4,13
2025-11-11,Nigeria,external_attack,71.4,12
2025-11-11,Nigeria,regional_spillover,71.5,12
2025-11-12,Nigeria,internal_violence,77.9,14
2025-11-12,Nigeria,repression,69.1,11
2025-11-12,Nigeria,domestic_attack,64.4,12
2025-11-12,Nigeria,war_activity,73.4,14
2025-11-12,Nigeria,external_attack,69.7,12
2025-11-12,Nigeria,regional_spillover,73.6,11
2025-11-13,Nigeria,internal_violence,81.8,13
2025-11-13,Nigeria,repression,69.3,13
2025-11-13,Nigeria,domestic_attack,64.9,11
2025-11-13,Nigeria,war_activity,72.3,12
2025-11-13,Nigeria,external_attack,70.0,11
2025-11-13,Nigeria,regional_spillover,74.3,12
2025-11-14,Nigeria,internal_violence,75.8,14
2025-11-14,Nigeria,repression,70.4,11
2025-11-14,Nigeria,domestic_attack,63.9,12
2025-11-14,Nigeria,war_activity,69.6,13
2025-11-14,Nigeria,external_attack,72.1,12
2025-11-14,Nigeria,regional_spillover,76.2,14
2025-11-15,Nigeria,internal_violence,75.1,11
2025-11-15,Nigeria,repression,69.4,11
2025-11-15,Nigeria,domestic_attack,62.6,12
2025-11-15,Nigeria,war_activity,70.5,12
2025-11-15,Nigeria,external_attack,68.8,12
2025-11-15,Nigeria,regional_spillover,72.6,11
2025-11-16,Nigeria,internal_violence,77.3,12
2025-11-16,Nigeria,repression,64.9,11
2025-11-16,Nigeria,domestic_attack,61.1,11
2025-11-16,Nigeria,war_activity,70.2,12
2025-11-16,Nigeria,external_attack,71.0,13
2025-11-16,Nigeria,regional_spillover,70.3,13
2025-11-17,Nigeria,internal_violence,77.4,12
2025-11-17,Nigeria,repression,64.5,11
2025-11-17,Nigeria,domestic_attack,62.5,12
2025-11-17,Nigeria,war_activity,72.8,14
2025-11-17,Nigeria,external_attack,71.2,14
2025-11-17,Nigeria,regional_spillover,74.8,13
2025-11-18,Nigeria,internal_violence,78.1,13
2025-11-18,Nigeria,repression,66.3,11
2025-11-18,Nigeria,domestic_attack,61.4,12
2025-11-18,Nigeria,war_activity,71.9,13
2025-11-18,Nigeria,external_attack,72.5,12
2025-11-18,Nigeria,regional_spillover,71.2,13
2025-11-19,Nigeria,internal_violence,80.1,13
2025-11-19,Nigeria,repression,71.5,13
2025-11-19,Nigeria,domestic_attack,63.1,11
2025-11-19,Nigeria,war_activity,70.3,13
2025-11-19,Nigeria,external_attack,71.6,14
2025-11-19,Nigeria,regional_spillover,73.2,13
2025-11-20,Nigeria,internal_violence,80.3,12
2025-11-20,Nigeria,repression,72.3,13
2025-11-20,Nigeria,domestic_attack,60.5,10
2025-11-20,Nigeria,war_activity,70.3,13
2025-11-20,Nigeria,external_attack,69.8,12
2025-11-20,Nigeria,regional_spillover,74.2,12
2025-11-21,Nigeria,internal_violence,75.2,14
2025-11-21,Nigeria,repression,68.0,13
2025-11-21,Nigeria,domestic_attack,60.7,11
2025-11-21,Nigeria,war_activity,69.5,12
2025-11-21,Nigeria,external_attack,72.2,13
2025-11-21,Nigeria,regional_spillover,74.2,13
2025-11-22,Nigeria,internal_violence,78.5,12
2025-11-22,Nigeria,repression,69.0,12
2025-11-22,Nigeria,domestic_attack,61.5,12
2025-11-22,Nigeria,war_activity,68.8,13
2025-11-22,Nigeria,external_attack,68.2,12
2025-11-22,Nigeria,regional_spillover,73.6,11
2025-11-23,Nigeria,internal_violence,75.5,13
2025-11-23,Nigeria,repression,67.5,10
2025-11-23,Nigeria,domestic_attack,61.6,10
2025-11-23,Nigeria,war_activity,71.3,12
2025-11-23,Nigeria,external_attack,68.2,12
2025-11-23,Nigeria,regional_spillover,70.4,13
2025-11-24,Nigeria,internal_violence,72.3,13
2025-11-24,Nigeria,repression,67.7,10
2025-11-24,Nigeria,domestic_attack,60.0,10
2025-11-24,Nigeria,war_activity,72.4,11
2025-11-24,Nigeria,external_attack,69.8,10
2025-11-24,Nigeria,regional_spillover,73.2,11
2025-11-25,Nigeria,internal_violence,77.9,12
2025-11-25,Nigeria,repression,66.4,11
2025-11-25,Nigeria,domestic_attack,59.4,11
2025-11-25,Nigeria,war_activity,69.9,11
2025-11-25,Nigeria,external_attack,69.6,10
2025-11-25,Nigeria,regional_spillover,74.8,12
2025-11-26,Nigeria,internal_violence,75.3,14
2025-11-26,Nigeria,repression,67.5,10
2025-11-26,Nigeria,domestic_attack,63.5,10
2025-11-26,Nigeria,war_activity,72.6,12
2025-11-26,Nigeria,external_attack,68.7,12
2025-11-26,Nigeria,regional_spillover,75.2,14
2025-11-27,Nigeria,internal_violence,76.4,14
2025-11-27,Nigeria,repression,66.8,12
2025-11-27,Nigeria,domestic_attack,59.9,11
2025-11-27,Nigeria,war_activity,71.6,13
2025-11-27,Nigeria,external_attack,70.9,11
2025-11-27,Nigeria,regional_spillover,73.2,13
2025-11-28,Nigeria,internal_violence,75.0,13
2025-11-28,Nigeria,repression,69.7,13
2025-11-28,Nigeria,domestic_attack,63.0,12
2025-11-28,Nigeria,war_activity,68.4,11
2025-11-28,Nigeria,external_attack,71.6,13
2025-11-28,Nigeria,regional_spillover,71.1,12
2025-11-29,Nigeria,internal_violence,75.3,14
2025-11-29,Nigeria,repression,66.0,11
2025-11-29,Nigeria,domestic_attack,58.2,9
2025-11-29,Nigeria,war_activity,69.5,12
2025-11-29,Nigeria,external_attack,68.5,13
2025-11-29,Nigeria,regional_spillover,74.9,14
2025-11-30,Nigeria,internal_violence,74.3,14
2025-11-30,Nigeria,repression,65.6,12
2025-11-30,Nigeria,domestic_attack,56.5,9
2025-11-30,Nigeria,war_activity,67.3,13
2025-11-30,Nigeria,external_attack,67.4,10
2025-11-30,Nigeria,regional_spillover,72.3,11
2025-12-01,Nigeria,internal_violence,75.9,12
2025-12-01,Nigeria,repression,64.3,10
2025-12-01,Nigeria,domestic_attack,56.9,9
2025-12-01,Nigeria,war_activity,71.3,11
2025-12-01,Nigeria,external_attack,67.5,12
2025-12-01,Nigeria,regional_spillover,74.0,13
2025-12-02,Nigeria,internal_violence,76.0,12
2025-12-02,Nigeria,repression,66.6,13
2025-12-02,Nigeria,domestic_attack,61.6,12
2025-12-02,Nigeria,war_activity,71.9,13
2025-12-02,Nigeria,external_attack,67.9,11
2025-12-02,Nigeria,regional_spillover,71.4,12
2025-12-03,Nigeria,internal_violence,77.8,13
2025-12-03,Nigeria,repression,67.5,11
2025-12-03,Nigeria,domestic_attack,63.5,11
2025-12-03,Nigeria,war_activity,71.4,12
2025-12-03,Nigeria,external_attack,71.5,12
2025-12-03,Nigeria,regional_spillover,71.1,12
2025-12-04,Nigeria,internal_violence,76.8,13
2025-12-04,Nigeria,repression,69.2,11
2025-12-04,Nigeria,domestic_attack,63.0,10
2025-12-04,Nigeria,war_activity,72.2,11
2025-12-04,Nigeria,external_attack,73.1,13
2025-12-04,Nigeria,regional_spillover,76.1,13
2025-12-05,Nigeria,internal_violence,75.1,13
2025-12-05,Nigeria,repression,64.6,12
2025-12-05,Nigeria,domestic_attack,58.2,10
2025-12-05,Nigeria,war_activity,72.5,12
2025-12-05,Nigeria,external_attack,67.6,10
2025-12-05,Nigeria,regional_spillover,71.9,11
2025-12-06,Nigeria,internal_violence,73.3,11
2025-12-06,Nigeria,repression,64.2,10
2025-12-06,Nigeria,domestic_attack,56.1,9
2025-12-06,Nigeria,war_activity,70.4,11
2025-12-06,Nigeria,external_attack,67.9,11
2025-12-06,Nigeria,regional_spillover,70.9,11
2025-12-07,Nigeria,internal_violence,71.4,13
2025-12-07,Nigeria,repression,64.4,12
2025-12-07,Nigeria,domestic_attack,58.3,11
2025-12-07,Nigeria,war_activity,69.1,12
2025-12-07,Nigeria,external_attack,68.1,12
2025-12-07,Nigeria,regional_spillover,70.5,11
2025-12-08,Nigeria,internal_violence,72.6,12
2025-12-08,Nigeria,repression,63.7,11
2025-12-08,Nigeria,domestic_attack,59.4,10
2025-12-08,Nigeria,war_activity,71.8,13
2025-12-08,Nigeria,external_attack,68.2,10
2025-12-08,Nigeria,regional_spillover,69.2,12
2025-12-09,Nigeria,internal_violence,72.6,11
2025-12-09,Nigeria,repression,63.8,10
2025-12-09,Nigeria,domestic_attack,56.9,9
2025-12-09,Nigeria,war_activity,70.9,11
2025-12-09,Nigeria,external_attack,69.5,10
2025-12-09,Nigeria,regional_spillover,74.6,12
2025-12-10,Nigeria,internal_violence,74.5,13
2025-12-10,Nigeria,repression,66.7,11
2025-12-10,Nigeria,domestic_attack,57.7,9
2025-12-10,Nigeria,war_activity,67.9,10
2025-12-10,Nigeria,external_attack,68.8,12
2025-12-10,Nigeria,regional_spillover,73.1,13
2025-12-11,Nigeria,internal_violence,76.4,14
2025-12-11,Nigeria,repression,68.3,11
2025-12-11,Nigeria,domestic_attack,62.2,11
2025-12-11,Nigeria,war_activity,69.3,11
2025-12-11,Nigeria,external_attack,72.6,14
2025-12-11,Nigeria,regional_spillover,73.0,12
2025-12-12,Nigeria,internal_violence,72.1,12
2025-12-12,Nigeria,repression,67.5,10
2025-12-12,Nigeria,domestic_attack,57.7,8
2025-12-12,Nigeria,war_activity,72.5,14
2025-12-12,Nigeria,external_attack,71.3,12
2025-12-12,Nigeria,regional_spillover,73.6,11
2025-12-13,Nigeria,internal_violence,70.1,12
2025-12-13,Nigeria,repression,64.5,12
2025-12-13,Nigeria,domestic_attack,59.7,10
2025-12-13,Nigeria,war_activity,66.9,11
2025-12-13,Nigeria,external_attack,68.1,10
2025-12-13,Nigeria,regional_spillover,69.2,11
2025-12-14,Nigeria,internal_violence,71.9,13
2025-12-14,Nigeria,repression,65.6,12
2025-12-14,Nigeria,domestic_attack,58.6,10
2025-12-14,Nigeria,war_activity,66.7,10
2025-12-14,Nigeria,external_attack,69.3,11
2025-12-14,Nigeria,regional_spillover,70.6,11
2025-12-15,Nigeria,internal_violence,72.6,11
2025-12-15,Nigeria,repression,64.7,10
2025-12-15,Nigeria,domestic_attack,58.5,11
2025-12-15,Nigeria,war_activity,66.7,10
2025-12-15,Nigeria,external_attack,69.5,13
2025-12-15,Nigeria,regional_spillover,69.8,12
2025-12-16,Nigeria,internal_violence,72.2,13
2025-12-16,Nigeria,repression,62.7,12
2025-12-16,Nigeria,domestic_attack,57.4,10
2025-12-16,Nigeria,war_activity,69.4,13
2025-12-16,Nigeria,external_attack,70.0,13
2025-12-16,Nigeria,regional_spillover,72.3,11
2025-12-17,Nigeria,internal_violence,75.7,13
2025-12-17,Nigeria,repression,66.1,10
2025-12-17,Nigeria,domestic_attack,62.6,11
2025-12-17,Nigeria,war_activity,71.1,11
2025-12-17,Nigeria,external_attack,71.1,13
2025-12-17,Nigeria,regional_spillover,70.8,11
2025-12-18,Nigeria,internal_violence,75.6,12
2025-12-18,Nigeria,repression,64.9,11
2025-12-18,Nigeria,domestic_attack,58.6,9
2025-12-18,Nigeria,war_activity,68.4,12
2025-12-18,Nigeria,external_attack,70.1,13
2025-12-18,Nigeria,regional_spillover,73.8,12
2025-12-19,Nigeria,internal_violence,74.0,11
2025-12-19,Nigeria,repression,66.6,12
2025-12-19,Nigeria,domestic_attack,57.4,11
2025-12-19,Nigeria,war_activity,71.6,12
2025-12-19,Nigeria,external_attack,69.0,12
2025-12-19,Nigeria,regional_spillover,72.8,13
2025-12-20,Nigeria,internal_violence,75.2,14
2025-12-20,Nigeria,repression,66.4,11
2025-12-20,Nigeria,domestic_attack,57.1,10
2025-12-20,Nigeria,war_activity,70.0,13
2025-12-20,Nigeria,external_attack,72.0,13
2025-12-20,Nigeria,regional_spillover,72.4,12
2025-12-21,Nigeria,internal_violence,69.3,11
2025-12-21,Nigeria,repression,61.3,10
2025-12-21,Nigeria,domestic_attack,58.5,9
2025-12-21,Nigeria,war_activity,71.5,13
2025-12-21,Nigeria,external_attack,69.9,13
2025-12-21,Nigeria,regional_spillover,70.9,13
2025-12-22,Nigeria,internal_violence,71.0,13
2025-12-22,Nigeria,repression,62.3,10
2025-12-22,Nigeria,domestic_attack,59.2,10
2025-12-22,Nigeria,war_activity,72.1,12
2025-12-22,Nigeria,external_attack,67.3,11
2025-12-22,Nigeria,regional_spillover,73.1,11
2025-12-23,Nigeria,internal_violence,76.5,14
2025-12-23,Nigeria,repression,68.3,12
2025-12-23,Nigeria,domestic_attack,60.2,10
2025-12-23,Nigeria,war_activity,71.6,11
2025-12-23,Nigeria,external_attack,70.6,13
2025-12-23,Nigeria,regional_spillover,73.4,12
2025-12-24,Nigeria,internal_violence,77.1,14
2025-12-24,Nigeria,repression,67.2,10
2025-12-24,Nigeria,domestic_attack,59.5,10
2025-12-24,Nigeria,war_activity,71.7,11
2025-12-24,Nigeria,external_attack,72.1,11
2025-12-24,Nigeria,regional_spillover,71.5,11
2025-12-25,Nigeria,internal_violence,77.5,14
2025-12-25,Nigeria,repression,66.6,10
2025-12-25,Nigeria,domestic_attack,63.8,10
2025-12-25,Nigeria,war_activity,68.5,12
2025-12-25,Nigeria,external_attack,70.9,13
2025-12-25,Nigeria,regional_spillover,72.9,11
2025-12-26,Nigeria,internal_violence,77.1,12
2025-12-26,Nigeria,repression,68.0,11
2025-12-26,Nigeria,domestic_attack,61.9,12
2025-12-26,Nigeria,war_activity,72.9,14
2025-12-26,Nigeria,external_attack,71.4,13
2025-12-26,Nigeria,regional_spillover,75.8,14
2025-12-27,Nigeria,internal_violence,75.8,12
2025-12-27,Nigeria,repression,66.0,12
2025-12-27,Nigeria,domestic_attack,58.6,11
2025-12-27,Nigeria,war_activity,69.2,12
2025-12-27,Nigeria,external_attack,67.8,12
2025-12-27,Nigeria,regional_spillover,73.8,12
2025-12-28,Nigeria,internal_violence,71.4,12
2025-12-28,Nigeria,repression,64.4,10
2025-12-28,Nigeria,domestic_attack,59.8,11
2025-12-28,Nigeria,war_activity,70.2,13
2025-12-28,Nigeria,external_attack,69.6,12
2025-12-28,Nigeria,regional_spillover,73.0,13
2025-12-29,Nigeria,internal_violence,76.4,14
2025-12-29,Nigeria,repression,68.0,10
2025-12-29,Nigeria,domestic_attack,62.0,11
2025-12-29,Nigeria,war_activity,67.5,12
2025-12-29,Nigeria,external_attack,70.0,12
2025-12-29,Nigeria,regional_spillover,71.0,14
2025-12-30,Nigeria,internal_violence,79.4,15
2025-12-30,Nigeria,repression,65.6,11
2025-12-30,Nigeria,domestic_attack,62.1,10
2025-12-30,Nigeria,war_activity,71.8,12
2025-12-30,Nigeria,external_attack,71.5,13
2025-12-30,Nigeria,regional_spillover,73.1,13
2025-12-31,Nigeria,internal_violence,76.3,13
2025-12-31,Nigeria,repression,67.0,11
2025-12-31,Nigeria,domestic_attack,64.7,11
2025-12-31,Nigeria,war_activity,69.3,13
2025-12-31,Nigeria,external_attack,70.3,13
2025-12-31,Nigeria,regional_spillover,75.2,12
2026-01-01,Nigeria,internal_violence,79.3,13
2026-01-01,Nigeria,repression,71.1,11
2026-01-01,Nigeria,domestic_attack,66.1,10
2026-01-01,Nigeria,war_activity,72.5,11
2026-01-01,Nigeria,external_attack,74.0,14
2026-01-01,Nigeria,regional_spillover,76.1,12
2026-01-02,Nigeria,internal_violence,77.3,14
2026-01-02,Nigeria,repression,67.6,12
2026-01-02,Nigeria,domestic_attack,60.8,10
2026-01-02,Nigeria,war_activity,70.6,13
2026-01-02,Nigeria,external_attack,70.7,12
2026-01-02,Nigeria,regional_spillover,74.1,14
2026-01-03,Nigeria,internal_violence,76.0,12
2026-01-03,Nigeria,repression,68.3,13
2026-01-03,Nigeria,domestic_attack,64.4,10
2026-01-03,Nigeria,war_activity,69.8,13
2026-01-03,Nigeria,external_attack,70.5,13
2026-01-03,Nigeria,regional_spillover,72.0,13
2026-01-04,Nigeria,internal_violence,80.5,15
2026-01-04,Nigeria,repression,70.4,12
2026-01-04,Nigeria,domestic_attack,64.4,12
2026-01-04,Nigeria,war_activity,71.7,11
2026-01-04,Nigeria,external_attack,69.1,11
2026-01-04,Nigeria,regional_spillover,74.9,12
2026-01-05,Nigeria,internal_violence,80.4,12
2026-01-05,Nigeria,repression,70.1,11
2026-01-05,Nigeria,domestic_attack,61.4,11
2026-01-05,Nigeria,war_activity,69.2,10
2026-01-05,Nigeria,external_attack,68.7,13
2026-01-05,Nigeria,regional_spillover,76.0,13
2026-01-06,Nigeria,internal_violence,79.6,14
2026-01-06,Nigeria,repression,72.9,13
2026-01-06,Nigeria,domestic_attack,66.5,11
2026-01-06,Nigeria,war_activity,73.4,12
2026-01-06,Nigeria,external_attack,70.8,13
2026-01-06,Nigeria,regional_spillover,74.1,11
2026-01-07,Nigeria,internal_violence,83.5,14
2026-01-07,Nigeria,repression,71.6,12
2026-01-07,Nigeria,domestic_attack,64.8,12
2026-01-07,Nigeria,war_activity,71.2,12
2026-01-07,Nigeria,external_attack,70.6,11
2026-01-07,Nigeria,regional_spillover,75.7,13
2026-01-08,Nigeria,internal_violence,86.2,13
2026-01-08,Nigeria,repression,74.3,13
2026-01-08,Nigeria,domestic_attack,67.6,12
2026-01-08,Nigeria,war_activity,70.9,13
2026-01-08,Nigeria,external_attack,75.4,13
2026-01-08,Nigeria,regional_spillover,78.5,12
2026-01-09,Nigeria,internal_violence,82.1,14
2026-01-09,Nigeria,repression,71.8,12
2026-01-09,Nigeria,domestic_attack,67.9,11
2026-01-09,Nigeria,war_activity,74.6,12
2026-01-09,Nigeria,external_attack,74.7,11
2026-01-09,Nigeria,regional_spillover,77.4,13
2026-01-10,Nigeria,internal_violence,85.9,16
2026-01-10,Nigeria,repression,73.0,13
2026-01-10,Nigeria,domestic_attack,65.6,13
2026-01-10,Nigeria,war_activity,72.8,11
2026-01-10,Nigeria,external_attack,70.7,11
2026-01-10,Nigeria,regional_spillover,78.2,14
2026-01-11,Nigeria,internal_violence,83.8,16
2026-01-11,Nigeria,repression,75.4,12
2026-01-11,Nigeria,domestic_attack,66.2,12
2026-01-11,Nigeria,war_activity,72.9,13
2026-01-11,Nigeria,external_attack,70.7,11
2026-01-11,Nigeria,regional_spillover,76.1,14
2026-01-12,Nigeria,internal_violence,83.1,15
2026-01-12,Nigeria,repression,77.0,12
2026-01-12,Nigeria,domestic_attack,64.7,11
2026-01-12,Nigeria,war_activity,75.8,13
2026-01-12,Nigeria,external_attack,70.1,13
2026-01-12,Nigeria,regional_spillover,76.6,15
2026-01-13,Nigeria,internal_violence,87.4,14
2026-01-13,Nigeria,repression,76.4,13
2026-01-13,Nigeria,domestic_attack,71.4,13
2026-01-13,Nigeria,war_activity,76.4,14
2026-01-13,Nigeria,external_attack,75.5,14
2026-01-13,Nigeria,regional_spillover,80.5,15
2026-01-14,Nigeria,internal_violence,90.5,16
2026-01-14,Nigeria,repression,76.8,14
2026-01-14,Nigeria,domestic_attack,70.7,12
2026-01-14,Nigeria,war_activity,76.6,14
2026-01-14,Nigeria,external_attack,73.7,14
2026-01-14,Nigeria,regional_spillover,80.6,15
2026-01-15,Nigeria,internal_violence,90.0,17
2026-01-15,Nigeria,repression,77.7,15
2026-01-15,Nigeria,domestic_attack,74.4,11
2026-01-15,Nigeria,war_activity,72.8,12
2026-01-15,Nigeria,external_attack,71.9,14
2026-01-15,Nigeria,regional_spillover,79.7,13
2026-01-16,Nigeria,internal_violence,89.4,16
2026-01-16,Nigeria,repression,79.2,12
2026-01-16,Nigeria,domestic_attack,74.5,14
2026-01-16,Nigeria,war_activity,73.7,12
2026-01-16,Nigeria,external_attack,72.7,13
2026-01-16,Nigeria,regional_spillover,79.7,14
2026-01-17,Nigeria,internal_violence,86.1,14
2026-01-17,Nigeria,repression,76.4,12
2026-01-17,Nigeria,domestic_attack,70.5,11
2026-01-17,Nigeria,war_activity,77.6,12
2026-01-17,Nigeria,external_attack,73.8,13
2026-01-17,Nigeria,regional_spillover,80.4,15
2026-01-18,Nigeria,internal_violence,89.6,15
2026-01-18,Nigeria,repression,80.9,15
2026-01-18,Nigeria,domestic_attack,69.7,11
2026-01-18,Nigeria,war_activity,76.4,14
2026-01-18,Nigeria,external_attack,72.3,14
2026-01-18,Nigeria,regional_spillover,82.6,15
2026-01-19,Nigeria,internal_violence,92.4,17
2026-01-19,Nigeria,repression,80.7,13
2026-01-19,Nigeria,domestic_attack,71.1,11
2026-01-19,Nigeria,war_activity,73.0,11
2026-01-19,Nigeria,external_attack,75.4,14
2026-01-19,Nigeria,regional_spillover,82.3,15
2026-01-20,Nigeria,internal_violence,92.0,17
2026-01-20,Nigeria,repression,83.3,16
2026-01-20,Nigeria,domestic_attack,72.4,13
2026-01-20,Nigeria,war_activity,74.5,11
2026-01-20,Nigeria,external_attack,76.3,14
2026-01-20,Nigeria,regional_spillover,82.8,15
2026-01-21,Nigeria,internal_violence,92.7,16
2026-01-21,Nigeria,repression,83.6,15
2026-01-21,Nigeria,domestic_attack,71.9,13
2026-01-21,Nigeria,war_activity,77.0,13
2026-01-21,Nigeria,external_attack,76.4,14
2026-01-21,Nigeria,regional_spillover,81.1,13
2026-01-22,Nigeria,internal_violence,91.9,15
2026-01-22,Nigeria,repression,84.3,15
2026-01-22,Nigeria,domestic_attack,71.7,12
2026-01-22,Nigeria,war_activity,78.1,14
2026-01-22,Nigeria,external_attack,76.3,15
2026-01-22,Nigeria,regional_spillover,84.4,16
2026-01-23,Nigeria,internal_violence,91.0,14
2026-01-23,Nigeria,repression,84.2,15
2026-01-23,Nigeria,domestic_attack,73.8,13
2026-01-23,Nigeria,war_activity,74.3,12
2026-01-23,Nigeria,external_attack,77.4,13
2026-01-23,Nigeria,regional_spillover,84.6,15
2026-01-24,Nigeria,internal_violence,91.4,16
2026-01-24,Nigeria,repression,79.6,13
2026-01-24,Nigeria,domestic_attack,75.1,14
2026-01-24,Nigeria,war_activity,78.9,15
2026-01-24,Nigeria,external_attack,73.3,13
2026-01-24,Nigeria,regional_spillover,84.7,16
2026-01-25,Nigeria,internal_violence,91.8,15
2026-01-25,Nigeria,repression,81.4,14
2026-01-25,Nigeria,domestic_attack,73.9,12
2026-01-25,Nigeria,war_activity,76.0,14
2026-01-25,Nigeria,external_attack,74.2,13
2026-01-25,Nigeria,regional_spillover,84.6,14
2026-01-26,Nigeria,internal_violence,93.7,16
2026-01-26,Nigeria,repression,82.3,14
2026-01-26,Nigeria,domestic_attack,75.0,14
2026-01-26,Nigeria,war_activity,75.1,13
2026-01-26,Nigeria,external_attack,73.1,13
2026-01-26,Nigeria,regional_spillover,84.2,13
2026-01-27,Nigeria,internal_violence,92.3,17
2026-01-27,Nigeria,repression,81.9,15
2026-01-27,Nigeria,domestic_attack,75.7,14
2026-01-27,Nigeria,war_activity,75.2,13
2026-01-27,Nigeria,external_attack,73.8,13
2026-01-27,Nigeria,regional_spillover,84.1,15
2026-01-28,Nigeria,internal_violence,94.9,16
2026-01-28,Nigeria,repression,84.1,14
2026-01-28,Nigeria,domestic_attack,75.8,13
2026-01-28,Nigeria,war_activity,78.1,12
2026-01-28,Nigeria,external_attack,73.7,14
2026-01-28,Nigeria,regional_spillover,85.3,14
2026-01-29,Nigeria,internal_violence,95.3,17
2026-01-29,Nigeria,repression,80.5,13
2026-01-29,Nigeria,domestic_attack,72.8,13
2026-01-29,Nigeria,war_activity,78.4,14
2026-01-29,Nigeria,external_attack,77.5,13
2026-01-29,Nigeria,regional_spillover,84.0,16
2026-01-30,Nigeria,internal_violence,92.5,14
2026-01-30,Nigeria,repression,83.0,14
2026-01-30,Nigeria,domestic_attack,72.5,11
2026-01-30,Nigeria,war_activity,77.5,12
2026-01-30,Nigeria,external_attack,74.8,14
2026-01-30,Nigeria,regional_spillover,84.6,14
2026-01-31,Nigeria,internal_violence,92.8,14
2026-01-31,Nigeria,repression,84.0,16
2026-01-31,Nigeria,domestic_attack,72.5,13
2026-01-31,Nigeria,war_activity,76.5,14
2026-01-31,Nigeria,external_attack,77.0,13
2026-01-31,Nigeria,regional_spillover,81.6,13
2026-02-01,Nigeria,internal_violence,94.5,16
2026-02-01,Nigeria,repression,84.9,15
2026-02-01,Nigeria,domestic_attack,74.0,13
2026-02-01,Nigeria,war_activity,76.5,12
2026-02-01,Nigeria,external_attack,77.4,12
2026-02-01,Nigeria,regional_spillover,83.1,15
2026-02-02,Nigeria,internal_violence,91.0,16
2026-02-02,Nigeria,repression,81.9,15
2026-02-02,Nigeria,domestic_attack,76.0,13
2026-02-02,Nigeria,war_activity,76.5,13
2026-02-02,Nigeria,external_attack,76.4,12
2026-02-02,Nigeria,regional_spillover,84.7,15
2026-02-03,Nigeria,internal_violence,90.5,15
2026-02-03,Nigeria,repression,81.4,13
2026-02-03,Nigeria,domestic_attack,75.6,13
2026-02-03,Nigeria,war_activity,77.6,14
2026-02-03,Nigeria,external_attack,75.5,11
2026-02-03,Nigeria,regional_spillover,79.9,13
2026-02-04,Nigeria,internal_violence,92.6,17
2026-02-04,Nigeria,repression,80.5,14
2026-02-04,Nigeria,domestic_attack,73.2,12
2026-02-04,Nigeria,war_activity,78.0,15
2026-02-04,Nigeria,external_attack,73.3,12
2026-02-04,Nigeria,regional_spillover,81.2,15
2026-02-05,Nigeria,internal_violence,90.3,14
2026-02-05,Nigeria,repression,81.3,15
2026-02-05,Nigeria,domestic_attack,72.8,14
2026-02-05,Nigeria,war_activity,76.4,13
2026-02-05,Nigeria,external_attack,75.3,13
2026-02-05,Nigeria,regional_spillover,83.9,13
2026-02-06,Nigeria,internal_violence,95.2,18
2026-02-06,Nigeria,repression,83.3,15
2026-02-06,Nigeria,domestic_attack,73.4,13
2026-02-06,Nigeria,war_activity,76.3,14
2026-02-06,Nigeria,external_attack,74.5,12
2026-02-06,Nigeria,regional_spillover,81.0,13
2026-02-07,Nigeria,internal_violence,94.6,18
2026-02-07,Nigeria,repression,79.7,13
2026-02-07,Nigeria,domestic_attack,76.7,13
2026-02-07,Nigeria,war_activity,74.1,13
2026-02-07,Nigeria,external_attack,75.7,12
2026-02-07,Nigeria,regional_spillover,82.9,14
2026-02-08,Nigeria,internal_violence,95.2,16
2026-02-08,Nigeria,repression,79.5,14
2026-02-08,Nigeria,domestic_attack,75.2,12
2026-02-08,Nigeria,war_activity,75.7,12
2026-02-08,Nigeria,external_attack,74.9,14
2026-02-08,Nigeria,regional_spillover,82.0,14
2026-02-09,Nigeria,internal_violence,91.1,16
2026-02-09,Nigeria,repression,83.0,14
2026-02-09,Nigeria,domestic_attack,74.9,12
2026-02-09,Nigeria,war_activity,74.6,12
2026-02-09,Nigeria,external_attack,76.9,12
2026-02-09,Nigeria,regional_spillover,81.1,14
2026-02-10,Nigeria,internal_violence,94.0,15
2026-02-10,Nigeria,repression,79.6,12
2026-02-10,Nigeria,domestic_attack,72.3,13
2026-02-10,Nigeria,war_activity,74.1,11
2026-02-10,Nigeria,external_attack,74.7,12
2026-02-10,Nigeria,regional_spillover,83.6,15
2026-02-11,Nigeria,internal_violence,91.0,16
2026-02-11,Nigeria,repression,83.3,13
2026-02-11,Nigeria,domestic_attack,73.5,12
2026-02-11,Nigeria,war_activity,73.5,13
2026-02-11,Nigeria,external_attack,78.1,15
2026-02-11,Nigeria,regional_spillover,82.2,14
2026-02-12,Nigeria,internal_violence,92.4,17
2026-02-12,Nigeria,repression,80.3,13
2026-02-12,Nigeria,domestic_attack,71.9,13
2026-02-12,Nigeria,war_activity,75.5,13
2026-02-12,Nigeria,external_attack,75.3,12
2026-02-12,Nigeria,regional_spillover,83.2,13
2026-02-13,Nigeria,internal_violence,95.9,18
2026-02-13,Nigeria,repression,84.6,15
2026-02-13,Nigeria,domestic_attack,77.2,14
2026-02-13,Nigeria,war_activity,76.4,14
2026-02-13,Nigeria,external_attack,75.2,14
2026-02-13,Nigeria,regional_spillover,85.2,14
2026-02-14,Nigeria,internal_violence,93.0,17
2026-02-14,Nigeria,repression,82.1,15
2026-02-14,Nigeria,domestic_attack,75.0,14
2026-02-14,Nigeria,war_activity,74.0,13
2026-02-14,Nigeria,external_attack,78.3,14
2026-02-14,Nigeria,regional_spillover,80.6,14
2026-02-15,Nigeria,internal_violence,94.0,16
2026-02-15,Nigeria,repression,83.8,15
2026-02-15,Nigeria,domestic_attack,75.8,14
2026-02-15,Nigeria,war_activity,75.4,12
2026-02-15,Nigeria,external_attack,74.0,12
2026-02-15,Nigeria,regional_spillover,84.0,13
2026-02-16,Nigeria,internal_violence,94.5,18
2026-02-16,Nigeria,repression,82.3,15
2026-02-16,Nigeria,domestic_attack,74.0,12
2026-02-16,Nigeria,war_activity,74.6,13
2026-02-16,Nigeria,external_attack,75.5,12
2026-02-16,Nigeria,regional_spillover,84.5,15
2026-02-17,Nigeria,internal_violence,92.9,16
2026-02-17,Nigeria,repression,83.6,13
2026-02-17,Nigeria,domestic_attack,77.0,14
2026-02-17,Nigeria,war_activity,77.1,12
2026-02-17,Nigeria,external_attack,77.3,14
2026-02-17,Nigeria,regional_spillover,80.6,14
2026-02-18,Nigeria,internal_violence,92.3,16
2026-02-18,Nigeria,repression,79.6,14
2026-02-18,Nigeria,domestic_attack,73.6,13
2026-02-18,Nigeria,war_activity,77.6,14
2026-02-18,Nigeria,external_attack,74.8,14
2026-02-18,Nigeria,regional_spillover,83.3,15
2026-02-19,Nigeria,internal_violence,95.8,17
2026-02-19,Nigeria,repression,80.2,13
2026-02-19,Nigeria,domestic_attack,75.0,14
2026-02-19,Nigeria,war_activity,78.3,12
2026-02-19,Nigeria,external_attack,76.6,13
2026-02-19,Nigeria,regional_spillover,82.7,15
2026-02-20,Nigeria,internal_violence,93.7,17
2026-02-20,Nigeria,repression,80.1,12
2026-02-20,Nigeria,domestic_attack,75.2,14
2026-02-20,Nigeria,war_activity,78.2,15
2026-02-20,Nigeria,external_attack,73.9,13
2026-02-20,Nigeria,regional_spillover,82.9,15
2026-02-21,Nigeria,internal_violence,90.0,17
2026-02-21,Nigeria,repression,82.7,14
2026-02-21,Nigeria,domestic_attack,72.9,13
2026-02-21,Nigeria,war_activity,73.9,12
2026-02-21,Nigeria,external_attack,74.0,13
2026-02-21,Nigeria,regional_spillover,82.1,14
2026-02-22,Nigeria,internal_violence,89.6,17
2026-02-22,Nigeria,repression,79.1,12
2026-02-22,Nigeria,domestic_attack,72.5,11
2026-02-22,Nigeria,war_activity,77.0,14
2026-02-22,Nigeria,external_attack,76.2,12
2026-02-22,Nigeria,regional_spillover,80.3,13
2026-02-23,Nigeria,internal_violence,90.1,17
2026-02-23,Nigeria,repression,80.3,13
2026-02-23,Nigeria,domestic_attack,72.5,11
2026-02-23,Nigeria,war_activity,74.5,12
2026-02-23,Nigeria,external_attack,74.5,11
2026-02-23,Nigeria,regional_spillover,79.0,14
2026-02-24,Nigeria,internal_violence,87.6,14
2026-02-24,Nigeria,repression,77.3,12
2026-02-24,Nigeria,domestic_attack,73.3,12
2026-02-24,Nigeria,war_activity,72.6,12
2026-02-24,Nigeria,external_attack,75.4,12
2026-02-24,Nigeria,regional_spillover,81.6,13
2026-02-25,Nigeria,internal_violence,91.3,15
2026-02-25,Nigeria,repression,77.4,13
2026-02-25,Nigeria,domestic_attack,70.9,12
2026-02-25,Nigeria,war_activity,75.3,13
2026-02-25,Nigeria,external_attack,74.5,13
2026-02-25,Nigeria,regional_spillover,81.8,15
2026-02-26,Nigeria,internal_violence,90.2,14
2026-02-26,Nigeria,repression,81.0,15
2026-02-26,Nigeria,domestic_attack,70.2,13
2026-02-26,Nigeria,war_activity,74.0,13
2026-02-26,Nigeria,external_attack,72.1,11
2026-02-26,Nigeria,regional_spillover,79.4,15
2026-02-27,Nigeria,internal_violence,86.7,15
2026-02-27,Nigeria,repression,75.8,12
2026-02-27,Nigeria,domestic_attack,68.5,11
2026-02-27,Nigeria,war_activity,75.7,13
2026-02-27,Nigeria,external_attack,75.0,12
2026-02-27,Nigeria,regional_spillover,78.6,14
2026-02-28,Nigeria,internal_violence,84.3,15
2026-02-28,Nigeria,repression,74.6,12
2026-02-28,Nigeria,domestic_attack,70.0,13
2026-02-28,Nigeria,war_activity,72.8,11
2026-02-28,Nigeria,external_attack,72.7,11
2026-02-28,Nigeria,regional_spillover,76.0,14
2026-03-01,Nigeria,internal_violence,84.7,13
2026-03-01,Nigeria,repression,73.9,14
2026-03-01,Nigeria,domestic_attack,69.6,12
2026-03-01,Nigeria,war_activity,72.6,11
2026-03-01,Nigeria,external_attack,72.2,11
2026-03-01,Nigeria,regional_spillover,75.7,12
2026-03-02,Nigeria,internal_violence,85.8,13
2026-03-02,Nigeria,repression,75.5,13
2026-03-02,Nigeria,domestic_attack,67.9,11
2026-03-02,Nigeria,war_activity,70.1,13
2026-03-02,Nigeria,external_attack,73.1,13
2026-03-02,Nigeria,regional_spillover,76.1,13
2026-03-03,Nigeria,internal_violence,83.9,14
2026-03-03,Nigeria,repression,76.1,12
2026-03-03,Nigeria,domestic_attack,66.4,11
2026-03-03,Nigeria,war_activity,70.7,11
2026-03-03,Nigeria,external_attack,72.2,13
2026-03-03,Nigeria,regional_spillover,74.8,13
2026-03-04,Nigeria,internal_violence,85.5,15
2026-03-04,Nigeria,repression,73.4,14
2026-03-04,Nigeria,domestic_attack,65.2,12
2026-03-04,Nigeria,war_activity,76.2,12
2026-03-04,Nigeria,external_attack,70.4,13
2026-03-04,Nigeria,regional_spillover,80.5,14
2026-03-05,Nigeria,internal_violence,86.7,15
2026-03-05,Nigeria,repression,73.9,13
2026-03-05,Nigeria,domestic_attack,68.3,10
2026-03-05,Nigeria,war_activity,71.6,14
2026-03-05,Nigeria,external_attack,72.3,13
2026-03-05,Nigeria,regional_spillover,78.0,14
2026-03-06,Nigeria,internal_violence,81.0,15
2026-03-06,Nigeria,repression,74.7,12
2026-03-06,Nigeria,domestic_attack,67.4,11
2026-03-06,Nigeria,war_activity,74.1,13
2026-03-06,Nigeria,external_attack,71.5,13
2026-03-06,Nigeria,regional_spillover,77.2,12
2026-03-07,Nigeria,internal_violence,81.4,14
2026-03-07,Nigeria,repression,72.1,13
2026-03-07,Nigeria,domestic_attack,64.7,12
2026-03-07,Nigeria,war_activity,69.4,10
2026-03-07,Nigeria,external_attack,70.3,11
2026-03-07,Nigeria,regional_spillover,74.5,11
2026-03-08,Nigeria,internal_violence,78.5,15
2026-03-08,Nigeria,repression,66.4,10
2026-03-08,Nigeria,domestic_attack,60.6,9
2026-03-08,Nigeria,war_activity,73.3,13
2026-03-08,Nigeria,external_attack,70.8,11
2026-03-08,Nigeria,regional_spillover,76.1,11
2026-03-09,Nigeria,internal_violence,77.9,13
2026-03-09,Nigeria,repression,66.7,11
2026-03-09,Nigeria,domestic_attack,62.5,10
2026-03-09,Nigeria,war_activity,71.0,11
2026-03-09,Nigeria,external_attack,71.8,11
2026-03-09,Nigeria,regional_spillover,74.5,13
2026-03-10,Nigeria,internal_violence,78.5,14
2026-03-10,Nigeria,repression,67.9,12
2026-03-10,Nigeria,domestic_attack,63.8,10
2026-03-10,Nigeria,war_activity,69.6,10
2026-03-10,Nigeria,external_attack,70.0,12
2026-03-10,Nigeria,regional_spillover,75.1,12
2026-03-11,Nigeria,internal_violence,77.8,14
2026-03-11,Nigeria,repression,70.0,11
2026-03-11,Nigeria,domestic_attack,65.4,10
2026-03-11,Nigeria,war_activity,70.1,13
2026-03-11,Nigeria,external_attack,71.3,11
2026-03-11,Nigeria,regional_spillover,75.3,12
2026-03-12,Nigeria,internal_violence,80.0,14
2026-03-12,Nigeria,repression,67.9,12
2026-03-12,Nigeria,domestic_attack,64.2,12
2026-03-12,Nigeria,war_activity,71.3,13
2026-03-12,Nigeria,external_attack,72.6,13
2026-03-12,Nigeria,regional_spillover,77.7,12
2026-03-13,Nigeria,internal_violence,78.1,14
2026-03-13,Nigeria,repression,66.0,13
2026-03-13,Nigeria,domestic_attack,64.5,10
2026-03-13,Nigeria,war_activity,72.3,11
2026-03-13,Nigeria,external_attack,71.7,11
2026-03-13,Nigeria,regional_spillover,76.1,13
2026-03-14,Nigeria,internal_violence,76.2,14
2026-03-14,Nigeria,repression,66.3,12
2026-03-14,Nigeria,domestic_attack,57.7,11
2026-03-14,Nigeria,war_activity,71.9,13
2026-03-14,Nigeria,external_attack,68.4,12
2026-03-14,Nigeria,regional_spillover,71.8,13
2026-03-15,Nigeria,internal_violence,75.4,14
2026-03-15,Nigeria,repression,63.6,12
2026-03-15,Nigeria,domestic_attack,56.8,10
2026-03-15,Nigeria,war_activity,69.0,10
2026-03-15,Nigeria,external_attack,71.3,12
2026-03-15,Nigeria,regional_spillover,71.5,12
2026-03-16,Nigeria,internal_violence,75.3,13
2026-03-16,Nigeria,repression,65.5,11
2026-03-16,Nigeria,domestic_attack,61.2,12
2026-03-16,Nigeria,war_activity,68.0,12
2026-03-16,Nigeria,external_attack,71.1,11
2026-03-16,Nigeria,regional_spillover,73.7,11
2026-03-17,Nigeria,internal_violence,72.0,12
2026-03-17,Nigeria,repression,68.4,11
2026-03-17,Nigeria,domestic_attack,60.5,9
2026-03-17,Nigeria,war_activity,72.1,11
2026-03-17,Nigeria,external_attack,71.7,12
2026-03-17,Nigeria,regional_spillover,71.6,12
2026-03-18,Nigeria,internal_violence,72.8,13
2026-03-18,Nigeria,repression,68.6,13
2026-03-18,Nigeria,domestic_attack,62.6,10
2026-03-18,Nigeria,war_activity,71.1,13
2026-03-18,Nigeria,external_attack,71.2,13
2026-03-18,Nigeria,regional_spillover,72.9,13
2026-03-19,Nigeria,internal_violence,73.6,11
2026-03-19,Nigeria,repression,66.8,10
2026-03-19,Nigeria,domestic_attack,60.1,10
2026-03-19,Nigeria,war_activity,69.4,12
2026-03-19,Nigeria,external_attack,70.6,13
2026-03-19,Nigeria,regional_spillover,70.5,11
2026-03-20,Nigeria,internal_violence,73.1,13
2026-03-20,Nigeria,repression,63.4,12
2026-03-20,Nigeria,domestic_attack,61.2,12
2026-03-20,Nigeria,war_activity,72.4,13
2026-03-20,Nigeria,external_attack,71.8,13
2026-03-20,Nigeria,regional_spillover,70.5,13
2026-03-21,Nigeria,internal_violence,70.5,12
2026-03-21,Nigeria,repression,63.2,11
2026-03-21,Nigeria,domestic_attack,54.9,11
2026-03-21,Nigeria,war_activity,67.6,12
2026-03-21,Nigeria,external_attack,67.8,12
2026-03-21,Nigeria,regional_spillover,69.0,10
2026-03-22,Nigeria,internal_violence,71.5,11
2026-03-22,Nigeria,repression,63.3,10
2026-03-22,Nigeria,domestic_attack,54.5,8
2026-03-22,Nigeria,war_activity,67.2,11
2026-03-22,Nigeria,external_attack,66.3,10
2026-03-22,Nigeria,regional_spillover,68.5,11
2026-03-23,Nigeria,internal_violence,71.0,11
2026-03-23,Nigeria,repression,64.1,11
2026-03-23,Nigeria,domestic_attack,57.2,11
2026-03-23,Nigeria,war_activity,66.4,11
2026-03-23,Nigeria,external_attack,67.7,13
2026-03-23,Nigeria,regional_spillover,67.9,11
2026-03-24,Nigeria,internal_violence,69.7,11
2026-03-24,Nigeria,repression,63.6,11
2026-03-24,Nigeria,domestic_attack,56.9,11
2026-03-24,Nigeria,war_activity,70.9,12
2026-03-24,Nigeria,external_attack,70.0,13
2026-03-24,Nigeria,regional_spillover,70.8,12
2026-03-25,Nigeria,internal_violence,71.1,13
2026-03-25,Nigeria,repression,61.8,9
2026-03-25,Nigeria,domestic_attack,55.6,11
2026-03-25,Nigeria,war_activity,71.9,11
2026-03-25,Nigeria,external_attack,70.8,13
2026-03-25,Nigeria,regional_spillover,73.7,12
2026-03-26,Nigeria,internal_violence,73.7,13
2026-03-26,Nigeria,repression,65.3,11
2026-03-26,Nigeria,domestic_attack,57.4,9
2026-03-26,Nigeria,war_activity,70.2,13
2026-03-26,Nigeria,external_attack,66.5,10
2026-03-26,Nigeria,regional_spillover,71.8,13
2026-03-27,Nigeria,internal_violence,72.4,13
2026-03-27,Nigeria,repression,62.0,9
2026-03-27,Nigeria,domestic_attack,56.9,9
2026-03-27,Nigeria,war_activity,71.2,12
2026-03-27,Nigeria,external_attack,71.0,12
2026-03-27,Nigeria,regional_spillover,70.8,11
2026-03-28,Nigeria,internal_violence,68.9,13
2026-03-28,Nigeria,repression,58.9,11
2026-03-28,Nigeria,domestic_attack,56.7,11
2026-03-28,Nigeria,war_activity,69.5,11
2026-03-28,Nigeria,external_attack,68.2,10
2026-03-28,Nigeria,regional_spillover,68.9,11
2026-03-29,Nigeria,internal_violence,66.8,10
2026-03-29,Nigeria,repression,62.3,11
2026-03-29,Nigeria,domestic_attack,56.0,8
2026-03-29,Nigeria,war_activity,70.2,12
2026-03-29,Nigeria,external_attack,68.1,12
2026-03-29,Nigeria,regional_spillover,71.2,13
2026-03-30,Nigeria,internal_violence,67.1,10
2026-03-30,Nigeria,repression,59.4,11
2026-03-30,Nigeria,domestic_attack,55.3,11
2026-03-30,Nigeria,war_activity,65.3,10
2026-03-30,Nigeria,external_attack,65.8,12
2026-03-30,Nigeria,regional_spillover,67.8,11
2026-03-31,Nigeria,internal_violence,70.0,11
2026-03-31,Nigeria,repression,64.2,11
2026-03-31,Nigeria,domestic_attack,54.1,8
2026-03-31,Nigeria,war_activity,70.0,12
2026-03-31,Nigeria,external_attack,66.7,12
2026-03-31,Nigeria,regional_spillover,67.8,12
2026-04-01,Nigeria,internal_violence,70.3,12
2026-04-01,Nigeria,repression,62.5,12
2026-04-01,Nigeria,domestic_attack,56.5,9
2026-04-01,Nigeria,war_activity,68.4,10
2026-04-01,Nigeria,external_attack,70.8,11
2026-04-01,Nigeria,regional_spillover,72.5,13
2026-04-02,Nigeria,internal_violence,70.2,12
2026-04-02,Nigeria,repression,63.3,11
2026-04-02,Nigeria,domestic_attack,56.2,10
2026-04-02,Nigeria,war_activity,66.7,11
2026-04-02,Nigeria,external_attack,69.2,13
2026-04-02,Nigeria,regional_spillover,69.7,12
2026-04-03,Nigeria,internal_violence,69.8,12
2026-04-03,Nigeria,repression,60.9,11
2026-04-03,Nigeria,domestic_attack,57.0,10
2026-04-03,Nigeria,war_activity,70.3,11
2026-04-03,Nigeria,external_attack,67.2,11
2026-04-03,Nigeria,regional_spillover,69.8,12
2026-04-04,Nigeria,internal_violence,71.5,11
2026-04-04,Nigeria,repression,62.5,12
2026-04-04,Nigeria,domestic_attack,56.3,11
2026-04-04,Nigeria,war_activity,67.7,12
2026-04-04,Nigeria,external_attack,69.8,11
2026-04-04,Nigeria,regional_spillover,71.6,13
2026-04-05,Nigeria,internal_violence,67.5,12
2026-04-05,Nigeria,repression,59.0,10
2026-04-05,Nigeria,domestic_attack,54.0,10
2026-04-05,Nigeria,war_activity,70.5,13
2026-04-05,Nigeria,external_attack,65.8,11
2026-04-05,Nigeria,regional_spillover,69.2,12
2026-04-06,Nigeria,internal_violence,66.7,12
2026-04-06,Nigeria,repression,62.2,12
2026-04-06,Nigeria,domestic_attack,53.6,10
2026-04-06,Nigeria,war_activity,67.0,13
2026-04-06,Nigeria,external_attack,68.3,13
2026-04-06,Nigeria,regional_spillover,71.2,12
2026-04-07,Nigeria,internal_violence,67.9,11
2026-04-07,Nigeria,repression,59.7,12
2026-04-07,Nigeria,domestic_attack,55.3,8
2026-04-07,Nigeria,war_activity,66.7,13
2026-04-07,Nigeria,external_attack,65.6,12
2026-04-07,Nigeria,regional_spillover,72.2,11
2026-04-08,Nigeria,internal_violence,69.0,12
2026-04-08,Nigeria,repression,63.4,12
2026-04-08,Nigeria,domestic_attack,59.2,9
2026-04-08,Nigeria,war_activity,68.5,13
2026-04-08,Nigeria,external_attack,68.4,12
2026-04-08,Nigeria,regional_spillover,73.4,12
2026-04-09,Nigeria,internal_violence,72.4,12
2026-04-09,Nigeria,repression,62.0,12
2026-04-09,Nigeria,domestic_attack,59.2,10
2026-04-09,Nigeria,war_activity,67.8,13
2026-04-09,Nigeria,external_attack,70.8,13
2026-04-09,Nigeria,regional_spillover,69.3,11
2026-04-10,Nigeria,internal_violence,69.9,13
2026-04-10,Nigeria,repression,63.8,12
2026-04-10,Nigeria,domestic_attack,54.0,10
2026-04-10,Nigeria,war_activity,68.3,12
2026-04-10,Nigeria,external_attack,67.9,13
2026-04-10,Nigeria,regional_spillover,72.7,13
2026-04-11,Nigeria,internal_violence,70.2,12
2026-04-11,Nigeria,repression,61.8,10
2026-04-11,Nigeria,domestic_attack,55.4,10
2026-04-11,Nigeria,war_activity,69.7,10
2026-04-11,Nigeria,external_attack,67.0,12
2026-04-11,Nigeria,regional_spillover,67.0,11
2026-04-12,Nigeria,internal_violence,66.1,10
2026-04-12,Nigeria,repression,57.8,8
2026-04-12,Nigeria,domestic_attack,52.1,8
2026-04-12,Nigeria,war_activity,65.9,12
2026-04-12,Nigeria,external_attack,69.0,12
2026-04-12,Nigeria,regional_spillover,68.0,13
