date,country,category,raw_value,tone,article_count
2025-04-22,Germany,protest,30.8,-2.2,60.8
2025-04-22,Germany,crisis,32.5,-2.5,69.6
2025-04-22,Germany,negativity,33.4,-3.4,73.8
2025-04-23,Germany,protest,31.4,-2.2,61.6
2025-04-23,Germany,crisis,34.8,-3.4,61.9
2025-04-23,Germany,negativity,35.2,-3.3,71.0
2025-04-24,Germany,protest,32.4,-2.3,73.6
2025-04-24,Germany,crisis,36.9,-3.8,76.0
2025-04-24,Germany,negativity,32.8,-2.3,61.6
2025-04-25,Germany,protest,32.2,-3.6,75.6
2025-04-25,Germany,crisis,34.2,-3.0,61.2
2025-04-25,Germany,negativity,35.4,-2.8,79.5
2025-04-26,Germany,protest,32.9,-2.4,79.4
2025-04-26,Germany,crisis,35.4,-3.1,77.9
2025-04-26,Germany,negativity,30.9,-2.9,70.2
2025-04-27,Germany,protest,28.5,-2.3,72.9
2025-04-27,Germany,crisis,35.3,-3.3,71.6
2025-04-27,Germany,negativity,33.0,-3.6,62.2
2025-04-28,Germany,protest,29.9,-3.2,71.2
2025-04-28,Germany,crisis,34.7,-2.9,69.5
2025-04-28,Germany,negativity,32.5,-3.2,72.8
2025-04-29,Germany,protest,33.3,-2.4,68.3
2025-04-29,Germany,crisis,33.5,-3.7,67.8
2025-04-29,Germany,negativity,34.2,-2.8,80.4
2025-04-30,Germany,protest,35.6,-3.6,80.2
2025-04-30,Germany,crisis,35.9,-3.3,70.6
2025-04-30,Germany,negativity,34.5,-3.4,63.3
2025-05-01,Germany,protest,33.2,-2.6,78.6
2025-05-01,Germany,crisis,36.2,-3.3,73.5
2025-05-01,Germany,negativity,35.1,-3.6,67.1
2025-05-02,Germany,protest,32.4,-3.1,73.6
2025-05-02,Germany,crisis,38.9,-2.9,90.2
2025-05-02,Germany,negativity,35.0,-3.3,69.5
2025-05-03,Germany,protest,34.0,-3.5,81.9
2025-05-03,Germany,crisis,34.4,-3.4,64.4
2025-05-03,Germany,negativity,32.5,-2.8,63.1
2025-05-04,Germany,protest,33.0,-2.9,58.8
2025-05-04,Germany,crisis,34.2,-2.6,73.7
2025-05-04,Germany,negativity,32.4,-3.5,73.9
2025-05-05,Germany,protest,33.5,-2.7,73.9
2025-05-05,Germany,crisis,33.8,-3.1,63.5
2025-05-05,Germany,negativity,34.6,-3.3,65.6
2025-05-06,Germany,protest,32.8,-3.6,66.8
2025-05-06,Germany,crisis,36.8,-3.0,75.4
2025-05-06,Germany,negativity,34.2,-2.5,76.9
2025-05-07,Germany,protest,33.0,-2.8,59.2
2025-05-07,Germany,crisis,37.2,-3.0,78.3
2025-05-07,Germany,negativity,35.1,-2.9,67.6
2025-05-08,Germany,protest,33.2,-3.6,66.8
2025-05-08,Germany,crisis,37.0,-3.0,71.1
2025-05-08,Germany,negativity,36.6,-3.7,73.4
2025-05-09,Germany,protest,32.9,-2.5,79.9
2025-05-09,Germany,crisis,36.5,-3.4,83.1
2025-05-09,Germany,negativity,36.2,-2.7,75.7
2025-05-10,Germany,protest,31.7,-2.7,70.4
2025-05-10,Germany,crisis,35.5,-3.5,84.7
2025-05-10,Germany,negativity,35.4,-2.7,79.3
2025-05-11,Germany,protest,31.0,-2.4,74.8
2025-05-11,Germany,crisis,33.6,-3.0,65.2
2025-05-11,Germany,negativity,35.6,-3.0,64.2
2025-05-12,Germany,protest,32.3,-2.2,76.0
2025-05-12,Germany,crisis,35.4,-3.5,72.9
2025-05-12,Germany,negativity,32.5,-3.5,62.2
2025-05-13,Germany,protest,32.2,-2.3,66.1
2025-05-13,Germany,crisis,39.7,-4.0,76.1
2025-05-13,Germany,negativity,37.8,-3.3,78.0
2025-05-14,Germany,protest,34.5,-3.1,74.5
2025-05-14,Germany,crisis,38.1,-3.6,81.6
2025-05-14,Germany,negativity,37.3,-4.1,69.7
2025-05-15,Germany,protest,33.6,-3.6,63.2
2025-05-15,Germany,crisis,40.6,-3.1,88.8
2025-05-15,Germany,negativity,35.7,-3.7,82.9
2025-05-16,Germany,protest,34.3,-3.0,75.4
2025-05-16,Germany,crisis,37.9,-4.1,69.9
2025-05-16,Germany,negativity,38.0,-3.3,70.7
2025-05-17,Germany,protest,30.9,-3.3,65.0
2025-05-17,Germany,crisis,38.0,-3.2,68.5
2025-05-17,Germany,negativity,33.1,-3.0,60.9
2025-05-18,Germany,protest,33.9,-2.7,74.7
2025-05-18,Germany,crisis,36.6,-3.1,85.9
2025-05-18,Germany,negativity,33.7,-2.6,64.1
2025-05-19,Germany,protest,31.6,-3.1,77.6
2025-05-19,Germany,crisis,37.2,-3.2,68.8
2025-05-19,Germany,negativity,32.4,-3.4,76.8
2025-05-20,Germany,protest,34.5,-2.5,77.3
2025-05-20,Germany,crisis,39.9,-3.7,83.7
2025-05-20,Germany,negativity,37.7,-3.4,86.1
2025-05-21,Germany,protest,33.4,-2.7,61.9
2025-05-21,Germany,crisis,36.8,-3.6,80.8
2025-05-21,Germany,negativity,37.6,-3.3,78.5
2025-05-22,Germany,protest,37.1,-3.1,79.1
2025-05-22,Germany,crisis,39.8,-4.2,70.3
2025-05-22,Germany,negativity,38.2,-2.9,72.8
2025-05-23,Germany,protest,34.8,-2.6,80.6
2025-05-23,Germany,crisis,36.4,-2.8,82.0
2025-05-23,Germany,negativity,34.9,-3.9,81.1
2025-05-24,Germany,protest,33.0,-3.3,80.3
2025-05-24,Germany,crisis,35.5,-3.8,73.6
2025-05-24,Germany,negativity,34.6,-3.5,74.5
2025-05-25,Germany,protest,29.6,-2.2,65.9
2025-05-25,Germany,crisis,35.3,-3.1,65.2
2025-05-25,Germany,negativity,32.7,-2.6,74.3
2025-05-26,Germany,protest,32.1,-3.2,65.6
2025-05-26,Germany,crisis,37.6,-2.8,84.5
2025-05-26,Germany,negativity,33.6,-2.8,73.2
2025-05-27,Germany,protest,31.4,-3.5,74.2
2025-05-27,Germany,crisis,34.8,-3.2,61.8
2025-05-27,Germany,negativity,32.7,-3.2,77.8
2025-05-28,Germany,protest,32.2,-2.9,64.9
2025-05-28,Germany,crisis,35.8,-2.8,77.8
2025-05-28,Germany,negativity,37.8,-3.0,72.9
2025-05-29,Germany,protest,32.1,-2.4,73.9
2025-05-29,Germany,crisis,39.7,-3.2,85.3
2025-05-29,Germany,negativity,36.2,-3.7,83.7
2025-05-30,Germany,protest,32.5,-3.2,73.9
2025-05-30,Germany,crisis,35.1,-2.7,75.3
2025-05-30,Germany,negativity,34.7,-3.6,79.3
2025-05-31,Germany,protest,29.3,-2.0,60.9
2025-05-31,Germany,crisis,34.4,-2.5,66.7
2025-05-31,Germany,negativity,33.9,-3.3,65.1
2025-06-01,Germany,protest,29.5,-3.0,65.8
2025-06-01,Germany,crisis,32.7,-3.4,75.7
2025-06-01,Germany,negativity,30.1,-2.6,59.5
2025-06-02,Germany,protest,32.8,-2.4,76.7
2025-06-02,Germany,crisis,33.9,-2.8,77.6
2025-06-02,Germany,negativity,31.1,-2.1,58.0
2025-06-03,Germany,protest,33.8,-3.1,69.5
2025-06-03,Germany,crisis,34.2,-3.5,72.3
2025-06-03,Germany,negativity,35.9,-2.6,78.9
2025-06-04,Germany,protest,35.5,-3.4,83.8
2025-06-04,Germany,crisis,34.5,-3.5,82.8
2025-06-04,Germany,negativity,34.5,-3.6,62.1
2025-06-05,Germany,protest,33.2,-3.1,63.0
2025-06-05,Germany,crisis,38.4,-4.1,80.6
2025-06-05,Germany,negativity,36.5,-3.6,77.4
2025-06-06,Germany,protest,32.0,-2.5,68.4
2025-06-06,Germany,crisis,35.7,-2.8,81.4
2025-06-06,Germany,negativity,32.0,-2.8,69.5
2025-06-07,Germany,protest,30.9,-3.0,76.7
2025-06-07,Germany,crisis,35.2,-3.2,62.6
2025-06-07,Germany,negativity,32.5,-3.3,76.1
2025-06-08,Germany,protest,29.0,-2.4,73.6
2025-06-08,Germany,crisis,32.2,-2.9,78.5
2025-06-08,Germany,negativity,28.4,-3.1,68.6
2025-06-09,Germany,protest,28.1,-3.1,58.5
2025-06-09,Germany,crisis,32.9,-2.5,66.4
2025-06-09,Germany,negativity,30.4,-2.6,73.0
2025-06-10,Germany,protest,28.5,-2.5,64.0
2025-06-10,Germany,crisis,35.3,-3.0,68.8
2025-06-10,Germany,negativity,30.8,-3.1,55.5
2025-06-11,Germany,protest,32.2,-3.3,79.4
2025-06-11,Germany,crisis,36.0,-2.6,80.9
2025-06-11,Germany,negativity,31.3,-2.5,63.2
2025-06-12,Germany,protest,33.7,-3.7,60.3
2025-06-12,Germany,crisis,36.6,-3.1,67.3
2025-06-12,Germany,negativity,35.9,-3.7,83.8
2025-06-13,Germany,protest,30.0,-2.5,70.6
2025-06-13,Germany,crisis,32.5,-3.6,71.5
2025-06-13,Germany,negativity,32.4,-2.5,75.5
2025-06-14,Germany,protest,30.7,-2.5,58.0
2025-06-14,Germany,crisis,33.6,-2.7,67.9
2025-06-14,Germany,negativity,32.6,-2.5,71.1
2025-06-15,Germany,protest,28.3,-2.9,54.2
2025-06-15,Germany,crisis,32.3,-3.5,58.2
2025-06-15,Germany,negativity,31.4,-3.3,58.0
2025-06-16,Germany,protest,28.1,-2.7,62.1
2025-06-16,Germany,crisis,32.7,-3.2,77.7
2025-06-16,Germany,negativity,28.9,-2.0,56.7
2025-06-17,Germany,protest,27.4,-2.6,68.6
2025-06-17,Germany,crisis,35.0,-3.0,75.7
2025-06-17,Germany,negativity,32.7,-2.6,76.7
2025-06-18,Germany,protest,33.0,-2.8,77.7
2025-06-18,Germany,crisis,34.3,-3.6,74.6
2025-06-18,Germany,negativity,30.7,-3.1,68.3
2025-06-19,Germany,protest,32.2,-2.6,60.1
2025-06-19,Germany,crisis,37.0,-3.5,67.5
2025-06-19,Germany,negativity,34.4,-2.6,79.7
2025-06-20,Germany,protest,29.8,-3.0,70.2
2025-06-20,Germany,crisis,35.2,-3.1,73.4
2025-06-20,Germany,negativity,30.7,-2.5,75.6
2025-06-21,Germany,protest,30.8,-2.8,75.8
2025-06-21,Germany,crisis,32.2,-2.7,64.3
2025-06-21,Germany,negativity,31.5,-2.6,59.0
2025-06-22,Germany,protest,29.6,-2.2,67.4
2025-06-22,Germany,crisis,29.8,-3.4,60.1
2025-06-22,Germany,negativity,31.2,-2.5,68.8
2025-06-23,Germany,protest,27.2,-1.8,58.0
2025-06-23,Germany,crisis,31.2,-3.1,73.9
2025-06-23,Germany,negativity,29.9,-3.4,63.1
2025-06-24,Germany,protest,31.2,-2.2,56.9
2025-06-24,Germany,crisis,33.8,-3.3,80.5
2025-06-24,Germany,negativity,32.1,-2.9,57.9
2025-06-25,Germany,protest,32.9,-3.6,61.9
2025-06-25,Germany,crisis,37.2,-3.2,85.6
2025-06-25,Germany,negativity,35.0,-3.3,73.3
2025-06-26,Germany,protest,33.5,-3.3,68.8
2025-06-26,Germany,crisis,35.9,-3.0,75.3
2025-06-26,Germany,negativity,32.2,-3.0,62.8
2025-06-27,Germany,protest,31.5,-3.2,62.7
2025-06-27,Germany,crisis,35.4,-2.6,66.8
2025-06-27,Germany,negativity,33.6,-3.5,66.0
2025-06-28,Germany,protest,31.0,-2.3,61.6
2025-06-28,Germany,crisis,31.4,-2.5,70.3
2025-06-28,Germany,negativity,33.5,-3.2,81.3
2025-06-29,Germany,protest,27.0,-3.1,49.4
2025-06-29,Germany,crisis,30.7,-2.6,61.5
2025-06-29,Germany,negativity,30.5,-2.5,68.2
2025-06-30,Germany,protest,27.4,-3.0,65.2
2025-06-30,Germany,crisis,34.0,-2.5,72.0
2025-06-30,Germany,negativity,30.1,-3.0,74.9
2025-07-01,Germany,protest,31.1,-3.3,57.1
2025-07-01,Germany,crisis,34.7,-3.0,79.2
2025-07-01,Germany,negativity,34.1,-3.2,68.6
2025-07-02,Germany,protest,33.4,-3.7,70.2
2025-07-02,Germany,crisis,34.6,-3.8,66.2
2025-07-02,Germany,negativity,34.8,-3.2,79.7
2025-07-03,Germany,protest,34.3,-2.6,77.9
2025-07-03,Germany,crisis,38.5,-3.7,84.5
2025-07-03,Germany,negativity,34.2,-2.7,80.9
2025-07-04,Germany,protest,34.8,-2.9,82.4
2025-07-04,Germany,crisis,38.5,-3.3,74.2
2025-07-04,Germany,negativity,33.2,-2.7,67.2
2025-07-05,Germany,protest,33.4,-3.3,71.6
2025-07-05,Germany,crisis,34.2,-3.3,74.7
2025-07-05,Germany,negativity,35.4,-3.5,79.1
2025-07-06,Germany,protest,31.2,-3.1,69.2
2025-07-06,Germany,crisis,34.1,-3.1,63.6
2025-07-06,Germany,negativity,33.2,-2.8,71.6
2025-07-07,Germany,protest,29.0,-2.6,69.3
2025-07-07,Germany,crisis,36.6,-4.0,85.0
2025-07-07,Germany,negativity,33.0,-3.6,77.6
2025-07-08,Germany,protest,35.4,-3.6,71.1
2025-07-08,Germany,crisis,37.8,-3.1,81.7
2025-07-08,Germany,negativity,35.8,-3.9,66.1
2025-07-09,Germany,protest,35.2,-2.6,79.0
2025-07-09,Germany,crisis,40.3,-3.6,87.9
2025-07-09,Germany,negativity,37.7,-3.4,85.8
2025-07-10,Germany,protest,37.4,-3.1,74.5
2025-07-10,Germany,crisis,37.2,-3.9,73.9
2025-07-10,Germany,negativity,39.9,-3.4,86.5
2025-07-11,Germany,protest,36.0,-3.7,79.7
2025-07-11,Germany,crisis,37.6,-3.6,81.5
2025-07-11,Germany,negativity,36.2,-2.7,79.3
2025-07-12,Germany,protest,31.5,-3.0,63.3
2025-07-12,Germany,crisis,37.4,-3.1,80.3
2025-07-12,Germany,negativity,37.5,-4.1,67.8
2025-07-13,Germany,protest,33.8,-3.0,71.5
2025-07-13,Germany,crisis,38.5,-3.5,76.0
2025-07-13,Germany,negativity,37.0,-3.7,72.7
2025-07-14,Germany,protest,33.7,-3.4,71.0
2025-07-14,Germany,crisis,37.1,-3.5,82.2
2025-07-14,Germany,negativity,34.3,-2.9,69.9
2025-07-15,Germany,protest,34.4,-2.6,78.5
2025-07-15,Germany,crisis,38.0,-3.7,76.7
2025-07-15,Germany,negativity,38.8,-3.9,84.9
2025-07-16,Germany,protest,35.9,-2.7,72.4
2025-07-16,Germany,crisis,42.3,-4.4,83.7
2025-07-16,Germany,negativity,39.1,-3.3,83.4
2025-07-17,Germany,protest,38.2,-4.1,81.5
2025-07-17,Germany,crisis,43.6,-3.6,78.7
2025-07-17,Germany,negativity,41.9,-3.4,93.7
2025-07-18,Germany,protest,37.4,-3.9,66.8
2025-07-18,Germany,crisis,43.5,-4.1,89.5
2025-07-18,Germany,negativity,40.4,-3.1,91.9
2025-07-19,Germany,protest,37.7,-3.6,82.8
2025-07-19,Germany,crisis,39.4,-3.2,74.1
2025-07-19,Germany,negativity,37.6,-4.0,87.8
2025-07-20,Germany,protest,36.0,-3.2,70.3
2025-07-20,Germany,crisis,39.6,-3.3,81.2
2025-07-20,Germany,negativity,39.2,-4.2,90.2
2025-07-21,Germany,protest,35.9,-3.0,73.0
2025-07-21,Germany,crisis,42.8,-3.3,87.5
2025-07-21,Germany,negativity,36.5,-3.3,66.6
2025-07-22,Germany,protest,35.9,-3.8,69.4
2025-07-22,Germany,crisis,41.4,-3.4,94.3
2025-07-22,Germany,negativity,39.2,-4.2,72.1
2025-07-23,Germany,protest,38.5,-3.7,74.6
2025-07-23,Germany,crisis,42.4,-4.4,81.6
2025-07-23,Germany,negativity,44.4,-3.8,78.4
2025-07-24,Germany,protest,40.2,-3.9,91.8
2025-07-24,Germany,crisis,45.6,-4.3,98.4
2025-07-24,Germany,negativity,44.1,-3.9,94.8
2025-07-25,Germany,protest,39.1,-3.1,80.1
2025-07-25,Germany,crisis,42.0,-3.2,82.9
2025-07-25,Germany,negativity,42.8,-4.5,76.8
2025-07-26,Germany,protest,37.1,-3.1,67.8
2025-07-26,Germany,crisis,41.2,-3.5,73.8
2025-07-26,Germany,negativity,38.6,-3.9,81.7
2025-07-27,Germany,protest,35.6,-3.6,74.2
2025-07-27,Germany,crisis,42.7,-4.2,84.4
2025-07-27,Germany,negativity,39.6,-3.9,80.2
2025-07-28,Germany,protest,37.9,-3.0,76.7
2025-07-28,Germany,crisis,44.5,-3.9,95.1
2025-07-28,Germany,negativity,40.7,-3.9,81.9
2025-07-29,Germany,protest,40.5,-4.2,79.2
2025-07-29,Germany,crisis,44.1,-4.4,87.2
2025-07-29,Germany,negativity,42.0,-3.5,75.2
2025-07-30,Germany,protest,41.3,-3.4,80.4
2025-07-30,Germany,crisis,46.7,-3.8,92.7
2025-07-30,Germany,negativity,42.8,-4.1,90.5
2025-07-31,Germany,protest,42.6,-4.2,93.2
2025-07-31,Germany,crisis,47.7,-4.6,102.5
2025-07-31,Germany,negativity,43.2,-4.3,84.1
2025-08-01,Germany,protest,41.0,-3.5,84.9
2025-08-01,Germany,crisis,45.6,-4.2,90.1
2025-08-01,Germany,negativity,41.4,-3.7,75.0
2025-08-02,Germany,protest,38.3,-4.0,83.4
2025-08-02,Germany,crisis,43.2,-3.4,84.1
2025-08-02,Germany,negativity,42.9,-4.3,94.1
2025-08-03,Germany,protest,39.4,-4.0,73.0
2025-08-03,Germany,crisis,43.8,-4.6,83.6
2025-08-03,Germany,negativity,42.4,-4.4,87.5
2025-08-04,Germany,protest,38.0,-4.1,67.1
2025-08-04,Germany,crisis,44.3,-4.0,78.8
2025-08-04,Germany,negativity,43.0,-3.8,91.1
2025-08-05,Germany,protest,42.7,-3.3,82.7
2025-08-05,Germany,crisis,43.0,-4.2,95.1
2025-08-05,Germany,negativity,40.8,-3.8,76.8
2025-08-06,Germany,protest,42.6,-3.9,92.5
2025-08-06,Germany,crisis,48.0,-4.0,97.4
2025-08-06,Germany,negativity,43.2,-3.6,93.3
2025-08-07,Germany,protest,43.2,-4.3,96.5
2025-08-07,Germany,crisis,45.8,-3.8,80.3
2025-08-07,Germany,negativity,43.5,-4.4,88.0
2025-08-08,Germany,protest,42.5,-3.8,83.4
2025-08-08,Germany,crisis,48.2,-4.6,98.2
2025-08-08,Germany,negativity,43.9,-4.1,88.3
2025-08-09,Germany,protest,37.7,-3.5,75.7
2025-08-09,Germany,crisis,45.9,-3.7,85.8
2025-08-09,Germany,negativity,44.1,-3.4,93.9
2025-08-10,Germany,protest,39.7,-4.2,81.2
2025-08-10,Germany,crisis,43.4,-4.6,84.5
2025-08-10,Germany,negativity,39.1,-3.2,81.2
2025-08-11,Germany,protest,37.8,-2.9,86.7
2025-08-11,Germany,crisis,40.6,-4.0,91.3
2025-08-11,Germany,negativity,39.8,-3.2,79.0
2025-08-12,Germany,protest,40.1,-3.9,87.0
2025-08-12,Germany,crisis,45.0,-3.7,82.2
2025-08-12,Germany,negativity,40.0,-3.2,73.1
2025-08-13,Germany,protest,40.8,-3.5,87.9
2025-08-13,Germany,crisis,48.2,-4.6,95.8
2025-08-13,Germany,negativity,41.5,-3.8,90.4
2025-08-14,Germany,protest,43.7,-4.6,84.2
2025-08-14,Germany,crisis,43.9,-4.4,95.8
2025-08-14,Germany,negativity,41.8,-4.2,91.0
2025-08-15,Germany,protest,40.2,-3.8,75.8
2025-08-15,Germany,crisis,44.2,-4.5,86.9
2025-08-15,Germany,negativity,43.0,-4.0,93.1
2025-08-16,Germany,protest,36.1,-3.8,80.7
2025-08-16,Germany,crisis,40.4,-3.5,87.3
2025-08-16,Germany,negativity,39.8,-3.3,73.4
2025-08-17,Germany,protest,36.4,-3.3,67.7
2025-08-17,Germany,crisis,40.0,-3.7,73.3
2025-08-17,Germany,negativity,40.7,-4.1,75.4
2025-08-18,Germany,protest,35.1,-3.0,82.2
2025-08-18,Germany,crisis,40.0,-3.2,74.2
2025-08-18,Germany,negativity,37.3,-3.6,71.3
2025-08-19,Germany,protest,37.5,-2.9,83.2
2025-08-19,Germany,crisis,40.9,-3.8,78.0
2025-08-19,Germany,negativity,41.3,-4.2,90.8
2025-08-20,Germany,protest,40.6,-3.7,92.3
2025-08-20,Germany,crisis,43.3,-3.4,85.0
2025-08-20,Germany,negativity,43.9,-3.5,86.6
2025-08-21,Germany,protest,41.2,-3.8,84.5
2025-08-21,Germany,crisis,45.3,-3.9,79.4
2025-08-21,Germany,negativity,40.2,-3.9,79.4
2025-08-22,Germany,protest,37.0,-2.9,82.4
2025-08-22,Germany,crisis,41.1,-3.9,92.6
2025-08-22,Germany,negativity,42.5,-3.2,90.3
2025-08-23,Germany,protest,34.7,-3.8,76.9
2025-08-23,Germany,crisis,38.4,-2.9,73.3
2025-08-23,Germany,negativity,36.8,-3.4,85.7
2025-08-24,Germany,protest,34.6,-2.7,62.1
2025-08-24,Germany,crisis,36.5,-3.4,71.3
2025-08-24,Germany,negativity,39.0,-3.0,68.9
2025-08-25,Germany,protest,34.8,-3.8,73.3
2025-08-25,Germany,crisis,41.1,-4.4,78.8
2025-08-25,Germany,negativity,34.6,-2.6,76.9
2025-08-26,Germany,protest,38.1,-3.9,69.6
2025-08-26,Germany,crisis,38.9,-3.5,87.2
2025-08-26,Germany,negativity,40.1,-3.1,79.6
2025-08-27,Germany,protest,35.8,-2.8,83.5
2025-08-27,Germany,crisis,43.0,-3.8,82.5
2025-08-27,Germany,negativity,38.7,-3.8,86.4
2025-08-28,Germany,protest,34.9,-3.8,83.5
2025-08-28,Germany,crisis,42.8,-3.9,88.4
2025-08-28,Germany,negativity,39.2,-2.9,81.7
2025-08-29,Germany,protest,37.3,-4.0,74.1
2025-08-29,Germany,crisis,38.3,-4.1,87.4
2025-08-29,Germany,negativity,39.2,-3.6,87.9
2025-08-30,Germany,protest,32.9,-3.0,67.4
2025-08-30,Germany,crisis,35.3,-3.0,79.6
2025-08-30,Germany,negativity,35.1,-3.1,63.7
2025-08-31,Germany,protest,32.1,-2.9,73.0
2025-08-31,Germany,crisis,38.2,-4.0,72.2
2025-08-31,Germany,negativity,35.5,-3.4,82.7
2025-09-01,Germany,protest,34.7,-3.1,78.0
2025-09-01,Germany,crisis,35.1,-3.7,80.3
2025-09-01,Germany,negativity,33.6,-3.5,66.2
2025-09-02,Germany,protest,35.5,-2.8,74.1
2025-09-02,Germany,crisis,38.4,-4.2,87.3
2025-09-02,Germany,negativity,36.1,-3.8,78.7
2025-09-03,Germany,protest,33.8,-3.7,67.1
2025-09-03,Germany,crisis,37.8,-4.1,73.0
2025-09-03,Germany,negativity,37.5,-3.8,67.3
2025-09-04,Germany,protest,36.7,-3.0,71.9
2025-09-04,Germany,crisis,36.3,-3.0,71.7
2025-09-04,Germany,negativity,35.3,-3.6,70.3
2025-09-05,Germany,protest,32.4,-3.3,77.2
2025-09-05,Germany,crisis,38.6,-3.0,82.2
2025-09-05,Germany,negativity,33.3,-2.5,72.0
2025-09-06,Germany,protest,29.3,-3.3,62.7
2025-09-06,Germany,crisis,36.2,-2.7,74.4
2025-09-06,Germany,negativity,30.5,-2.4,56.7
2025-09-07,Germany,protest,32.1,-3.2,70.7
2025-09-07,Germany,crisis,35.0,-2.9,65.8
2025-09-07,Germany,negativity,30.1,-3.4,67.4
2025-09-08,Germany,protest,30.3,-2.2,66.2
2025-09-08,Germany,crisis,30.7,-2.6,72.3
2025-09-08,Germany,negativity,29.6,-2.1,63.3
2025-09-09,Germany,protest,30.7,-2.3,67.4
2025-09-09,Germany,crisis,32.7,-3.2,76.8
2025-09-09,Germany,negativity,31.2,-2.9,61.4
2025-09-10,Germany,protest,29.8,-2.4,74.9
2025-09-10,Germany,crisis,36.8,-3.9,67.2
2025-09-10,Germany,negativity,33.4,-3.7,78.6
2025-09-11,Germany,protest,33.2,-2.5,67.0
2025-09-11,Germany,crisis,35.6,-2.8,78.4
2025-09-11,Germany,negativity,33.5,-3.2,77.8
2025-09-12,Germany,protest,29.5,-2.0,61.8
2025-09-12,Germany,crisis,36.2,-2.9,79.6
2025-09-12,Germany,negativity,30.3,-2.4,66.3
2025-09-13,Germany,protest,29.6,-3.0,66.1
2025-09-13,Germany,crisis,32.9,-3.0,74.4
2025-09-13,Germany,negativity,30.7,-3.3,68.0
2025-09-14,Germany,protest,28.4,-2.2,60.3
2025-09-14,Germany,crisis,29.4,-3.1,63.0
2025-09-14,Germany,negativity,27.7,-2.8,51.4
2025-09-15,Germany,protest,26.0,-3.0,58.6
2025-09-15,Germany,crisis,28.4,-2.0,62.8
2025-09-15,Germany,negativity,28.7,-2.7,63.0
2025-09-16,Germany,protest,27.7,-2.2,56.6
2025-09-16,Germany,crisis,31.5,-3.3,76.2
2025-09-16,Germany,negativity,28.4,-2.3,53.8
2025-09-17,Germany,protest,29.0,-2.6,61.8
2025-09-17,Germany,crisis,32.4,-2.6,66.6
2025-09-17,Germany,negativity,30.5,-2.6,60.0
2025-09-18,Germany,protest,30.0,-3.0,66.7
2025-09-18,Germany,crisis,31.6,-2.7,56.6
2025-09-18,Germany,negativity,29.3,-2.9,70.7
2025-09-19,Germany,protest,27.5,-3.0,66.7
2025-09-19,Germany,crisis,32.5,-3.0,59.9
2025-09-19,Germany,negativity,32.2,-2.7,75.5
2025-09-20,Germany,protest,26.9,-2.9,56.6
2025-09-20,Germany,crisis,31.3,-2.7,77.8
2025-09-20,Germany,negativity,29.8,-2.7,67.1
2025-09-21,Germany,protest,24.3,-1.6,51.0
2025-09-21,Germany,crisis,27.6,-1.9,66.1
2025-09-21,Germany,negativity,25.5,-2.4,52.8
2025-09-22,Germany,protest,28.3,-3.2,63.4
2025-09-22,Germany,crisis,30.9,-2.3,73.8
2025-09-22,Germany,negativity,26.5,-3.0,52.6
2025-09-23,Germany,protest,25.8,-3.0,61.1
2025-09-23,Germany,crisis,29.7,-3.1,66.4
2025-09-23,Germany,negativity,27.6,-2.0,62.9
2025-09-24,Germany,protest,26.4,-2.9,50.4
2025-09-24,Germany,crisis,32.2,-3.6,62.2
2025-09-24,Germany,negativity,32.3,-2.9,73.8
2025-09-25,Germany,protest,29.5,-2.8,74.4
2025-09-25,Germany,crisis,33.6,-3.4,62.9
2025-09-25,Germany,negativity,29.5,-2.3,54.0
2025-09-26,Germany,protest,27.6,-2.6,61.1
2025-09-26,Germany,crisis,30.3,-2.9,60.3
2025-09-26,Germany,negativity,27.9,-2.1,65.2
2025-09-27,Germany,protest,27.3,-1.9,55.2
2025-09-27,Germany,crisis,29.1,-2.6,63.3
2025-09-27,Germany,negativity,28.0,-3.1,66.0
2025-09-28,Germany,protest,24.5,-2.0,64.7
2025-09-28,Germany,crisis,27.6,-3.2,51.9
2025-09-28,Germany,negativity,26.7,-1.8,66.5
2025-09-29,Germany,protest,26.1,-1.9,58.2
2025-09-29,Germany,crisis,28.9,-2.2,68.4
2025-09-29,Germany,negativity,27.8,-2.5,57.7
2025-09-30,Germany,protest,27.6,-2.2,52.7
2025-09-30,Germany,crisis,32.0,-2.5,72.4
2025-09-30,Germany,negativity,29.6,-2.3,64.4
2025-10-01,Germany,protest,29.5,-2.6,66.4
2025-10-01,Germany,crisis,29.3,-3.2,57.2
2025-10-01,Germany,negativity,29.3,-2.5,61.1
2025-10-02,Germany,protest,30.0,-2.2,56.6
2025-10-02,Germany,crisis,32.9,-2.9,72.1
2025-10-02,Germany,negativity,29.6,-2.7,54.9
2025-10-03,Germany,protest,29.2,-2.6,64.9
2025-10-03,Germany,crisis,31.7,-2.2,67.0
2025-10-03,Germany,negativity,29.4,-2.5,60.5
2025-10-04,Germany,protest,27.0,-2.7,64.2
2025-10-04,Germany,crisis,27.3,-2.0,52.4
2025-10-04,Germany,negativity,29.7,-2.2,62.2
2025-10-05,Germany,protest,26.0,-3.0,49.3
2025-10-05,Germany,crisis,27.2,-2.4,59.7
2025-10-05,Germany,negativity,25.8,-2.4,49.2
2025-10-06,Germany,protest,25.5,-3.0,48.7
2025-10-06,Germany,crisis,30.7,-2.5,66.5
2025-10-06,Germany,negativity,28.2,-3.2,67.7
2025-10-07,Germany,protest,26.1,-2.0,58.4
2025-10-07,Germany,crisis,28.5,-2.9,68.3
2025-10-07,Germany,negativity,26.6,-3.1,57.4
2025-10-08,Germany,protest,27.9,-1.9,70.4
2025-10-08,Germany,crisis,30.6,-2.9,58.1
2025-10-08,Germany,negativity,32.1,-3.3,59.3
2025-10-09,Germany,protest,27.6,-2.4,64.2
2025-10-09,Germany,crisis,31.9,-2.7,72.6
2025-10-09,Germany,negativity,30.9,-2.2,75.7
2025-10-10,Germany,protest,27.8,-2.7,65.7
2025-10-10,Germany,crisis,31.4,-3.5,75.3
2025-10-10,Germany,negativity,28.5,-3.0,60.2
2025-10-11,Germany,protest,24.6,-2.5,67.2
2025-10-11,Germany,crisis,29.7,-3.4,68.4
2025-10-11,Germany,negativity,27.6,-3.2,62.0
2025-10-12,Germany,protest,23.9,-2.4,52.1
2025-10-12,Germany,crisis,28.8,-3.2,56.9
2025-10-12,Germany,negativity,29.3,-2.3,53.7
2025-10-13,Germany,protest,24.5,-1.7,56.1
2025-10-13,Germany,crisis,29.3,-2.7,53.6
2025-10-13,Germany,negativity,29.7,-2.4,59.7
2025-10-14,Germany,protest,27.5,-2.7,53.8
2025-10-14,Germany,crisis,30.4,-2.7,66.6
2025-10-14,Germany,negativity,29.0,-2.4,66.7
2025-10-15,Germany,protest,28.1,-2.0,57.1
2025-10-15,Germany,crisis,33.7,-3.2,71.3
2025-10-15,Germany,negativity,29.3,-2.8,73.7
2025-10-16,Germany,protest,30.0,-2.7,54.1
2025-10-16,Germany,crisis,35.1,-3.5,69.5
2025-10-16,Germany,negativity,32.2,-3.3,67.7
2025-10-17,Germany,protest,28.7,-2.4,59.3
2025-10-17,Germany,crisis,35.4,-3.8,67.5
2025-10-17,Germany,negativity,33.7,-3.2,69.1
2025-10-18,Germany,protest,28.0,-2.2,64.8
2025-10-18,Germany,crisis,32.2,-3.2,65.5
2025-10-18,Germany,negativity,30.1,-2.1,68.3
2025-10-19,Germany,protest,28.1,-2.9,68.8
2025-10-19,Germany,crisis,28.7,-1.9,52.4
2025-10-19,Germany,negativity,30.2,-2.3,67.4
2025-10-20,Germany,protest,30.3,-2.6,61.1
2025-10-20,Germany,crisis,31.8,-2.3,70.7
2025-10-20,Germany,negativity,31.0,-2.4,63.9
2025-10-21,Germany,protest,28.8,-3.2,68.8
2025-10-21,Germany,crisis,34.5,-3.0,77.8
2025-10-21,Germany,negativity,32.0,-3.5,68.1
2025-10-22,Germany,protest,29.9,-3.3,73.5
2025-10-22,Germany,crisis,34.1,-3.0,73.3
2025-10-22,Germany,negativity,32.2,-3.0,68.2
2025-10-23,Germany,protest,33.1,-3.2,76.5
2025-10-23,Germany,crisis,36.1,-2.9,77.9
2025-10-23,Germany,negativity,33.2,-3.4,63.7
2025-10-24,Germany,protest,31.4,-2.6,78.0
2025-10-24,Germany,crisis,33.5,-3.3,64.8
2025-10-24,Germany,negativity,33.7,-3.3,77.3
2025-10-25,Germany,protest,29.4,-3.2,71.2
2025-10-25,Germany,crisis,32.1,-2.7,77.9
2025-10-25,Germany,negativity,30.9,-3.1,67.6
2025-10-26,Germany,protest,31.0,-3.0,64.0
2025-10-26,Germany,crisis,31.3,-3.1,58.1
2025-10-26,Germany,negativity,28.7,-2.0,64.2
2025-10-27,Germany,protest,31.5,-3.2,74.1
2025-10-27,Germany,crisis,33.5,-3.7,66.2
2025-10-27,Germany,negativity,34.1,-3.4,72.1
2025-10-28,Germany,protest,30.7,-2.4,66.4
2025-10-28,Germany,crisis,33.1,-3.7,70.5
2025-10-28,Germany,negativity,31.5,-2.6,69.9
2025-10-29,Germany,protest,31.2,-2.8,66.8
2025-10-29,Germany,crisis,35.2,-2.8,69.9
2025-10-29,Germany,negativity,36.4,-2.9,66.8
2025-10-30,Germany,protest,33.9,-3.2,64.3
2025-10-30,Germany,crisis,40.2,-4.0,79.5
2025-10-30,Germany,negativity,35.3,-2.8,64.9
2025-10-31,Germany,protest,32.6,-3.5,70.5
2025-10-31,Germany,crisis,36.9,-3.8,83.2
2025-10-31,Germany,negativity,37.5,-3.9,85.0
2025-11-01,Germany,protest,30.9,-2.1,67.7
2025-11-01,Germany,crisis,37.4,-2.7,84.9
2025-11-01,Germany,negativity,33.6,-2.8,70.9
2025-11-02,Germany,protest,32.2,-3.3,61.0
2025-11-02,Germany,crisis,32.7,-2.3,65.0
2025-11-02,Germany,negativity,33.1,-3.4,65.4
2025-11-03,Germany,protest,32.7,-3.1,74.4
2025-11-03,Germany,crisis,35.1,-3.5,70.6
2025-11-03,Germany,negativity,31.9,-2.4,78.9
2025-11-04,Germany,protest,32.8,-2.8,68.7
2025-11-04,Germany,crisis,35.8,-3.7,66.1
2025-11-04,Germany,negativity,37.5,-3.2,76.4
2025-11-05,Germany,protest,36.2,-3.9,79.3
2025-11-05,Germany,crisis,40.8,-4.3,85.1
2025-11-05,Germany,negativity,38.4,-4.0,79.5
2025-11-06,Germany,protest,35.5,-3.8,74.7
2025-11-06,Germany,crisis,41.6,-3.9,86.2
2025-11-06,Germany,negativity,36.4,-3.6,80.4
2025-11-07,Germany,protest,33.7,-3.0,69.7
2025-11-07,Germany,crisis,38.9,-4.0,78.5
2025-11-07,Germany,negativity,35.4,-3.3,68.7
2025-11-08,Germany,protest,34.0,-3.7,82.1
2025-11-08,Germany,crisis,35.0,-2.6,74.6
2025-11-08,Germany,negativity,34.9,-2.6,66.3
2025-11-09,Germany,protest,31.5,-2.7,59.0
2025-11-09,Germany,crisis,36.5,-3.3,69.7
2025-11-09,Germany,negativity,33.9,-2.9,68.9
2025-11-10,Germany,protest,35.6,-3.6,74.5
2025-11-10,Germany,crisis,38.3,-4.1,82.3
2025-11-10,Germany,negativity,33.8,-3.1,69.9
2025-11-11,Germany,protest,36.9,-2.9,83.0
2025-11-11,Germany,crisis,40.2,-3.9,75.8
2025-11-11,Germany,negativity,35.0,-2.5,70.4
2025-11-12,Germany,protest,36.8,-3.3,78.9
2025-11-12,Germany,crisis,38.3,-3.1,82.0
2025-11-12,Germany,negativity,40.2,-3.2,75.4
2025-11-13,Germany,protest,35.2,-3.1,74.3
2025-11-13,Germany,crisis,40.6,-4.2,82.8
2025-11-13,Germany,negativity,38.3,-3.0,71.3
2025-11-14,Germany,protest,38.0,-3.7,71.3
2025-11-14,Germany,crisis,41.5,-3.9,90.0
2025-11-14,Germany,negativity,39.7,-3.7,84.3
2025-11-15,Germany,protest,36.5,-3.7,66.3
2025-11-15,Germany,crisis,37.2,-2.8,75.8
2025-11-15,Germany,negativity,37.6,-3.6,68.5
2025-11-16,Germany,protest,32.3,-2.8,72.6
2025-11-16,Germany,crisis,36.0,-3.4,82.3
2025-11-16,Germany,negativity,37.0,-3.8,69.7
2025-11-17,Germany,protest,33.6,-3.1,61.6
2025-11-17,Germany,crisis,38.5,-3.7,71.1
2025-11-17,Germany,negativity,35.9,-2.9,64.4
2025-11-18,Germany,protest,38.1,-3.6,80.2
2025-11-18,Germany,crisis,39.7,-4.0,74.1
2025-11-18,Germany,negativity,39.1,-4.0,78.5
2025-11-19,Germany,protest,37.6,-3.7,86.1
2025-11-19,Germany,crisis,40.3,-3.0,84.4
2025-11-19,Germany,negativity,38.8,-3.6,83.6
2025-11-20,Germany,protest,37.4,-3.4,75.2
2025-11-20,Germany,crisis,40.5,-3.1,86.0
2025-11-20,Germany,negativity,37.8,-3.0,82.4
2025-11-21,Germany,protest,36.9,-3.1,75.2
2025-11-21,Germany,crisis,41.7,-3.9,73.8
2025-11-21,Germany,negativity,40.6,-4.2,81.1
2025-11-22,Germany,protest,35.5,-3.4,71.7
2025-11-22,Germany,crisis,38.5,-3.2,81.6
2025-11-22,Germany,negativity,37.7,-2.9,79.5
2025-11-23,Germany,protest,34.1,-3.7,76.5
2025-11-23,Germany,crisis,39.0,-3.4,88.7
2025-11-23,Germany,negativity,36.5,-3.1,73.9
2025-11-24,Germany,protest,33.3,-3.4,62.9
2025-11-24,Germany,crisis,40.4,-3.6,76.9
2025-11-24,Germany,negativity,35.1,-3.5,64.4
2025-11-25,Germany,protest,34.3,-2.7,82.3
2025-11-25,Germany,crisis,41.7,-3.6,76.0
2025-11-25,Germany,negativity,36.3,-3.6,65.7
2025-11-26,Germany,protest,38.9,-3.6,71.9
2025-11-26,Germany,crisis,40.3,-4.1,87.4
2025-11-26,Germany,negativity,38.2,-3.7,79.7
2025-11-27,Germany,protest,38.1,-3.1,86.1
2025-11-27,Germany,crisis,41.4,-4.3,78.7
2025-11-27,Germany,negativity,41.7,-3.3,75.5
2025-11-28,Germany,protest,35.8,-3.5,79.6
2025-11-28,Germany,crisis,42.5,-3.5,87.2
2025-11-28,Germany,negativity,41.0,-3.8,75.8
2025-11-29,Germany,protest,34.1,-2.6,77.6
2025-11-29,Germany,crisis,42.0,-3.6,87.8
2025-11-29,Germany,negativity,39.2,-3.1,84.5
2025-11-30,Germany,protest,32.9,-3.0,72.7
2025-11-30,Germany,crisis,41.0,-4.4,79.5
2025-11-30,Germany,negativity,35.4,-3.0,80.0
2025-12-01,Germany,protest,34.5,-3.1,78.2
2025-12-01,Germany,crisis,37.5,-4.1,87.6
2025-12-01,Germany,negativity,39.4,-3.4,71.3
2025-12-02,Germany,protest,36.0,-2.7,64.9
2025-12-02,Germany,crisis,42.8,-3.3,91.8
2025-12-02,Germany,negativity,38.3,-4.0,79.1
2025-12-03,Germany,protest,39.4,-3.9,82.5
2025-12-03,Germany,crisis,42.9,-4.2,77.5
2025-12-03,Germany,negativity,39.1,-3.7,87.5
2025-12-04,Germany,protest,40.1,-3.4,90.3
2025-12-04,Germany,crisis,43.2,-3.7,77.6
2025-12-04,Germany,negativity,38.8,-3.0,68.8
2025-12-05,Germany,protest,37.5,-3.2,83.8
2025-12-05,Germany,crisis,40.4,-3.4,71.8
2025-12-05,Germany,negativity,41.5,-3.2,82.1
2025-12-06,Germany,protest,37.6,-3.5,67.6
2025-12-06,Germany,crisis,37.9,-3.1,68.3
2025-12-06,Germany,negativity,39.4,-4.2,82.5
2025-12-07,Germany,protest,37.3,-4.0,68.5
2025-12-07,Germany,crisis,37.8,-3.1,85.1
2025-12-07,Germany,negativity,34.9,-3.2,65.1
2025-12-08,Germany,protest,33.8,-3.2,62.3
2025-12-08,Germany,crisis,37.5,-3.1,83.4
2025-12-08,Germany,negativity,36.3,-3.3,82.4
2025-12-09,Germany,protest,35.0,-2.8,70.6
2025-12-09,Germany,crisis,40.1,-3.0,76.6
2025-12-09,Germany,negativity,37.7,-3.3,86.7
2025-12-10,Germany,protest,39.9,-3.8,83.2
2025-12-10,Germany,crisis,43.5,-4.2,76.8
2025-12-10,Germany,negativity,39.0,-4.2,70.6
2025-12-11,Germany,protest,39.5,-3.2,72.1
2025-12-11,Germany,crisis,41.7,-4.0,80.7
2025-12-11,Germany,negativity,40.2,-3.6,84.5
2025-12-12,Germany,protest,37.8,-2.8,80.8
2025-12-12,Germany,crisis,41.1,-3.4,90.6
2025-12-12,Germany,negativity,38.1,-4.0,74.2
2025-12-13,Germany,protest,36.8,-2.9,81.3
2025-12-13,Germany,crisis,40.5,-3.8,86.3
2025-12-13,Germany,negativity,39.7,-3.6,87.9
2025-12-14,Germany,protest,37.1,-4.0,83.3
2025-12-14,Germany,crisis,38.3,-3.1,82.9
2025-12-14,Germany,negativity,37.3,-2.7,78.6
2025-12-15,Germany,protest,34.4,-2.6,82.0
2025-12-15,Germany,crisis,38.0,-3.7,88.2
2025-12-15,Germany,negativity,39.0,-3.7,86.7
2025-12-16,Germany,protest,38.4,-3.1,88.9
2025-12-16,Germany,crisis,39.8,-3.1,86.1
2025-12-16,Germany,negativity,39.4,-3.1,83.0
2025-12-17,Germany,protest,37.8,-2.9,86.9
2025-12-17,Germany,crisis,41.9,-4.5,85.9
2025-12-17,Germany,negativity,39.9,-3.6,77.0
2025-12-18,Germany,protest,40.6,-4.3,72.0
2025-12-18,Germany,crisis,44.7,-3.4,92.2
2025-12-18,Germany,negativity,39.6,-3.1,85.0
2025-12-19,Germany,protest,38.5,-3.2,89.6
2025-12-19,Germany,crisis,39.7,-3.7,83.8
2025-12-19,Germany,negativity,41.0,-3.4,83.3
2025-12-20,Germany,protest,35.3,-3.3,83.1
2025-12-20,Germany,crisis,39.5,-4.2,79.7
2025-12-20,Germany,negativity,40.0,-3.9,91.8
2025-12-21,Germany,protest,33.6,-2.5,69.0
2025-12-21,Germany,crisis,37.2,-3.5,72.5
2025-12-21,Germany,negativity,37.1,-3.4,70.7
2025-12-22,Germany,protest,36.6,-2.6,71.2
2025-12-22,Germany,crisis,38.9,-3.4,81.3
2025-12-22,Germany,negativity,38.2,-3.0,85.6
2025-12-23,Germany,protest,37.4,-2.8,78.5
2025-12-23,Germany,crisis,38.9,-3.2,72.3
2025-12-23,Germany,negativity,38.1,-3.6,83.7
2025-12-24,Germany,protest,38.0,-2.9,71.6
2025-12-24,Germany,crisis,44.3,-3.5,87.7
2025-12-24,Germany,negativity,38.3,-3.4,88.4
2025-12-25,Germany,protest,37.1,-3.1,72.2
2025-12-25,Germany,crisis,42.8,-3.2,77.9
2025-12-25,Germany,negativity,41.3,-4.2,84.4
2025-12-26,Germany,protest,37.1,-3.6,73.9
2025-12-26,Germany,crisis,41.5,-3.8,92.5
2025-12-26,Germany,negativity,38.1,-2.9,73.8
2025-12-27,Germany,protest,36.3,-3.8,83.1
2025-12-27,Germany,crisis,41.4,-3.1,73.7
2025-12-27,Germany,negativity,36.9,-3.4,70.0
2025-12-28,Germany,protest,34.8,-3.3,80.7
2025-12-28,Germany,crisis,37.0,-3.3,83.7
2025-12-28,Germany,negativity,36.6,-3.1,66.2
2025-12-29,Germany,protest,36.6,-2.9,72.4
2025-12-29,Germany,crisis,38.1,-4.0,86.8
2025-12-29,Germany,negativity,39.1,-3.3,71.4
2025-12-30,Germany,protest,37.4,-3.8,86.4
2025-12-30,Germany,crisis,41.5,-4.4,75.3
2025-12-30,Germany,negativity,38.2,-3.2,74.1
2025-12-31,Germany,protest,40.2,-3.5,92.1
2025-12-31,Germany,crisis,43.1,-4.0,79.2
2025-12-31,Germany,negativity,39.9,-4.0,89.1
2026-01-01,Germany,protest,38.6,-3.8,78.0
2026-01-01,Germany,crisis,44.9,-4.6,99.6
2026-01-01,Germany,negativity,42.1,-4.1,80.8
2026-01-02,Germany,protest,37.1,-2.8,70.4
2026-01-02,Germany,crisis,41.2,-4.3,80.3
2026-01-02,Germany,negativity,40.0,-3.7,79.0
2026-01-03,Germany,protest,37.5,-3.9,83.5
2026-01-03,Germany,crisis,37.5,-2.8,75.2
2026-01-03,Germany,negativity,35.5,-2.6,68.3
2026-01-04,Germany,protest,36.5,-3.9,85.5
2026-01-04,Germany,crisis,36.8,-3.4,85.3
2026-01-04,Germany,negativity,34.4,-3.6,74.8
2026-01-05,Germany,protest,35.2,-3.3,71.8
2026-01-05,Germany,crisis,40.7,-3.5,72.1
2026-01-05,Germany,negativity,35.7,-3.7,73.3
2026-01-06,Germany,protest,37.1,-3.0,76.7
2026-01-06,Germany,crisis,40.7,-4.1,88.0
2026-01-06,Germany,negativity,39.1,-4.2,84.4
2026-01-07,Germany,protest,39.4,-3.8,71.3
2026-01-07,Germany,crisis,41.1,-4.2,78.6
2026-01-07,Germany,negativity,40.0,-3.8,86.4
2026-01-08,Germany,protest,35.5,-3.1,81.5
2026-01-08,Germany,crisis,42.5,-3.3,93.1
2026-01-08,Germany,negativity,39.4,-2.9,72.0
2026-01-09,Germany,protest,34.9,-3.2,64.7
2026-01-09,Germany,crisis,40.5,-3.0,80.8
2026-01-09,Germany,negativity,38.0,-3.6,67.0
2026-01-10,Germany,protest,36.3,-3.4,85.2
2026-01-10,Germany,crisis,36.8,-3.6,67.8
2026-01-10,Germany,negativity,35.4,-2.8,81.7
2026-01-11,Germany,protest,33.0,-2.7,67.6
2026-01-11,Germany,crisis,36.5,-3.1,70.9
2026-01-11,Germany,negativity,36.3,-2.9,72.0
2026-01-12,Germany,protest,36.1,-3.1,80.0
2026-01-12,Germany,crisis,40.4,-4.2,73.7
2026-01-12,Germany,negativity,37.5,-2.8,68.8
2026-01-13,Germany,protest,34.4,-2.5,62.2
2026-01-13,Germany,crisis,39.8,-2.9,89.3
2026-01-13,Germany,negativity,37.2,-3.2,78.3
2026-01-14,Germany,protest,38.6,-3.0,82.9
2026-01-14,Germany,crisis,42.4,-3.2,86.1
2026-01-14,Germany,negativity,39.6,-3.0,76.6
2026-01-15,Germany,protest,36.1,-3.8,75.7
2026-01-15,Germany,crisis,40.5,-3.2,85.4
2026-01-15,Germany,negativity,39.2,-3.2,73.0
2026-01-16,Germany,protest,36.2,-3.1,80.9
2026-01-16,Germany,crisis,38.5,-3.9,83.8
2026-01-16,Germany,negativity,39.3,-4.1,77.8
2026-01-17,Germany,protest,33.6,-3.1,63.8
2026-01-17,Germany,crisis,38.1,-3.8,88.8
2026-01-17,Germany,negativity,35.3,-3.1,83.3
2026-01-18,Germany,protest,32.4,-2.7,79.7
2026-01-18,Germany,crisis,36.1,-3.0,66.3
2026-01-18,Germany,negativity,37.6,-2.8,78.8
2026-01-19,Germany,protest,34.0,-3.5,76.3
2026-01-19,Germany,crisis,36.0,-3.6,76.4
2026-01-19,Germany,negativity,38.1,-3.7,82.6
2026-01-20,Germany,protest,36.3,-3.8,65.6
2026-01-20,Germany,crisis,37.2,-3.2,75.2
2026-01-20,Germany,negativity,35.9,-3.6,63.8
2026-01-21,Germany,protest,38.3,-3.2,75.7
2026-01-21,Germany,crisis,39.8,-4.1,77.9
2026-01-21,Germany,negativity,39.6,-3.0,84.2
2026-01-22,Germany,protest,36.9,-3.9,86.8
2026-01-22,Germany,crisis,42.6,-4.3,88.7
2026-01-22,Germany,negativity,38.6,-3.3,79.0
2026-01-23,Germany,protest,36.3,-3.6,68.9
2026-01-23,Germany,crisis,38.3,-2.9,68.6
2026-01-23,Germany,negativity,36.9,-3.4,82.8
2026-01-24,Germany,protest,32.2,-3.4,66.3
2026-01-24,Germany,crisis,39.8,-3.4,88.0
2026-01-24,Germany,negativity,35.1,-3.0,75.5
2026-01-25,Germany,protest,35.4,-3.3,65.2
2026-01-25,Germany,crisis,36.2,-3.7,79.8
2026-01-25,Germany,negativity,33.0,-3.2,60.1
2026-01-26,Germany,protest,34.7,-2.5,61.9
2026-01-26,Germany,crisis,38.6,-3.4,82.2
2026-01-26,Germany,negativity,37.0,-4.0,85.6
2026-01-27,Germany,protest,37.7,-3.3,73.4
2026-01-27,Germany,crisis,38.8,-3.6,69.1
2026-01-27,Germany,negativity,36.8,-2.7,68.6
2026-01-28,Germany,protest,35.9,-3.6,73.0
2026-01-28,Germany,crisis,38.4,-2.8,85.4
2026-01-28,Germany,negativity,41.1,-4.4,91.0
2026-01-29,Germany,protest,36.6,-2.7,64.8
2026-01-29,Germany,crisis,43.0,-4.4,93.8
2026-01-29,Germany,negativity,38.5,-3.2,70.1
2026-01-30,Germany,protest,37.9,-3.8,75.9
2026-01-30,Germany,crisis,40.9,-4.2,88.9
2026-01-30,Germany,negativity,39.2,-3.9,86.0
2026-01-31,Germany,protest,33.5,-3.5,70.9
2026-01-31,Germany,crisis,37.7,-3.1,87.6
2026-01-31,Germany,negativity,36.1,-3.5,74.8
2026-02-01,Germany,protest,33.0,-2.6,67.9
2026-02-01,Germany,crisis,38.4,-3.8,67.7
2026-02-01,Germany,negativity,35.9,-2.6,70.6
2026-02-02,Germany,protest,35.1,-2.8,73.7
2026-02-02,Germany,crisis,36.8,-3.1,67.0
2026-02-02,Germany,negativity,37.5,-3.1,76.2
2026-02-03,Germany,protest,33.2,-3.4,81.0
2026-02-03,Germany,crisis,41.2,-3.4,77.2
2026-02-03,Germany,negativity,38.7,-3.5,74.2
2026-02-04,Germany,protest,37.0,-4.0,71.1
2026-02-04,Germany,crisis,39.1,-4.0,78.6
2026-02-04,Germany,negativity,39.8,-3.8,87.8
2026-02-05,Germany,protest,36.2,-2.8,69.1
2026-02-05,Germany,crisis,39.0,-4.1,84.9
2026-02-05,Germany,negativity,37.2,-2.7,83.7
2026-02-06,Germany,protest,36.1,-2.7,71.4
2026-02-06,Germany,crisis,38.3,-3.1,87.6
2026-02-06,Germany,negativity,39.4,-2.9,74.9
2026-02-07,Germany,protest,33.5,-2.5,71.3
2026-02-07,Germany,crisis,37.3,-3.1,70.8
2026-02-07,Germany,negativity,37.4,-3.3,76.8
2026-02-08,Germany,protest,33.7,-3.2,63.3
2026-02-08,Germany,crisis,35.5,-2.7,82.4
2026-02-08,Germany,negativity,33.7,-2.5,72.4
2026-02-09,Germany,protest,36.1,-2.9,85.2
2026-02-09,Germany,crisis,38.2,-2.9,88.8
2026-02-09,Germany,negativity,34.6,-2.5,71.0
2026-02-10,Germany,protest,37.0,-4.0,80.4
2026-02-10,Germany,crisis,38.4,-3.1,85.1
2026-02-10,Germany,negativity,38.3,-2.8,78.3
2026-02-11,Germany,protest,37.9,-4.0,71.3
2026-02-11,Germany,crisis,38.6,-3.6,83.0
2026-02-11,Germany,negativity,37.5,-3.3,87.4
2026-02-12,Germany,protest,35.2,-2.7,76.8
2026-02-12,Germany,crisis,41.9,-3.5,79.8
2026-02-12,Germany,negativity,40.8,-3.8,83.7
2026-02-13,Germany,protest,34.4,-3.1,69.5
2026-02-13,Germany,crisis,39.6,-3.0,73.5
2026-02-13,Germany,negativity,39.6,-3.7,74.8
2026-02-14,Germany,protest,31.9,-2.9,72.3
2026-02-14,Germany,crisis,38.9,-3.7,73.2
2026-02-14,Germany,negativity,36.5,-3.7,73.0
2026-02-15,Germany,protest,31.4,-2.2,59.5
2026-02-15,Germany,crisis,39.0,-3.8,81.9
2026-02-15,Germany,negativity,36.1,-2.6,85.0
2026-02-16,Germany,protest,34.6,-2.5,69.1
2026-02-16,Germany,crisis,35.2,-2.8,74.3
2026-02-16,Germany,negativity,32.9,-2.5,66.6
2026-02-17,Germany,protest,36.6,-3.3,86.4
2026-02-17,Germany,crisis,37.3,-3.4,67.0
2026-02-17,Germany,negativity,37.3,-3.1,68.5
2026-02-18,Germany,protest,34.4,-3.5,77.1
2026-02-18,Germany,crisis,40.1,-4.1,81.0
2026-02-18,Germany,negativity,37.5,-3.2,78.2
2026-02-19,Germany,protest,38.6,-3.8,87.6
2026-02-19,Germany,crisis,42.5,-3.7,83.8
2026-02-19,Germany,negativity,37.8,-3.8,69.4
2026-02-20,Germany,protest,34.5,-3.2,75.7
2026-02-20,Germany,crisis,37.6,-4.0,67.5
2026-02-20,Germany,negativity,38.5,-2.9,84.4
2026-02-21,Germany,protest,34.6,-3.6,80.0
2026-02-21,Germany,crisis,38.9,-4.2,73.0
2026-02-21,Germany,negativity,34.9,-2.9,76.9
2026-02-22,Germany,protest,32.2,-3.6,69.0
2026-02-22,Germany,crisis,37.9,-3.3,88.6
2026-02-22,Germany,negativity,32.6,-2.4,60.6
2026-02-23,Germany,protest,31.0,-2.6,59.8
2026-02-23,Germany,crisis,36.4,-3.6,64.9
2026-02-23,Germany,negativity,34.5,-3.4,73.8
2026-02-24,Germany,protest,32.1,-2.3,59.7
2026-02-24,Germany,crisis,38.9,-3.4,77.2
2026-02-24,Germany,negativity,33.3,-2.9,81.2
2026-02-25,Germany,protest,34.4,-3.5,74.5
2026-02-25,Germany,crisis,38.9,-3.2,84.5
2026-02-25,Germany,negativity,38.6,-3.8,74.1
2026-02-26,Germany,protest,32.8,-2.4,64.0
2026-02-26,Germany,crisis,39.2,-3.0,83.9
2026-02-26,Germany,negativity,35.6,-3.4,68.5
2026-02-27,Germany,protest,35.9,-3.6,65.0
2026-02-27,Germany,crisis,36.1,-3.3,64.7
2026-02-27,Germany,negativity,33.5,-2.5,70.6
2026-02-28,Germany,protest,32.8,-3.6,69.6
2026-02-28,Germany,crisis,36.1,-2.6,70.0
2026-02-28,Germany,negativity,34.2,-2.9,77.6
2026-03-01,Germany,protest,32.8,-3.4,61.7
2026-03-01,Germany,crisis,34.8,-2.7,82.2
2026-03-01,Germany,negativity,31.3,-2.5,74.2
2026-03-02,Germany,protest,28.8,-2.2,65.9
2026-03-02,Germany,crisis,34.7,-3.1,76.4
2026-03-02,Germany,negativity,31.2,-2.3,58.4
2026-03-03,Germany,protest,31.4,-3.0,66.7
2026-03-03,Germany,crisis,33.7,-3.4,77.7
2026-03-03,Germany,negativity,32.4,-2.5,74.4
2026-03-04,Germany,protest,33.7,-2.7,78.8
2026-03-04,Germany,crisis,36.1,-2.7,80.6
2026-03-04,Germany,negativity,35.3,-3.4,67.1
2026-03-05,Germany,protest,31.6,-2.3,67.2
2026-03-05,Germany,crisis,35.7,-3.5,78.7
2026-03-05,Germany,negativity,36.3,-3.5,80.0
2026-03-06,Germany,protest,31.7,-2.9,60.7
2026-03-06,Germany,crisis,34.8,-3.4,70.8
2026-03-06,Germany,negativity,34.2,-2.8,72.0
2026-03-07,Germany,protest,32.1,-3.0,73.4
2026-03-07,Germany,crisis,35.3,-3.8,78.1
2026-03-07,Germany,negativity,30.5,-3.1,61.4
2026-03-08,Germany,protest,26.8,-2.3,69.0
2026-03-08,Germany,crisis,32.4,-2.7,70.7
2026-03-08,Germany,negativity,29.2,-3.3,62.6
2026-03-09,Germany,protest,30.2,-3.2,73.3
2026-03-09,Germany,crisis,31.8,-2.7,73.5
2026-03-09,Germany,negativity,32.1,-2.3,71.5
2026-03-10,Germany,protest,29.7,-3.1,59.8
2026-03-10,Germany,crisis,33.2,-3.4,80.6
2026-03-10,Germany,negativity,33.0,-3.3,62.8
2026-03-11,Germany,protest,33.8,-3.1,75.9
2026-03-11,Germany,crisis,36.1,-2.7,77.3
2026-03-11,Germany,negativity,34.5,-3.6,79.2
2026-03-12,Germany,protest,32.3,-2.5,67.3
2026-03-12,Germany,crisis,33.5,-3.4,68.6
2026-03-12,Germany,negativity,33.8,-3.4,60.9
2026-03-13,Germany,protest,32.2,-2.6,64.2
2026-03-13,Germany,crisis,35.7,-3.2,79.7
2026-03-13,Germany,negativity,32.6,-2.6,75.9
2026-03-14,Germany,protest,29.4,-2.0,70.0
2026-03-14,Germany,crisis,33.6,-2.8,69.7
2026-03-14,Germany,negativity,28.2,-2.6,56.8
2026-03-15,Germany,protest,27.9,-2.9,66.5
2026-03-15,Germany,crisis,32.5,-2.5,58.7
2026-03-15,Germany,negativity,28.8,-3.1,59.9
2026-03-16,Germany,protest,25.3,-1.8,61.5
2026-03-16,Germany,crisis,31.3,-2.2,76.2
2026-03-16,Germany,negativity,31.4,-3.5,64.5
2026-03-17,Germany,protest,30.7,-3.0,72.4
2026-03-17,Germany,crisis,29.8,-2.3,63.5
2026-03-17,Germany,negativity,29.5,-2.0,56.8
2026-03-18,Germany,protest,31.1,-2.6,73.8
2026-03-18,Germany,crisis,34.5,-2.9,72.3
2026-03-18,Germany,negativity,32.6,-2.6,73.6
2026-03-19,Germany,protest,32.0,-2.3,69.6
2026-03-19,Germany,crisis,31.7,-2.3,71.2
2026-03-19,Germany,negativity,29.8,-2.5,54.3
2026-03-20,Germany,protest,29.2,-3.2,69.3
2026-03-20,Germany,crisis,33.4,-2.7,63.5
2026-03-20,Germany,negativity,32.2,-3.6,70.1
2026-03-21,Germany,protest,25.3,-2.8,52.7
2026-03-21,Germany,crisis,29.1,-2.5,70.7
2026-03-21,Germany,negativity,28.2,-2.1,69.0
2026-03-22,Germany,protest,26.0,-2.6,59.5
2026-03-22,Germany,crisis,28.7,-2.6,60.2
2026-03-22,Germany,negativity,29.1,-3.2,63.7
2026-03-23,Germany,protest,24.6,-2.2,59.1
2026-03-23,Germany,crisis,30.2,-2.3,54.8
2026-03-23,Germany,negativity,27.0,-2.9,54.8
2026-03-24,Germany,protest,28.5,-2.4,53.7
2026-03-24,Germany,crisis,30.2,-3.4,56.4
2026-03-24,Germany,negativity,27.6,-2.4,58.0
2026-03-25,Germany,protest,28.4,-2.8,71.3
2026-03-25,Germany,crisis,29.9,-2.4,68.2
2026-03-25,Germany,negativity,27.9,-2.2,70.1
2026-03-26,Germany,protest,29.2,-2.8,60.4
2026-03-26,Germany,crisis,30.3,-3.0,75.8
2026-03-26,Germany,negativity,31.7,-3.0,70.1
2026-03-27,Germany,protest,26.5,-3.1,52.1
2026-03-27,Germany,crisis,31.0,-2.5,73.2
2026-03-27,Germany,negativity,29.2,-3.0,56.3
2026-03-28,Germany,protest,24.7,-2.0,59.8
2026-03-28,Germany,crisis,30.3,-2.8,66.4
2026-03-28,Germany,negativity,25.3,-2.3,56.3
2026-03-29,Germany,protest,26.9,-2.3,55.6
2026-03-29,Germany,crisis,28.6,-2.3,58.6
2026-03-29,Germany,negativity,26.3,-2.9,59.9
2026-03-30,Germany,protest,23.6,-2.1,61.0
2026-03-30,Germany,crisis,26.3,-2.8,49.7
2026-03-30,Germany,negativity,25.3,-2.5,64.6
2026-03-31,Germany,protest,26.7,-2.9,63.4
2026-03-31,Germany,crisis,30.2,-3.2,66.7
2026-03-31,Germany,negativity,26.7,-3.1,52.7
2026-04-01,Germany,protest,26.3,-2.0,59.2
2026-04-01,Germany,crisis,32.7,-3.2,64.9
2026-04-01,Germany,negativity,27.9,-2.5,56.5
2026-04-02,Germany,protest,27.3,-3.1,53.8
2026-04-02,Germany,crisis,29.2,-2.1,72.1
2026-04-02,Germany,negativity,32.0,-3.0,67.7
2026-04-03,Germany,protest,29.2,-2.6,57.9
2026-04-03,Germany,crisis,28.3,-1.9,57.9
2026-04-03,Germany,negativity,28.5,-2.4,67.7
2026-04-04,Germany,protest,23.8,-2.6,63.4
2026-04-04,Germany,crisis,30.8,-3.1,61.4
2026-04-04,Germany,negativity,26.3,-3.0,63.5
2026-04-05,Germany,protest,24.3,-2.6,45.4
2026-04-05,Germany,crisis,25.6,-2.0,63.9
2026-04-05,Germany,negativity,27.9,-3.1,68.2
2026-04-06,Germany,protest,27.4,-2.1,70.2
2026-04-06,Germany,crisis,29.7,-3.1,60.0
2026-04-06,Germany,negativity,27.2,-2.0,62.7
2026-04-07,Germany,protest,27.5,-2.1,60.7
2026-04-07,Germany,crisis,29.3,-2.0,57.3
2026-04-07,Germany,negativity,26.0,-2.0,65.4
2026-04-08,Germany,protest,29.4,-3.3,56.6
2026-04-08,Germany,crisis,32.5,-2.4,65.6
2026-04-08,Germany,negativity,28.0,-3.0,53.8
2026-04-09,Germany,protest,27.5,-2.0,59.0
2026-04-09,Germany,crisis,30.7,-2.7,62.3
2026-04-09,Germany,negativity,30.8,-2.6,75.1
2026-04-10,Germany,protest,26.5,-2.0,66.1
2026-04-10,Germany,crisis,33.3,-3.1,75.4
2026-04-10,Germany,negativity,31.4,-2.5,71.3
2026-04-11,Germany,protest,28.1,-2.8,56.8
2026-04-11,Germany,crisis,29.3,-3.3,53.4
2026-04-11,Germany,negativity,26.8,-3.0,61.6
2026-04-12,Germany,protest,25.5,-2.6,55.1
2026-04-12,Germany,crisis,28.9,-3.1,66.1
2026-04-12,Germany,negativity,28.8,-2.5,56.2
2025-04-22,Israel,protest,58.8,-5.9,112.1
2025-04-22,Israel,crisis,65.3,-5.7,119.9
2025-04-22,Israel,negativity,64.9,-5.5,113.1
2025-04-23,Israel,protest,63.7,-5.9,114.2
2025-04-23,Israel,crisis,66.8,-5.4,123.2
2025-04-23,Israel,negativity,66.7,-5.5,126.7
2025-04-24,Israel,protest,65.1,-6.4,117.6
2025-04-24,Israel,crisis,70.7,-6.1,123.0
2025-04-24,Israel,negativity,64.2,-6.2,130.0
2025-04-25,Israel,protest,61.1,-6.1,120.8
2025-04-25,Israel,crisis,68.2,-6.1,120.3
2025-04-25,Israel,negativity,67.2,-6.1,128.8
2025-04-26,Israel,protest,60.5,-5.6,122.4
2025-04-26,Israel,crisis,65.2,-5.9,131.8
2025-04-26,Israel,negativity,62.5,-6.1,120.8
2025-04-27,Israel,protest,59.3,-5.9,101.3
2025-04-27,Israel,crisis,66.2,-6.4,122.7
2025-04-27,Israel,negativity,62.6,-5.9,120.9
2025-04-28,Israel,protest,60.9,-5.6,107.3
2025-04-28,Israel,crisis,65.1,-6.1,110.1
2025-04-28,Israel,negativity,62.4,-5.0,123.7
2025-04-29,Israel,protest,60.2,-5.4,104.2
2025-04-29,Israel,crisis,67.7,-5.8,115.1
2025-04-29,Israel,negativity,64.2,-5.6,114.2
2025-04-30,Israel,protest,62.0,-5.1,125.8
2025-04-30,Israel,crisis,72.0,-6.0,121.4
2025-04-30,Israel,negativity,65.9,-6.5,114.4
2025-05-01,Israel,protest,63.6,-5.7,123.9
2025-05-01,Israel,crisis,70.8,-6.1,129.4
2025-05-01,Israel,negativity,66.5,-5.5,117.1
2025-05-02,Israel,protest,62.6,-5.3,119.5
2025-05-02,Israel,crisis,71.0,-6.7,123.1
2025-05-02,Israel,negativity,65.4,-5.6,122.6
2025-05-03,Israel,protest,62.9,-6.2,118.9
2025-05-03,Israel,crisis,69.0,-6.3,135.4
2025-05-03,Israel,negativity,64.2,-5.9,122.5
2025-05-04,Israel,protest,62.3,-5.3,117.4
2025-05-04,Israel,crisis,70.6,-6.8,127.2
2025-05-04,Israel,negativity,63.9,-6.3,117.2
2025-05-05,Israel,protest,64.0,-5.4,111.4
2025-05-05,Israel,crisis,67.2,-6.0,132.9
2025-05-05,Israel,negativity,66.5,-5.5,126.0
2025-05-06,Israel,protest,63.0,-5.7,109.0
2025-05-06,Israel,crisis,72.5,-7.2,129.8
2025-05-06,Israel,negativity,65.5,-5.4,128.6
2025-05-07,Israel,protest,63.1,-5.7,110.9
2025-05-07,Israel,crisis,73.5,-6.0,140.7
2025-05-07,Israel,negativity,69.0,-6.6,137.8
2025-05-08,Israel,protest,65.7,-5.8,121.2
2025-05-08,Israel,crisis,73.9,-6.6,129.6
2025-05-08,Israel,negativity,69.3,-6.6,124.1
2025-05-09,Israel,protest,65.7,-5.4,130.4
2025-05-09,Israel,crisis,71.3,-6.5,133.4
2025-05-09,Israel,negativity,68.6,-5.9,122.9
2025-05-10,Israel,protest,63.7,-5.3,126.2
2025-05-10,Israel,crisis,70.2,-6.5,134.0
2025-05-10,Israel,negativity,67.0,-6.3,118.7
2025-05-11,Israel,protest,60.9,-5.3,109.2
2025-05-11,Israel,crisis,68.6,-6.8,123.2
2025-05-11,Israel,negativity,68.1,-6.0,133.8
2025-05-12,Israel,protest,61.4,-5.9,117.2
2025-05-12,Israel,crisis,69.5,-6.8,136.0
2025-05-12,Israel,negativity,66.7,-5.4,124.0
2025-05-13,Israel,protest,63.4,-6.1,116.6
2025-05-13,Israel,crisis,72.6,-6.9,143.1
2025-05-13,Israel,negativity,65.9,-5.8,126.8
2025-05-14,Israel,protest,65.4,-5.5,129.6
2025-05-14,Israel,crisis,74.2,-6.4,124.8
2025-05-14,Israel,negativity,71.0,-6.5,125.1
2025-05-15,Israel,protest,66.9,-6.5,114.4
2025-05-15,Israel,crisis,72.0,-6.1,138.4
2025-05-15,Israel,negativity,72.0,-7.1,140.0
2025-05-16,Israel,protest,64.0,-5.5,126.8
2025-05-16,Israel,crisis,73.6,-6.3,145.2
2025-05-16,Israel,negativity,70.4,-6.8,123.3
2025-05-17,Israel,protest,64.0,-6.0,123.3
2025-05-17,Israel,crisis,72.0,-7.2,122.0
2025-05-17,Israel,negativity,64.7,-5.5,118.4
2025-05-18,Israel,protest,61.2,-5.7,104.8
2025-05-18,Israel,crisis,70.8,-6.8,138.2
2025-05-18,Israel,negativity,67.0,-5.7,120.4
2025-05-19,Israel,protest,61.7,-5.2,121.7
2025-05-19,Israel,crisis,71.8,-5.9,121.6
2025-05-19,Israel,negativity,66.6,-6.3,114.6
2025-05-20,Israel,protest,62.6,-5.1,123.5
2025-05-20,Israel,crisis,71.4,-6.7,140.3
2025-05-20,Israel,negativity,67.0,-5.5,125.6
2025-05-21,Israel,protest,66.4,-5.5,133.1
2025-05-21,Israel,crisis,74.0,-6.3,128.8
2025-05-21,Israel,negativity,66.9,-6.7,130.3
2025-05-22,Israel,protest,68.0,-5.6,116.2
2025-05-22,Israel,crisis,71.9,-6.7,126.0
2025-05-22,Israel,negativity,69.8,-5.8,127.9
2025-05-23,Israel,protest,64.2,-6.2,119.0
2025-05-23,Israel,crisis,72.9,-7.3,140.2
2025-05-23,Israel,negativity,68.5,-5.9,131.6
2025-05-24,Israel,protest,60.7,-5.4,114.2
2025-05-24,Israel,crisis,71.5,-6.3,127.8
2025-05-24,Israel,negativity,67.8,-6.5,115.4
2025-05-25,Israel,protest,60.5,-5.2,115.0
2025-05-25,Israel,crisis,69.5,-6.7,120.7
2025-05-25,Israel,negativity,64.5,-5.4,129.8
2025-05-26,Israel,protest,60.4,-5.0,108.7
2025-05-26,Israel,crisis,67.9,-5.7,133.1
2025-05-26,Israel,negativity,66.2,-6.0,123.9
2025-05-27,Israel,protest,64.8,-5.4,115.4
2025-05-27,Israel,crisis,71.3,-6.2,134.2
2025-05-27,Israel,negativity,64.6,-5.6,125.4
2025-05-28,Israel,protest,65.1,-6.3,116.2
2025-05-28,Israel,crisis,72.6,-6.2,135.5
2025-05-28,Israel,negativity,67.2,-5.9,129.6
2025-05-29,Israel,protest,64.4,-5.7,125.3
2025-05-29,Israel,crisis,69.3,-6.3,133.4
2025-05-29,Israel,negativity,69.7,-6.6,126.5
2025-05-30,Israel,protest,65.2,-5.8,127.6
2025-05-30,Israel,crisis,69.5,-6.6,128.3
2025-05-30,Israel,negativity,65.0,-5.2,130.2
2025-05-31,Israel,protest,61.5,-5.6,106.2
2025-05-31,Israel,crisis,70.2,-6.3,121.3
2025-05-31,Israel,negativity,66.5,-6.7,119.1
2025-06-01,Israel,protest,60.3,-4.8,118.8
2025-06-01,Israel,crisis,67.5,-6.6,117.0
2025-06-01,Israel,negativity,64.4,-5.4,124.2
2025-06-02,Israel,protest,62.8,-6.2,113.4
2025-06-02,Israel,crisis,65.7,-6.4,123.3
2025-06-02,Israel,negativity,66.0,-5.7,120.4
2025-06-03,Israel,protest,61.5,-4.9,116.2
2025-06-03,Israel,crisis,67.2,-5.4,116.3
2025-06-03,Israel,negativity,66.1,-5.6,113.9
2025-06-04,Israel,protest,62.3,-5.3,111.1
2025-06-04,Israel,crisis,67.4,-6.1,125.1
2025-06-04,Israel,negativity,64.6,-5.9,109.6
2025-06-05,Israel,protest,62.8,-6.2,124.6
2025-06-05,Israel,crisis,67.6,-6.0,115.1
2025-06-05,Israel,negativity,68.4,-6.8,127.2
2025-06-06,Israel,protest,62.1,-6.2,113.5
2025-06-06,Israel,crisis,67.4,-5.6,126.2
2025-06-06,Israel,negativity,67.0,-6.0,135.1
2025-06-07,Israel,protest,59.9,-5.5,121.2
2025-06-07,Israel,crisis,65.4,-5.8,121.6
2025-06-07,Israel,negativity,63.2,-5.4,122.5
2025-06-08,Israel,protest,57.8,-5.3,118.0
2025-06-08,Israel,crisis,65.5,-5.8,130.4
2025-06-08,Israel,negativity,60.8,-5.2,125.0
2025-06-09,Israel,protest,56.6,-4.7,99.6
2025-06-09,Israel,crisis,66.4,-5.5,131.5
2025-06-09,Israel,negativity,61.8,-5.3,122.2
2025-06-10,Israel,protest,60.3,-5.1,108.6
2025-06-10,Israel,crisis,64.3,-5.4,120.7
2025-06-10,Israel,negativity,61.9,-5.8,125.3
2025-06-11,Israel,protest,62.4,-5.6,107.4
2025-06-11,Israel,crisis,70.1,-5.8,135.3
2025-06-11,Israel,negativity,64.9,-5.5,125.7
2025-06-12,Israel,protest,62.4,-5.4,119.1
2025-06-12,Israel,crisis,69.0,-5.6,122.0
2025-06-12,Israel,negativity,63.0,-5.5,110.6
2025-06-13,Israel,protest,61.5,-5.4,117.1
2025-06-13,Israel,crisis,67.4,-6.7,131.1
2025-06-13,Israel,negativity,65.5,-5.3,123.7
2025-06-14,Israel,protest,58.6,-5.2,102.2
2025-06-14,Israel,crisis,63.6,-5.5,119.8
2025-06-14,Israel,negativity,60.2,-5.6,111.0
2025-06-15,Israel,protest,54.8,-4.9,101.2
2025-06-15,Israel,crisis,61.4,-5.1,111.6
2025-06-15,Israel,negativity,59.6,-6.0,121.3
2025-06-16,Israel,protest,59.2,-5.6,114.2
2025-06-16,Israel,crisis,63.7,-5.9,125.7
2025-06-16,Israel,negativity,59.9,-4.8,118.2
2025-06-17,Israel,protest,60.5,-5.8,113.5
2025-06-17,Israel,crisis,63.3,-6.0,108.2
2025-06-17,Israel,negativity,61.5,-5.8,110.0
2025-06-18,Israel,protest,59.0,-5.2,109.0
2025-06-18,Israel,crisis,64.4,-5.5,120.6
2025-06-18,Israel,negativity,64.0,-6.4,119.3
2025-06-19,Israel,protest,58.5,-5.2,104.6
2025-06-19,Israel,crisis,65.0,-5.7,115.1
2025-06-19,Israel,negativity,64.4,-6.1,115.7
2025-06-20,Israel,protest,57.4,-5.1,113.4
2025-06-20,Israel,crisis,63.4,-5.4,111.3
2025-06-20,Israel,negativity,60.0,-5.8,113.8
2025-06-21,Israel,protest,57.6,-4.7,109.5
2025-06-21,Israel,crisis,65.2,-5.2,122.8
2025-06-21,Israel,negativity,59.2,-5.0,115.1
2025-06-22,Israel,protest,54.8,-4.7,111.3
2025-06-22,Israel,crisis,62.3,-5.2,117.1
2025-06-22,Israel,negativity,58.1,-4.8,109.1
2025-06-23,Israel,protest,56.5,-5.3,113.9
2025-06-23,Israel,crisis,61.7,-5.5,112.2
2025-06-23,Israel,negativity,58.6,-5.2,100.4
2025-06-24,Israel,protest,58.1,-5.2,103.3
2025-06-24,Israel,crisis,64.8,-6.2,123.3
2025-06-24,Israel,negativity,62.8,-5.8,110.5
2025-06-25,Israel,protest,58.5,-5.2,118.8
2025-06-25,Israel,crisis,65.8,-6.2,124.4
2025-06-25,Israel,negativity,62.0,-5.7,123.7
2025-06-26,Israel,protest,61.8,-6.2,121.7
2025-06-26,Israel,crisis,64.5,-6.4,122.1
2025-06-26,Israel,negativity,65.2,-6.4,112.8
2025-06-27,Israel,protest,57.7,-5.2,119.0
2025-06-27,Israel,crisis,65.4,-5.4,112.4
2025-06-27,Israel,negativity,62.1,-6.2,110.8
2025-06-28,Israel,protest,56.6,-5.1,99.3
2025-06-28,Israel,crisis,64.0,-6.2,125.3
2025-06-28,Israel,negativity,61.6,-5.6,119.3
2025-06-29,Israel,protest,58.4,-4.8,119.5
2025-06-29,Israel,crisis,64.0,-6.0,114.4
2025-06-29,Israel,negativity,61.6,-6.0,116.3
2025-06-30,Israel,protest,58.8,-5.2,103.3
2025-06-30,Israel,crisis,61.1,-5.9,123.1
2025-06-30,Israel,negativity,60.4,-5.9,124.3
2025-07-01,Israel,protest,60.0,-5.5,104.6
2025-07-01,Israel,crisis,66.6,-5.4,124.5
2025-07-01,Israel,negativity,61.8,-5.1,118.6
2025-07-02,Israel,protest,60.0,-5.3,120.6
2025-07-02,Israel,crisis,68.6,-6.0,116.3
2025-07-02,Israel,negativity,60.6,-5.2,109.9
2025-07-03,Israel,protest,59.3,-5.3,120.6
2025-07-03,Israel,crisis,65.7,-6.3,119.9
2025-07-03,Israel,negativity,64.2,-5.1,122.9
2025-07-04,Israel,protest,60.1,-5.9,109.9
2025-07-04,Israel,crisis,64.1,-5.3,122.6
2025-07-04,Israel,negativity,64.7,-5.3,122.5
2025-07-05,Israel,protest,56.4,-4.9,105.5
2025-07-05,Israel,crisis,63.6,-5.3,114.3
2025-07-05,Israel,negativity,61.0,-5.8,116.9
2025-07-06,Israel,protest,58.8,-5.2,121.9
2025-07-06,Israel,crisis,61.6,-5.6,112.5
2025-07-06,Israel,negativity,62.8,-5.4,115.6
2025-07-07,Israel,protest,60.2,-6.0,103.5
2025-07-07,Israel,crisis,66.4,-6.1,119.2
2025-07-07,Israel,negativity,63.4,-5.5,109.6
2025-07-08,Israel,protest,60.2,-5.4,111.3
2025-07-08,Israel,crisis,68.2,-6.4,126.9
2025-07-08,Israel,negativity,63.2,-6.1,119.6
2025-07-09,Israel,protest,60.5,-5.7,109.4
2025-07-09,Israel,crisis,69.8,-5.7,126.6
2025-07-09,Israel,negativity,64.2,-5.6,118.0
2025-07-10,Israel,protest,60.5,-5.5,114.6
2025-07-10,Israel,crisis,71.3,-7.0,140.7
2025-07-10,Israel,negativity,64.9,-5.6,117.0
2025-07-11,Israel,protest,61.5,-5.2,107.9
2025-07-11,Israel,crisis,66.2,-5.9,116.0
2025-07-11,Israel,negativity,63.7,-5.3,119.0
2025-07-12,Israel,protest,62.1,-6.1,125.9
2025-07-12,Israel,crisis,67.6,-6.0,128.7
2025-07-12,Israel,negativity,62.8,-5.5,114.7
2025-07-13,Israel,protest,58.2,-5.5,103.0
2025-07-13,Israel,crisis,66.6,-5.8,130.6
2025-07-13,Israel,negativity,64.7,-6.1,120.9
2025-07-14,Israel,protest,63.0,-6.0,122.2
2025-07-14,Israel,crisis,66.1,-6.6,115.2
2025-07-14,Israel,negativity,62.2,-5.7,123.6
2025-07-15,Israel,protest,63.1,-5.1,109.1
2025-07-15,Israel,crisis,69.6,-5.9,118.6
2025-07-15,Israel,negativity,65.9,-6.3,129.2
2025-07-16,Israel,protest,66.0,-6.4,126.5
2025-07-16,Israel,crisis,73.3,-6.7,128.6
2025-07-16,Israel,negativity,66.0,-5.5,130.0
2025-07-17,Israel,protest,65.0,-5.3,118.6
2025-07-17,Israel,crisis,72.0,-6.2,139.4
2025-07-17,Israel,negativity,67.8,-6.4,136.0
2025-07-18,Israel,protest,67.1,-6.5,134.5
2025-07-18,Israel,crisis,72.7,-6.8,142.2
2025-07-18,Israel,negativity,66.5,-5.7,134.0
2025-07-19,Israel,protest,64.7,-6.0,128.8
2025-07-19,Israel,crisis,73.2,-7.3,127.7
2025-07-19,Israel,negativity,67.4,-5.9,118.8
2025-07-20,Israel,protest,62.7,-5.1,124.3
2025-07-20,Israel,crisis,70.2,-6.2,120.7
2025-07-20,Israel,negativity,65.0,-6.2,122.8
2025-07-21,Israel,protest,66.9,-6.4,113.0
2025-07-21,Israel,crisis,73.5,-6.2,134.7
2025-07-21,Israel,negativity,69.6,-6.7,124.6
2025-07-22,Israel,protest,65.1,-6.6,131.1
2025-07-22,Israel,crisis,73.8,-6.6,128.7
2025-07-22,Israel,negativity,69.2,-6.8,131.8
2025-07-23,Israel,protest,70.8,-6.7,132.9
2025-07-23,Israel,crisis,78.2,-6.9,144.3
2025-07-23,Israel,negativity,71.4,-6.1,133.5
2025-07-24,Israel,protest,71.5,-7.1,137.5
2025-07-24,Israel,crisis,79.4,-7.8,141.2
2025-07-24,Israel,negativity,74.6,-7.5,127.7
2025-07-25,Israel,protest,67.3,-5.6,114.6
2025-07-25,Israel,crisis,76.7,-7.6,137.8
2025-07-25,Israel,negativity,74.4,-7.2,126.6
2025-07-26,Israel,protest,66.4,-6.1,118.3
2025-07-26,Israel,crisis,75.9,-6.9,128.7
2025-07-26,Israel,negativity,73.8,-6.2,137.5
2025-07-27,Israel,protest,69.5,-6.8,124.2
2025-07-27,Israel,crisis,75.6,-6.3,130.4
2025-07-27,Israel,negativity,69.6,-6.9,136.5
2025-07-28,Israel,protest,70.3,-6.1,138.9
2025-07-28,Israel,crisis,76.9,-6.3,143.6
2025-07-28,Israel,negativity,74.9,-6.8,137.7
2025-07-29,Israel,protest,70.1,-6.2,132.4
2025-07-29,Israel,crisis,81.1,-8.0,136.6
2025-07-29,Israel,negativity,73.8,-6.2,130.0
2025-07-30,Israel,protest,74.7,-6.9,142.8
2025-07-30,Israel,crisis,79.5,-6.6,145.9
2025-07-30,Israel,negativity,76.0,-6.9,142.2
2025-07-31,Israel,protest,73.6,-6.8,128.2
2025-07-31,Israel,crisis,79.9,-6.8,135.7
2025-07-31,Israel,negativity,79.1,-7.7,151.3
2025-08-01,Israel,protest,75.7,-6.8,141.1
2025-08-01,Israel,crisis,83.3,-7.4,148.1
2025-08-01,Israel,negativity,77.6,-7.5,145.2
2025-08-02,Israel,protest,72.9,-6.2,135.8
2025-08-02,Israel,crisis,82.1,-8.1,148.7
2025-08-02,Israel,negativity,76.4,-6.3,148.5
2025-08-03,Israel,protest,73.5,-6.0,139.6
2025-08-03,Israel,crisis,79.9,-6.7,153.8
2025-08-03,Israel,negativity,75.2,-7.3,146.9
2025-08-04,Israel,protest,73.3,-6.1,134.5
2025-08-04,Israel,crisis,79.2,-7.8,136.2
2025-08-04,Israel,negativity,75.3,-7.3,146.0
2025-08-05,Israel,protest,76.1,-7.4,141.0
2025-08-05,Israel,crisis,84.5,-7.9,141.4
2025-08-05,Israel,negativity,77.8,-7.7,151.5
2025-08-06,Israel,protest,77.6,-7.2,147.5
2025-08-06,Israel,crisis,87.8,-8.6,148.7
2025-08-06,Israel,negativity,83.3,-7.8,148.5
2025-08-07,Israel,protest,79.4,-6.8,140.8
2025-08-07,Israel,crisis,86.1,-7.9,143.8
2025-08-07,Israel,negativity,82.8,-7.5,149.7
2025-08-08,Israel,protest,77.3,-7.0,148.9
2025-08-08,Israel,crisis,85.0,-7.5,143.7
2025-08-08,Israel,negativity,83.8,-8.2,146.0
2025-08-09,Israel,protest,74.6,-6.9,126.8
2025-08-09,Israel,crisis,86.9,-8.0,153.6
2025-08-09,Israel,negativity,82.4,-7.6,148.7
2025-08-10,Israel,protest,75.7,-6.5,130.8
2025-08-10,Israel,crisis,84.9,-7.6,148.7
2025-08-10,Israel,negativity,77.4,-7.2,138.9
2025-08-11,Israel,protest,77.2,-6.4,145.0
2025-08-11,Israel,crisis,84.9,-7.8,142.4
2025-08-11,Israel,negativity,81.2,-7.1,153.4
2025-08-12,Israel,protest,77.9,-7.0,142.3
2025-08-12,Israel,crisis,88.0,-7.6,158.9
2025-08-12,Israel,negativity,84.7,-7.1,159.6
2025-08-13,Israel,protest,77.6,-6.7,151.6
2025-08-13,Israel,crisis,87.8,-8.5,162.8
2025-08-13,Israel,negativity,84.8,-7.6,147.3
2025-08-14,Israel,protest,82.2,-7.9,139.3
2025-08-14,Israel,crisis,88.1,-8.3,158.8
2025-08-14,Israel,negativity,86.9,-7.5,160.2
2025-08-15,Israel,protest,79.7,-7.0,154.2
2025-08-15,Israel,crisis,87.3,-7.9,161.5
2025-08-15,Israel,negativity,85.6,-8.0,157.9
2025-08-16,Israel,protest,78.6,-7.5,134.7
2025-08-16,Israel,crisis,84.7,-7.1,151.6
2025-08-16,Israel,negativity,84.5,-8.2,160.4
2025-08-17,Israel,protest,75.0,-7.3,140.1
2025-08-17,Israel,crisis,87.4,-8.0,146.8
2025-08-17,Israel,negativity,79.4,-6.9,135.5
2025-08-18,Israel,protest,77.3,-6.6,145.6
2025-08-18,Israel,crisis,86.3,-8.3,164.9
2025-08-18,Israel,negativity,80.8,-7.3,146.5
2025-08-19,Israel,protest,76.9,-7.3,130.0
2025-08-19,Israel,crisis,86.9,-7.2,145.8
2025-08-19,Israel,negativity,82.3,-7.5,142.8
2025-08-20,Israel,protest,79.4,-6.8,148.5
2025-08-20,Israel,crisis,88.1,-8.0,154.9
2025-08-20,Israel,negativity,86.6,-7.4,158.5
2025-08-21,Israel,protest,80.1,-7.0,144.6
2025-08-21,Israel,crisis,87.8,-8.6,168.1
2025-08-21,Israel,negativity,85.6,-7.9,146.4
2025-08-22,Israel,protest,80.0,-7.6,141.8
2025-08-22,Israel,crisis,87.3,-7.6,150.4
2025-08-22,Israel,negativity,82.4,-7.9,139.1
2025-08-23,Israel,protest,77.9,-6.8,142.8
2025-08-23,Israel,crisis,86.5,-7.5,145.0
2025-08-23,Israel,negativity,81.0,-6.9,150.6
2025-08-24,Israel,protest,77.6,-7.6,147.9
2025-08-24,Israel,crisis,84.0,-7.8,154.2
2025-08-24,Israel,negativity,79.1,-7.4,135.7
2025-08-25,Israel,protest,75.9,-7.6,132.1
2025-08-25,Israel,crisis,83.1,-6.9,156.7
2025-08-25,Israel,negativity,78.8,-7.6,138.7
2025-08-26,Israel,protest,76.5,-7.5,138.6
2025-08-26,Israel,crisis,83.6,-8.1,143.8
2025-08-26,Israel,negativity,81.1,-7.3,155.2
2025-08-27,Israel,protest,78.0,-6.8,132.6
2025-08-27,Israel,crisis,85.9,-8.3,156.0
2025-08-27,Israel,negativity,81.2,-7.9,154.6
2025-08-28,Israel,protest,79.1,-7.1,146.7
2025-08-28,Israel,crisis,87.4,-7.8,166.5
2025-08-28,Israel,negativity,81.2,-6.9,151.0
2025-08-29,Israel,protest,77.2,-6.7,139.7
2025-08-29,Israel,crisis,84.6,-7.9,162.8
2025-08-29,Israel,negativity,79.9,-6.7,154.2
2025-08-30,Israel,protest,76.4,-6.5,143.8
2025-08-30,Israel,crisis,84.5,-7.6,142.0
2025-08-30,Israel,negativity,81.3,-7.8,138.3
2025-08-31,Israel,protest,73.7,-6.7,145.1
2025-08-31,Israel,crisis,82.5,-7.6,143.5
2025-08-31,Israel,negativity,77.4,-7.4,144.4
2025-09-01,Israel,protest,72.9,-7.3,129.3
2025-09-01,Israel,crisis,81.6,-7.8,157.2
2025-09-01,Israel,negativity,76.0,-7.4,143.0
2025-09-02,Israel,protest,74.5,-7.2,138.4
2025-09-02,Israel,crisis,84.0,-7.9,140.8
2025-09-02,Israel,negativity,79.0,-7.3,151.9
2025-09-03,Israel,protest,73.0,-6.9,141.6
2025-09-03,Israel,crisis,81.3,-7.0,140.2
2025-09-03,Israel,negativity,80.3,-7.3,138.3
2025-09-04,Israel,protest,75.9,-7.0,130.2
2025-09-04,Israel,crisis,82.0,-8.1,142.3
2025-09-04,Israel,negativity,80.2,-7.2,142.9
2025-09-05,Israel,protest,74.4,-7.2,130.0
2025-09-05,Israel,crisis,79.8,-6.9,153.3
2025-09-05,Israel,negativity,76.3,-6.9,139.3
2025-09-06,Israel,protest,71.1,-6.5,133.7
2025-09-06,Israel,crisis,79.5,-7.0,138.1
2025-09-06,Israel,negativity,77.1,-7.5,142.5
2025-09-07,Israel,protest,71.2,-5.9,121.9
2025-09-07,Israel,crisis,77.9,-6.8,135.0
2025-09-07,Israel,negativity,73.6,-6.7,124.3
2025-09-08,Israel,protest,67.0,-5.6,114.4
2025-09-08,Israel,crisis,74.7,-7.4,137.6
2025-09-08,Israel,negativity,70.8,-6.7,120.8
2025-09-09,Israel,protest,67.8,-6.6,121.5
2025-09-09,Israel,crisis,76.5,-7.4,149.3
2025-09-09,Israel,negativity,74.8,-6.5,147.2
2025-09-10,Israel,protest,69.0,-6.6,118.9
2025-09-10,Israel,crisis,76.3,-7.5,149.6
2025-09-10,Israel,negativity,75.2,-7.2,138.0
2025-09-11,Israel,protest,68.1,-6.5,122.1
2025-09-11,Israel,crisis,80.5,-7.4,143.5
2025-09-11,Israel,negativity,76.6,-7.6,142.8
2025-09-12,Israel,protest,68.9,-5.6,129.4
2025-09-12,Israel,crisis,78.5,-6.5,133.9
2025-09-12,Israel,negativity,74.9,-6.9,129.1
2025-09-13,Israel,protest,66.1,-6.6,117.0
2025-09-13,Israel,crisis,71.7,-6.9,134.1
2025-09-13,Israel,negativity,72.5,-7.2,136.9
2025-09-14,Israel,protest,63.8,-5.8,128.7
2025-09-14,Israel,crisis,72.7,-6.2,133.3
2025-09-14,Israel,negativity,69.2,-6.6,123.7
2025-09-15,Israel,protest,66.0,-5.6,131.7
2025-09-15,Israel,crisis,73.4,-7.0,126.4
2025-09-15,Israel,negativity,68.2,-5.5,124.7
2025-09-16,Israel,protest,66.9,-6.3,127.3
2025-09-16,Israel,crisis,75.0,-6.5,143.8
2025-09-16,Israel,negativity,67.1,-5.5,118.6
2025-09-17,Israel,protest,66.3,-5.4,117.2
2025-09-17,Israel,crisis,73.7,-7.1,130.2
2025-09-17,Israel,negativity,69.2,-6.7,124.4
2025-09-18,Israel,protest,63.9,-5.6,117.7
2025-09-18,Israel,crisis,74.7,-6.5,130.4
2025-09-18,Israel,negativity,70.0,-6.0,120.8
2025-09-19,Israel,protest,65.7,-5.5,126.8
2025-09-19,Israel,crisis,70.7,-5.8,139.2
2025-09-19,Israel,negativity,67.1,-6.7,116.2
2025-09-20,Israel,protest,64.8,-5.2,118.7
2025-09-20,Israel,crisis,69.0,-5.6,126.6
2025-09-20,Israel,negativity,67.0,-6.4,123.8
2025-09-21,Israel,protest,63.4,-5.7,123.8
2025-09-21,Israel,crisis,68.6,-6.4,136.2
2025-09-21,Israel,negativity,66.0,-6.0,132.9
2025-09-22,Israel,protest,59.3,-5.2,106.2
2025-09-22,Israel,crisis,65.8,-5.7,114.5
2025-09-22,Israel,negativity,65.2,-5.6,116.0
2025-09-23,Israel,protest,63.0,-6.4,108.1
2025-09-23,Israel,crisis,69.4,-6.3,130.1
2025-09-23,Israel,negativity,67.1,-5.9,119.6
2025-09-24,Israel,protest,63.2,-5.3,112.1
2025-09-24,Israel,crisis,69.6,-6.6,123.9
2025-09-24,Israel,negativity,65.4,-5.9,128.1
2025-09-25,Israel,protest,63.5,-5.3,119.1
2025-09-25,Israel,crisis,68.0,-6.2,127.8
2025-09-25,Israel,negativity,65.7,-5.8,125.0
2025-09-26,Israel,protest,59.7,-5.5,118.2
2025-09-26,Israel,crisis,66.9,-6.0,113.1
2025-09-26,Israel,negativity,63.7,-5.1,120.1
2025-09-27,Israel,protest,58.6,-4.8,114.6
2025-09-27,Israel,crisis,65.9,-5.3,129.9
2025-09-27,Israel,negativity,63.8,-5.2,110.6
2025-09-28,Israel,protest,58.1,-4.6,104.2
2025-09-28,Israel,crisis,64.9,-6.2,123.4
2025-09-28,Israel,negativity,62.5,-5.7,116.8
2025-09-29,Israel,protest,60.3,-5.4,103.1
2025-09-29,Israel,crisis,65.2,-5.8,110.8
2025-09-29,Israel,negativity,63.4,-5.4,121.1
2025-09-30,Israel,protest,61.8,-5.4,116.8
2025-09-30,Israel,crisis,65.3,-6.0,131.0
2025-09-30,Israel,negativity,62.5,-6.2,113.4
2025-10-01,Israel,protest,60.2,-5.6,111.0
2025-10-01,Israel,crisis,67.7,-5.5,130.7
2025-10-01,Israel,negativity,66.1,-6.2,112.7
2025-10-02,Israel,protest,60.2,-5.4,104.3
2025-10-02,Israel,crisis,65.4,-6.4,121.1
2025-10-02,Israel,negativity,62.7,-6.1,114.0
2025-10-03,Israel,protest,61.8,-5.6,114.7
2025-10-03,Israel,crisis,65.4,-5.6,118.3
2025-10-03,Israel,negativity,61.9,-5.8,116.7
2025-10-04,Israel,protest,58.8,-5.7,115.8
2025-10-04,Israel,crisis,65.2,-5.3,113.2
2025-10-04,Israel,negativity,63.5,-5.6,125.0
2025-10-05,Israel,protest,56.0,-5.0,100.5
2025-10-05,Israel,crisis,63.6,-5.1,111.2
2025-10-05,Israel,negativity,60.2,-5.8,112.5
2025-10-06,Israel,protest,59.2,-5.1,101.9
2025-10-06,Israel,crisis,62.5,-5.4,120.2
2025-10-06,Israel,negativity,62.7,-5.5,118.5
2025-10-07,Israel,protest,58.9,-6.0,117.3
2025-10-07,Israel,crisis,64.3,-6.3,119.2
2025-10-07,Israel,negativity,63.0,-5.8,122.3
2025-10-08,Israel,protest,58.1,-4.8,99.4
2025-10-08,Israel,crisis,67.8,-6.8,131.8
2025-10-08,Israel,negativity,65.9,-6.6,123.0
2025-10-09,Israel,protest,62.9,-5.6,121.5
2025-10-09,Israel,crisis,68.6,-5.9,134.9
2025-10-09,Israel,negativity,62.5,-5.9,123.8
2025-10-10,Israel,protest,58.7,-5.0,108.6
2025-10-10,Israel,crisis,66.4,-6.2,131.5
2025-10-10,Israel,negativity,64.1,-6.3,129.2
2025-10-11,Israel,protest,56.5,-5.7,113.2
2025-10-11,Israel,crisis,65.0,-5.3,114.9
2025-10-11,Israel,negativity,60.6,-5.7,114.4
2025-10-12,Israel,protest,56.9,-5.2,106.1
2025-10-12,Israel,crisis,61.2,-5.0,115.2
2025-10-12,Israel,negativity,62.6,-6.0,126.2
2025-10-13,Israel,protest,55.3,-4.4,107.9
2025-10-13,Israel,crisis,66.3,-5.7,113.0
2025-10-13,Israel,negativity,59.5,-4.9,116.1
2025-10-14,Israel,protest,61.5,-5.0,117.3
2025-10-14,Israel,crisis,66.0,-5.8,113.3
2025-10-14,Israel,negativity,62.3,-5.6,126.9
2025-10-15,Israel,protest,61.2,-6.2,116.8
2025-10-15,Israel,crisis,68.7,-5.9,128.4
2025-10-15,Israel,negativity,61.9,-5.8,121.8
2025-10-16,Israel,protest,59.6,-5.6,121.4
2025-10-16,Israel,crisis,67.0,-6.8,125.1
2025-10-16,Israel,negativity,65.0,-5.3,117.3
2025-10-17,Israel,protest,59.8,-5.8,108.9
2025-10-17,Israel,crisis,66.6,-5.7,134.2
2025-10-17,Israel,negativity,62.3,-5.1,113.9
2025-10-18,Israel,protest,60.8,-4.9,117.3
2025-10-18,Israel,crisis,65.5,-6.1,132.7
2025-10-18,Israel,negativity,62.9,-6.2,112.4
2025-10-19,Israel,protest,57.8,-5.8,118.9
2025-10-19,Israel,crisis,63.1,-5.2,118.2
2025-10-19,Israel,negativity,59.8,-5.4,122.0
2025-10-20,Israel,protest,57.0,-5.3,106.3
2025-10-20,Israel,crisis,65.5,-6.4,111.1
2025-10-20,Israel,negativity,60.2,-5.6,114.2
2025-10-21,Israel,protest,62.7,-6.2,108.0
2025-10-21,Israel,crisis,69.3,-6.7,124.8
2025-10-21,Israel,negativity,64.2,-6.1,113.4
2025-10-22,Israel,protest,63.9,-6.2,122.2
2025-10-22,Israel,crisis,70.8,-6.9,130.8
2025-10-22,Israel,negativity,66.0,-5.5,123.7
2025-10-23,Israel,protest,64.4,-5.7,123.2
2025-10-23,Israel,crisis,69.8,-6.0,134.7
2025-10-23,Israel,negativity,63.8,-5.2,118.4
2025-10-24,Israel,protest,63.1,-5.8,113.3
2025-10-24,Israel,crisis,69.6,-7.0,121.9
2025-10-24,Israel,negativity,66.8,-6.1,119.9
2025-10-25,Israel,protest,59.2,-5.8,105.8
2025-10-25,Israel,crisis,68.4,-6.2,129.0
2025-10-25,Israel,negativity,61.8,-5.4,121.5
2025-10-26,Israel,protest,57.5,-4.9,100.4
2025-10-26,Israel,crisis,65.3,-5.7,121.7
2025-10-26,Israel,negativity,63.3,-6.3,126.3
2025-10-27,Israel,protest,60.1,-5.9,112.0
2025-10-27,Israel,crisis,68.1,-5.7,135.0
2025-10-27,Israel,negativity,63.2,-5.8,112.6
2025-10-28,Israel,protest,62.8,-5.8,114.8
2025-10-28,Israel,crisis,71.1,-5.8,119.8
2025-10-28,Israel,negativity,67.4,-6.4,126.0
2025-10-29,Israel,protest,65.9,-6.6,122.7
2025-10-29,Israel,crisis,70.2,-5.8,138.2
2025-10-29,Israel,negativity,69.2,-6.9,117.6
2025-10-30,Israel,protest,64.7,-5.7,125.0
2025-10-30,Israel,crisis,73.6,-6.9,123.9
2025-10-30,Israel,negativity,67.2,-5.5,127.7
2025-10-31,Israel,protest,63.9,-5.7,118.4
2025-10-31,Israel,crisis,72.5,-6.7,122.3
2025-10-31,Israel,negativity,66.6,-5.9,118.0
2025-11-01,Israel,protest,64.0,-6.5,115.8
2025-11-01,Israel,crisis,70.2,-6.0,124.4
2025-11-01,Israel,negativity,65.8,-6.6,118.7
2025-11-02,Israel,protest,60.0,-5.1,122.3
2025-11-02,Israel,crisis,69.2,-6.7,133.7
2025-11-02,Israel,negativity,66.2,-6.7,131.8
2025-11-03,Israel,protest,60.7,-5.7,103.8
2025-11-03,Israel,crisis,69.8,-6.7,132.4
2025-11-03,Israel,negativity,65.8,-5.8,123.6
2025-11-04,Israel,protest,62.7,-6.2,127.2
2025-11-04,Israel,crisis,71.1,-6.0,134.3
2025-11-04,Israel,negativity,66.8,-5.6,120.5
2025-11-05,Israel,protest,63.0,-5.7,128.6
2025-11-05,Israel,crisis,72.1,-6.0,123.9
2025-11-05,Israel,negativity,67.1,-5.7,116.6
2025-11-06,Israel,protest,63.8,-6.2,129.2
2025-11-06,Israel,crisis,74.4,-7.3,128.8
2025-11-06,Israel,negativity,70.2,-5.9,132.6
2025-11-07,Israel,protest,64.5,-6.1,112.1
2025-11-07,Israel,crisis,73.9,-6.7,134.7
2025-11-07,Israel,negativity,69.1,-6.4,130.8
2025-11-08,Israel,protest,65.3,-5.7,118.8
2025-11-08,Israel,crisis,72.7,-6.9,123.6
2025-11-08,Israel,negativity,68.4,-6.5,115.6
2025-11-09,Israel,protest,60.9,-6.1,116.7
2025-11-09,Israel,crisis,67.9,-6.4,131.0
2025-11-09,Israel,negativity,64.1,-5.8,110.2
2025-11-10,Israel,protest,65.4,-5.3,111.4
2025-11-10,Israel,crisis,71.6,-5.9,122.8
2025-11-10,Israel,negativity,67.8,-5.9,125.6
2025-11-11,Israel,protest,63.2,-5.9,121.2
2025-11-11,Israel,crisis,70.8,-6.1,119.5
2025-11-11,Israel,negativity,70.2,-6.4,134.1
2025-11-12,Israel,protest,65.0,-5.4,122.0
2025-11-12,Israel,crisis,72.8,-6.9,122.9
2025-11-12,Israel,negativity,67.9,-5.7,124.2
2025-11-13,Israel,protest,68.6,-6.6,125.7
2025-11-13,Israel,crisis,73.0,-6.3,132.7
2025-11-13,Israel,negativity,72.2,-6.0,128.2
2025-11-14,Israel,protest,65.4,-6.4,119.4
2025-11-14,Israel,crisis,73.5,-6.3,140.8
2025-11-14,Israel,negativity,69.3,-6.0,131.9
2025-11-15,Israel,protest,66.2,-6.6,122.7
2025-11-15,Israel,crisis,69.9,-6.0,118.0
2025-11-15,Israel,negativity,66.2,-5.5,115.6
2025-11-16,Israel,protest,62.2,-5.7,126.0
2025-11-16,Israel,crisis,71.7,-6.9,134.9
2025-11-16,Israel,negativity,65.4,-5.4,130.5
2025-11-17,Israel,protest,66.1,-5.3,121.1
2025-11-17,Israel,crisis,69.9,-5.7,136.0
2025-11-17,Israel,negativity,67.8,-6.1,126.2
2025-11-18,Israel,protest,63.8,-6.4,112.6
2025-11-18,Israel,crisis,74.3,-6.9,145.2
2025-11-18,Israel,negativity,70.2,-6.3,137.2
2025-11-19,Israel,protest,65.4,-6.0,112.6
2025-11-19,Israel,crisis,74.7,-7.5,126.0
2025-11-19,Israel,negativity,71.8,-6.0,130.5
2025-11-20,Israel,protest,69.3,-6.8,124.9
2025-11-20,Israel,crisis,75.3,-7.1,138.7
2025-11-20,Israel,negativity,72.6,-7.3,143.4
2025-11-21,Israel,protest,67.6,-6.8,119.5
2025-11-21,Israel,crisis,73.0,-6.3,130.8
2025-11-21,Israel,negativity,71.7,-6.8,132.6
2025-11-22,Israel,protest,66.7,-6.2,132.0
2025-11-22,Israel,crisis,73.9,-7.3,136.3
2025-11-22,Israel,negativity,70.8,-6.7,138.6
2025-11-23,Israel,protest,66.2,-5.5,130.7
2025-11-23,Israel,crisis,69.0,-6.5,120.2
2025-11-23,Israel,negativity,67.1,-6.5,120.9
2025-11-24,Israel,protest,63.2,-6.3,123.6
2025-11-24,Israel,crisis,72.6,-7.0,142.4
2025-11-24,Israel,negativity,70.0,-6.4,123.0
2025-11-25,Israel,protest,67.4,-5.8,119.6
2025-11-25,Israel,crisis,73.8,-6.6,138.8
2025-11-25,Israel,negativity,71.3,-6.9,126.2
2025-11-26,Israel,protest,69.2,-6.1,127.2
2025-11-26,Israel,crisis,74.4,-6.4,132.9
2025-11-26,Israel,negativity,70.9,-6.1,126.2
2025-11-27,Israel,protest,69.1,-6.6,125.4
2025-11-27,Israel,crisis,74.0,-6.9,128.0
2025-11-27,Israel,negativity,73.7,-7.3,124.0
2025-11-28,Israel,protest,68.8,-6.6,126.3
2025-11-28,Israel,crisis,72.6,-7.3,142.9
2025-11-28,Israel,negativity,72.8,-5.9,132.5
2025-11-29,Israel,protest,66.6,-5.8,128.6
2025-11-29,Israel,crisis,72.1,-5.9,131.2
2025-11-29,Israel,negativity,68.6,-6.9,129.8
2025-11-30,Israel,protest,63.9,-5.5,123.3
2025-11-30,Israel,crisis,71.8,-6.9,121.1
2025-11-30,Israel,negativity,66.0,-5.7,130.9
2025-12-01,Israel,protest,63.4,-5.3,110.8
2025-12-01,Israel,crisis,73.8,-7.3,126.7
2025-12-01,Israel,negativity,69.2,-6.4,117.1
2025-12-02,Israel,protest,65.8,-5.4,126.7
2025-12-02,Israel,crisis,75.1,-6.2,132.9
2025-12-02,Israel,negativity,72.0,-6.5,140.4
2025-12-03,Israel,protest,66.6,-6.3,123.3
2025-12-03,Israel,crisis,73.1,-7.2,142.5
2025-12-03,Israel,negativity,70.0,-6.3,126.1
2025-12-04,Israel,protest,70.4,-6.3,132.8
2025-12-04,Israel,crisis,76.0,-7.2,132.5
2025-12-04,Israel,negativity,70.4,-5.7,129.2
2025-12-05,Israel,protest,69.9,-6.8,131.5
2025-12-05,Israel,crisis,73.1,-6.1,133.9
2025-12-05,Israel,negativity,69.8,-6.2,127.9
2025-12-06,Israel,protest,67.0,-6.3,134.6
2025-12-06,Israel,crisis,73.6,-6.9,127.0
2025-12-06,Israel,negativity,69.8,-6.8,123.2
2025-12-07,Israel,protest,65.8,-5.7,113.7
2025-12-07,Israel,crisis,72.9,-6.5,127.6
2025-12-07,Israel,negativity,71.3,-6.7,140.4
2025-12-08,Israel,protest,67.2,-5.6,120.6
2025-12-08,Israel,crisis,70.6,-7.0,128.0
2025-12-08,Israel,negativity,68.7,-5.7,123.5
2025-12-09,Israel,protest,67.6,-5.7,115.1
2025-12-09,Israel,crisis,74.5,-6.7,141.1
2025-12-09,Israel,negativity,68.7,-6.2,116.3
2025-12-10,Israel,protest,70.4,-6.2,128.4
2025-12-10,Israel,crisis,77.5,-7.3,130.6
2025-12-10,Israel,negativity,71.5,-6.3,124.7
2025-12-11,Israel,protest,67.7,-6.0,127.1
2025-12-11,Israel,crisis,77.7,-7.0,149.2
2025-12-11,Israel,negativity,72.0,-6.9,140.8
2025-12-12,Israel,protest,69.7,-6.2,128.7
2025-12-12,Israel,crisis,76.6,-6.8,141.8
2025-12-12,Israel,negativity,74.7,-7.2,133.8
2025-12-13,Israel,protest,65.1,-5.9,112.7
2025-12-13,Israel,crisis,74.8,-7.1,139.4
2025-12-13,Israel,negativity,68.8,-5.9,116.4
2025-12-14,Israel,protest,64.8,-6.5,112.6
2025-12-14,Israel,crisis,71.7,-6.9,135.9
2025-12-14,Israel,negativity,68.5,-6.3,126.9
2025-12-15,Israel,protest,66.2,-5.8,133.4
2025-12-15,Israel,crisis,75.6,-7.4,139.7
2025-12-15,Israel,negativity,72.6,-7.2,135.9
2025-12-16,Israel,protest,67.5,-5.7,121.4
2025-12-16,Israel,crisis,77.3,-7.1,149.9
2025-12-16,Israel,negativity,70.7,-6.4,129.6
2025-12-17,Israel,protest,71.4,-6.7,137.3
2025-12-17,Israel,crisis,76.1,-6.2,132.4
2025-12-17,Israel,negativity,72.9,-7.0,131.1
2025-12-18,Israel,protest,70.5,-6.9,124.7
2025-12-18,Israel,crisis,77.6,-7.2,142.3
2025-12-18,Israel,negativity,77.0,-7.2,138.6
2025-12-19,Israel,protest,68.7,-6.9,137.7
2025-12-19,Israel,crisis,76.3,-7.3,139.8
2025-12-19,Israel,negativity,73.5,-6.1,141.5
2025-12-20,Israel,protest,68.2,-6.2,129.4
2025-12-20,Israel,crisis,76.9,-6.3,148.4
2025-12-20,Israel,negativity,71.4,-6.7,134.4
2025-12-21,Israel,protest,69.9,-6.7,118.7
2025-12-21,Israel,crisis,76.4,-6.3,141.8
2025-12-21,Israel,negativity,70.0,-6.7,129.9
2025-12-22,Israel,protest,66.8,-5.8,134.0
2025-12-22,Israel,crisis,75.7,-6.5,131.9
2025-12-22,Israel,negativity,72.8,-7.1,133.1
2025-12-23,Israel,protest,69.1,-6.6,129.8
2025-12-23,Israel,crisis,77.0,-7.1,129.8
2025-12-23,Israel,negativity,74.3,-7.4,125.0
2025-12-24,Israel,protest,74.1,-6.7,128.7
2025-12-24,Israel,crisis,81.6,-7.5,137.2
2025-12-24,Israel,negativity,76.3,-6.7,134.8
2025-12-25,Israel,protest,72.7,-6.5,136.3
2025-12-25,Israel,crisis,81.6,-7.6,157.1
2025-12-25,Israel,negativity,76.1,-7.1,146.7
2025-12-26,Israel,protest,71.2,-6.0,122.8
2025-12-26,Israel,crisis,81.2,-7.8,140.8
2025-12-26,Israel,negativity,74.8,-6.5,137.2
2025-12-27,Israel,protest,68.9,-5.9,137.8
2025-12-27,Israel,crisis,80.1,-7.7,145.6
2025-12-27,Israel,negativity,75.8,-7.0,131.9
2025-12-28,Israel,protest,71.9,-6.2,123.8
2025-12-28,Israel,crisis,79.4,-7.4,142.9
2025-12-28,Israel,negativity,75.3,-6.8,138.6
2025-12-29,Israel,protest,68.8,-6.9,136.7
2025-12-29,Israel,crisis,78.3,-6.5,149.6
2025-12-29,Israel,negativity,75.6,-7.0,134.3
2025-12-30,Israel,protest,74.9,-6.2,145.8
2025-12-30,Israel,crisis,81.3,-7.5,146.1
2025-12-30,Israel,negativity,77.8,-7.0,139.2
2025-12-31,Israel,protest,73.3,-6.5,140.5
2025-12-31,Israel,crisis,83.1,-7.2,160.2
2025-12-31,Israel,negativity,78.1,-7.1,132.7
2026-01-01,Israel,protest,73.5,-6.3,145.4
2026-01-01,Israel,crisis,81.1,-7.8,155.4
2026-01-01,Israel,negativity,77.8,-6.8,150.3
2026-01-02,Israel,protest,75.3,-6.4,129.3
2026-01-02,Israel,crisis,84.3,-7.5,153.1
2026-01-02,Israel,negativity,76.3,-6.9,137.4
2026-01-03,Israel,protest,70.3,-6.1,130.1
2026-01-03,Israel,crisis,79.6,-6.8,141.8
2026-01-03,Israel,negativity,78.1,-6.9,137.8
2026-01-04,Israel,protest,71.7,-6.5,130.2
2026-01-04,Israel,crisis,82.0,-7.6,154.5
2026-01-04,Israel,negativity,74.8,-6.6,128.7
2026-01-05,Israel,protest,74.7,-6.3,144.6
2026-01-05,Israel,crisis,80.0,-6.8,139.6
2026-01-05,Israel,negativity,74.1,-6.4,130.8
2026-01-06,Israel,protest,72.3,-6.8,124.5
2026-01-06,Israel,crisis,83.6,-7.6,159.2
2026-01-06,Israel,negativity,79.7,-7.5,151.8
2026-01-07,Israel,protest,75.0,-6.4,138.4
2026-01-07,Israel,crisis,84.0,-7.1,159.9
2026-01-07,Israel,negativity,78.5,-7.7,140.9
2026-01-08,Israel,protest,78.2,-6.6,133.3
2026-01-08,Israel,crisis,82.3,-7.9,151.4
2026-01-08,Israel,negativity,79.8,-7.2,141.4
2026-01-09,Israel,protest,74.8,-6.4,132.0
2026-01-09,Israel,crisis,82.5,-7.5,142.4
2026-01-09,Israel,negativity,80.7,-7.9,150.3
2026-01-10,Israel,protest,71.5,-6.0,127.5
2026-01-10,Israel,crisis,80.6,-7.1,150.1
2026-01-10,Israel,negativity,78.7,-7.2,149.9
2026-01-11,Israel,protest,73.1,-6.4,128.4
2026-01-11,Israel,crisis,82.6,-7.1,147.0
2026-01-11,Israel,negativity,75.2,-6.2,138.9
2026-01-12,Israel,protest,74.0,-7.3,138.1
2026-01-12,Israel,crisis,83.2,-7.6,145.5
2026-01-12,Israel,negativity,77.4,-6.8,134.7
2026-01-13,Israel,protest,75.0,-6.1,146.5
2026-01-13,Israel,crisis,80.8,-7.4,138.6
2026-01-13,Israel,negativity,77.1,-7.3,147.9
2026-01-14,Israel,protest,77.8,-6.7,138.8
2026-01-14,Israel,crisis,86.0,-8.0,158.1
2026-01-14,Israel,negativity,80.3,-7.8,156.4
2026-01-15,Israel,protest,78.1,-7.3,145.9
2026-01-15,Israel,crisis,83.6,-7.3,144.1
2026-01-15,Israel,negativity,78.2,-6.4,146.9
2026-01-16,Israel,protest,72.8,-6.4,143.4
2026-01-16,Israel,crisis,85.4,-8.3,162.3
2026-01-16,Israel,negativity,79.3,-6.9,151.2
2026-01-17,Israel,protest,75.3,-7.1,135.4
2026-01-17,Israel,crisis,79.2,-7.3,133.0
2026-01-17,Israel,negativity,75.3,-7.2,132.6
2026-01-18,Israel,protest,73.4,-6.8,137.7
2026-01-18,Israel,crisis,78.7,-7.5,146.6
2026-01-18,Israel,negativity,75.9,-7.0,142.5
2026-01-19,Israel,protest,71.0,-7.0,128.3
2026-01-19,Israel,crisis,82.3,-7.0,141.9
2026-01-19,Israel,negativity,75.5,-7.4,127.0
2026-01-20,Israel,protest,75.4,-6.9,148.0
2026-01-20,Israel,crisis,81.6,-7.8,138.8
2026-01-20,Israel,negativity,77.0,-7.0,150.5
2026-01-21,Israel,protest,76.3,-7.5,142.8
2026-01-21,Israel,crisis,84.0,-7.9,157.0
2026-01-21,Israel,negativity,80.3,-7.1,146.2
2026-01-22,Israel,protest,73.6,-6.9,127.5
2026-01-22,Israel,crisis,83.5,-7.1,142.7
2026-01-22,Israel,negativity,81.3,-7.6,138.5
2026-01-23,Israel,protest,74.6,-7.3,144.1
2026-01-23,Israel,crisis,80.2,-7.3,135.1
2026-01-23,Israel,negativity,80.1,-7.6,137.5
2026-01-24,Israel,protest,74.0,-7.2,140.9
2026-01-24,Israel,crisis,78.9,-6.9,150.5
2026-01-24,Israel,negativity,76.4,-7.2,141.9
2026-01-25,Israel,protest,71.6,-6.0,140.6
2026-01-25,Israel,crisis,78.0,-6.8,145.1
2026-01-25,Israel,negativity,75.0,-7.3,129.3
2026-01-26,Israel,protest,73.6,-7.3,139.4
2026-01-26,Israel,crisis,79.1,-6.8,152.6
2026-01-26,Israel,negativity,76.3,-6.2,142.9
2026-01-27,Israel,protest,73.4,-6.5,123.4
2026-01-27,Israel,crisis,82.2,-7.6,139.4
2026-01-27,Israel,negativity,78.5,-7.0,149.5
2026-01-28,Israel,protest,72.8,-7.2,125.9
2026-01-28,Israel,crisis,83.6,-7.8,149.6
2026-01-28,Israel,negativity,77.1,-7.4,150.4
2026-01-29,Israel,protest,72.8,-6.7,131.9
2026-01-29,Israel,crisis,84.4,-8.2,155.5
2026-01-29,Israel,negativity,78.2,-6.4,135.3
2026-01-30,Israel,protest,74.9,-6.2,139.5
2026-01-30,Israel,crisis,83.1,-8.0,146.0
2026-01-30,Israel,negativity,77.9,-6.9,137.7
2026-01-31,Israel,protest,73.4,-7.2,131.8
2026-01-31,Israel,crisis,76.6,-6.4,136.4
2026-01-31,Israel,negativity,73.7,-6.7,137.0
2026-02-01,Israel,protest,68.6,-6.8,137.7
2026-02-01,Israel,crisis,76.1,-6.3,149.0
2026-02-01,Israel,negativity,71.1,-6.7,123.9
2026-02-02,Israel,protest,67.5,-6.2,119.1
2026-02-02,Israel,crisis,77.7,-6.4,140.8
2026-02-02,Israel,negativity,72.5,-6.5,132.2
2026-02-03,Israel,protest,70.1,-5.9,136.7
2026-02-03,Israel,crisis,81.1,-8.0,148.3
2026-02-03,Israel,negativity,75.4,-7.4,127.4
2026-02-04,Israel,protest,72.4,-6.1,126.5
2026-02-04,Israel,crisis,78.6,-6.8,145.0
2026-02-04,Israel,negativity,76.7,-6.8,146.8
2026-02-05,Israel,protest,72.4,-7.2,134.0
2026-02-05,Israel,crisis,80.0,-7.4,144.4
2026-02-05,Israel,negativity,74.4,-7.4,138.7
2026-02-06,Israel,protest,69.9,-6.8,117.9
2026-02-06,Israel,crisis,81.0,-7.2,140.0
2026-02-06,Israel,negativity,73.9,-6.9,135.5
2026-02-07,Israel,protest,68.7,-6.3,119.1
2026-02-07,Israel,crisis,74.7,-6.2,125.7
2026-02-07,Israel,negativity,74.5,-6.6,143.5
2026-02-08,Israel,protest,70.0,-5.9,139.1
2026-02-08,Israel,crisis,76.0,-7.5,135.5
2026-02-08,Israel,negativity,72.5,-6.2,127.9
2026-02-09,Israel,protest,69.2,-5.9,130.1
2026-02-09,Israel,crisis,76.4,-7.6,147.7
2026-02-09,Israel,negativity,72.3,-7.1,140.1
2026-02-10,Israel,protest,67.7,-6.0,126.8
2026-02-10,Israel,crisis,76.0,-7.4,136.1
2026-02-10,Israel,negativity,73.4,-6.2,137.6
2026-02-11,Israel,protest,69.4,-6.6,119.9
2026-02-11,Israel,crisis,77.0,-6.6,147.6
2026-02-11,Israel,negativity,75.6,-6.4,131.5
2026-02-12,Israel,protest,70.4,-6.5,128.4
2026-02-12,Israel,crisis,79.8,-7.5,137.7
2026-02-12,Israel,negativity,75.9,-6.8,128.9
2026-02-13,Israel,protest,71.0,-6.2,123.1
2026-02-13,Israel,crisis,74.4,-6.4,142.3
2026-02-13,Israel,negativity,73.0,-7.3,125.9
2026-02-14,Israel,protest,67.6,-6.0,123.9
2026-02-14,Israel,crisis,73.9,-7.0,124.5
2026-02-14,Israel,negativity,70.3,-6.5,127.0
2026-02-15,Israel,protest,67.4,-6.1,114.5
2026-02-15,Israel,crisis,72.3,-6.1,142.8
2026-02-15,Israel,negativity,68.2,-6.6,124.8
2026-02-16,Israel,protest,63.9,-6.5,129.1
2026-02-16,Israel,crisis,73.0,-7.0,125.8
2026-02-16,Israel,negativity,69.2,-6.4,121.5
2026-02-17,Israel,protest,69.6,-6.1,131.0
2026-02-17,Israel,crisis,74.3,-6.3,146.8
2026-02-17,Israel,negativity,71.5,-6.3,125.9
2026-02-18,Israel,protest,68.3,-5.9,134.3
2026-02-18,Israel,crisis,74.4,-6.4,134.0
2026-02-18,Israel,negativity,73.9,-6.7,146.2
2026-02-19,Israel,protest,70.7,-6.5,138.2
2026-02-19,Israel,crisis,78.3,-6.9,145.1
2026-02-19,Israel,negativity,72.5,-6.3,122.3
2026-02-20,Israel,protest,69.4,-6.6,135.1
2026-02-20,Israel,crisis,74.2,-6.8,131.4
2026-02-20,Israel,negativity,72.0,-5.9,129.7
2026-02-21,Israel,protest,66.2,-5.5,131.7
2026-02-21,Israel,crisis,70.3,-6.5,128.3
2026-02-21,Israel,negativity,68.7,-6.2,123.8
2026-02-22,Israel,protest,64.4,-6.5,122.9
2026-02-22,Israel,crisis,72.0,-6.5,135.7
2026-02-22,Israel,negativity,65.9,-6.6,127.4
2026-02-23,Israel,protest,65.1,-5.9,117.3
2026-02-23,Israel,crisis,71.1,-6.3,124.1
2026-02-23,Israel,negativity,69.5,-5.6,122.9
2026-02-24,Israel,protest,64.0,-6.5,123.0
2026-02-24,Israel,crisis,71.4,-6.0,128.9
2026-02-24,Israel,negativity,68.7,-6.0,118.0
2026-02-25,Israel,protest,66.8,-6.0,133.6
2026-02-25,Israel,crisis,74.1,-6.8,133.2
2026-02-25,Israel,negativity,70.4,-6.5,121.3
2026-02-26,Israel,protest,67.6,-6.8,120.2
2026-02-26,Israel,crisis,72.5,-6.0,135.1
2026-02-26,Israel,negativity,69.1,-6.9,120.5
2026-02-27,Israel,protest,66.7,-6.0,115.8
2026-02-27,Israel,crisis,74.6,-7.1,128.2
2026-02-27,Israel,negativity,70.0,-5.9,137.5
2026-02-28,Israel,protest,64.2,-6.2,128.0
2026-02-28,Israel,crisis,69.0,-6.0,128.6
2026-02-28,Israel,negativity,65.6,-5.7,119.1
2026-03-01,Israel,protest,59.7,-5.4,103.2
2026-03-01,Israel,crisis,69.8,-6.7,126.7
2026-03-01,Israel,negativity,66.0,-6.6,131.4
2026-03-02,Israel,protest,62.7,-5.9,127.6
2026-03-02,Israel,crisis,70.2,-5.9,127.7
2026-03-02,Israel,negativity,67.2,-6.3,117.9
2026-03-03,Israel,protest,61.8,-6.1,109.8
2026-03-03,Israel,crisis,67.6,-6.7,119.8
2026-03-03,Israel,negativity,66.3,-6.1,129.0
2026-03-04,Israel,protest,62.3,-6.3,112.1
2026-03-04,Israel,crisis,71.5,-6.1,142.0
2026-03-04,Israel,negativity,70.0,-6.0,125.0
2026-03-05,Israel,protest,63.7,-5.9,126.7
2026-03-05,Israel,crisis,71.9,-6.8,130.7
2026-03-05,Israel,negativity,69.4,-6.9,127.3
2026-03-06,Israel,protest,65.1,-6.4,121.3
2026-03-06,Israel,crisis,69.2,-5.6,128.9
2026-03-06,Israel,negativity,65.1,-6.0,130.4
2026-03-07,Israel,protest,61.3,-4.9,122.2
2026-03-07,Israel,crisis,70.0,-6.8,138.7
2026-03-07,Israel,negativity,62.7,-6.0,113.3
2026-03-08,Israel,protest,57.8,-4.9,106.5
2026-03-08,Israel,crisis,64.4,-6.1,128.1
2026-03-08,Israel,negativity,64.4,-6.0,128.1
2026-03-09,Israel,protest,61.7,-6.0,113.9
2026-03-09,Israel,crisis,65.6,-5.3,114.8
2026-03-09,Israel,negativity,63.0,-5.1,123.1
2026-03-10,Israel,protest,59.7,-5.7,110.7
2026-03-10,Israel,crisis,69.9,-6.4,124.0
2026-03-10,Israel,negativity,64.3,-5.7,127.0
2026-03-11,Israel,protest,60.6,-5.2,110.0
2026-03-11,Israel,crisis,67.9,-6.8,129.3
2026-03-11,Israel,negativity,67.4,-6.7,133.5
2026-03-12,Israel,protest,60.8,-4.9,109.0
2026-03-12,Israel,crisis,71.3,-6.8,138.7
2026-03-12,Israel,negativity,65.0,-6.4,123.2
2026-03-13,Israel,protest,59.8,-5.1,119.6
2026-03-13,Israel,crisis,66.3,-5.9,120.6
2026-03-13,Israel,negativity,65.2,-5.9,121.1
2026-03-14,Israel,protest,61.1,-5.1,117.0
2026-03-14,Israel,crisis,64.4,-6.3,127.3
2026-03-14,Israel,negativity,62.5,-5.3,117.4
2026-03-15,Israel,protest,56.4,-5.7,113.7
2026-03-15,Israel,crisis,64.4,-5.8,119.0
2026-03-15,Israel,negativity,62.0,-5.2,110.4
2026-03-16,Israel,protest,55.8,-5.2,110.5
2026-03-16,Israel,crisis,62.4,-5.2,126.9
2026-03-16,Israel,negativity,62.0,-5.1,116.6
2026-03-17,Israel,protest,57.2,-5.1,109.3
2026-03-17,Israel,crisis,63.5,-5.1,110.6
2026-03-17,Israel,negativity,62.3,-6.0,122.9
2026-03-18,Israel,protest,62.0,-6.3,116.2
2026-03-18,Israel,crisis,68.0,-6.1,136.0
2026-03-18,Israel,negativity,64.2,-6.4,118.3
2026-03-19,Israel,protest,60.2,-5.5,110.6
2026-03-19,Israel,crisis,66.8,-5.8,129.0
2026-03-19,Israel,negativity,63.4,-6.0,126.3
2026-03-20,Israel,protest,61.5,-5.2,121.4
2026-03-20,Israel,crisis,64.2,-6.3,116.0
2026-03-20,Israel,negativity,63.9,-5.9,115.1
2026-03-21,Israel,protest,56.9,-4.7,110.6
2026-03-21,Israel,crisis,62.0,-6.1,106.9
2026-03-21,Israel,negativity,58.6,-6.0,113.9
2026-03-22,Israel,protest,55.1,-5.5,112.6
2026-03-22,Israel,crisis,61.0,-6.2,111.3
2026-03-22,Israel,negativity,59.8,-5.6,113.0
2026-03-23,Israel,protest,54.4,-4.6,101.6
2026-03-23,Israel,crisis,62.2,-5.7,117.9
2026-03-23,Israel,negativity,57.3,-5.0,116.2
2026-03-24,Israel,protest,56.5,-5.4,113.7
2026-03-24,Israel,crisis,62.8,-5.1,126.2
2026-03-24,Israel,negativity,61.7,-5.6,117.3
2026-03-25,Israel,protest,61.4,-6.2,125.5
2026-03-25,Israel,crisis,64.0,-5.3,113.0
2026-03-25,Israel,negativity,63.4,-5.7,110.2
2026-03-26,Israel,protest,59.6,-6.0,114.8
2026-03-26,Israel,crisis,64.0,-5.4,111.2
2026-03-26,Israel,negativity,61.3,-5.3,121.6
2026-03-27,Israel,protest,56.7,-5.7,105.7
2026-03-27,Israel,crisis,63.5,-6.1,124.8
2026-03-27,Israel,negativity,62.7,-5.3,114.2
2026-03-28,Israel,protest,58.7,-5.5,116.5
2026-03-28,Israel,crisis,61.3,-5.1,110.4
2026-03-28,Israel,negativity,61.6,-6.1,107.9
2026-03-29,Israel,protest,56.6,-4.7,118.3
2026-03-29,Israel,crisis,59.2,-5.2,114.8
2026-03-29,Israel,negativity,58.4,-5.6,110.0
2026-03-30,Israel,protest,56.3,-5.1,115.3
2026-03-30,Israel,crisis,60.2,-5.4,117.8
2026-03-30,Israel,negativity,57.7,-5.9,110.9
2026-03-31,Israel,protest,54.9,-5.6,96.1
2026-03-31,Israel,crisis,63.2,-5.7,123.3
2026-03-31,Israel,negativity,58.3,-4.8,111.6
2026-04-01,Israel,protest,57.6,-4.6,99.0
2026-04-01,Israel,crisis,62.5,-5.8,114.4
2026-04-01,Israel,negativity,61.7,-5.1,114.3
2026-04-02,Israel,protest,57.0,-5.0,101.0
2026-04-02,Israel,crisis,66.5,-6.3,130.3
2026-04-02,Israel,negativity,64.3,-5.3,117.9
2026-04-03,Israel,protest,56.1,-4.6,102.7
2026-04-03,Israel,crisis,63.1,-6.1,109.2
2026-04-03,Israel,negativity,59.3,-5.1,114.2
2026-04-04,Israel,protest,55.9,-5.6,102.8
2026-04-04,Israel,crisis,63.0,-5.2,119.9
2026-04-04,Israel,negativity,59.7,-5.4,118.0
2026-04-05,Israel,protest,53.2,-5.3,111.0
2026-04-05,Israel,crisis,59.8,-6.0,113.3
2026-04-05,Israel,negativity,60.0,-5.0,117.9
2026-04-06,Israel,protest,54.9,-5.4,105.5
2026-04-06,Israel,crisis,63.7,-6.5,115.4
2026-04-06,Israel,negativity,58.7,-5.5,109.1
2026-04-07,Israel,protest,56.1,-5.5,103.1
2026-04-07,Israel,crisis,64.2,-5.6,115.7
2026-04-07,Israel,negativity,62.0,-5.5,126.5
2026-04-08,Israel,protest,59.4,-5.1,104.2
2026-04-08,Israel,crisis,63.0,-5.1,127.1
2026-04-08,Israel,negativity,64.3,-6.4,118.9
2026-04-09,Israel,protest,59.9,-5.5,113.0
2026-04-09,Israel,crisis,66.8,-6.3,125.6
2026-04-09,Israel,negativity,64.2,-6.2,118.5
2026-04-10,Israel,protest,58.9,-4.7,121.7
2026-04-10,Israel,crisis,64.9,-6.0,130.3
2026-04-10,Israel,negativity,63.0,-6.1,128.6
2026-04-11,Israel,protest,58.9,-5.1,115.8
2026-04-11,Israel,crisis,64.5,-6.5,120.1
2026-04-11,Israel,negativity,61.1,-5.6,114.0
2026-04-12,Israel,protest,55.9,-4.4,105.7
2026-04-12,Israel,crisis,61.9,-6.3,110.4
2026-04-12,Israel,negativity,59.9,-5.1,120.8
2025-04-22,Iran,protest,78.6,-7.4,146.7
2025-04-22,Iran,crisis,89.5,-8.6,159.3
2025-04-22,Iran,negativity,83.4,-7.5,144.2
2025-04-23,Iran,protest,82.6,-7.4,149.9
2025-04-23,Iran,crisis,90.9,-7.9,165.0
2025-04-23,Iran,negativity,82.8,-8.0,142.9
2025-04-24,Iran,protest,81.2,-7.1,145.6
2025-04-24,Iran,crisis,92.2,-8.8,169.1
2025-04-24,Iran,negativity,86.0,-7.1,162.1
2025-04-25,Iran,protest,79.9,-7.4,144.3
2025-04-25,Iran,crisis,89.7,-7.7,155.2
2025-04-25,Iran,negativity,84.9,-7.9,163.4
2025-04-26,Iran,protest,80.3,-7.5,136.9
2025-04-26,Iran,crisis,88.7,-8.2,167.2
2025-04-26,Iran,negativity,82.8,-6.9,147.3
2025-04-27,Iran,protest,77.9,-7.7,131.1
2025-04-27,Iran,crisis,87.0,-8.2,165.0
2025-04-27,Iran,negativity,82.5,-7.0,145.0
2025-04-28,Iran,protest,80.7,-7.4,138.3
2025-04-28,Iran,crisis,87.9,-8.5,160.0
2025-04-28,Iran,negativity,81.5,-7.7,139.2
2025-04-29,Iran,protest,82.1,-7.5,150.2
2025-04-29,Iran,crisis,91.0,-8.7,154.7
2025-04-29,Iran,negativity,83.7,-7.0,145.3
2025-04-30,Iran,protest,84.3,-7.0,153.4
2025-04-30,Iran,crisis,93.4,-8.2,167.0
2025-04-30,Iran,negativity,87.4,-7.3,155.4
2025-05-01,Iran,protest,82.3,-6.8,156.3
2025-05-01,Iran,crisis,93.6,-8.1,170.6
2025-05-01,Iran,negativity,86.5,-8.1,153.4
2025-05-02,Iran,protest,83.9,-7.5,141.4
2025-05-02,Iran,crisis,93.2,-8.3,160.3
2025-05-02,Iran,negativity,87.4,-7.6,156.4
2025-05-03,Iran,protest,80.6,-6.9,138.1
2025-05-03,Iran,crisis,89.0,-7.9,157.2
2025-05-03,Iran,negativity,83.4,-7.6,155.2
2025-05-04,Iran,protest,79.0,-6.6,135.9
2025-05-04,Iran,crisis,89.6,-7.9,162.1
2025-05-04,Iran,negativity,84.6,-7.1,149.9
2025-05-05,Iran,protest,78.4,-6.6,142.6
2025-05-05,Iran,crisis,86.9,-8.1,150.0
2025-05-05,Iran,negativity,83.4,-7.9,152.6
2025-05-06,Iran,protest,83.2,-8.0,153.0
2025-05-06,Iran,crisis,90.7,-7.6,151.5
2025-05-06,Iran,negativity,88.1,-7.9,165.6
2025-05-07,Iran,protest,82.1,-7.4,146.6
2025-05-07,Iran,crisis,94.8,-8.3,169.0
2025-05-07,Iran,negativity,88.7,-7.8,148.8
2025-05-08,Iran,protest,85.6,-7.8,164.7
2025-05-08,Iran,crisis,94.3,-9.1,163.8
2025-05-08,Iran,negativity,88.5,-8.4,153.0
2025-05-09,Iran,protest,81.2,-7.8,144.6
2025-05-09,Iran,crisis,92.0,-8.5,154.3
2025-05-09,Iran,negativity,87.2,-8.4,164.9
2025-05-10,Iran,protest,82.4,-7.9,138.4
2025-05-10,Iran,crisis,92.7,-8.5,172.2
2025-05-10,Iran,negativity,86.2,-7.8,148.0
2025-05-11,Iran,protest,78.7,-6.6,132.1
2025-05-11,Iran,crisis,91.7,-9.0,173.3
2025-05-11,Iran,negativity,86.2,-7.6,155.6
2025-05-12,Iran,protest,83.2,-7.5,144.4
2025-05-12,Iran,crisis,87.9,-7.5,155.0
2025-05-12,Iran,negativity,84.9,-7.1,145.7
2025-05-13,Iran,protest,82.5,-7.6,144.1
2025-05-13,Iran,crisis,90.0,-8.4,164.7
2025-05-13,Iran,negativity,85.1,-7.4,152.4
2025-05-14,Iran,protest,84.5,-7.1,158.6
2025-05-14,Iran,crisis,93.9,-9.0,176.7
2025-05-14,Iran,negativity,86.4,-8.0,144.4
2025-05-15,Iran,protest,84.5,-7.1,150.2
2025-05-15,Iran,crisis,95.7,-8.9,176.4
2025-05-15,Iran,negativity,91.0,-9.0,173.1
2025-05-16,Iran,protest,86.0,-7.8,152.2
2025-05-16,Iran,crisis,92.7,-8.2,172.8
2025-05-16,Iran,negativity,88.0,-8.2,155.0
2025-05-17,Iran,protest,81.0,-7.4,155.7
2025-05-17,Iran,crisis,89.6,-8.4,149.6
2025-05-17,Iran,negativity,84.3,-7.8,162.7
2025-05-18,Iran,protest,82.0,-7.4,156.2
2025-05-18,Iran,crisis,88.7,-8.7,163.5
2025-05-18,Iran,negativity,83.8,-7.5,148.6
2025-05-19,Iran,protest,82.1,-7.8,155.2
2025-05-19,Iran,crisis,88.5,-8.4,155.9
2025-05-19,Iran,negativity,83.8,-7.9,142.9
2025-05-20,Iran,protest,82.7,-7.2,145.8
2025-05-20,Iran,crisis,92.4,-8.2,175.5
2025-05-20,Iran,negativity,86.2,-8.0,156.5
2025-05-21,Iran,protest,85.5,-7.1,144.2
2025-05-21,Iran,crisis,91.0,-8.2,161.2
2025-05-21,Iran,negativity,90.4,-8.2,170.2
2025-05-22,Iran,protest,82.9,-7.8,153.4
2025-05-22,Iran,crisis,91.8,-8.2,160.6
2025-05-22,Iran,negativity,86.4,-7.9,149.2
2025-05-23,Iran,protest,85.2,-8.3,161.5
2025-05-23,Iran,crisis,93.7,-9.0,159.0
2025-05-23,Iran,negativity,89.5,-8.7,155.2
2025-05-24,Iran,protest,82.8,-7.8,144.8
2025-05-24,Iran,crisis,89.9,-7.5,161.1
2025-05-24,Iran,negativity,84.0,-7.4,148.1
2025-05-25,Iran,protest,81.3,-7.3,141.7
2025-05-25,Iran,crisis,86.8,-7.9,158.4
2025-05-25,Iran,negativity,85.1,-7.6,153.2
2025-05-26,Iran,protest,79.2,-7.0,133.6
2025-05-26,Iran,crisis,91.0,-7.8,157.7
2025-05-26,Iran,negativity,83.9,-7.2,159.7
2025-05-27,Iran,protest,83.3,-7.4,145.7
2025-05-27,Iran,crisis,90.6,-8.4,168.4
2025-05-27,Iran,negativity,87.7,-7.3,155.4
2025-05-28,Iran,protest,81.4,-7.5,143.4
2025-05-28,Iran,crisis,93.4,-8.0,162.1
2025-05-28,Iran,negativity,87.6,-8.4,149.2
2025-05-29,Iran,protest,81.1,-7.5,146.1
2025-05-29,Iran,crisis,92.5,-7.9,169.0
2025-05-29,Iran,negativity,87.9,-8.4,160.9
2025-05-30,Iran,protest,81.7,-7.2,147.0
2025-05-30,Iran,crisis,88.4,-7.8,153.0
2025-05-30,Iran,negativity,86.4,-7.7,154.1
2025-05-31,Iran,protest,77.8,-6.7,131.6
2025-05-31,Iran,crisis,88.4,-7.7,156.6
2025-05-31,Iran,negativity,85.9,-7.4,158.1
2025-06-01,Iran,protest,77.5,-7.4,140.2
2025-06-01,Iran,crisis,87.5,-7.6,163.0
2025-06-01,Iran,negativity,83.4,-7.7,147.4
2025-06-02,Iran,protest,78.4,-6.9,139.6
2025-06-02,Iran,crisis,89.5,-8.5,155.1
2025-06-02,Iran,negativity,82.4,-7.3,152.7
2025-06-03,Iran,protest,78.5,-6.8,134.8
2025-06-03,Iran,crisis,89.5,-8.0,156.1
2025-06-03,Iran,negativity,83.9,-7.7,158.4
2025-06-04,Iran,protest,79.6,-7.4,145.7
2025-06-04,Iran,crisis,89.7,-8.4,156.5
2025-06-04,Iran,negativity,83.9,-7.1,158.1
2025-06-05,Iran,protest,81.0,-7.9,155.3
2025-06-05,Iran,crisis,92.0,-8.1,162.8
2025-06-05,Iran,negativity,84.9,-8.1,154.9
2025-06-06,Iran,protest,80.9,-7.6,157.0
2025-06-06,Iran,crisis,89.2,-8.7,165.2
2025-06-06,Iran,negativity,83.6,-7.2,154.5
2025-06-07,Iran,protest,78.5,-7.3,135.2
2025-06-07,Iran,crisis,86.1,-7.3,145.8
2025-06-07,Iran,negativity,81.3,-6.9,145.2
2025-06-08,Iran,protest,75.6,-6.9,140.4
2025-06-08,Iran,crisis,85.3,-7.1,160.4
2025-06-08,Iran,negativity,82.2,-8.1,158.9
2025-06-09,Iran,protest,75.1,-6.8,141.0
2025-06-09,Iran,crisis,86.1,-7.5,144.6
2025-06-09,Iran,negativity,79.6,-7.2,142.9
2025-06-10,Iran,protest,76.9,-6.3,139.0
2025-06-10,Iran,crisis,86.1,-8.1,158.5
2025-06-10,Iran,negativity,82.5,-7.6,155.9
2025-06-11,Iran,protest,81.9,-7.6,150.2
2025-06-11,Iran,crisis,87.6,-8.6,156.8
2025-06-11,Iran,negativity,84.0,-8.1,140.7
2025-06-12,Iran,protest,81.4,-7.8,147.6
2025-06-12,Iran,crisis,89.4,-7.6,160.5
2025-06-12,Iran,negativity,81.7,-6.9,137.1
2025-06-13,Iran,protest,78.9,-6.7,147.4
2025-06-13,Iran,crisis,87.5,-7.6,155.4
2025-06-13,Iran,negativity,83.3,-7.1,146.9
2025-06-14,Iran,protest,77.2,-7.5,142.8
2025-06-14,Iran,crisis,86.1,-7.5,156.1
2025-06-14,Iran,negativity,83.1,-7.4,143.1
2025-06-15,Iran,protest,74.1,-6.4,125.8
2025-06-15,Iran,crisis,85.1,-7.7,148.8
2025-06-15,Iran,negativity,81.4,-7.8,156.6
2025-06-16,Iran,protest,74.3,-6.8,130.6
2025-06-16,Iran,crisis,83.0,-7.9,143.9
2025-06-16,Iran,negativity,78.5,-6.7,140.4
2025-06-17,Iran,protest,75.9,-6.5,145.6
2025-06-17,Iran,crisis,84.2,-7.1,143.6
2025-06-17,Iran,negativity,81.9,-7.1,146.8
2025-06-18,Iran,protest,77.6,-7.2,143.2
2025-06-18,Iran,crisis,87.0,-8.1,151.2
2025-06-18,Iran,negativity,83.8,-8.0,147.2
2025-06-19,Iran,protest,77.4,-6.7,137.2
2025-06-19,Iran,crisis,84.4,-8.2,145.4
2025-06-19,Iran,negativity,82.1,-7.3,149.4
2025-06-20,Iran,protest,79.4,-7.5,133.4
2025-06-20,Iran,crisis,84.0,-8.0,156.4
2025-06-20,Iran,negativity,81.9,-7.9,141.0
2025-06-21,Iran,protest,73.9,-6.2,141.2
2025-06-21,Iran,crisis,84.8,-7.5,151.0
2025-06-21,Iran,negativity,78.1,-7.3,137.0
2025-06-22,Iran,protest,72.2,-7.0,129.0
2025-06-22,Iran,crisis,80.9,-7.2,152.1
2025-06-22,Iran,negativity,78.8,-7.3,133.2
2025-06-23,Iran,protest,73.7,-7.2,135.8
2025-06-23,Iran,crisis,80.5,-7.9,145.0
2025-06-23,Iran,negativity,77.2,-6.7,151.4
2025-06-24,Iran,protest,74.5,-6.4,134.0
2025-06-24,Iran,crisis,82.5,-7.6,157.9
2025-06-24,Iran,negativity,81.2,-7.9,153.4
2025-06-25,Iran,protest,77.7,-6.9,139.4
2025-06-25,Iran,crisis,84.1,-7.7,145.3
2025-06-25,Iran,negativity,81.7,-7.9,157.0
2025-06-26,Iran,protest,78.8,-7.8,145.6
2025-06-26,Iran,crisis,88.2,-8.1,149.9
2025-06-26,Iran,negativity,80.7,-7.0,141.6
2025-06-27,Iran,protest,75.7,-6.9,147.7
2025-06-27,Iran,crisis,83.1,-7.3,151.2
2025-06-27,Iran,negativity,78.5,-7.4,146.7
2025-06-28,Iran,protest,74.8,-6.6,134.3
2025-06-28,Iran,crisis,82.9,-7.4,156.5
2025-06-28,Iran,negativity,78.7,-7.3,146.2
2025-06-29,Iran,protest,73.0,-7.2,125.1
2025-06-29,Iran,crisis,79.9,-6.9,140.8
2025-06-29,Iran,negativity,77.9,-6.7,138.2
2025-06-30,Iran,protest,73.3,-6.2,124.8
2025-06-30,Iran,crisis,82.9,-7.7,143.4
2025-06-30,Iran,negativity,80.6,-7.9,147.4
2025-07-01,Iran,protest,77.5,-6.9,138.5
2025-07-01,Iran,crisis,85.4,-7.2,161.0
2025-07-01,Iran,negativity,81.6,-6.9,153.1
2025-07-02,Iran,protest,76.1,-7.4,130.8
2025-07-02,Iran,crisis,84.2,-7.2,142.7
2025-07-02,Iran,negativity,82.2,-7.6,151.8
2025-07-03,Iran,protest,78.5,-7.2,151.1
2025-07-03,Iran,crisis,86.9,-7.4,148.1
2025-07-03,Iran,negativity,80.2,-7.2,139.0
2025-07-04,Iran,protest,78.6,-7.6,150.8
2025-07-04,Iran,crisis,87.3,-8.1,164.0
2025-07-04,Iran,negativity,81.1,-7.2,147.3
2025-07-05,Iran,protest,76.4,-7.3,129.0
2025-07-05,Iran,crisis,84.4,-7.6,153.3
2025-07-05,Iran,negativity,79.3,-6.7,140.4
2025-07-06,Iran,protest,72.4,-6.2,142.5
2025-07-06,Iran,crisis,81.7,-7.5,152.9
2025-07-06,Iran,negativity,77.7,-7.2,131.5
2025-07-07,Iran,protest,77.1,-7.7,143.0
2025-07-07,Iran,crisis,84.1,-7.5,140.9
2025-07-07,Iran,negativity,79.5,-7.6,153.2
2025-07-08,Iran,protest,76.5,-7.5,147.4
2025-07-08,Iran,crisis,86.1,-7.6,156.1
2025-07-08,Iran,negativity,80.5,-6.8,140.4
2025-07-09,Iran,protest,77.5,-7.2,151.7
2025-07-09,Iran,crisis,89.1,-7.6,165.9
2025-07-09,Iran,negativity,82.8,-7.4,157.6
2025-07-10,Iran,protest,76.7,-6.8,137.2
2025-07-10,Iran,crisis,86.9,-7.3,145.2
2025-07-10,Iran,negativity,81.5,-7.4,155.9
2025-07-11,Iran,protest,80.0,-7.5,139.6
2025-07-11,Iran,crisis,86.8,-8.3,147.3
2025-07-11,Iran,negativity,80.1,-7.3,137.9
2025-07-12,Iran,protest,75.6,-6.4,138.8
2025-07-12,Iran,crisis,83.9,-7.9,159.6
2025-07-12,Iran,negativity,80.7,-7.3,145.0
2025-07-13,Iran,protest,77.0,-6.8,133.8
2025-07-13,Iran,crisis,83.5,-8.1,156.9
2025-07-13,Iran,negativity,80.8,-8.0,155.0
2025-07-14,Iran,protest,77.0,-6.7,150.2
2025-07-14,Iran,crisis,84.8,-8.3,148.5
2025-07-14,Iran,negativity,79.4,-6.8,154.9
2025-07-15,Iran,protest,80.4,-7.7,139.5
2025-07-15,Iran,crisis,87.8,-7.7,149.6
2025-07-15,Iran,negativity,84.2,-7.8,156.3
2025-07-16,Iran,protest,81.3,-7.1,139.6
2025-07-16,Iran,crisis,90.3,-8.2,158.1
2025-07-16,Iran,negativity,83.0,-8.1,141.5
2025-07-17,Iran,protest,78.9,-7.4,138.3
2025-07-17,Iran,crisis,90.4,-8.6,163.5
2025-07-17,Iran,negativity,87.1,-8.0,158.3
2025-07-18,Iran,protest,79.1,-7.5,142.7
2025-07-18,Iran,crisis,88.6,-7.4,158.1
2025-07-18,Iran,negativity,84.6,-7.6,149.2
2025-07-19,Iran,protest,81.1,-6.8,141.2
2025-07-19,Iran,crisis,86.3,-7.9,151.5
2025-07-19,Iran,negativity,84.8,-7.2,152.8
2025-07-20,Iran,protest,77.6,-7.3,149.1
2025-07-20,Iran,crisis,85.4,-7.3,143.1
2025-07-20,Iran,negativity,83.4,-7.6,153.0
2025-07-21,Iran,protest,80.9,-7.4,136.8
2025-07-21,Iran,crisis,88.3,-8.2,163.1
2025-07-21,Iran,negativity,82.6,-7.8,147.5
2025-07-22,Iran,protest,81.1,-7.0,147.0
2025-07-22,Iran,crisis,89.0,-8.5,149.8
2025-07-22,Iran,negativity,85.1,-7.1,142.7
2025-07-23,Iran,protest,83.1,-7.6,140.9
2025-07-23,Iran,crisis,92.8,-9.0,166.9
2025-07-23,Iran,negativity,88.9,-7.9,164.8
2025-07-24,Iran,protest,83.5,-7.2,140.6
2025-07-24,Iran,crisis,93.4,-9.0,168.3
2025-07-24,Iran,negativity,87.8,-7.6,159.7
2025-07-25,Iran,protest,81.7,-6.7,140.0
2025-07-25,Iran,crisis,94.2,-8.4,172.8
2025-07-25,Iran,negativity,87.1,-7.3,163.0
2025-07-26,Iran,protest,85.3,-7.1,160.1
2025-07-26,Iran,crisis,91.9,-9.0,163.6
2025-07-26,Iran,negativity,88.5,-7.8,164.4
2025-07-27,Iran,protest,84.2,-7.4,148.8
2025-07-27,Iran,crisis,93.0,-8.8,175.2
2025-07-27,Iran,negativity,86.2,-8.3,165.3
2025-07-28,Iran,protest,85.1,-7.3,160.4
2025-07-28,Iran,crisis,90.5,-8.7,154.5
2025-07-28,Iran,negativity,89.6,-8.2,163.8
2025-07-29,Iran,protest,85.0,-7.9,156.7
2025-07-29,Iran,crisis,92.8,-9.1,170.2
2025-07-29,Iran,negativity,89.3,-7.5,150.1
2025-07-30,Iran,protest,86.7,-7.9,155.1
2025-07-30,Iran,crisis,96.7,-8.5,160.8
2025-07-30,Iran,negativity,94.4,-9.3,168.4
2025-07-31,Iran,protest,86.8,-7.3,164.7
2025-07-31,Iran,crisis,99.0,-8.4,170.3
2025-07-31,Iran,negativity,94.4,-8.4,176.5
2025-08-01,Iran,protest,86.8,-8.5,146.4
2025-08-01,Iran,crisis,99.0,-8.3,184.7
2025-08-01,Iran,negativity,92.8,-8.2,164.1
2025-08-02,Iran,protest,85.4,-8.4,143.9
2025-08-02,Iran,crisis,94.6,-8.0,173.9
2025-08-02,Iran,negativity,92.2,-8.7,163.6
2025-08-03,Iran,protest,87.6,-7.7,168.0
2025-08-03,Iran,crisis,96.5,-9.1,162.8
2025-08-03,Iran,negativity,92.3,-8.6,165.4
2025-08-04,Iran,protest,87.9,-7.6,165.1
2025-08-04,Iran,crisis,97.9,-9.0,179.0
2025-08-04,Iran,negativity,93.7,-8.0,175.3
2025-08-05,Iran,protest,91.8,-9.0,167.0
2025-08-05,Iran,crisis,97.9,-8.6,179.1
2025-08-05,Iran,negativity,96.9,-9.3,172.8
2025-08-06,Iran,protest,89.7,-8.2,157.0
2025-08-06,Iran,crisis,99.0,-9.1,171.2
2025-08-06,Iran,negativity,92.8,-7.9,171.4
2025-08-07,Iran,protest,88.1,-8.0,163.4
2025-08-07,Iran,crisis,98.2,-9.5,165.3
2025-08-07,Iran,negativity,93.5,-8.1,158.9
2025-08-08,Iran,protest,89.8,-7.8,168.7
2025-08-08,Iran,crisis,99.0,-9.5,165.4
2025-08-08,Iran,negativity,95.2,-9.0,161.2
2025-08-09,Iran,protest,88.1,-7.4,157.8
2025-08-09,Iran,crisis,99.0,-8.7,182.5
2025-08-09,Iran,negativity,95.3,-9.1,176.2
2025-08-10,Iran,protest,88.5,-7.7,156.0
2025-08-10,Iran,crisis,99.0,-8.4,176.6
2025-08-10,Iran,negativity,96.6,-8.2,172.0
2025-08-11,Iran,protest,92.5,-8.3,164.9
2025-08-11,Iran,crisis,99.0,-8.8,185.7
2025-08-11,Iran,negativity,93.6,-9.0,169.3
2025-08-12,Iran,protest,91.1,-8.3,159.0
2025-08-12,Iran,crisis,99.0,-9.3,179.2
2025-08-12,Iran,negativity,96.4,-9.1,181.4
2025-08-13,Iran,protest,91.4,-8.0,165.2
2025-08-13,Iran,crisis,99.0,-8.3,178.2
2025-08-13,Iran,negativity,93.1,-7.9,169.3
2025-08-14,Iran,protest,90.6,-8.8,169.2
2025-08-14,Iran,crisis,99.0,-8.7,170.3
2025-08-14,Iran,negativity,95.0,-8.9,172.9
2025-08-15,Iran,protest,89.9,-8.3,152.3
2025-08-15,Iran,crisis,98.2,-8.7,164.1
2025-08-15,Iran,negativity,95.2,-8.4,164.9
2025-08-16,Iran,protest,88.3,-7.7,165.9
2025-08-16,Iran,crisis,99.0,-8.9,168.2
2025-08-16,Iran,negativity,92.7,-8.1,169.2
2025-08-17,Iran,protest,90.9,-7.6,166.4
2025-08-17,Iran,crisis,99.0,-8.9,183.4
2025-08-17,Iran,negativity,95.4,-9.3,178.1
2025-08-18,Iran,protest,88.3,-8.5,168.1
2025-08-18,Iran,crisis,99.0,-9.0,169.0
2025-08-18,Iran,negativity,94.1,-8.4,173.6
2025-08-19,Iran,protest,87.9,-7.5,157.8
2025-08-19,Iran,crisis,99.0,-8.4,170.3
2025-08-19,Iran,negativity,93.2,-7.9,167.8
2025-08-20,Iran,protest,88.8,-7.7,151.2
2025-08-20,Iran,crisis,99.0,-9.2,183.1
2025-08-20,Iran,negativity,94.2,-8.5,160.9
2025-08-21,Iran,protest,90.9,-7.7,153.0
2025-08-21,Iran,crisis,99.0,-9.0,185.9
2025-08-21,Iran,negativity,95.0,-8.3,175.8
2025-08-22,Iran,protest,89.4,-8.4,159.3
2025-08-22,Iran,crisis,99.0,-9.0,169.1
2025-08-22,Iran,negativity,96.9,-9.1,162.3
2025-08-23,Iran,protest,88.3,-8.1,157.3
2025-08-23,Iran,crisis,98.5,-8.9,166.8
2025-08-23,Iran,negativity,96.0,-8.4,175.1
2025-08-24,Iran,protest,91.1,-7.9,170.2
2025-08-24,Iran,crisis,99.0,-8.8,166.5
2025-08-24,Iran,negativity,97.4,-9.5,168.7
2025-08-25,Iran,protest,91.5,-8.2,170.9
2025-08-25,Iran,crisis,97.8,-9.4,169.8
2025-08-25,Iran,negativity,94.1,-9.1,171.6
2025-08-26,Iran,protest,89.7,-8.8,167.8
2025-08-26,Iran,crisis,98.7,-8.6,176.7
2025-08-26,Iran,negativity,96.2,-8.8,178.5
2025-08-27,Iran,protest,89.0,-8.1,169.7
2025-08-27,Iran,crisis,99.0,-9.5,168.2
2025-08-27,Iran,negativity,93.4,-8.0,156.8
2025-08-28,Iran,protest,88.2,-8.3,148.4
2025-08-28,Iran,crisis,98.7,-8.7,184.7
2025-08-28,Iran,negativity,94.1,-8.4,160.1
2025-08-29,Iran,protest,91.7,-8.6,157.3
2025-08-29,Iran,crisis,99.0,-8.5,169.1
2025-08-29,Iran,negativity,92.7,-8.2,162.5
2025-08-30,Iran,protest,91.7,-7.8,174.5
2025-08-30,Iran,crisis,98.3,-9.3,166.0
2025-08-30,Iran,negativity,96.0,-8.6,161.5
2025-08-31,Iran,protest,87.8,-8.0,148.5
2025-08-31,Iran,crisis,99.0,-9.5,183.4
2025-08-31,Iran,negativity,95.6,-8.1,169.0
2025-09-01,Iran,protest,89.2,-8.4,155.7
2025-09-01,Iran,crisis,98.4,-9.3,173.7
2025-09-01,Iran,negativity,95.2,-8.0,174.4
2025-09-02,Iran,protest,91.8,-8.8,155.0
2025-09-02,Iran,crisis,98.9,-9.0,182.9
2025-09-02,Iran,negativity,97.3,-8.2,174.1
2025-09-03,Iran,protest,92.2,-7.8,166.9
2025-09-03,Iran,crisis,99.0,-8.8,171.4
2025-09-03,Iran,negativity,96.1,-9.0,166.2
2025-09-04,Iran,protest,88.4,-8.2,153.6
2025-09-04,Iran,crisis,99.0,-8.9,172.8
2025-09-04,Iran,negativity,97.0,-8.3,181.3
2025-09-05,Iran,protest,89.9,-8.1,169.7
2025-09-05,Iran,crisis,98.6,-9.1,173.0
2025-09-05,Iran,negativity,97.1,-9.2,180.8
2025-09-06,Iran,protest,90.4,-8.3,161.1
2025-09-06,Iran,crisis,99.0,-8.6,174.5
2025-09-06,Iran,negativity,94.7,-9.0,175.4
2025-09-07,Iran,protest,88.6,-8.2,151.7
2025-09-07,Iran,crisis,99.0,-9.0,176.2
2025-09-07,Iran,negativity,94.2,-8.8,170.1
2025-09-08,Iran,protest,89.3,-8.5,167.6
2025-09-08,Iran,crisis,99.0,-8.8,184.7
2025-09-08,Iran,negativity,93.8,-8.8,175.5
2025-09-09,Iran,protest,92.5,-7.9,157.5
2025-09-09,Iran,crisis,99.0,-9.5,169.5
2025-09-09,Iran,negativity,94.1,-8.3,162.0
2025-09-10,Iran,protest,90.1,-7.6,169.9
2025-09-10,Iran,crisis,97.9,-8.8,163.8
2025-09-10,Iran,negativity,96.7,-8.4,170.2
2025-09-11,Iran,protest,90.7,-8.0,153.1
2025-09-11,Iran,crisis,99.0,-9.3,166.2
2025-09-11,Iran,negativity,97.0,-8.7,180.5
2025-09-12,Iran,protest,90.9,-8.7,165.8
2025-09-12,Iran,crisis,99.0,-8.8,166.0
2025-09-12,Iran,negativity,94.0,-8.8,173.8
2025-09-13,Iran,protest,91.9,-9.0,168.3
2025-09-13,Iran,crisis,99.0,-8.5,184.6
2025-09-13,Iran,negativity,94.6,-8.4,176.5
2025-09-14,Iran,protest,91.2,-8.2,161.9
2025-09-14,Iran,crisis,98.7,-8.7,178.7
2025-09-14,Iran,negativity,93.3,-8.6,165.9
2025-09-15,Iran,protest,91.5,-8.6,166.7
2025-09-15,Iran,crisis,99.0,-8.9,168.9
2025-09-15,Iran,negativity,95.2,-9.1,167.6
2025-09-16,Iran,protest,88.8,-8.0,154.4
2025-09-16,Iran,crisis,99.0,-9.4,169.2
2025-09-16,Iran,negativity,95.8,-8.6,160.7
2025-09-17,Iran,protest,92.2,-8.0,160.2
2025-09-17,Iran,crisis,99.0,-8.7,180.2
2025-09-17,Iran,negativity,94.8,-8.4,170.6
2025-09-18,Iran,protest,89.2,-7.6,150.7
2025-09-18,Iran,crisis,98.3,-8.8,169.8
2025-09-18,Iran,negativity,95.0,-9.2,175.9
2025-09-19,Iran,protest,89.8,-8.4,151.5
2025-09-19,Iran,crisis,99.0,-8.6,179.2
2025-09-19,Iran,negativity,93.6,-8.8,176.2
2025-09-20,Iran,protest,88.0,-7.6,157.1
2025-09-20,Iran,crisis,99.0,-8.4,172.2
2025-09-20,Iran,negativity,92.9,-8.4,163.8
2025-09-21,Iran,protest,88.5,-7.5,156.5
2025-09-21,Iran,crisis,97.5,-8.6,180.9
2025-09-21,Iran,negativity,92.2,-8.7,174.3
2025-09-22,Iran,protest,91.3,-8.3,169.4
2025-09-22,Iran,crisis,98.6,-9.4,178.2
2025-09-22,Iran,negativity,95.8,-9.4,166.3
2025-09-23,Iran,protest,91.4,-7.7,153.8
2025-09-23,Iran,crisis,99.0,-8.8,182.5
2025-09-23,Iran,negativity,93.2,-8.1,156.6
2025-09-24,Iran,protest,92.3,-8.0,167.3
2025-09-24,Iran,crisis,99.0,-9.5,182.1
2025-09-24,Iran,negativity,97.3,-9.2,167.6
2025-09-25,Iran,protest,89.5,-8.6,157.1
2025-09-25,Iran,crisis,99.0,-8.9,178.6
2025-09-25,Iran,negativity,94.2,-8.1,172.2
2025-09-26,Iran,protest,90.3,-8.7,160.6
2025-09-26,Iran,crisis,97.2,-9.3,182.9
2025-09-26,Iran,negativity,95.4,-8.9,165.0
2025-09-27,Iran,protest,87.2,-7.3,166.1
2025-09-27,Iran,crisis,94.2,-8.2,178.7
2025-09-27,Iran,negativity,92.9,-8.9,167.7
2025-09-28,Iran,protest,84.9,-7.9,143.8
2025-09-28,Iran,crisis,96.4,-8.2,161.2
2025-09-28,Iran,negativity,88.8,-7.6,169.3
2025-09-29,Iran,protest,85.3,-8.4,150.6
2025-09-29,Iran,crisis,95.9,-8.9,171.3
2025-09-29,Iran,negativity,91.0,-8.1,168.7
2025-09-30,Iran,protest,85.9,-7.4,160.4
2025-09-30,Iran,crisis,94.5,-9.2,164.2
2025-09-30,Iran,negativity,89.9,-7.8,153.4
2025-10-01,Iran,protest,86.3,-7.3,148.4
2025-10-01,Iran,crisis,95.6,-8.8,170.5
2025-10-01,Iran,negativity,91.5,-7.9,158.5
2025-10-02,Iran,protest,87.3,-8.3,159.4
2025-10-02,Iran,crisis,93.4,-8.9,158.0
2025-10-02,Iran,negativity,91.0,-8.9,154.8
2025-10-03,Iran,protest,82.5,-8.0,159.5
2025-10-03,Iran,crisis,95.9,-8.8,169.9
2025-10-03,Iran,negativity,88.5,-7.8,160.7
2025-10-04,Iran,protest,83.0,-8.2,149.8
2025-10-04,Iran,crisis,91.4,-8.8,172.6
2025-10-04,Iran,negativity,85.8,-8.1,150.3
2025-10-05,Iran,protest,83.3,-8.0,155.1
2025-10-05,Iran,crisis,92.4,-8.9,155.7
2025-10-05,Iran,negativity,86.2,-8.5,163.9
2025-10-06,Iran,protest,81.0,-7.3,143.5
2025-10-06,Iran,crisis,90.4,-8.5,153.4
2025-10-06,Iran,negativity,84.3,-8.1,160.7
2025-10-07,Iran,protest,81.2,-7.8,143.8
2025-10-07,Iran,crisis,91.2,-8.4,165.0
2025-10-07,Iran,negativity,84.6,-7.3,162.7
2025-10-08,Iran,protest,84.6,-8.4,141.8
2025-10-08,Iran,crisis,92.1,-8.0,170.2
2025-10-08,Iran,negativity,88.8,-8.0,149.1
2025-10-09,Iran,protest,83.2,-7.0,146.8
2025-10-09,Iran,crisis,93.0,-8.5,176.2
2025-10-09,Iran,negativity,88.7,-8.0,163.0
2025-10-10,Iran,protest,84.0,-8.0,147.2
2025-10-10,Iran,crisis,90.1,-8.0,165.0
2025-10-10,Iran,negativity,86.6,-8.2,159.0
2025-10-11,Iran,protest,78.6,-6.5,134.2
2025-10-11,Iran,crisis,90.8,-8.9,173.1
2025-10-11,Iran,negativity,83.7,-7.2,157.3
2025-10-12,Iran,protest,79.4,-7.1,137.0
2025-10-12,Iran,crisis,86.3,-7.3,152.8
2025-10-12,Iran,negativity,83.1,-7.0,157.3
2025-10-13,Iran,protest,81.6,-7.3,145.4
2025-10-13,Iran,crisis,85.8,-8.1,144.8
2025-10-13,Iran,negativity,84.7,-8.0,141.5
2025-10-14,Iran,protest,82.4,-7.7,142.9
2025-10-14,Iran,crisis,91.0,-7.9,163.9
2025-10-14,Iran,negativity,85.5,-8.1,146.9
2025-10-15,Iran,protest,82.8,-7.4,149.6
2025-10-15,Iran,crisis,93.4,-8.7,173.1
2025-10-15,Iran,negativity,88.4,-8.3,154.0
2025-10-16,Iran,protest,83.9,-7.5,145.5
2025-10-16,Iran,crisis,90.2,-7.6,165.1
2025-10-16,Iran,negativity,87.7,-7.7,151.9
2025-10-17,Iran,protest,80.7,-7.6,154.1
2025-10-17,Iran,crisis,92.2,-8.7,169.8
2025-10-17,Iran,negativity,84.5,-8.0,160.7
2025-10-18,Iran,protest,82.1,-7.6,143.9
2025-10-18,Iran,crisis,86.6,-7.8,147.5
2025-10-18,Iran,negativity,84.1,-7.8,158.7
2025-10-19,Iran,protest,80.8,-7.4,144.6
2025-10-19,Iran,crisis,88.2,-8.0,162.0
2025-10-19,Iran,negativity,83.4,-7.7,141.9
2025-10-20,Iran,protest,77.2,-6.7,131.1
2025-10-20,Iran,crisis,90.0,-7.7,160.5
2025-10-20,Iran,negativity,83.0,-7.5,148.0
2025-10-21,Iran,protest,82.2,-6.8,148.8
2025-10-21,Iran,crisis,88.1,-7.7,151.3
2025-10-21,Iran,negativity,83.5,-8.1,157.1
2025-10-22,Iran,protest,83.8,-7.6,152.7
2025-10-22,Iran,crisis,92.7,-8.7,175.1
2025-10-22,Iran,negativity,88.3,-8.6,153.1
2025-10-23,Iran,protest,84.3,-7.0,155.8
2025-10-23,Iran,crisis,93.8,-7.9,175.6
2025-10-23,Iran,negativity,86.6,-8.4,145.2
2025-10-24,Iran,protest,79.8,-7.5,152.6
2025-10-24,Iran,crisis,91.9,-8.9,164.7
2025-10-24,Iran,negativity,86.8,-8.0,153.8
2025-10-25,Iran,protest,79.2,-7.3,140.5
2025-10-25,Iran,crisis,89.9,-8.1,155.1
2025-10-25,Iran,negativity,85.9,-7.2,159.5
2025-10-26,Iran,protest,79.1,-7.9,150.1
2025-10-26,Iran,crisis,85.7,-8.2,149.1
2025-10-26,Iran,negativity,83.7,-7.1,160.2
2025-10-27,Iran,protest,77.7,-7.6,136.4
2025-10-27,Iran,crisis,87.0,-8.5,157.7
2025-10-27,Iran,negativity,83.0,-7.6,144.5
2025-10-28,Iran,protest,80.8,-7.5,141.7
2025-10-28,Iran,crisis,92.2,-7.9,167.2
2025-10-28,Iran,negativity,85.6,-7.8,145.8
2025-10-29,Iran,protest,84.7,-7.5,147.9
2025-10-29,Iran,crisis,93.2,-8.9,157.5
2025-10-29,Iran,negativity,88.8,-8.5,152.3
2025-10-30,Iran,protest,81.8,-8.0,158.3
2025-10-30,Iran,crisis,94.2,-8.2,171.8
2025-10-30,Iran,negativity,90.2,-8.3,171.8
2025-10-31,Iran,protest,84.4,-7.1,155.6
2025-10-31,Iran,crisis,91.0,-7.9,171.7
2025-10-31,Iran,negativity,88.1,-8.6,158.6
2025-11-01,Iran,protest,78.8,-7.1,144.3
2025-11-01,Iran,crisis,89.8,-8.7,166.8
2025-11-01,Iran,negativity,87.4,-8.4,165.1
2025-11-02,Iran,protest,78.7,-6.7,151.8
2025-11-02,Iran,crisis,88.3,-8.6,147.8
2025-11-02,Iran,negativity,86.2,-7.9,161.0
2025-11-03,Iran,protest,82.5,-6.8,155.3
2025-11-03,Iran,crisis,89.8,-7.6,152.7
2025-11-03,Iran,negativity,83.7,-7.9,148.9
2025-11-04,Iran,protest,81.8,-7.0,156.9
2025-11-04,Iran,crisis,91.1,-8.7,159.2
2025-11-04,Iran,negativity,87.9,-8.3,164.8
2025-11-05,Iran,protest,83.1,-7.1,148.3
2025-11-05,Iran,crisis,91.7,-8.9,173.3
2025-11-05,Iran,negativity,87.9,-7.7,153.6
2025-11-06,Iran,protest,84.4,-7.5,150.1
2025-11-06,Iran,crisis,94.3,-9.3,172.8
2025-11-06,Iran,negativity,87.1,-7.3,151.4
2025-11-07,Iran,protest,85.6,-8.0,145.4
2025-11-07,Iran,crisis,91.9,-8.1,173.0
2025-11-07,Iran,negativity,87.5,-7.6,147.1
2025-11-08,Iran,protest,81.8,-7.5,157.8
2025-11-08,Iran,crisis,89.5,-8.7,167.8
2025-11-08,Iran,negativity,84.7,-7.0,153.3
2025-11-09,Iran,protest,82.6,-7.8,150.0
2025-11-09,Iran,crisis,88.6,-8.4,166.9
2025-11-09,Iran,negativity,87.1,-7.5,164.7
2025-11-10,Iran,protest,79.8,-7.2,153.0
2025-11-10,Iran,crisis,91.9,-7.9,171.1
2025-11-10,Iran,negativity,85.4,-7.9,150.0
2025-11-11,Iran,protest,83.1,-7.3,145.6
2025-11-11,Iran,crisis,94.2,-8.8,173.0
2025-11-11,Iran,negativity,86.0,-8.3,152.4
2025-11-12,Iran,protest,84.0,-7.2,147.9
2025-11-12,Iran,crisis,92.4,-8.6,168.1
2025-11-12,Iran,negativity,90.4,-8.5,166.9
2025-11-13,Iran,protest,84.0,-7.5,161.7
2025-11-13,Iran,crisis,91.7,-7.8,172.6
2025-11-13,Iran,negativity,91.1,-8.8,161.2
2025-11-14,Iran,protest,82.2,-8.0,156.0
2025-11-14,Iran,crisis,94.4,-9.1,176.4
2025-11-14,Iran,negativity,89.3,-8.4,151.0
2025-11-15,Iran,protest,80.2,-7.5,155.7
2025-11-15,Iran,crisis,92.0,-8.6,163.5
2025-11-15,Iran,negativity,85.6,-7.8,151.8
2025-11-16,Iran,protest,81.3,-7.0,155.8
2025-11-16,Iran,crisis,89.9,-7.6,166.6
2025-11-16,Iran,negativity,86.7,-7.9,162.4
2025-11-17,Iran,protest,79.6,-6.8,134.2
2025-11-17,Iran,crisis,90.8,-7.6,155.2
2025-11-17,Iran,negativity,88.1,-8.2,160.1
2025-11-18,Iran,protest,84.5,-7.7,155.0
2025-11-18,Iran,crisis,92.2,-8.5,170.1
2025-11-18,Iran,negativity,86.1,-8.4,158.8
2025-11-19,Iran,protest,86.2,-7.7,145.7
2025-11-19,Iran,crisis,92.0,-7.9,173.1
2025-11-19,Iran,negativity,89.7,-8.2,170.3
2025-11-20,Iran,protest,86.7,-8.6,151.7
2025-11-20,Iran,crisis,95.0,-8.5,158.5
2025-11-20,Iran,negativity,89.6,-8.3,159.8
2025-11-21,Iran,protest,85.8,-7.1,144.7
2025-11-21,Iran,crisis,92.4,-9.0,160.1
2025-11-21,Iran,negativity,89.3,-8.2,162.3
2025-11-22,Iran,protest,79.8,-6.9,137.4
2025-11-22,Iran,crisis,91.4,-8.1,154.3
2025-11-22,Iran,negativity,84.5,-7.7,152.2
2025-11-23,Iran,protest,78.7,-6.5,150.1
2025-11-23,Iran,crisis,87.0,-8.1,152.2
2025-11-23,Iran,negativity,84.5,-7.1,156.3
2025-11-24,Iran,protest,83.1,-7.2,146.8
2025-11-24,Iran,crisis,90.0,-7.7,157.2
2025-11-24,Iran,negativity,87.1,-8.3,164.2
2025-11-25,Iran,protest,84.2,-7.0,144.0
2025-11-25,Iran,crisis,93.2,-8.2,170.3
2025-11-25,Iran,negativity,86.2,-7.9,151.2
2025-11-26,Iran,protest,82.6,-8.1,142.3
2025-11-26,Iran,crisis,91.5,-7.7,156.7
2025-11-26,Iran,negativity,90.1,-7.8,162.1
2025-11-27,Iran,protest,82.4,-8.0,147.2
2025-11-27,Iran,crisis,93.0,-8.6,176.8
2025-11-27,Iran,negativity,89.2,-8.4,156.9
2025-11-28,Iran,protest,83.6,-7.1,148.0
2025-11-28,Iran,crisis,89.1,-8.4,155.1
2025-11-28,Iran,negativity,87.7,-7.8,163.1
2025-11-29,Iran,protest,80.7,-7.2,154.3
2025-11-29,Iran,crisis,89.6,-8.5,171.3
2025-11-29,Iran,negativity,83.2,-7.6,142.3
2025-11-30,Iran,protest,81.8,-7.3,150.1
2025-11-30,Iran,crisis,90.4,-8.3,156.1
2025-11-30,Iran,negativity,82.4,-7.6,150.0
2025-12-01,Iran,protest,79.8,-7.7,144.6
2025-12-01,Iran,crisis,88.6,-8.4,166.8
2025-12-01,Iran,negativity,86.0,-8.2,162.5
2025-12-02,Iran,protest,79.3,-7.3,136.9
2025-12-02,Iran,crisis,92.0,-8.2,174.1
2025-12-02,Iran,negativity,85.4,-8.3,161.1
2025-12-03,Iran,protest,82.0,-7.5,148.1
2025-12-03,Iran,crisis,93.3,-8.3,165.1
2025-12-03,Iran,negativity,85.4,-7.9,151.3
2025-12-04,Iran,protest,81.7,-6.8,144.1
2025-12-04,Iran,crisis,92.6,-8.1,155.5
2025-12-04,Iran,negativity,86.5,-8.2,150.3
2025-12-05,Iran,protest,79.9,-7.0,137.0
2025-12-05,Iran,crisis,89.3,-8.3,155.3
2025-12-05,Iran,negativity,85.8,-8.4,146.7
2025-12-06,Iran,protest,77.9,-6.5,140.7
2025-12-06,Iran,crisis,88.0,-8.5,150.6
2025-12-06,Iran,negativity,84.5,-7.5,160.4
2025-12-07,Iran,protest,76.3,-7.2,137.3
2025-12-07,Iran,crisis,86.0,-7.8,146.3
2025-12-07,Iran,negativity,82.8,-8.1,152.6
2025-12-08,Iran,protest,76.8,-7.1,139.4
2025-12-08,Iran,crisis,85.2,-8.0,159.7
2025-12-08,Iran,negativity,83.3,-7.2,150.3
2025-12-09,Iran,protest,81.1,-8.0,148.7
2025-12-09,Iran,crisis,87.1,-8.5,153.5
2025-12-09,Iran,negativity,85.8,-7.3,143.8
2025-12-10,Iran,protest,82.0,-7.0,148.2
2025-12-10,Iran,crisis,87.7,-8.5,157.9
2025-12-10,Iran,negativity,86.6,-7.5,153.7
2025-12-11,Iran,protest,80.1,-6.9,145.6
2025-12-11,Iran,crisis,88.2,-7.9,149.7
2025-12-11,Iran,negativity,85.1,-8.3,151.1
2025-12-12,Iran,protest,81.3,-6.9,157.5
2025-12-12,Iran,crisis,87.7,-8.6,149.4
2025-12-12,Iran,negativity,82.5,-6.9,151.5
2025-12-13,Iran,protest,80.2,-7.8,142.5
2025-12-13,Iran,crisis,85.9,-7.8,146.3
2025-12-13,Iran,negativity,81.6,-7.8,138.5
2025-12-14,Iran,protest,76.2,-7.4,145.9
2025-12-14,Iran,crisis,84.0,-7.2,154.7
2025-12-14,Iran,negativity,81.7,-7.7,153.8
2025-12-15,Iran,protest,78.8,-7.3,154.0
2025-12-15,Iran,crisis,86.4,-8.4,147.5
2025-12-15,Iran,negativity,81.6,-7.8,139.0
2025-12-16,Iran,protest,79.9,-7.9,151.9
2025-12-16,Iran,crisis,87.3,-8.3,158.8
2025-12-16,Iran,negativity,85.1,-8.3,159.9
2025-12-17,Iran,protest,81.9,-7.5,155.4
2025-12-17,Iran,crisis,87.0,-7.2,147.1
2025-12-17,Iran,negativity,84.4,-7.9,162.5
2025-12-18,Iran,protest,78.7,-7.8,149.5
2025-12-18,Iran,crisis,88.1,-8.2,165.5
2025-12-18,Iran,negativity,84.0,-7.8,160.2
2025-12-19,Iran,protest,79.7,-7.9,135.6
2025-12-19,Iran,crisis,86.0,-7.9,159.7
2025-12-19,Iran,negativity,82.9,-8.0,150.2
2025-12-20,Iran,protest,80.1,-7.7,152.8
2025-12-20,Iran,crisis,87.9,-8.6,152.2
2025-12-20,Iran,negativity,84.5,-7.9,147.4
2025-12-21,Iran,protest,75.3,-7.4,126.7
2025-12-21,Iran,crisis,85.1,-8.1,144.0
2025-12-21,Iran,negativity,80.8,-7.5,141.0
2025-12-22,Iran,protest,78.9,-7.8,140.7
2025-12-22,Iran,crisis,86.1,-8.2,157.5
2025-12-22,Iran,negativity,84.0,-7.8,140.8
2025-12-23,Iran,protest,76.8,-7.2,134.8
2025-12-23,Iran,crisis,86.8,-8.1,152.6
2025-12-23,Iran,negativity,81.7,-7.1,152.5
2025-12-24,Iran,protest,80.4,-7.4,148.6
2025-12-24,Iran,crisis,89.4,-8.1,159.1
2025-12-24,Iran,negativity,83.7,-6.9,153.7
2025-12-25,Iran,protest,83.2,-7.3,148.0
2025-12-25,Iran,crisis,87.7,-8.2,157.0
2025-12-25,Iran,negativity,86.2,-8.4,160.1
2025-12-26,Iran,protest,82.3,-6.9,146.3
2025-12-26,Iran,crisis,88.9,-8.4,154.5
2025-12-26,Iran,negativity,85.1,-7.9,154.4
2025-12-27,Iran,protest,77.5,-7.2,148.4
2025-12-27,Iran,crisis,86.1,-7.6,144.9
2025-12-27,Iran,negativity,81.3,-7.3,139.1
2025-12-28,Iran,protest,80.5,-7.4,152.5
2025-12-28,Iran,crisis,85.3,-8.1,157.5
2025-12-28,Iran,negativity,82.5,-7.2,156.2
2025-12-29,Iran,protest,78.7,-6.8,149.5
2025-12-29,Iran,crisis,87.1,-7.8,145.6
2025-12-29,Iran,negativity,83.9,-8.2,154.9
2025-12-30,Iran,protest,81.7,-8.1,144.6
2025-12-30,Iran,crisis,87.3,-7.9,157.5
2025-12-30,Iran,negativity,86.9,-7.7,146.9
2025-12-31,Iran,protest,81.9,-7.6,139.6
2025-12-31,Iran,crisis,90.0,-8.0,170.5
2025-12-31,Iran,negativity,86.4,-7.6,154.1
2026-01-01,Iran,protest,81.5,-7.1,143.6
2026-01-01,Iran,crisis,93.2,-8.6,157.2
2026-01-01,Iran,negativity,87.2,-8.1,166.9
2026-01-02,Iran,protest,81.0,-7.4,137.3
2026-01-02,Iran,crisis,93.2,-8.2,163.7
2026-01-02,Iran,negativity,89.0,-7.5,158.4
2026-01-03,Iran,protest,82.4,-7.0,145.5
2026-01-03,Iran,crisis,91.2,-8.0,173.1
2026-01-03,Iran,negativity,85.8,-8.1,158.4
2026-01-04,Iran,protest,81.0,-7.4,152.5
2026-01-04,Iran,crisis,88.7,-8.0,163.8
2026-01-04,Iran,negativity,86.9,-7.6,148.2
2026-01-05,Iran,protest,84.4,-8.2,147.7
2026-01-05,Iran,crisis,90.0,-8.8,168.1
2026-01-05,Iran,negativity,84.7,-7.0,156.6
2026-01-06,Iran,protest,85.7,-7.7,145.3
2026-01-06,Iran,crisis,95.8,-8.1,174.1
2026-01-06,Iran,negativity,90.0,-7.8,161.8
2026-01-07,Iran,protest,88.4,-7.5,148.1
2026-01-07,Iran,crisis,94.4,-8.3,175.3
2026-01-07,Iran,negativity,90.5,-8.5,154.6
2026-01-08,Iran,protest,85.7,-8.5,164.0
2026-01-08,Iran,crisis,98.9,-8.5,179.9
2026-01-08,Iran,negativity,93.2,-9.1,159.9
2026-01-09,Iran,protest,86.3,-8.1,158.3
2026-01-09,Iran,crisis,97.4,-9.0,173.4
2026-01-09,Iran,negativity,92.9,-8.7,159.7
2026-01-10,Iran,protest,85.1,-8.4,145.8
2026-01-10,Iran,crisis,97.2,-8.5,167.6
2026-01-10,Iran,negativity,93.7,-9.1,161.5
2026-01-11,Iran,protest,85.7,-8.1,156.7
2026-01-11,Iran,crisis,95.2,-8.7,161.8
2026-01-11,Iran,negativity,89.2,-8.5,153.1
2026-01-12,Iran,protest,86.5,-7.2,148.4
2026-01-12,Iran,crisis,96.3,-8.1,162.3
2026-01-12,Iran,negativity,92.9,-8.6,158.9
2026-01-13,Iran,protest,91.2,-8.3,155.5
2026-01-13,Iran,crisis,98.8,-9.0,184.2
2026-01-13,Iran,negativity,93.1,-9.1,175.4
2026-01-14,Iran,protest,90.2,-7.6,153.6
2026-01-14,Iran,crisis,99.0,-8.8,177.2
2026-01-14,Iran,negativity,95.6,-8.2,176.6
2026-01-15,Iran,protest,88.7,-8.1,154.5
2026-01-15,Iran,crisis,99.0,-8.4,177.9
2026-01-15,Iran,negativity,96.6,-8.9,167.1
2026-01-16,Iran,protest,88.6,-7.6,150.7
2026-01-16,Iran,crisis,99.0,-8.4,176.8
2026-01-16,Iran,negativity,95.1,-8.8,169.2
2026-01-17,Iran,protest,90.3,-7.9,162.0
2026-01-17,Iran,crisis,99.0,-9.5,181.0
2026-01-17,Iran,negativity,96.9,-9.0,162.0
2026-01-18,Iran,protest,89.4,-8.0,160.9
2026-01-18,Iran,crisis,99.0,-9.1,168.0
2026-01-18,Iran,negativity,94.8,-8.2,166.0
2026-01-19,Iran,protest,92.0,-8.6,164.9
2026-01-19,Iran,crisis,98.4,-9.2,166.5
2026-01-19,Iran,negativity,93.6,-9.1,174.8
2026-01-20,Iran,protest,88.0,-8.4,163.6
2026-01-20,Iran,crisis,99.0,-9.4,184.2
2026-01-20,Iran,negativity,95.4,-8.3,167.3
2026-01-21,Iran,protest,88.3,-8.4,161.6
2026-01-21,Iran,crisis,97.8,-8.6,170.0
2026-01-21,Iran,negativity,93.1,-8.8,159.6
2026-01-22,Iran,protest,89.4,-7.8,162.3
2026-01-22,Iran,crisis,99.0,-8.4,170.5
2026-01-22,Iran,negativity,96.4,-8.9,175.1
2026-01-23,Iran,protest,91.3,-7.9,165.1
2026-01-23,Iran,crisis,99.0,-8.9,182.5
2026-01-23,Iran,negativity,93.4,-8.5,171.6
2026-01-24,Iran,protest,88.6,-8.5,164.6
2026-01-24,Iran,crisis,99.0,-9.0,164.4
2026-01-24,Iran,negativity,97.2,-9.0,179.6
2026-01-25,Iran,protest,89.1,-7.4,161.3
2026-01-25,Iran,crisis,99.0,-8.7,185.5
2026-01-25,Iran,negativity,96.9,-9.1,174.2
2026-01-26,Iran,protest,92.1,-7.9,154.9
2026-01-26,Iran,crisis,99.0,-9.0,169.7
2026-01-26,Iran,negativity,94.9,-8.5,163.0
2026-01-27,Iran,protest,89.7,-8.3,161.4
2026-01-27,Iran,crisis,98.2,-8.6,181.8
2026-01-27,Iran,negativity,93.9,-8.3,157.7
2026-01-28,Iran,protest,91.5,-7.7,164.8
2026-01-28,Iran,crisis,99.0,-8.4,179.2
2026-01-28,Iran,negativity,97.0,-8.4,169.5
2026-01-29,Iran,protest,90.0,-8.3,169.5
2026-01-29,Iran,crisis,99.0,-8.5,165.2
2026-01-29,Iran,negativity,93.6,-8.1,173.5
2026-01-30,Iran,protest,91.7,-8.0,174.2
2026-01-30,Iran,crisis,99.0,-9.0,166.8
2026-01-30,Iran,negativity,93.4,-8.9,170.2
2026-01-31,Iran,protest,91.3,-8.2,171.0
2026-01-31,Iran,crisis,99.0,-8.5,184.2
2026-01-31,Iran,negativity,95.1,-8.1,175.2
2026-02-01,Iran,protest,89.5,-8.2,161.1
2026-02-01,Iran,crisis,99.0,-8.8,171.5
2026-02-01,Iran,negativity,94.0,-9.2,166.3
2026-02-02,Iran,protest,89.4,-8.4,170.0
2026-02-02,Iran,crisis,99.0,-9.1,179.2
2026-02-02,Iran,negativity,94.6,-9.3,164.1
2026-02-03,Iran,protest,90.7,-8.0,157.6
2026-02-03,Iran,crisis,98.2,-9.3,182.3
2026-02-03,Iran,negativity,96.4,-8.4,181.4
2026-02-04,Iran,protest,89.6,-8.7,157.9
2026-02-04,Iran,crisis,99.0,-8.7,184.7
2026-02-04,Iran,negativity,94.7,-8.7,169.3
2026-02-05,Iran,protest,91.0,-7.8,166.9
2026-02-05,Iran,crisis,99.0,-8.6,185.8
2026-02-05,Iran,negativity,94.9,-9.2,177.8
2026-02-06,Iran,protest,90.0,-8.5,166.8
2026-02-06,Iran,crisis,99.0,-8.9,183.2
2026-02-06,Iran,negativity,93.6,-8.4,164.4
2026-02-07,Iran,protest,92.3,-8.9,156.8
2026-02-07,Iran,crisis,99.0,-9.1,166.9
2026-02-07,Iran,negativity,93.5,-8.4,156.2
2026-02-08,Iran,protest,90.5,-7.5,159.6
2026-02-08,Iran,crisis,99.0,-9.3,184.7
2026-02-08,Iran,negativity,96.4,-8.4,170.3
2026-02-09,Iran,protest,88.1,-8.3,154.1
2026-02-09,Iran,crisis,98.0,-8.3,171.0
2026-02-09,Iran,negativity,94.4,-8.6,175.9
2026-02-10,Iran,protest,89.0,-8.2,150.5
2026-02-10,Iran,crisis,99.0,-9.5,168.8
2026-02-10,Iran,negativity,97.2,-9.1,166.7
2026-02-11,Iran,protest,91.4,-8.4,170.2
2026-02-11,Iran,crisis,99.0,-9.5,185.8
2026-02-11,Iran,negativity,97.2,-9.4,168.1
2026-02-12,Iran,protest,88.1,-8.7,153.2
2026-02-12,Iran,crisis,99.0,-8.6,165.0
2026-02-12,Iran,negativity,92.9,-8.7,159.4
2026-02-13,Iran,protest,88.9,-8.1,151.9
2026-02-13,Iran,crisis,99.0,-9.5,170.1
2026-02-13,Iran,negativity,96.9,-9.2,164.1
2026-02-14,Iran,protest,91.0,-7.9,152.4
2026-02-14,Iran,crisis,98.8,-8.7,182.3
2026-02-14,Iran,negativity,94.3,-8.9,165.6
2026-02-15,Iran,protest,91.6,-8.7,152.8
2026-02-15,Iran,crisis,98.8,-9.5,172.4
2026-02-15,Iran,negativity,96.7,-8.3,167.9
2026-02-16,Iran,protest,87.8,-8.5,163.6
2026-02-16,Iran,crisis,98.4,-9.0,166.5
2026-02-16,Iran,negativity,93.9,-8.1,174.1
2026-02-17,Iran,protest,92.0,-7.8,156.2
2026-02-17,Iran,crisis,99.0,-9.5,178.0
2026-02-17,Iran,negativity,94.4,-8.2,174.0
2026-02-18,Iran,protest,90.7,-8.7,158.7
2026-02-18,Iran,crisis,99.0,-9.5,171.4
2026-02-18,Iran,negativity,93.1,-9.0,168.9
2026-02-19,Iran,protest,90.0,-8.3,164.2
2026-02-19,Iran,crisis,99.0,-8.8,176.5
2026-02-19,Iran,negativity,94.1,-7.9,173.1
2026-02-20,Iran,protest,92.3,-8.7,174.2
2026-02-20,Iran,crisis,99.0,-8.8,168.1
2026-02-20,Iran,negativity,96.1,-8.5,176.2
2026-02-21,Iran,protest,92.5,-9.0,167.9
2026-02-21,Iran,crisis,98.5,-8.7,179.0
2026-02-21,Iran,negativity,95.7,-8.8,178.7
2026-02-22,Iran,protest,92.3,-8.6,157.9
2026-02-22,Iran,crisis,98.0,-9.4,165.3
2026-02-22,Iran,negativity,96.9,-9.3,177.4
2026-02-23,Iran,protest,92.4,-8.1,162.2
2026-02-23,Iran,crisis,99.0,-9.4,165.2
2026-02-23,Iran,negativity,93.5,-8.1,158.5
2026-02-24,Iran,protest,89.1,-8.0,168.8
2026-02-24,Iran,crisis,99.0,-9.2,185.8
2026-02-24,Iran,negativity,93.6,-8.8,164.1
2026-02-25,Iran,protest,88.3,-7.7,165.8
2026-02-25,Iran,crisis,99.0,-8.7,176.4
2026-02-25,Iran,negativity,93.3,-7.9,162.6
2026-02-26,Iran,protest,90.0,-8.1,171.6
2026-02-26,Iran,crisis,99.0,-9.0,185.4
2026-02-26,Iran,negativity,93.9,-8.8,167.3
2026-02-27,Iran,protest,91.6,-8.7,157.0
2026-02-27,Iran,crisis,99.0,-9.5,171.5
2026-02-27,Iran,negativity,96.5,-8.8,174.6
2026-02-28,Iran,protest,89.5,-7.7,159.3
2026-02-28,Iran,crisis,99.0,-8.7,183.4
2026-02-28,Iran,negativity,95.7,-8.7,160.4
2026-03-01,Iran,protest,88.2,-8.0,164.5
2026-03-01,Iran,crisis,98.5,-9.3,177.6
2026-03-01,Iran,negativity,95.2,-9.2,170.1
2026-03-02,Iran,protest,89.5,-7.8,168.6
2026-03-02,Iran,crisis,99.0,-9.3,167.5
2026-03-02,Iran,negativity,93.7,-9.0,173.7
2026-03-03,Iran,protest,91.5,-8.8,168.4
2026-03-03,Iran,crisis,98.5,-8.5,172.6
2026-03-03,Iran,negativity,93.5,-8.1,176.6
2026-03-04,Iran,protest,92.5,-7.9,175.7
2026-03-04,Iran,crisis,97.8,-9.1,163.2
2026-03-04,Iran,negativity,95.0,-8.4,166.1
2026-03-05,Iran,protest,91.3,-8.7,160.8
2026-03-05,Iran,crisis,99.0,-9.5,174.6
2026-03-05,Iran,negativity,96.6,-8.6,175.9
2026-03-06,Iran,protest,92.2,-8.1,167.5
2026-03-06,Iran,crisis,99.0,-8.7,164.5
2026-03-06,Iran,negativity,93.4,-9.1,167.5
2026-03-07,Iran,protest,90.4,-8.4,153.9
2026-03-07,Iran,crisis,99.0,-8.5,164.5
2026-03-07,Iran,negativity,95.1,-8.2,163.2
2026-03-08,Iran,protest,86.1,-8.4,145.0
2026-03-08,Iran,crisis,98.6,-9.4,168.5
2026-03-08,Iran,negativity,92.1,-8.7,163.2
2026-03-09,Iran,protest,88.0,-8.4,160.3
2026-03-09,Iran,crisis,95.2,-8.6,165.4
2026-03-09,Iran,negativity,89.9,-7.5,170.2
2026-03-10,Iran,protest,88.0,-8.1,156.8
2026-03-10,Iran,crisis,97.2,-8.3,179.2
2026-03-10,Iran,negativity,92.7,-8.0,161.4
2026-03-11,Iran,protest,87.1,-7.8,151.8
2026-03-11,Iran,crisis,96.3,-9.0,179.8
2026-03-11,Iran,negativity,94.6,-8.8,170.0
2026-03-12,Iran,protest,89.9,-7.7,157.0
2026-03-12,Iran,crisis,96.6,-8.4,162.3
2026-03-12,Iran,negativity,90.6,-7.9,168.6
2026-03-13,Iran,protest,84.0,-7.7,158.2
2026-03-13,Iran,crisis,96.6,-8.5,175.1
2026-03-13,Iran,negativity,92.2,-8.8,174.9
2026-03-14,Iran,protest,85.9,-7.8,147.6
2026-03-14,Iran,crisis,93.8,-8.8,166.8
2026-03-14,Iran,negativity,87.7,-8.0,165.6
2026-03-15,Iran,protest,79.9,-7.2,153.9
2026-03-15,Iran,crisis,91.8,-7.9,158.3
2026-03-15,Iran,negativity,87.8,-7.7,168.4
2026-03-16,Iran,protest,81.8,-7.4,150.7
2026-03-16,Iran,crisis,89.8,-7.8,159.0
2026-03-16,Iran,negativity,86.7,-8.6,161.3
2026-03-17,Iran,protest,84.7,-7.7,161.8
2026-03-17,Iran,crisis,90.2,-8.1,171.2
2026-03-17,Iran,negativity,87.3,-7.6,160.1
2026-03-18,Iran,protest,83.0,-7.0,141.3
2026-03-18,Iran,crisis,93.2,-8.2,159.6
2026-03-18,Iran,negativity,87.8,-7.8,153.7
2026-03-19,Iran,protest,83.2,-7.3,145.4
2026-03-19,Iran,crisis,91.3,-8.0,163.1
2026-03-19,Iran,negativity,86.1,-8.4,145.5
2026-03-20,Iran,protest,79.7,-6.9,152.6
2026-03-20,Iran,crisis,91.4,-7.7,158.0
2026-03-20,Iran,negativity,86.3,-7.7,154.8
2026-03-21,Iran,protest,78.0,-7.5,146.7
2026-03-21,Iran,crisis,87.5,-8.2,163.6
2026-03-21,Iran,negativity,82.9,-7.1,152.3
2026-03-22,Iran,protest,78.5,-7.6,141.4
2026-03-22,Iran,crisis,87.1,-7.8,154.6
2026-03-22,Iran,negativity,83.9,-7.1,140.9
2026-03-23,Iran,protest,78.7,-7.6,135.6
2026-03-23,Iran,crisis,85.8,-7.3,159.5
2026-03-23,Iran,negativity,83.9,-7.4,151.7
2026-03-24,Iran,protest,78.6,-7.2,140.8
2026-03-24,Iran,crisis,85.9,-7.9,152.7
2026-03-24,Iran,negativity,82.8,-8.2,160.1
2026-03-25,Iran,protest,80.0,-7.0,138.9
2026-03-25,Iran,crisis,88.0,-7.4,167.3
2026-03-25,Iran,negativity,85.2,-7.5,143.4
2026-03-26,Iran,protest,78.2,-7.2,136.4
2026-03-26,Iran,crisis,86.4,-8.2,163.9
2026-03-26,Iran,negativity,82.6,-7.9,155.9
2026-03-27,Iran,protest,77.3,-6.6,132.0
2026-03-27,Iran,crisis,85.6,-8.0,163.7
2026-03-27,Iran,negativity,82.4,-7.6,152.8
2026-03-28,Iran,protest,76.4,-6.6,141.4
2026-03-28,Iran,crisis,83.2,-6.9,146.7
2026-03-28,Iran,negativity,78.9,-6.9,136.7
2026-03-29,Iran,protest,74.7,-6.7,145.2
2026-03-29,Iran,crisis,84.0,-7.3,154.7
2026-03-29,Iran,negativity,80.8,-7.8,142.5
2026-03-30,Iran,protest,74.1,-7.1,143.2
2026-03-30,Iran,crisis,82.9,-7.9,156.9
2026-03-30,Iran,negativity,78.4,-7.4,144.0
2026-03-31,Iran,protest,77.8,-7.5,135.1
2026-03-31,Iran,crisis,83.4,-7.7,157.4
2026-03-31,Iran,negativity,83.2,-6.9,150.1
2026-04-01,Iran,protest,79.8,-7.5,148.4
2026-04-01,Iran,crisis,88.5,-8.4,148.6
2026-04-01,Iran,negativity,84.6,-7.4,152.8
2026-04-02,Iran,protest,76.9,-7.0,135.4
2026-04-02,Iran,crisis,85.4,-7.7,162.6
2026-04-02,Iran,negativity,84.3,-8.3,154.5
2026-04-03,Iran,protest,77.6,-6.9,139.7
2026-04-03,Iran,crisis,84.0,-7.0,157.0
2026-04-03,Iran,negativity,79.8,-7.0,135.0
2026-04-04,Iran,protest,73.5,-6.1,132.5
2026-04-04,Iran,crisis,84.9,-7.9,155.4
2026-04-04,Iran,negativity,80.0,-6.7,145.8
2026-04-05,Iran,protest,72.9,-6.7,135.6
2026-04-05,Iran,crisis,83.3,-7.2,146.4
2026-04-05,Iran,negativity,80.0,-7.9,155.1
2026-04-06,Iran,protest,72.9,-6.8,130.9
2026-04-06,Iran,crisis,84.0,-7.2,152.3
2026-04-06,Iran,negativity,76.7,-6.8,143.0
2026-04-07,Iran,protest,76.6,-7.2,140.6
2026-04-07,Iran,crisis,82.6,-7.8,149.1
2026-04-07,Iran,negativity,79.6,-7.1,150.9
2026-04-08,Iran,protest,77.4,-7.2,135.9
2026-04-08,Iran,crisis,84.4,-7.5,147.8
2026-04-08,Iran,negativity,80.1,-7.7,140.8
2026-04-09,Iran,protest,76.1,-6.8,134.2
2026-04-09,Iran,crisis,85.9,-8.1,144.6
2026-04-09,Iran,negativity,83.6,-7.7,155.1
2026-04-10,Iran,protest,76.6,-6.3,132.0
2026-04-10,Iran,crisis,83.5,-7.3,140.6
2026-04-10,Iran,negativity,82.7,-7.1,150.0
2026-04-11,Iran,protest,76.4,-7.0,133.7
2026-04-11,Iran,crisis,82.1,-7.4,154.4
2026-04-11,Iran,negativity,81.7,-7.1,137.6
2026-04-12,Iran,protest,75.7,-6.8,143.6
2026-04-12,Iran,crisis,82.5,-7.1,138.4
2026-04-12,Iran,negativity,80.2,-6.9,146.8
2025-04-22,Ukraine,protest,75.1,-6.6,141.8
2025-04-22,Ukraine,crisis,79.7,-7.6,144.9
2025-04-22,Ukraine,negativity,75.5,-7.3,130.5
2025-04-23,Ukraine,protest,75.5,-6.9,146.1
2025-04-23,Ukraine,crisis,81.8,-7.6,157.5
2025-04-23,Ukraine,negativity,80.3,-6.7,140.9
2025-04-24,Ukraine,protest,74.2,-6.7,138.2
2025-04-24,Ukraine,crisis,85.7,-7.3,161.1
2025-04-24,Ukraine,negativity,78.0,-6.5,145.2
2025-04-25,Ukraine,protest,74.7,-6.4,141.0
2025-04-25,Ukraine,crisis,83.8,-7.0,152.5
2025-04-25,Ukraine,negativity,81.4,-7.0,142.6
2025-04-26,Ukraine,protest,75.2,-6.7,126.6
2025-04-26,Ukraine,crisis,80.5,-7.0,145.7
2025-04-26,Ukraine,negativity,78.5,-6.9,140.1
2025-04-27,Ukraine,protest,74.8,-7.1,143.9
2025-04-27,Ukraine,crisis,80.4,-7.7,155.4
2025-04-27,Ukraine,negativity,76.9,-7.5,133.1
2025-04-28,Ukraine,protest,71.7,-7.0,132.4
2025-04-28,Ukraine,crisis,81.8,-6.8,138.1
2025-04-28,Ukraine,negativity,76.2,-7.3,146.8
2025-04-29,Ukraine,protest,74.7,-6.8,134.1
2025-04-29,Ukraine,crisis,84.3,-7.5,145.4
2025-04-29,Ukraine,negativity,81.6,-7.8,153.2
2025-04-30,Ukraine,protest,76.1,-6.4,148.9
2025-04-30,Ukraine,crisis,84.5,-7.9,152.0
2025-04-30,Ukraine,negativity,83.3,-7.5,143.2
2025-05-01,Ukraine,protest,77.8,-6.5,142.3
2025-05-01,Ukraine,crisis,84.4,-7.0,141.5
2025-05-01,Ukraine,negativity,79.7,-7.7,151.8
2025-05-02,Ukraine,protest,77.9,-7.7,150.2
2025-05-02,Ukraine,crisis,83.1,-7.1,141.4
2025-05-02,Ukraine,negativity,79.4,-6.5,154.2
2025-05-03,Ukraine,protest,76.7,-6.4,132.9
2025-05-03,Ukraine,crisis,83.3,-7.0,153.3
2025-05-03,Ukraine,negativity,81.0,-7.4,154.8
2025-05-04,Ukraine,protest,75.7,-6.8,145.8
2025-05-04,Ukraine,crisis,84.9,-7.1,149.2
2025-05-04,Ukraine,negativity,78.4,-7.5,148.6
2025-05-05,Ukraine,protest,74.6,-7.2,140.3
2025-05-05,Ukraine,crisis,85.2,-7.7,161.5
2025-05-05,Ukraine,negativity,79.0,-7.3,144.5
2025-05-06,Ukraine,protest,76.8,-7.5,134.6
2025-05-06,Ukraine,crisis,83.8,-8.1,158.8
2025-05-06,Ukraine,negativity,80.4,-7.5,143.9
2025-05-07,Ukraine,protest,79.5,-7.4,137.0
2025-05-07,Ukraine,crisis,89.0,-8.8,149.1
2025-05-07,Ukraine,negativity,81.8,-7.9,144.4
2025-05-08,Ukraine,protest,79.7,-7.7,135.6
2025-05-08,Ukraine,crisis,87.9,-8.5,149.1
2025-05-08,Ukraine,negativity,83.1,-8.2,148.6
2025-05-09,Ukraine,protest,77.0,-6.5,145.6
2025-05-09,Ukraine,crisis,86.5,-8.3,157.9
2025-05-09,Ukraine,negativity,81.1,-7.7,146.8
2025-05-10,Ukraine,protest,74.1,-7.1,138.8
2025-05-10,Ukraine,crisis,84.0,-7.8,143.6
2025-05-10,Ukraine,negativity,81.1,-7.9,147.2
2025-05-11,Ukraine,protest,74.5,-6.4,128.1
2025-05-11,Ukraine,crisis,82.6,-7.3,146.5
2025-05-11,Ukraine,negativity,80.4,-7.3,156.1
2025-05-12,Ukraine,protest,73.4,-6.7,130.8
2025-05-12,Ukraine,crisis,85.2,-8.1,154.6
2025-05-12,Ukraine,negativity,78.7,-6.6,150.5
2025-05-13,Ukraine,protest,78.7,-7.2,135.6
2025-05-13,Ukraine,crisis,85.8,-8.3,144.9
2025-05-13,Ukraine,negativity,82.7,-7.1,159.2
2025-05-14,Ukraine,protest,77.6,-7.6,134.3
2025-05-14,Ukraine,crisis,89.3,-7.9,165.5
2025-05-14,Ukraine,negativity,84.7,-8.0,159.4
2025-05-15,Ukraine,protest,77.6,-7.4,144.1
2025-05-15,Ukraine,crisis,89.6,-8.8,166.9
2025-05-15,Ukraine,negativity,83.1,-6.9,142.4
2025-05-16,Ukraine,protest,80.0,-6.7,137.6
2025-05-16,Ukraine,crisis,86.7,-7.7,164.0
2025-05-16,Ukraine,negativity,82.7,-7.3,148.8
2025-05-17,Ukraine,protest,75.8,-6.7,135.7
2025-05-17,Ukraine,crisis,85.5,-7.9,156.7
2025-05-17,Ukraine,negativity,82.6,-7.9,154.4
2025-05-18,Ukraine,protest,76.3,-7.0,130.4
2025-05-18,Ukraine,crisis,85.6,-8.0,160.1
2025-05-18,Ukraine,negativity,77.2,-7.0,135.2
2025-05-19,Ukraine,protest,77.9,-6.7,139.8
2025-05-19,Ukraine,crisis,83.7,-7.6,161.1
2025-05-19,Ukraine,negativity,81.8,-7.4,146.2
2025-05-20,Ukraine,protest,76.1,-7.1,131.2
2025-05-20,Ukraine,crisis,86.1,-8.0,148.3
2025-05-20,Ukraine,negativity,79.3,-7.0,136.7
2025-05-21,Ukraine,protest,78.0,-7.0,140.4
2025-05-21,Ukraine,crisis,84.7,-7.0,143.7
2025-05-21,Ukraine,negativity,82.4,-7.8,155.1
2025-05-22,Ukraine,protest,76.7,-7.3,133.7
2025-05-22,Ukraine,crisis,88.7,-8.3,155.1
2025-05-22,Ukraine,negativity,80.6,-7.7,152.2
2025-05-23,Ukraine,protest,78.2,-6.7,142.3
2025-05-23,Ukraine,crisis,88.1,-7.4,166.7
2025-05-23,Ukraine,negativity,81.9,-7.6,156.8
2025-05-24,Ukraine,protest,73.4,-6.3,136.1
2025-05-24,Ukraine,crisis,82.8,-7.9,155.5
2025-05-24,Ukraine,negativity,78.9,-7.2,153.0
2025-05-25,Ukraine,protest,75.4,-7.4,135.6
2025-05-25,Ukraine,crisis,83.0,-7.1,143.3
2025-05-25,Ukraine,negativity,78.6,-6.7,144.3
2025-05-26,Ukraine,protest,77.0,-6.9,145.3
2025-05-26,Ukraine,crisis,81.2,-6.9,157.7
2025-05-26,Ukraine,negativity,78.3,-6.6,148.9
2025-05-27,Ukraine,protest,74.8,-6.3,144.3
2025-05-27,Ukraine,crisis,83.6,-8.0,158.9
2025-05-27,Ukraine,negativity,80.2,-7.3,149.4
2025-05-28,Ukraine,protest,77.3,-7.1,142.4
2025-05-28,Ukraine,crisis,85.7,-8.0,152.8
2025-05-28,Ukraine,negativity,83.7,-7.6,145.8
2025-05-29,Ukraine,protest,76.7,-7.4,137.7
2025-05-29,Ukraine,crisis,86.5,-7.8,157.1
2025-05-29,Ukraine,negativity,81.7,-6.9,157.6
2025-05-30,Ukraine,protest,78.2,-7.6,144.8
2025-05-30,Ukraine,crisis,82.9,-8.0,142.5
2025-05-30,Ukraine,negativity,79.2,-6.8,139.5
2025-05-31,Ukraine,protest,74.1,-6.9,130.9
2025-05-31,Ukraine,crisis,81.2,-7.7,146.3
2025-05-31,Ukraine,negativity,80.1,-7.3,148.1
2025-06-01,Ukraine,protest,71.1,-6.4,134.0
2025-06-01,Ukraine,crisis,81.3,-6.9,139.3
2025-06-01,Ukraine,negativity,79.6,-7.7,146.3
2025-06-02,Ukraine,protest,73.3,-6.4,126.6
2025-06-02,Ukraine,crisis,80.1,-7.3,140.6
2025-06-02,Ukraine,negativity,75.6,-7.4,146.8
2025-06-03,Ukraine,protest,76.2,-6.4,144.5
2025-06-03,Ukraine,crisis,82.6,-7.2,152.5
2025-06-03,Ukraine,negativity,78.5,-6.5,148.0
2025-06-04,Ukraine,protest,77.3,-6.6,141.6
2025-06-04,Ukraine,crisis,84.8,-8.0,142.3
2025-06-04,Ukraine,negativity,81.2,-8.0,147.2
2025-06-05,Ukraine,protest,74.0,-6.5,135.8
2025-06-05,Ukraine,crisis,82.4,-8.0,149.2
2025-06-05,Ukraine,negativity,81.4,-7.9,139.8
2025-06-06,Ukraine,protest,72.6,-6.1,136.1
2025-06-06,Ukraine,crisis,83.1,-7.6,149.8
2025-06-06,Ukraine,negativity,76.6,-7.3,135.2
2025-06-07,Ukraine,protest,74.1,-6.5,126.2
2025-06-07,Ukraine,crisis,80.0,-6.8,147.5
2025-06-07,Ukraine,negativity,76.5,-7.1,139.4
2025-06-08,Ukraine,protest,69.6,-6.0,136.2
2025-06-08,Ukraine,crisis,80.3,-7.6,140.1
2025-06-08,Ukraine,negativity,75.3,-6.4,129.7
2025-06-09,Ukraine,protest,73.6,-6.7,140.5
2025-06-09,Ukraine,crisis,79.3,-7.7,154.8
2025-06-09,Ukraine,negativity,73.6,-7.1,127.9
2025-06-10,Ukraine,protest,74.9,-6.6,142.6
2025-06-10,Ukraine,crisis,79.5,-6.6,146.3
2025-06-10,Ukraine,negativity,79.2,-7.1,143.7
2025-06-11,Ukraine,protest,72.1,-5.9,135.9
2025-06-11,Ukraine,crisis,84.2,-7.7,147.9
2025-06-11,Ukraine,negativity,78.5,-7.7,152.3
2025-06-12,Ukraine,protest,73.9,-6.3,136.0
2025-06-12,Ukraine,crisis,84.3,-8.3,157.5
2025-06-12,Ukraine,negativity,79.5,-7.8,134.8
2025-06-13,Ukraine,protest,72.4,-6.7,142.7
2025-06-13,Ukraine,crisis,81.4,-7.5,145.5
2025-06-13,Ukraine,negativity,75.5,-7.2,132.6
2025-06-14,Ukraine,protest,70.6,-6.5,140.5
2025-06-14,Ukraine,crisis,80.1,-6.7,154.7
2025-06-14,Ukraine,negativity,77.0,-7.3,151.1
2025-06-15,Ukraine,protest,68.2,-6.1,133.1
2025-06-15,Ukraine,crisis,75.4,-7.0,128.3
2025-06-15,Ukraine,negativity,71.5,-7.2,133.8
2025-06-16,Ukraine,protest,70.6,-6.4,122.2
2025-06-16,Ukraine,crisis,78.6,-7.4,147.9
2025-06-16,Ukraine,negativity,74.4,-6.6,143.5
2025-06-17,Ukraine,protest,69.2,-6.6,136.5
2025-06-17,Ukraine,crisis,80.4,-6.8,143.5
2025-06-17,Ukraine,negativity,73.0,-7.2,129.6
2025-06-18,Ukraine,protest,72.0,-6.1,122.8
2025-06-18,Ukraine,crisis,80.9,-7.6,146.7
2025-06-18,Ukraine,negativity,76.6,-6.6,147.9
2025-06-19,Ukraine,protest,72.7,-6.8,141.3
2025-06-19,Ukraine,crisis,81.0,-7.2,157.1
2025-06-19,Ukraine,negativity,76.8,-7.2,138.0
2025-06-20,Ukraine,protest,72.2,-7.2,140.8
2025-06-20,Ukraine,crisis,79.2,-6.9,154.4
2025-06-20,Ukraine,negativity,75.0,-6.7,136.6
2025-06-21,Ukraine,protest,71.4,-7.1,127.7
2025-06-21,Ukraine,crisis,77.5,-7.3,135.6
2025-06-21,Ukraine,negativity,75.3,-6.4,140.6
2025-06-22,Ukraine,protest,68.8,-6.3,122.6
2025-06-22,Ukraine,crisis,73.9,-6.2,124.8
2025-06-22,Ukraine,negativity,72.0,-6.1,139.7
2025-06-23,Ukraine,protest,67.2,-6.6,125.2
2025-06-23,Ukraine,crisis,74.3,-6.6,139.5
2025-06-23,Ukraine,negativity,73.1,-6.2,137.8
2025-06-24,Ukraine,protest,71.8,-5.8,132.1
2025-06-24,Ukraine,crisis,76.7,-6.6,146.4
2025-06-24,Ukraine,negativity,73.1,-6.4,124.4
2025-06-25,Ukraine,protest,69.2,-6.5,127.5
2025-06-25,Ukraine,crisis,81.7,-7.7,146.7
2025-06-25,Ukraine,negativity,73.5,-7.0,127.5
2025-06-26,Ukraine,protest,70.0,-6.5,125.4
2025-06-26,Ukraine,crisis,80.3,-7.0,140.7
2025-06-26,Ukraine,negativity,77.1,-6.5,140.8
2025-06-27,Ukraine,protest,70.8,-6.3,140.8
2025-06-27,Ukraine,crisis,80.6,-7.2,147.7
2025-06-27,Ukraine,negativity,76.7,-7.1,133.3
2025-06-28,Ukraine,protest,70.6,-6.9,120.5
2025-06-28,Ukraine,crisis,76.4,-6.8,132.6
2025-06-28,Ukraine,negativity,70.6,-6.4,129.3
2025-06-29,Ukraine,protest,66.1,-6.2,129.5
2025-06-29,Ukraine,crisis,76.7,-6.5,133.7
2025-06-29,Ukraine,negativity,71.9,-6.3,129.3
2025-06-30,Ukraine,protest,69.2,-6.8,121.7
2025-06-30,Ukraine,crisis,76.5,-7.2,139.7
2025-06-30,Ukraine,negativity,71.3,-6.1,131.6
2025-07-01,Ukraine,protest,71.3,-6.9,131.4
2025-07-01,Ukraine,crisis,79.2,-6.9,137.1
2025-07-01,Ukraine,negativity,72.2,-6.8,137.9
2025-07-02,Ukraine,protest,69.2,-5.9,121.9
2025-07-02,Ukraine,crisis,78.8,-7.6,143.3
2025-07-02,Ukraine,negativity,73.6,-7.1,144.4
2025-07-03,Ukraine,protest,71.0,-6.1,138.6
2025-07-03,Ukraine,crisis,80.6,-7.7,139.4
2025-07-03,Ukraine,negativity,77.1,-6.5,143.2
2025-07-04,Ukraine,protest,71.9,-7.0,136.2
2025-07-04,Ukraine,crisis,76.5,-6.4,134.4
2025-07-04,Ukraine,negativity,76.7,-6.5,146.3
2025-07-05,Ukraine,protest,71.7,-6.4,128.1
2025-07-05,Ukraine,crisis,77.7,-7.6,142.4
2025-07-05,Ukraine,negativity,72.9,-6.7,134.1
2025-07-06,Ukraine,protest,68.5,-6.9,133.2
2025-07-06,Ukraine,crisis,76.1,-7.1,148.1
2025-07-06,Ukraine,negativity,74.5,-6.4,133.0
2025-07-07,Ukraine,protest,66.8,-6.5,125.5
2025-07-07,Ukraine,crisis,74.6,-6.3,131.4
2025-07-07,Ukraine,negativity,72.7,-6.3,130.9
2025-07-08,Ukraine,protest,71.6,-6.0,121.8
2025-07-08,Ukraine,crisis,78.8,-6.5,142.1
2025-07-08,Ukraine,negativity,73.6,-6.0,137.9
2025-07-09,Ukraine,protest,70.5,-5.7,131.0
2025-07-09,Ukraine,crisis,79.9,-7.8,145.0
2025-07-09,Ukraine,negativity,77.2,-6.7,147.7
2025-07-10,Ukraine,protest,74.1,-7.3,127.4
2025-07-10,Ukraine,crisis,78.3,-7.2,132.3
2025-07-10,Ukraine,negativity,75.4,-7.0,128.6
2025-07-11,Ukraine,protest,72.1,-6.7,136.8
2025-07-11,Ukraine,crisis,79.9,-7.1,134.2
2025-07-11,Ukraine,negativity,75.4,-6.7,135.9
2025-07-12,Ukraine,protest,69.9,-6.3,137.0
2025-07-12,Ukraine,crisis,79.7,-7.9,152.6
2025-07-12,Ukraine,negativity,76.4,-6.7,141.1
2025-07-13,Ukraine,protest,69.5,-6.2,117.2
2025-07-13,Ukraine,crisis,76.0,-6.7,146.3
2025-07-13,Ukraine,negativity,72.9,-7.1,131.9
2025-07-14,Ukraine,protest,71.6,-6.9,133.6
2025-07-14,Ukraine,crisis,78.3,-7.0,152.5
2025-07-14,Ukraine,negativity,73.5,-6.6,140.2
2025-07-15,Ukraine,protest,70.8,-5.8,124.8
2025-07-15,Ukraine,crisis,79.1,-7.3,145.9
2025-07-15,Ukraine,negativity,76.4,-7.2,130.4
2025-07-16,Ukraine,protest,71.7,-6.8,126.0
2025-07-16,Ukraine,crisis,82.4,-7.9,157.9
2025-07-16,Ukraine,negativity,76.7,-7.3,145.8
2025-07-17,Ukraine,protest,74.3,-6.1,146.7
2025-07-17,Ukraine,crisis,81.2,-7.2,146.4
2025-07-17,Ukraine,negativity,77.4,-7.5,147.9
2025-07-18,Ukraine,protest,74.3,-6.4,140.8
2025-07-18,Ukraine,crisis,81.0,-7.7,140.7
2025-07-18,Ukraine,negativity,78.6,-6.6,141.6
2025-07-19,Ukraine,protest,71.7,-6.1,123.6
2025-07-19,Ukraine,crisis,79.2,-6.6,135.7
2025-07-19,Ukraine,negativity,77.8,-6.6,151.2
2025-07-20,Ukraine,protest,73.5,-6.9,135.3
2025-07-20,Ukraine,crisis,81.6,-7.4,156.5
2025-07-20,Ukraine,negativity,75.9,-7.0,145.9
2025-07-21,Ukraine,protest,73.0,-6.2,138.7
2025-07-21,Ukraine,crisis,80.6,-7.7,150.1
2025-07-21,Ukraine,negativity,76.3,-7.6,128.8
2025-07-22,Ukraine,protest,73.7,-6.2,136.4
2025-07-22,Ukraine,crisis,80.9,-6.9,141.8
2025-07-22,Ukraine,negativity,77.6,-6.7,130.6
2025-07-23,Ukraine,protest,74.0,-6.6,140.6
2025-07-23,Ukraine,crisis,85.7,-8.2,160.7
2025-07-23,Ukraine,negativity,80.8,-7.8,136.4
2025-07-24,Ukraine,protest,76.5,-7.5,139.7
2025-07-24,Ukraine,crisis,82.3,-6.8,141.3
2025-07-24,Ukraine,negativity,80.5,-7.9,148.7
2025-07-25,Ukraine,protest,74.4,-6.2,136.2
2025-07-25,Ukraine,crisis,83.3,-8.0,145.7
2025-07-25,Ukraine,negativity,78.9,-7.3,142.0
2025-07-26,Ukraine,protest,73.9,-6.5,134.0
2025-07-26,Ukraine,crisis,83.1,-8.0,145.3
2025-07-26,Ukraine,negativity,78.5,-6.7,143.9
2025-07-27,Ukraine,protest,75.8,-7.1,148.7
2025-07-27,Ukraine,crisis,81.2,-6.7,154.7
2025-07-27,Ukraine,negativity,77.4,-7.7,142.9
2025-07-28,Ukraine,protest,75.7,-6.5,135.1
2025-07-28,Ukraine,crisis,84.1,-7.8,156.9
2025-07-28,Ukraine,negativity,77.6,-7.7,151.8
2025-07-29,Ukraine,protest,76.7,-6.6,139.6
2025-07-29,Ukraine,crisis,84.6,-8.0,150.9
2025-07-29,Ukraine,negativity,78.8,-7.0,153.0
2025-07-30,Ukraine,protest,77.0,-7.4,142.4
2025-07-30,Ukraine,crisis,85.1,-7.9,149.4
2025-07-30,Ukraine,negativity,83.7,-7.4,155.3
2025-07-31,Ukraine,protest,79.9,-7.8,151.7
2025-07-31,Ukraine,crisis,85.2,-8.0,162.4
2025-07-31,Ukraine,negativity,81.9,-7.2,146.4
2025-08-01,Ukraine,protest,78.3,-6.6,151.1
2025-08-01,Ukraine,crisis,86.7,-7.8,153.7
2025-08-01,Ukraine,negativity,82.5,-7.3,143.5
2025-08-02,Ukraine,protest,78.3,-7.0,152.1
2025-08-02,Ukraine,crisis,86.7,-8.0,148.8
2025-08-02,Ukraine,negativity,81.4,-8.1,138.2
2025-08-03,Ukraine,protest,74.1,-7.0,129.5
2025-08-03,Ukraine,crisis,85.6,-7.2,153.4
2025-08-03,Ukraine,negativity,81.3,-8.0,147.5
2025-08-04,Ukraine,protest,79.4,-7.1,135.4
2025-08-04,Ukraine,crisis,84.7,-7.7,145.8
2025-08-04,Ukraine,negativity,83.1,-8.0,148.5
2025-08-05,Ukraine,protest,79.5,-6.6,149.3
2025-08-05,Ukraine,crisis,89.4,-8.4,165.0
2025-08-05,Ukraine,negativity,82.1,-6.9,153.8
2025-08-06,Ukraine,protest,78.8,-7.0,142.6
2025-08-06,Ukraine,crisis,90.5,-8.9,153.0
2025-08-06,Ukraine,negativity,86.0,-7.4,150.3
2025-08-07,Ukraine,protest,81.0,-8.0,146.8
2025-08-07,Ukraine,crisis,91.2,-7.8,170.7
2025-08-07,Ukraine,negativity,87.6,-7.3,154.4
2025-08-08,Ukraine,protest,82.2,-7.4,152.0
2025-08-08,Ukraine,crisis,90.2,-8.7,166.7
2025-08-08,Ukraine,negativity,84.2,-8.3,156.5
2025-08-09,Ukraine,protest,81.9,-7.9,151.8
2025-08-09,Ukraine,crisis,90.4,-7.7,164.6
2025-08-09,Ukraine,negativity,83.5,-7.1,151.6
2025-08-10,Ukraine,protest,79.1,-7.2,147.0
2025-08-10,Ukraine,crisis,89.0,-8.0,169.7
2025-08-10,Ukraine,negativity,81.7,-7.6,152.4
2025-08-11,Ukraine,protest,82.2,-7.1,146.9
2025-08-11,Ukraine,crisis,87.8,-7.6,152.6
2025-08-11,Ukraine,negativity,82.9,-7.8,151.4
2025-08-12,Ukraine,protest,80.4,-7.4,149.5
2025-08-12,Ukraine,crisis,90.4,-8.7,169.0
2025-08-12,Ukraine,negativity,88.4,-8.7,166.7
2025-08-13,Ukraine,protest,83.0,-7.6,143.8
2025-08-13,Ukraine,crisis,93.6,-8.0,161.4
2025-08-13,Ukraine,negativity,89.8,-8.2,152.5
2025-08-14,Ukraine,protest,84.8,-8.1,150.7
2025-08-14,Ukraine,crisis,95.8,-9.2,179.2
2025-08-14,Ukraine,negativity,89.9,-8.6,163.2
2025-08-15,Ukraine,protest,85.2,-7.8,156.8
2025-08-15,Ukraine,crisis,91.4,-8.6,173.2
2025-08-15,Ukraine,negativity,86.1,-7.4,146.0
2025-08-16,Ukraine,protest,83.6,-7.0,141.2
2025-08-16,Ukraine,crisis,92.8,-8.6,170.7
2025-08-16,Ukraine,negativity,86.2,-8.3,158.1
2025-08-17,Ukraine,protest,81.9,-7.1,141.1
2025-08-17,Ukraine,crisis,89.5,-7.5,156.9
2025-08-17,Ukraine,negativity,87.6,-7.9,162.9
2025-08-18,Ukraine,protest,81.3,-7.1,141.8
2025-08-18,Ukraine,crisis,94.1,-8.8,177.4
2025-08-18,Ukraine,negativity,87.2,-7.5,149.3
2025-08-19,Ukraine,protest,85.0,-7.5,159.7
2025-08-19,Ukraine,crisis,94.8,-8.8,176.1
2025-08-19,Ukraine,negativity,90.8,-8.4,163.2
2025-08-20,Ukraine,protest,88.0,-7.6,149.1
2025-08-20,Ukraine,crisis,94.6,-8.3,167.3
2025-08-20,Ukraine,negativity,90.3,-8.5,160.2
2025-08-21,Ukraine,protest,86.7,-8.4,152.1
2025-08-21,Ukraine,crisis,97.8,-9.1,176.9
2025-08-21,Ukraine,negativity,89.7,-7.9,171.1
2025-08-22,Ukraine,protest,88.9,-8.0,149.2
2025-08-22,Ukraine,crisis,94.0,-8.5,161.4
2025-08-22,Ukraine,negativity,92.9,-9.1,159.5
2025-08-23,Ukraine,protest,87.6,-7.7,158.3
2025-08-23,Ukraine,crisis,94.1,-8.1,163.0
2025-08-23,Ukraine,negativity,92.3,-8.7,155.7
2025-08-24,Ukraine,protest,86.5,-7.5,163.2
2025-08-24,Ukraine,crisis,92.1,-8.4,167.0
2025-08-24,Ukraine,negativity,88.3,-7.5,163.2
2025-08-25,Ukraine,protest,85.9,-7.6,154.6
2025-08-25,Ukraine,crisis,96.0,-9.2,171.1
2025-08-25,Ukraine,negativity,89.3,-8.3,151.8
2025-08-26,Ukraine,protest,87.2,-8.3,145.5
2025-08-26,Ukraine,crisis,98.5,-9.3,174.9
2025-08-26,Ukraine,negativity,92.7,-9.0,168.5
2025-08-27,Ukraine,protest,88.4,-8.1,167.1
2025-08-27,Ukraine,crisis,99.0,-9.2,171.1
2025-08-27,Ukraine,negativity,94.2,-9.1,173.8
2025-08-28,Ukraine,protest,91.3,-8.3,167.9
2025-08-28,Ukraine,crisis,97.6,-8.8,168.8
2025-08-28,Ukraine,negativity,93.8,-8.5,165.1
2025-08-29,Ukraine,protest,87.8,-7.7,146.9
2025-08-29,Ukraine,crisis,99.0,-8.5,169.0
2025-08-29,Ukraine,negativity,92.7,-8.6,160.1
2025-08-30,Ukraine,protest,87.2,-8.0,153.5
2025-08-30,Ukraine,crisis,96.1,-9.1,181.5
2025-08-30,Ukraine,negativity,91.5,-8.3,170.1
2025-08-31,Ukraine,protest,86.9,-8.2,158.0
2025-08-31,Ukraine,crisis,95.7,-9.1,165.4
2025-08-31,Ukraine,negativity,91.1,-8.3,168.3
2025-09-01,Ukraine,protest,90.2,-8.9,161.4
2025-09-01,Ukraine,crisis,97.5,-9.4,163.1
2025-09-01,Ukraine,negativity,92.6,-7.9,173.8
2025-09-02,Ukraine,protest,87.7,-7.6,151.3
2025-09-02,Ukraine,crisis,97.9,-9.2,174.1
2025-09-02,Ukraine,negativity,97.0,-8.3,163.2
2025-09-03,Ukraine,protest,88.3,-8.1,148.6
2025-09-03,Ukraine,crisis,98.7,-9.3,169.0
2025-09-03,Ukraine,negativity,94.0,-8.0,169.9
2025-09-04,Ukraine,protest,87.8,-7.4,152.4
2025-09-04,Ukraine,crisis,99.0,-9.5,175.1
2025-09-04,Ukraine,negativity,92.8,-8.3,160.0
2025-09-05,Ukraine,protest,88.8,-7.7,164.3
2025-09-05,Ukraine,crisis,99.0,-8.7,185.0
2025-09-05,Ukraine,negativity,96.1,-9.3,162.6
2025-09-06,Ukraine,protest,91.5,-9.0,169.4
2025-09-06,Ukraine,crisis,99.0,-8.8,166.2
2025-09-06,Ukraine,negativity,95.2,-8.1,166.5
2025-09-07,Ukraine,protest,89.5,-8.3,160.3
2025-09-07,Ukraine,crisis,98.7,-9.5,169.3
2025-09-07,Ukraine,negativity,95.2,-8.2,159.8
2025-09-08,Ukraine,protest,88.0,-7.8,168.6
2025-09-08,Ukraine,crisis,99.0,-8.5,165.2
2025-09-08,Ukraine,negativity,92.3,-8.4,174.1
2025-09-09,Ukraine,protest,92.5,-8.0,170.8
2025-09-09,Ukraine,crisis,99.0,-9.5,177.8
2025-09-09,Ukraine,negativity,96.9,-9.0,176.9
2025-09-10,Ukraine,protest,88.5,-8.0,154.2
2025-09-10,Ukraine,crisis,98.9,-8.8,183.8
2025-09-10,Ukraine,negativity,93.6,-8.5,172.1
2025-09-11,Ukraine,protest,90.8,-7.9,161.5
2025-09-11,Ukraine,crisis,99.0,-8.8,171.5
2025-09-11,Ukraine,negativity,94.2,-8.7,176.8
2025-09-12,Ukraine,protest,91.3,-8.4,158.2
2025-09-12,Ukraine,crisis,98.0,-8.7,180.8
2025-09-12,Ukraine,negativity,97.0,-9.1,179.0
2025-09-13,Ukraine,protest,89.9,-8.8,154.3
2025-09-13,Ukraine,crisis,98.6,-9.5,182.8
2025-09-13,Ukraine,negativity,95.2,-9.0,176.8
2025-09-14,Ukraine,protest,88.0,-7.7,151.2
2025-09-14,Ukraine,crisis,99.0,-8.9,180.3
2025-09-14,Ukraine,negativity,96.7,-8.4,182.4
2025-09-15,Ukraine,protest,91.6,-8.2,165.5
2025-09-15,Ukraine,crisis,99.0,-9.5,170.4
2025-09-15,Ukraine,negativity,92.7,-8.8,165.7
2025-09-16,Ukraine,protest,91.5,-8.5,153.3
2025-09-16,Ukraine,crisis,97.6,-8.2,176.7
2025-09-16,Ukraine,negativity,97.4,-8.2,176.9
2025-09-17,Ukraine,protest,89.9,-7.6,166.1
2025-09-17,Ukraine,crisis,98.7,-8.9,173.8
2025-09-17,Ukraine,negativity,94.0,-8.3,164.9
2025-09-18,Ukraine,protest,88.6,-7.7,166.5
2025-09-18,Ukraine,crisis,99.0,-9.5,165.3
2025-09-18,Ukraine,negativity,94.9,-8.4,165.9
2025-09-19,Ukraine,protest,90.9,-8.2,167.8
2025-09-19,Ukraine,crisis,99.0,-9.2,178.8
2025-09-19,Ukraine,negativity,96.3,-9.0,164.4
2025-09-20,Ukraine,protest,88.7,-8.0,169.8
2025-09-20,Ukraine,crisis,97.8,-8.9,178.5
2025-09-20,Ukraine,negativity,94.5,-8.6,172.4
2025-09-21,Ukraine,protest,87.9,-8.5,164.8
2025-09-21,Ukraine,crisis,98.1,-9.2,181.4
2025-09-21,Ukraine,negativity,95.0,-8.8,162.7
2025-09-22,Ukraine,protest,88.5,-7.9,158.6
2025-09-22,Ukraine,crisis,99.0,-9.2,181.6
2025-09-22,Ukraine,negativity,95.8,-8.6,180.7
2025-09-23,Ukraine,protest,88.1,-7.6,159.7
2025-09-23,Ukraine,crisis,99.0,-8.5,172.8
2025-09-23,Ukraine,negativity,96.7,-8.9,164.4
2025-09-24,Ukraine,protest,88.8,-7.8,160.0
2025-09-24,Ukraine,crisis,99.0,-9.4,167.7
2025-09-24,Ukraine,negativity,93.0,-8.8,160.3
2025-09-25,Ukraine,protest,91.0,-7.8,154.2
2025-09-25,Ukraine,crisis,99.0,-9.3,173.3
2025-09-25,Ukraine,negativity,94.8,-8.4,176.7
2025-09-26,Ukraine,protest,88.6,-8.4,169.6
2025-09-26,Ukraine,crisis,99.0,-8.5,185.2
2025-09-26,Ukraine,negativity,93.0,-8.6,166.0
2025-09-27,Ukraine,protest,85.9,-7.3,157.9
2025-09-27,Ukraine,crisis,95.6,-8.2,170.8
2025-09-27,Ukraine,negativity,90.9,-8.9,153.7
2025-09-28,Ukraine,protest,88.8,-7.9,149.3
2025-09-28,Ukraine,crisis,98.4,-9.2,168.9
2025-09-28,Ukraine,negativity,93.8,-8.0,157.3
2025-09-29,Ukraine,protest,88.8,-7.6,158.0
2025-09-29,Ukraine,crisis,96.4,-8.6,162.7
2025-09-29,Ukraine,negativity,90.4,-8.1,164.7
2025-09-30,Ukraine,protest,89.7,-8.1,169.8
2025-09-30,Ukraine,crisis,95.0,-9.0,173.3
2025-09-30,Ukraine,negativity,92.4,-8.8,172.8
2025-10-01,Ukraine,protest,88.3,-8.4,161.7
2025-10-01,Ukraine,crisis,96.3,-9.2,181.5
2025-10-01,Ukraine,negativity,95.8,-8.1,179.1
2025-10-02,Ukraine,protest,88.6,-8.5,167.7
2025-10-02,Ukraine,crisis,99.0,-8.9,166.7
2025-10-02,Ukraine,negativity,92.5,-8.1,158.8
2025-10-03,Ukraine,protest,86.4,-7.8,163.8
2025-10-03,Ukraine,crisis,97.5,-8.5,176.5
2025-10-03,Ukraine,negativity,90.3,-8.1,152.7
2025-10-04,Ukraine,protest,85.7,-8.1,153.7
2025-10-04,Ukraine,crisis,94.5,-8.6,169.0
2025-10-04,Ukraine,negativity,89.3,-7.7,157.8
2025-10-05,Ukraine,protest,82.5,-7.4,141.5
2025-10-05,Ukraine,crisis,90.8,-8.7,155.4
2025-10-05,Ukraine,negativity,88.9,-7.7,155.3
2025-10-06,Ukraine,protest,86.0,-8.0,162.5
2025-10-06,Ukraine,crisis,93.4,-8.4,168.5
2025-10-06,Ukraine,negativity,87.3,-7.4,159.8
2025-10-07,Ukraine,protest,83.2,-8.2,160.1
2025-10-07,Ukraine,crisis,93.7,-8.0,176.2
2025-10-07,Ukraine,negativity,87.6,-7.6,155.5
2025-10-08,Ukraine,protest,85.8,-7.6,160.7
2025-10-08,Ukraine,crisis,96.2,-9.2,165.5
2025-10-08,Ukraine,negativity,90.2,-8.7,165.7
2025-10-09,Ukraine,protest,84.0,-7.5,154.0
2025-10-09,Ukraine,crisis,94.6,-8.9,164.5
2025-10-09,Ukraine,negativity,91.5,-7.6,166.8
2025-10-10,Ukraine,protest,83.4,-7.5,140.1
2025-10-10,Ukraine,crisis,93.3,-8.3,165.0
2025-10-10,Ukraine,negativity,89.0,-8.0,166.0
2025-10-11,Ukraine,protest,82.5,-7.8,154.6
2025-10-11,Ukraine,crisis,89.2,-7.7,164.3
2025-10-11,Ukraine,negativity,87.4,-7.6,146.5
2025-10-12,Ukraine,protest,82.6,-7.2,151.1
2025-10-12,Ukraine,crisis,87.5,-8.0,148.6
2025-10-12,Ukraine,negativity,86.9,-8.2,148.4
2025-10-13,Ukraine,protest,81.2,-6.9,140.3
2025-10-13,Ukraine,crisis,88.5,-7.8,163.9
2025-10-13,Ukraine,negativity,83.5,-8.0,147.1
2025-10-14,Ukraine,protest,80.7,-6.9,141.6
2025-10-14,Ukraine,crisis,89.0,-7.9,167.2
2025-10-14,Ukraine,negativity,87.1,-7.6,145.9
2025-10-15,Ukraine,protest,81.0,-7.0,140.1
2025-10-15,Ukraine,crisis,94.0,-8.4,164.6
2025-10-15,Ukraine,negativity,86.4,-8.0,148.5
2025-10-16,Ukraine,protest,85.4,-7.7,163.9
2025-10-16,Ukraine,crisis,92.3,-8.7,156.4
2025-10-16,Ukraine,negativity,88.4,-8.3,150.3
2025-10-17,Ukraine,protest,80.7,-8.0,138.9
2025-10-17,Ukraine,crisis,92.8,-7.9,176.2
2025-10-17,Ukraine,negativity,85.1,-7.3,162.8
2025-10-18,Ukraine,protest,80.6,-7.2,139.7
2025-10-18,Ukraine,crisis,91.1,-8.2,155.6
2025-10-18,Ukraine,negativity,84.8,-7.0,158.3
2025-10-19,Ukraine,protest,78.3,-6.9,151.8
2025-10-19,Ukraine,crisis,86.8,-7.8,157.8
2025-10-19,Ukraine,negativity,81.9,-8.1,138.3
2025-10-20,Ukraine,protest,79.1,-7.3,149.9
2025-10-20,Ukraine,crisis,89.7,-8.2,159.4
2025-10-20,Ukraine,negativity,80.9,-6.7,140.2
2025-10-21,Ukraine,protest,82.0,-7.8,154.9
2025-10-21,Ukraine,crisis,90.3,-8.3,170.9
2025-10-21,Ukraine,negativity,84.1,-7.4,144.6
2025-10-22,Ukraine,protest,82.1,-7.8,151.4
2025-10-22,Ukraine,crisis,89.8,-8.8,161.0
2025-10-22,Ukraine,negativity,84.1,-7.5,154.0
2025-10-23,Ukraine,protest,82.8,-7.8,141.0
2025-10-23,Ukraine,crisis,89.6,-8.2,170.0
2025-10-23,Ukraine,negativity,88.2,-7.5,162.0
2025-10-24,Ukraine,protest,80.9,-7.0,155.8
2025-10-24,Ukraine,crisis,90.8,-8.5,157.5
2025-10-24,Ukraine,negativity,83.2,-7.5,159.4
2025-10-25,Ukraine,protest,79.9,-6.9,146.7
2025-10-25,Ukraine,crisis,86.1,-7.4,164.6
2025-10-25,Ukraine,negativity,84.2,-7.5,146.6
2025-10-26,Ukraine,protest,75.8,-7.5,140.1
2025-10-26,Ukraine,crisis,85.1,-8.3,144.7
2025-10-26,Ukraine,negativity,79.4,-7.1,153.6
2025-10-27,Ukraine,protest,76.8,-6.9,134.3
2025-10-27,Ukraine,crisis,88.3,-7.5,160.0
2025-10-27,Ukraine,negativity,83.2,-7.0,158.0
2025-10-28,Ukraine,protest,78.9,-7.8,136.2
2025-10-28,Ukraine,crisis,86.0,-7.6,150.3
2025-10-28,Ukraine,negativity,83.5,-7.7,156.6
2025-10-29,Ukraine,protest,80.8,-6.7,136.3
2025-10-29,Ukraine,crisis,87.0,-7.9,154.0
2025-10-29,Ukraine,negativity,86.0,-8.4,153.7
2025-10-30,Ukraine,protest,79.7,-7.3,135.5
2025-10-30,Ukraine,crisis,90.3,-7.8,160.5
2025-10-30,Ukraine,negativity,85.8,-8.1,149.3
2025-10-31,Ukraine,protest,81.6,-8.0,137.5
2025-10-31,Ukraine,crisis,90.3,-8.2,165.9
2025-10-31,Ukraine,negativity,83.9,-7.2,158.6
2025-11-01,Ukraine,protest,75.6,-6.2,145.4
2025-11-01,Ukraine,crisis,86.5,-8.1,148.8
2025-11-01,Ukraine,negativity,81.0,-7.7,153.2
2025-11-02,Ukraine,protest,77.3,-6.7,142.4
2025-11-02,Ukraine,crisis,84.7,-8.2,141.8
2025-11-02,Ukraine,negativity,82.5,-7.3,154.1
2025-11-03,Ukraine,protest,77.4,-6.9,146.2
2025-11-03,Ukraine,crisis,83.5,-7.3,143.6
2025-11-03,Ukraine,negativity,81.4,-7.0,157.6
2025-11-04,Ukraine,protest,77.7,-6.7,150.6
2025-11-04,Ukraine,crisis,84.9,-8.3,150.1
2025-11-04,Ukraine,negativity,81.2,-7.1,152.8
2025-11-05,Ukraine,protest,79.3,-6.7,143.0
2025-11-05,Ukraine,crisis,88.0,-8.6,162.1
2025-11-05,Ukraine,negativity,82.2,-6.9,144.8
2025-11-06,Ukraine,protest,81.4,-7.8,140.0
2025-11-06,Ukraine,crisis,88.8,-7.7,162.8
2025-11-06,Ukraine,negativity,84.4,-8.1,155.9
2025-11-07,Ukraine,protest,77.2,-7.2,132.0
2025-11-07,Ukraine,crisis,88.2,-7.7,163.8
2025-11-07,Ukraine,negativity,84.5,-7.1,142.9
2025-11-08,Ukraine,protest,78.0,-7.5,132.9
2025-11-08,Ukraine,crisis,86.3,-7.6,157.3
2025-11-08,Ukraine,negativity,83.1,-7.6,153.1
2025-11-09,Ukraine,protest,77.2,-6.5,149.1
2025-11-09,Ukraine,crisis,86.5,-7.4,152.6
2025-11-09,Ukraine,negativity,80.2,-7.3,150.6
2025-11-10,Ukraine,protest,77.2,-7.2,131.7
2025-11-10,Ukraine,crisis,85.7,-7.1,146.0
2025-11-10,Ukraine,negativity,83.1,-8.1,155.1
2025-11-11,Ukraine,protest,76.1,-6.5,130.8
2025-11-11,Ukraine,crisis,84.8,-7.2,145.8
2025-11-11,Ukraine,negativity,82.7,-6.8,153.1
2025-11-12,Ukraine,protest,80.1,-7.4,152.7
2025-11-12,Ukraine,crisis,90.7,-7.6,152.3
2025-11-12,Ukraine,negativity,83.5,-7.8,159.5
2025-11-13,Ukraine,protest,81.3,-6.8,156.6
2025-11-13,Ukraine,crisis,90.0,-8.4,164.7
2025-11-13,Ukraine,negativity,84.6,-7.4,155.7
2025-11-14,Ukraine,protest,79.9,-6.8,152.6
2025-11-14,Ukraine,crisis,86.6,-8.5,163.5
2025-11-14,Ukraine,negativity,80.8,-7.4,147.9
2025-11-15,Ukraine,protest,76.9,-6.6,143.0
2025-11-15,Ukraine,crisis,86.8,-7.5,147.6
2025-11-15,Ukraine,negativity,81.5,-6.8,146.2
2025-11-16,Ukraine,protest,77.5,-7.0,145.0
2025-11-16,Ukraine,crisis,83.8,-7.9,157.9
2025-11-16,Ukraine,negativity,79.7,-7.6,138.7
2025-11-17,Ukraine,protest,74.1,-7.1,141.8
2025-11-17,Ukraine,crisis,85.6,-7.1,146.8
2025-11-17,Ukraine,negativity,82.6,-7.5,143.2
2025-11-18,Ukraine,protest,79.1,-6.7,134.1
2025-11-18,Ukraine,crisis,88.3,-7.5,163.7
2025-11-18,Ukraine,negativity,83.2,-8.1,149.4
2025-11-19,Ukraine,protest,80.9,-8.0,147.9
2025-11-19,Ukraine,crisis,85.2,-7.7,151.1
2025-11-19,Ukraine,negativity,82.9,-8.0,156.6
2025-11-20,Ukraine,protest,78.0,-6.8,134.9
2025-11-20,Ukraine,crisis,87.7,-8.5,165.2
2025-11-20,Ukraine,negativity,83.9,-8.0,145.8
2025-11-21,Ukraine,protest,79.7,-7.1,143.3
2025-11-21,Ukraine,crisis,86.6,-8.4,156.3
2025-11-21,Ukraine,negativity,80.3,-7.7,140.6
2025-11-22,Ukraine,protest,74.3,-7.3,133.7
2025-11-22,Ukraine,crisis,85.2,-7.8,145.6
2025-11-22,Ukraine,negativity,80.5,-7.9,135.9
2025-11-23,Ukraine,protest,76.8,-7.6,130.4
2025-11-23,Ukraine,crisis,84.9,-8.0,160.7
2025-11-23,Ukraine,negativity,77.0,-7.5,133.3
2025-11-24,Ukraine,protest,75.6,-6.6,147.6
2025-11-24,Ukraine,crisis,85.7,-7.2,160.0
2025-11-24,Ukraine,negativity,79.1,-7.7,142.0
2025-11-25,Ukraine,protest,78.3,-7.6,131.3
2025-11-25,Ukraine,crisis,87.3,-8.2,164.0
2025-11-25,Ukraine,negativity,82.9,-7.2,141.5
2025-11-26,Ukraine,protest,76.7,-6.7,137.0
2025-11-26,Ukraine,crisis,85.2,-7.7,153.6
2025-11-26,Ukraine,negativity,84.5,-8.3,145.7
2025-11-27,Ukraine,protest,76.7,-7.0,129.7
2025-11-27,Ukraine,crisis,86.8,-7.6,145.6
2025-11-27,Ukraine,negativity,83.6,-8.1,148.4
2025-11-28,Ukraine,protest,75.4,-7.3,133.1
2025-11-28,Ukraine,crisis,85.9,-7.9,155.0
2025-11-28,Ukraine,negativity,81.4,-7.4,152.8
2025-11-29,Ukraine,protest,75.7,-6.4,133.9
2025-11-29,Ukraine,crisis,81.5,-7.5,140.3
2025-11-29,Ukraine,negativity,76.8,-6.9,139.1
2025-11-30,Ukraine,protest,73.4,-7.3,125.0
2025-11-30,Ukraine,crisis,81.8,-7.3,149.8
2025-11-30,Ukraine,negativity,76.7,-6.5,134.5
2025-12-01,Ukraine,protest,72.3,-7.0,125.1
2025-12-01,Ukraine,crisis,81.2,-6.8,137.9
2025-12-01,Ukraine,negativity,76.3,-6.6,147.4
2025-12-02,Ukraine,protest,75.5,-6.4,137.4
2025-12-02,Ukraine,crisis,83.6,-7.8,149.0
2025-12-02,Ukraine,negativity,77.0,-7.5,143.8
2025-12-03,Ukraine,protest,78.4,-7.2,139.5
2025-12-03,Ukraine,crisis,82.5,-7.6,146.2
2025-12-03,Ukraine,negativity,81.4,-7.9,154.5
2025-12-04,Ukraine,protest,74.3,-6.4,142.8
2025-12-04,Ukraine,crisis,83.7,-7.3,157.7
2025-12-04,Ukraine,negativity,82.8,-7.0,157.0
2025-12-05,Ukraine,protest,77.0,-6.5,148.7
2025-12-05,Ukraine,crisis,85.8,-8.3,148.5
2025-12-05,Ukraine,negativity,81.5,-7.8,144.4
2025-12-06,Ukraine,protest,72.9,-7.3,141.3
2025-12-06,Ukraine,crisis,82.9,-7.7,151.3
2025-12-06,Ukraine,negativity,79.7,-7.0,133.8
2025-12-07,Ukraine,protest,72.3,-6.8,136.6
2025-12-07,Ukraine,crisis,78.2,-6.6,141.3
2025-12-07,Ukraine,negativity,74.2,-6.2,143.0
2025-12-08,Ukraine,protest,71.1,-6.2,127.6
2025-12-08,Ukraine,crisis,77.9,-7.1,137.9
2025-12-08,Ukraine,negativity,75.5,-6.7,146.7
2025-12-09,Ukraine,protest,75.8,-7.1,138.7
2025-12-09,Ukraine,crisis,81.8,-7.0,153.8
2025-12-09,Ukraine,negativity,77.5,-7.3,151.0
2025-12-10,Ukraine,protest,74.0,-6.7,140.5
2025-12-10,Ukraine,crisis,82.0,-7.2,142.2
2025-12-10,Ukraine,negativity,79.6,-7.4,143.7
2025-12-11,Ukraine,protest,76.4,-6.2,145.0
2025-12-11,Ukraine,crisis,80.9,-7.3,151.0
2025-12-11,Ukraine,negativity,80.6,-7.9,153.6
2025-12-12,Ukraine,protest,72.7,-6.1,138.3
2025-12-12,Ukraine,crisis,80.3,-7.7,140.3
2025-12-12,Ukraine,negativity,76.2,-6.4,141.8
2025-12-13,Ukraine,protest,70.2,-7.0,125.0
2025-12-13,Ukraine,crisis,80.8,-6.7,136.0
2025-12-13,Ukraine,negativity,74.5,-7.0,137.3
2025-12-14,Ukraine,protest,72.2,-6.7,138.9
2025-12-14,Ukraine,crisis,77.0,-6.7,132.2
2025-12-14,Ukraine,negativity,74.8,-7.1,147.2
2025-12-15,Ukraine,protest,70.4,-7.0,134.2
2025-12-15,Ukraine,crisis,76.6,-7.2,129.0
2025-12-15,Ukraine,negativity,73.8,-7.4,133.1
2025-12-16,Ukraine,protest,70.3,-6.1,126.9
2025-12-16,Ukraine,crisis,78.9,-6.7,139.9
2025-12-16,Ukraine,negativity,74.4,-7.3,141.8
2025-12-17,Ukraine,protest,74.3,-6.1,126.5
2025-12-17,Ukraine,crisis,81.2,-7.6,146.4
2025-12-17,Ukraine,negativity,75.3,-7.4,138.0
2025-12-18,Ukraine,protest,72.9,-6.1,123.7
2025-12-18,Ukraine,crisis,81.8,-7.9,142.3
2025-12-18,Ukraine,negativity,75.8,-7.1,145.9
2025-12-19,Ukraine,protest,71.2,-6.9,140.2
2025-12-19,Ukraine,crisis,81.4,-6.8,150.0
2025-12-19,Ukraine,negativity,75.0,-7.4,147.1
2025-12-20,Ukraine,protest,71.9,-6.2,139.5
2025-12-20,Ukraine,crisis,78.7,-7.0,140.2
2025-12-20,Ukraine,negativity,75.9,-7.3,137.5
2025-12-21,Ukraine,protest,67.9,-6.8,124.2
2025-12-21,Ukraine,crisis,76.8,-7.3,130.4
2025-12-21,Ukraine,negativity,74.4,-7.2,132.4
2025-12-22,Ukraine,protest,71.9,-6.0,122.6
2025-12-22,Ukraine,crisis,79.8,-6.7,141.8
2025-12-22,Ukraine,negativity,73.8,-7.4,132.5
2025-12-23,Ukraine,protest,70.7,-6.4,139.7
2025-12-23,Ukraine,crisis,81.1,-6.8,149.5
2025-12-23,Ukraine,negativity,77.3,-7.7,133.4
2025-12-24,Ukraine,protest,73.7,-6.3,129.3
2025-12-24,Ukraine,crisis,78.3,-6.5,134.5
2025-12-24,Ukraine,negativity,76.0,-7.0,143.0
2025-12-25,Ukraine,protest,72.3,-6.5,142.2
2025-12-25,Ukraine,crisis,81.5,-7.1,138.0
2025-12-25,Ukraine,negativity,76.2,-7.2,148.7
2025-12-26,Ukraine,protest,73.9,-7.2,137.4
2025-12-26,Ukraine,crisis,80.9,-7.9,136.8
2025-12-26,Ukraine,negativity,76.5,-7.3,130.0
2025-12-27,Ukraine,protest,69.0,-5.7,118.8
2025-12-27,Ukraine,crisis,78.2,-7.1,133.2
2025-12-27,Ukraine,negativity,74.3,-7.1,136.5
2025-12-28,Ukraine,protest,67.9,-6.1,117.6
2025-12-28,Ukraine,crisis,79.0,-7.0,152.1
2025-12-28,Ukraine,negativity,73.8,-6.7,133.0
2025-12-29,Ukraine,protest,72.1,-5.9,139.9
2025-12-29,Ukraine,crisis,79.8,-7.9,151.1
2025-12-29,Ukraine,negativity,76.3,-7.5,137.3
2025-12-30,Ukraine,protest,70.9,-6.5,128.3
2025-12-30,Ukraine,crisis,79.1,-7.2,151.2
2025-12-30,Ukraine,negativity,75.7,-7.0,130.8
2025-12-31,Ukraine,protest,75.6,-6.4,146.0
2025-12-31,Ukraine,crisis,82.0,-7.3,143.1
2025-12-31,Ukraine,negativity,79.7,-7.5,141.1
2026-01-01,Ukraine,protest,73.6,-6.4,127.7
2026-01-01,Ukraine,crisis,82.8,-8.2,157.3
2026-01-01,Ukraine,negativity,79.6,-7.1,154.9
2026-01-02,Ukraine,protest,73.7,-7.1,139.3
2026-01-02,Ukraine,crisis,78.8,-7.7,132.8
2026-01-02,Ukraine,negativity,77.2,-7.0,146.7
2026-01-03,Ukraine,protest,69.5,-5.9,119.6
2026-01-03,Ukraine,crisis,78.6,-7.8,145.4
2026-01-03,Ukraine,negativity,77.1,-6.4,150.3
2026-01-04,Ukraine,protest,69.2,-5.9,135.1
2026-01-04,Ukraine,crisis,77.6,-7.7,151.2
2026-01-04,Ukraine,negativity,72.6,-6.4,141.7
2026-01-05,Ukraine,protest,69.8,-5.7,126.7
2026-01-05,Ukraine,crisis,80.5,-7.0,147.6
2026-01-05,Ukraine,negativity,75.1,-6.5,146.9
2026-01-06,Ukraine,protest,72.2,-6.8,124.8
2026-01-06,Ukraine,crisis,80.2,-7.7,146.2
2026-01-06,Ukraine,negativity,76.9,-6.9,139.7
2026-01-07,Ukraine,protest,77.2,-7.0,143.7
2026-01-07,Ukraine,crisis,85.1,-7.7,149.7
2026-01-07,Ukraine,negativity,79.0,-6.6,151.7
2026-01-08,Ukraine,protest,76.5,-6.4,141.5
2026-01-08,Ukraine,crisis,84.0,-8.0,157.6
2026-01-08,Ukraine,negativity,80.0,-7.0,141.3
2026-01-09,Ukraine,protest,75.7,-6.8,141.1
2026-01-09,Ukraine,crisis,86.2,-7.3,154.7
2026-01-09,Ukraine,negativity,81.7,-7.0,153.3
2026-01-10,Ukraine,protest,76.6,-6.8,141.0
2026-01-10,Ukraine,crisis,83.1,-7.9,139.5
2026-01-10,Ukraine,negativity,79.8,-7.3,150.0
2026-01-11,Ukraine,protest,74.1,-7.3,132.1
2026-01-11,Ukraine,crisis,82.3,-6.9,159.5
2026-01-11,Ukraine,negativity,79.2,-7.4,133.2
2026-01-12,Ukraine,protest,76.8,-7.1,131.7
2026-01-12,Ukraine,crisis,85.4,-7.6,153.8
2026-01-12,Ukraine,negativity,77.0,-7.0,131.9
2026-01-13,Ukraine,protest,76.0,-6.6,141.2
2026-01-13,Ukraine,crisis,85.6,-7.5,146.2
2026-01-13,Ukraine,negativity,83.4,-7.8,158.0
2026-01-14,Ukraine,protest,80.0,-7.1,137.0
2026-01-14,Ukraine,crisis,88.8,-7.7,154.2
2026-01-14,Ukraine,negativity,83.3,-8.1,154.8
2026-01-15,Ukraine,protest,78.0,-6.6,148.0
2026-01-15,Ukraine,crisis,89.3,-8.0,158.2
2026-01-15,Ukraine,negativity,84.3,-7.6,152.8
2026-01-16,Ukraine,protest,80.7,-7.8,140.9
2026-01-16,Ukraine,crisis,88.5,-8.6,155.9
2026-01-16,Ukraine,negativity,85.8,-8.2,150.4
2026-01-17,Ukraine,protest,77.4,-7.1,138.1
2026-01-17,Ukraine,crisis,89.8,-8.5,167.8
2026-01-17,Ukraine,negativity,82.9,-7.8,143.9
2026-01-18,Ukraine,protest,76.5,-7.4,137.5
2026-01-18,Ukraine,crisis,85.2,-7.8,160.0
2026-01-18,Ukraine,negativity,84.5,-7.1,153.9
2026-01-19,Ukraine,protest,82.0,-7.5,137.8
2026-01-19,Ukraine,crisis,88.1,-8.0,154.1
2026-01-19,Ukraine,negativity,82.3,-8.0,148.8
2026-01-20,Ukraine,protest,79.6,-7.1,138.8
2026-01-20,Ukraine,crisis,91.9,-8.2,168.5
2026-01-20,Ukraine,negativity,84.9,-8.4,153.9
2026-01-21,Ukraine,protest,84.5,-7.2,162.2
2026-01-21,Ukraine,crisis,91.9,-7.7,158.9
2026-01-21,Ukraine,negativity,86.6,-7.6,149.4
2026-01-22,Ukraine,protest,84.3,-8.3,146.8
2026-01-22,Ukraine,crisis,93.5,-8.6,166.2
2026-01-22,Ukraine,negativity,89.2,-8.4,150.1
2026-01-23,Ukraine,protest,87.4,-7.5,163.9
2026-01-23,Ukraine,crisis,95.4,-8.4,176.5
2026-01-23,Ukraine,negativity,88.0,-7.5,166.3
2026-01-24,Ukraine,protest,84.1,-8.2,143.4
2026-01-24,Ukraine,crisis,95.5,-9.2,163.6
2026-01-24,Ukraine,negativity,88.3,-7.6,156.1
2026-01-25,Ukraine,protest,86.1,-7.8,157.9
2026-01-25,Ukraine,crisis,94.2,-8.6,177.4
2026-01-25,Ukraine,negativity,87.2,-7.3,165.4
2026-01-26,Ukraine,protest,86.5,-8.3,156.6
2026-01-26,Ukraine,crisis,96.7,-8.5,181.8
2026-01-26,Ukraine,negativity,88.2,-8.0,157.7
2026-01-27,Ukraine,protest,88.9,-8.3,157.2
2026-01-27,Ukraine,crisis,98.1,-9.5,167.6
2026-01-27,Ukraine,negativity,92.9,-8.6,174.4
2026-01-28,Ukraine,protest,89.8,-8.8,156.0
2026-01-28,Ukraine,crisis,99.0,-9.5,182.3
2026-01-28,Ukraine,negativity,93.1,-8.9,162.6
2026-01-29,Ukraine,protest,91.8,-7.8,155.4
2026-01-29,Ukraine,crisis,99.0,-8.6,165.4
2026-01-29,Ukraine,negativity,95.6,-8.9,180.3
2026-01-30,Ukraine,protest,88.1,-8.5,147.2
2026-01-30,Ukraine,crisis,98.2,-8.4,169.6
2026-01-30,Ukraine,negativity,96.0,-8.3,170.1
2026-01-31,Ukraine,protest,89.1,-8.7,168.8
2026-01-31,Ukraine,crisis,97.6,-8.6,179.4
2026-01-31,Ukraine,negativity,94.7,-9.0,163.5
2026-02-01,Ukraine,protest,91.2,-7.6,157.9
2026-02-01,Ukraine,crisis,98.0,-9.2,174.5
2026-02-01,Ukraine,negativity,94.8,-9.0,167.6
2026-02-02,Ukraine,protest,91.5,-8.8,169.7
2026-02-02,Ukraine,crisis,98.1,-9.1,166.0
2026-02-02,Ukraine,negativity,94.2,-8.1,160.3
2026-02-03,Ukraine,protest,88.9,-8.2,159.8
2026-02-03,Ukraine,crisis,99.0,-8.4,172.3
2026-02-03,Ukraine,negativity,93.4,-8.3,164.4
2026-02-04,Ukraine,protest,89.5,-8.7,150.6
2026-02-04,Ukraine,crisis,99.0,-9.5,178.8
2026-02-04,Ukraine,negativity,97.2,-9.0,166.9
2026-02-05,Ukraine,protest,89.9,-8.8,160.2
2026-02-05,Ukraine,crisis,99.0,-9.1,177.4
2026-02-05,Ukraine,negativity,92.8,-8.1,176.4
2026-02-06,Ukraine,protest,90.1,-8.6,155.0
2026-02-06,Ukraine,crisis,99.0,-9.5,178.0
2026-02-06,Ukraine,negativity,94.5,-8.3,162.7
2026-02-07,Ukraine,protest,90.1,-7.7,169.0
2026-02-07,Ukraine,crisis,99.0,-9.1,172.0
2026-02-07,Ukraine,negativity,93.6,-9.1,161.4
2026-02-08,Ukraine,protest,90.1,-8.2,172.0
2026-02-08,Ukraine,crisis,98.3,-8.8,184.1
2026-02-08,Ukraine,negativity,96.3,-8.3,171.4
2026-02-09,Ukraine,protest,88.6,-8.0,168.1
2026-02-09,Ukraine,crisis,99.0,-8.5,166.2
2026-02-09,Ukraine,negativity,95.8,-8.5,177.2
2026-02-10,Ukraine,protest,91.9,-8.8,166.8
2026-02-10,Ukraine,crisis,97.7,-8.2,181.1
2026-02-10,Ukraine,negativity,96.7,-9.2,168.0
2026-02-11,Ukraine,protest,91.7,-8.4,164.1
2026-02-11,Ukraine,crisis,99.0,-9.2,165.5
2026-02-11,Ukraine,negativity,92.9,-8.3,171.1
2026-02-12,Ukraine,protest,89.7,-7.9,150.7
2026-02-12,Ukraine,crisis,99.0,-9.3,178.1
2026-02-12,Ukraine,negativity,96.4,-9.3,172.3
2026-02-13,Ukraine,protest,89.4,-7.4,163.8
2026-02-13,Ukraine,crisis,99.0,-9.3,165.8
2026-02-13,Ukraine,negativity,95.7,-8.5,165.7
2026-02-14,Ukraine,protest,88.0,-8.2,162.6
2026-02-14,Ukraine,crisis,99.0,-9.5,185.2
2026-02-14,Ukraine,negativity,95.9,-8.2,172.4
2026-02-15,Ukraine,protest,90.2,-8.3,170.0
2026-02-15,Ukraine,crisis,99.0,-8.4,169.3
2026-02-15,Ukraine,negativity,93.8,-8.3,174.0
2026-02-16,Ukraine,protest,92.3,-8.9,169.8
2026-02-16,Ukraine,crisis,98.7,-9.0,179.4
2026-02-16,Ukraine,negativity,96.1,-9.3,165.3
2026-02-17,Ukraine,protest,89.0,-8.3,157.8
2026-02-17,Ukraine,crisis,98.4,-8.4,173.0
2026-02-17,Ukraine,negativity,95.3,-8.6,161.0
2026-02-18,Ukraine,protest,90.0,-8.8,150.8
2026-02-18,Ukraine,crisis,97.6,-8.2,167.9
2026-02-18,Ukraine,negativity,93.7,-9.1,156.9
2026-02-19,Ukraine,protest,88.1,-8.7,167.7
2026-02-19,Ukraine,crisis,99.0,-9.3,174.4
2026-02-19,Ukraine,negativity,94.7,-9.0,167.0
2026-02-20,Ukraine,protest,92.3,-9.0,175.6
2026-02-20,Ukraine,crisis,99.0,-8.8,179.8
2026-02-20,Ukraine,negativity,96.5,-9.4,163.9
2026-02-21,Ukraine,protest,88.3,-8.0,159.9
2026-02-21,Ukraine,crisis,99.0,-9.4,184.0
2026-02-21,Ukraine,negativity,96.2,-9.3,161.9
2026-02-22,Ukraine,protest,88.1,-8.4,159.1
2026-02-22,Ukraine,crisis,99.0,-9.4,170.2
2026-02-22,Ukraine,negativity,96.8,-9.2,172.3
2026-02-23,Ukraine,protest,91.3,-7.7,167.3
2026-02-23,Ukraine,crisis,98.0,-8.5,182.6
2026-02-23,Ukraine,negativity,94.2,-8.2,172.4
2026-02-24,Ukraine,protest,92.3,-7.9,171.3
2026-02-24,Ukraine,crisis,99.0,-9.1,176.3
2026-02-24,Ukraine,negativity,95.0,-8.8,179.1
2026-02-25,Ukraine,protest,91.5,-7.7,161.1
2026-02-25,Ukraine,crisis,98.9,-8.9,165.1
2026-02-25,Ukraine,negativity,96.2,-8.2,180.1
2026-02-26,Ukraine,protest,88.7,-8.6,160.0
2026-02-26,Ukraine,crisis,99.0,-8.5,182.8
2026-02-26,Ukraine,negativity,95.2,-8.6,158.4
2026-02-27,Ukraine,protest,90.4,-8.7,168.9
2026-02-27,Ukraine,crisis,97.8,-9.4,178.9
2026-02-27,Ukraine,negativity,93.1,-8.9,155.0
2026-02-28,Ukraine,protest,88.3,-8.1,148.3
2026-02-28,Ukraine,crisis,99.0,-9.5,165.8
2026-02-28,Ukraine,negativity,97.1,-9.1,164.4
2026-03-01,Ukraine,protest,89.5,-8.3,164.3
2026-03-01,Ukraine,crisis,98.6,-9.1,177.0
2026-03-01,Ukraine,negativity,92.7,-9.1,166.1
2026-03-02,Ukraine,protest,91.9,-8.4,171.9
2026-03-02,Ukraine,crisis,98.3,-9.5,173.9
2026-03-02,Ukraine,negativity,93.7,-9.0,159.9
2026-03-03,Ukraine,protest,90.7,-8.2,171.7
2026-03-03,Ukraine,crisis,99.0,-8.7,171.8
2026-03-03,Ukraine,negativity,96.4,-8.1,176.8
2026-03-04,Ukraine,protest,91.4,-8.1,162.6
2026-03-04,Ukraine,crisis,98.5,-8.5,165.4
2026-03-04,Ukraine,negativity,95.2,-9.0,179.3
2026-03-05,Ukraine,protest,91.5,-8.0,173.2
2026-03-05,Ukraine,crisis,98.8,-9.4,170.1
2026-03-05,Ukraine,negativity,93.4,-8.4,171.4
2026-03-06,Ukraine,protest,90.3,-7.5,171.2
2026-03-06,Ukraine,crisis,99.0,-9.5,169.3
2026-03-06,Ukraine,negativity,94.9,-9.2,173.8
2026-03-07,Ukraine,protest,87.1,-8.0,147.3
2026-03-07,Ukraine,crisis,98.5,-9.1,176.1
2026-03-07,Ukraine,negativity,93.9,-7.9,157.8
2026-03-08,Ukraine,protest,84.6,-7.9,148.2
2026-03-08,Ukraine,crisis,94.3,-9.1,161.3
2026-03-08,Ukraine,negativity,87.9,-7.8,161.7
2026-03-09,Ukraine,protest,86.1,-7.8,144.8
2026-03-09,Ukraine,crisis,94.7,-8.8,161.3
2026-03-09,Ukraine,negativity,89.4,-7.7,153.3
2026-03-10,Ukraine,protest,83.1,-7.0,154.2
2026-03-10,Ukraine,crisis,94.3,-9.3,170.9
2026-03-10,Ukraine,negativity,91.0,-8.1,156.6
2026-03-11,Ukraine,protest,84.2,-7.1,155.8
2026-03-11,Ukraine,crisis,96.6,-8.2,174.0
2026-03-11,Ukraine,negativity,90.5,-8.5,160.8
2026-03-12,Ukraine,protest,84.9,-7.5,152.9
2026-03-12,Ukraine,crisis,96.7,-8.4,169.9
2026-03-12,Ukraine,negativity,89.8,-8.6,169.8
2026-03-13,Ukraine,protest,82.7,-8.0,143.0
2026-03-13,Ukraine,crisis,93.4,-9.1,160.6
2026-03-13,Ukraine,negativity,88.9,-7.9,151.3
2026-03-14,Ukraine,protest,81.0,-7.3,139.9
2026-03-14,Ukraine,crisis,89.5,-8.1,164.0
2026-03-14,Ukraine,negativity,85.6,-8.3,144.3
2026-03-15,Ukraine,protest,79.9,-6.8,145.8
2026-03-15,Ukraine,crisis,89.5,-7.5,161.0
2026-03-15,Ukraine,negativity,84.0,-7.6,159.4
2026-03-16,Ukraine,protest,81.1,-7.4,153.8
2026-03-16,Ukraine,crisis,88.8,-8.7,152.2
2026-03-16,Ukraine,negativity,85.1,-7.2,147.6
2026-03-17,Ukraine,protest,80.7,-7.3,150.5
2026-03-17,Ukraine,crisis,90.8,-7.8,161.1
2026-03-17,Ukraine,negativity,82.9,-8.2,138.7
2026-03-18,Ukraine,protest,82.2,-7.2,139.5
2026-03-18,Ukraine,crisis,90.5,-8.6,151.9
2026-03-18,Ukraine,negativity,86.0,-8.2,144.0
2026-03-19,Ukraine,protest,78.1,-7.5,148.9
2026-03-19,Ukraine,crisis,90.5,-8.7,170.0
2026-03-19,Ukraine,negativity,83.8,-8.0,150.9
2026-03-20,Ukraine,protest,76.4,-6.4,133.6
2026-03-20,Ukraine,crisis,89.0,-8.6,164.1
2026-03-20,Ukraine,negativity,82.2,-8.1,142.6
2026-03-21,Ukraine,protest,76.1,-6.5,144.9
2026-03-21,Ukraine,crisis,86.4,-7.6,146.4
2026-03-21,Ukraine,negativity,81.1,-7.3,145.4
2026-03-22,Ukraine,protest,73.2,-6.4,133.3
2026-03-22,Ukraine,crisis,82.3,-7.6,140.4
2026-03-22,Ukraine,negativity,79.4,-7.5,133.1
2026-03-23,Ukraine,protest,74.0,-6.5,131.6
2026-03-23,Ukraine,crisis,81.5,-6.8,155.4
2026-03-23,Ukraine,negativity,78.7,-7.8,134.7
2026-03-24,Ukraine,protest,75.8,-6.9,129.7
2026-03-24,Ukraine,crisis,81.8,-7.1,142.8
2026-03-24,Ukraine,negativity,81.8,-7.5,155.3
2026-03-25,Ukraine,protest,75.9,-6.8,144.5
2026-03-25,Ukraine,crisis,86.8,-8.5,163.2
2026-03-25,Ukraine,negativity,80.5,-7.9,149.8
2026-03-26,Ukraine,protest,74.7,-7.4,128.0
2026-03-26,Ukraine,crisis,85.2,-7.4,152.6
2026-03-26,Ukraine,negativity,80.5,-7.4,148.7
2026-03-27,Ukraine,protest,73.3,-6.6,125.1
2026-03-27,Ukraine,crisis,81.3,-7.8,145.6
2026-03-27,Ukraine,negativity,77.8,-7.4,142.0
2026-03-28,Ukraine,protest,72.0,-6.6,141.0
2026-03-28,Ukraine,crisis,79.7,-6.9,148.6
2026-03-28,Ukraine,negativity,78.2,-7.0,145.9
2026-03-29,Ukraine,protest,72.1,-6.7,142.1
2026-03-29,Ukraine,crisis,78.5,-7.8,145.6
2026-03-29,Ukraine,negativity,76.2,-7.6,149.2
2026-03-30,Ukraine,protest,72.1,-6.9,128.6
2026-03-30,Ukraine,crisis,80.0,-7.2,147.8
2026-03-30,Ukraine,negativity,74.3,-7.2,131.5
2026-03-31,Ukraine,protest,73.0,-7.3,124.0
2026-03-31,Ukraine,crisis,79.7,-7.9,151.5
2026-03-31,Ukraine,negativity,77.4,-6.4,135.2
2026-04-01,Ukraine,protest,73.1,-6.8,123.6
2026-04-01,Ukraine,crisis,84.2,-8.1,153.2
2026-04-01,Ukraine,negativity,77.8,-7.7,143.0
2026-04-02,Ukraine,protest,73.1,-6.1,142.8
2026-04-02,Ukraine,crisis,84.4,-7.6,151.4
2026-04-02,Ukraine,negativity,75.9,-7.0,128.8
2026-04-03,Ukraine,protest,73.5,-6.3,128.1
2026-04-03,Ukraine,crisis,82.8,-8.1,145.1
2026-04-03,Ukraine,negativity,77.7,-7.4,145.8
2026-04-04,Ukraine,protest,71.6,-6.5,139.8
2026-04-04,Ukraine,crisis,79.5,-7.4,154.6
2026-04-04,Ukraine,negativity,77.1,-6.6,130.0
2026-04-05,Ukraine,protest,69.5,-5.9,126.7
2026-04-05,Ukraine,crisis,78.5,-7.3,140.0
2026-04-05,Ukraine,negativity,74.7,-7.2,140.7
2026-04-06,Ukraine,protest,70.3,-6.8,125.0
2026-04-06,Ukraine,crisis,78.5,-6.8,139.8
2026-04-06,Ukraine,negativity,73.3,-6.0,135.5
2026-04-07,Ukraine,protest,71.7,-6.7,138.5
2026-04-07,Ukraine,crisis,81.0,-6.9,150.2
2026-04-07,Ukraine,negativity,74.8,-6.4,147.5
2026-04-08,Ukraine,protest,71.4,-6.2,141.3
2026-04-08,Ukraine,crisis,79.4,-7.6,141.6
2026-04-08,Ukraine,negativity,74.7,-7.2,139.9
2026-04-09,Ukraine,protest,75.6,-6.6,127.8
2026-04-09,Ukraine,crisis,81.3,-7.8,136.2
2026-04-09,Ukraine,negativity,78.3,-7.4,137.2
2026-04-10,Ukraine,protest,71.0,-6.8,140.1
2026-04-10,Ukraine,crisis,82.4,-7.4,153.5
2026-04-10,Ukraine,negativity,75.9,-6.9,144.9
2026-04-11,Ukraine,protest,68.6,-6.0,135.0
2026-04-11,Ukraine,crisis,77.6,-7.4,150.8
2026-04-11,Ukraine,negativity,74.0,-6.7,142.2
2026-04-12,Ukraine,protest,70.8,-6.6,131.4
2026-04-12,Ukraine,crisis,75.2,-6.5,137.2
2026-04-12,Ukraine,negativity,72.8,-7.2,139.8
2025-04-22,Russia,protest,69.6,-5.7,127.4
2025-04-22,Russia,crisis,77.3,-6.7,138.5
2025-04-22,Russia,negativity,71.8,-7.0,138.7
2025-04-23,Russia,protest,69.7,-6.4,128.6
2025-04-23,Russia,crisis,79.2,-7.9,136.7
2025-04-23,Russia,negativity,73.8,-6.4,126.3
2025-04-24,Russia,protest,71.7,-6.4,121.6
2025-04-24,Russia,crisis,76.3,-7.1,149.6
2025-04-24,Russia,negativity,72.9,-6.4,136.0
2025-04-25,Russia,protest,70.0,-6.4,133.6
2025-04-25,Russia,crisis,77.3,-6.9,130.8
2025-04-25,Russia,negativity,73.3,-6.2,136.5
2025-04-26,Russia,protest,68.2,-6.1,116.6
2025-04-26,Russia,crisis,74.5,-6.6,139.2
2025-04-26,Russia,negativity,71.8,-6.6,139.0
2025-04-27,Russia,protest,65.5,-5.6,126.8
2025-04-27,Russia,crisis,72.9,-6.9,138.6
2025-04-27,Russia,negativity,72.3,-6.2,130.7
2025-04-28,Russia,protest,70.0,-6.8,129.0
2025-04-28,Russia,crisis,74.7,-7.3,140.9
2025-04-28,Russia,negativity,74.0,-6.4,126.7
2025-04-29,Russia,protest,71.9,-6.5,121.5
2025-04-29,Russia,crisis,75.3,-6.9,126.7
2025-04-29,Russia,negativity,73.3,-6.6,136.7
2025-04-30,Russia,protest,73.1,-6.5,124.3
2025-04-30,Russia,crisis,80.5,-7.4,147.7
2025-04-30,Russia,negativity,74.3,-6.3,131.0
2025-05-01,Russia,protest,72.7,-6.6,129.2
2025-05-01,Russia,crisis,77.5,-6.7,136.3
2025-05-01,Russia,negativity,74.5,-7.4,125.5
2025-05-02,Russia,protest,69.8,-5.8,137.2
2025-05-02,Russia,crisis,80.0,-7.6,136.5
2025-05-02,Russia,negativity,74.4,-6.3,130.2
2025-05-03,Russia,protest,69.0,-6.5,120.8
2025-05-03,Russia,crisis,78.9,-7.5,139.0
2025-05-03,Russia,negativity,75.4,-7.1,148.2
2025-05-04,Russia,protest,69.2,-6.9,119.7
2025-05-04,Russia,crisis,76.3,-6.9,143.9
2025-05-04,Russia,negativity,73.8,-7.3,136.9
2025-05-05,Russia,protest,67.3,-6.5,119.3
2025-05-05,Russia,crisis,78.5,-7.3,143.5
2025-05-05,Russia,negativity,73.0,-6.9,130.6
2025-05-06,Russia,protest,71.2,-6.9,135.9
2025-05-06,Russia,crisis,80.1,-7.5,152.4
2025-05-06,Russia,negativity,76.0,-7.6,133.5
2025-05-07,Russia,protest,74.9,-6.5,134.9
2025-05-07,Russia,crisis,80.3,-7.6,152.8
2025-05-07,Russia,negativity,76.5,-6.7,129.6
2025-05-08,Russia,protest,73.3,-7.2,140.7
2025-05-08,Russia,crisis,79.6,-6.6,155.3
2025-05-08,Russia,negativity,75.1,-6.7,141.7
2025-05-09,Russia,protest,71.3,-6.6,131.4
2025-05-09,Russia,crisis,78.6,-6.5,142.5
2025-05-09,Russia,negativity,78.4,-7.5,141.3
2025-05-10,Russia,protest,72.2,-6.8,135.4
2025-05-10,Russia,crisis,78.7,-6.8,140.0
2025-05-10,Russia,negativity,75.6,-6.9,134.6
2025-05-11,Russia,protest,70.7,-6.3,120.1
2025-05-11,Russia,crisis,75.2,-7.2,144.0
2025-05-11,Russia,negativity,75.8,-6.5,130.4
2025-05-12,Russia,protest,72.6,-6.6,134.4
2025-05-12,Russia,crisis,79.1,-6.6,135.3
2025-05-12,Russia,negativity,73.9,-7.1,131.8
2025-05-13,Russia,protest,72.4,-6.1,128.8
2025-05-13,Russia,crisis,81.6,-7.7,144.6
2025-05-13,Russia,negativity,74.2,-7.4,139.2
2025-05-14,Russia,protest,72.2,-6.3,128.6
2025-05-14,Russia,crisis,81.7,-7.3,149.2
2025-05-14,Russia,negativity,79.3,-7.0,137.8
2025-05-15,Russia,protest,73.4,-7.0,145.4
2025-05-15,Russia,crisis,80.4,-7.2,149.0
2025-05-15,Russia,negativity,78.8,-7.4,139.3
2025-05-16,Russia,protest,74.9,-7.3,136.0
2025-05-16,Russia,crisis,82.7,-7.9,150.5
2025-05-16,Russia,negativity,74.4,-6.1,132.2
2025-05-17,Russia,protest,70.7,-6.0,138.3
2025-05-17,Russia,crisis,77.7,-6.9,132.8
2025-05-17,Russia,negativity,76.0,-7.2,135.2
2025-05-18,Russia,protest,68.5,-6.6,115.6
2025-05-18,Russia,crisis,78.1,-7.1,152.3
2025-05-18,Russia,negativity,71.6,-6.7,138.3
2025-05-19,Russia,protest,69.4,-6.1,131.3
2025-05-19,Russia,crisis,77.2,-6.8,148.7
2025-05-19,Russia,negativity,73.2,-6.6,136.7
2025-05-20,Russia,protest,72.4,-6.9,131.5
2025-05-20,Russia,crisis,81.2,-7.7,140.5
2025-05-20,Russia,negativity,73.5,-7.1,137.8
2025-05-21,Russia,protest,71.5,-7.2,129.8
2025-05-21,Russia,crisis,80.2,-6.6,154.7
2025-05-21,Russia,negativity,74.9,-6.8,137.5
2025-05-22,Russia,protest,72.0,-6.6,125.4
2025-05-22,Russia,crisis,81.2,-7.6,144.2
2025-05-22,Russia,negativity,79.3,-6.8,132.9
2025-05-23,Russia,protest,72.4,-6.0,132.3
2025-05-23,Russia,crisis,82.0,-7.8,153.8
2025-05-23,Russia,negativity,77.0,-6.7,150.1
2025-05-24,Russia,protest,72.2,-7.2,122.0
2025-05-24,Russia,crisis,80.0,-6.9,142.8
2025-05-24,Russia,negativity,72.8,-7.3,132.3
2025-05-25,Russia,protest,70.4,-7.0,132.5
2025-05-25,Russia,crisis,77.4,-6.6,148.5
2025-05-25,Russia,negativity,74.8,-6.8,130.7
2025-05-26,Russia,protest,70.6,-6.5,137.6
2025-05-26,Russia,crisis,75.2,-6.4,133.8
2025-05-26,Russia,negativity,75.5,-7.2,147.2
2025-05-27,Russia,protest,72.5,-6.2,134.1
2025-05-27,Russia,crisis,79.8,-7.1,143.3
2025-05-27,Russia,negativity,72.8,-6.9,134.2
2025-05-28,Russia,protest,73.4,-6.8,132.6
2025-05-28,Russia,crisis,81.6,-7.5,153.6
2025-05-28,Russia,negativity,76.7,-6.4,140.7
2025-05-29,Russia,protest,70.2,-6.5,118.6
2025-05-29,Russia,crisis,77.4,-6.5,146.9
2025-05-29,Russia,negativity,74.7,-7.3,145.0
2025-05-30,Russia,protest,70.8,-6.6,122.2
2025-05-30,Russia,crisis,78.1,-7.7,139.5
2025-05-30,Russia,negativity,73.0,-6.2,133.7
2025-05-31,Russia,protest,69.2,-6.6,126.6
2025-05-31,Russia,crisis,76.1,-6.3,146.7
2025-05-31,Russia,negativity,74.5,-7.0,129.9
2025-06-01,Russia,protest,69.1,-6.6,138.0
2025-06-01,Russia,crisis,76.1,-7.5,148.2
2025-06-01,Russia,negativity,69.1,-6.5,137.5
2025-06-02,Russia,protest,65.6,-5.6,117.6
2025-06-02,Russia,crisis,76.3,-6.6,141.5
2025-06-02,Russia,negativity,73.2,-6.1,131.2
2025-06-03,Russia,protest,68.4,-5.9,120.1
2025-06-03,Russia,crisis,77.6,-7.4,141.6
2025-06-03,Russia,negativity,72.4,-7.0,133.3
2025-06-04,Russia,protest,71.8,-6.3,135.3
2025-06-04,Russia,crisis,78.6,-7.3,144.2
2025-06-04,Russia,negativity,76.1,-6.8,143.1
2025-06-05,Russia,protest,72.4,-7.0,126.4
2025-06-05,Russia,crisis,78.6,-7.4,146.2
2025-06-05,Russia,negativity,74.7,-7.3,140.6
2025-06-06,Russia,protest,69.2,-7.0,125.6
2025-06-06,Russia,crisis,76.5,-6.8,139.2
2025-06-06,Russia,negativity,72.4,-6.3,139.8
2025-06-07,Russia,protest,66.7,-6.6,115.5
2025-06-07,Russia,crisis,74.1,-6.7,134.5
2025-06-07,Russia,negativity,68.6,-6.7,126.0
2025-06-08,Russia,protest,67.3,-5.4,123.5
2025-06-08,Russia,crisis,75.3,-6.4,138.2
2025-06-08,Russia,negativity,70.6,-6.8,132.9
2025-06-09,Russia,protest,64.8,-6.4,121.3
2025-06-09,Russia,crisis,72.1,-6.5,142.4
2025-06-09,Russia,negativity,68.7,-5.7,118.9
2025-06-10,Russia,protest,65.0,-5.7,120.2
2025-06-10,Russia,crisis,74.7,-6.4,140.4
2025-06-10,Russia,negativity,68.8,-6.2,116.5
2025-06-11,Russia,protest,67.3,-6.1,130.8
2025-06-11,Russia,crisis,75.0,-7.2,140.5
2025-06-11,Russia,negativity,74.3,-6.9,141.7
2025-06-12,Russia,protest,67.2,-6.4,129.6
2025-06-12,Russia,crisis,74.6,-6.6,142.0
2025-06-12,Russia,negativity,73.4,-6.6,125.9
2025-06-13,Russia,protest,68.5,-5.9,120.1
2025-06-13,Russia,crisis,73.3,-6.1,143.1
2025-06-13,Russia,negativity,71.3,-6.7,136.9
2025-06-14,Russia,protest,66.9,-6.7,121.6
2025-06-14,Russia,crisis,72.4,-6.2,124.5
2025-06-14,Russia,negativity,67.5,-6.1,126.0
2025-06-15,Russia,protest,65.9,-6.6,118.3
2025-06-15,Russia,crisis,70.4,-6.3,133.1
2025-06-15,Russia,negativity,69.7,-6.1,127.7
2025-06-16,Russia,protest,62.5,-6.2,126.4
2025-06-16,Russia,crisis,71.4,-6.6,122.0
2025-06-16,Russia,negativity,68.2,-5.6,119.1
2025-06-17,Russia,protest,64.1,-6.2,116.6
2025-06-17,Russia,crisis,71.3,-6.0,120.7
2025-06-17,Russia,negativity,68.8,-6.8,138.0
2025-06-18,Russia,protest,68.0,-6.1,124.4
2025-06-18,Russia,crisis,73.4,-7.3,142.9
2025-06-18,Russia,negativity,71.8,-6.7,139.8
2025-06-19,Russia,protest,67.2,-6.3,120.6
2025-06-19,Russia,crisis,75.5,-7.2,128.5
2025-06-19,Russia,negativity,68.6,-6.9,122.9
2025-06-20,Russia,protest,68.2,-6.3,128.4
2025-06-20,Russia,crisis,72.5,-7.0,142.4
2025-06-20,Russia,negativity,67.5,-5.5,131.6
2025-06-21,Russia,protest,62.1,-5.5,106.4
2025-06-21,Russia,crisis,72.8,-6.1,138.2
2025-06-21,Russia,negativity,67.2,-6.0,115.7
2025-06-22,Russia,protest,62.1,-5.1,111.5
2025-06-22,Russia,crisis,67.8,-6.6,122.1
2025-06-22,Russia,negativity,66.1,-5.9,116.1
2025-06-23,Russia,protest,61.5,-5.0,118.7
2025-06-23,Russia,crisis,67.9,-6.2,117.3
2025-06-23,Russia,negativity,66.1,-5.6,120.4
2025-06-24,Russia,protest,63.8,-6.2,113.7
2025-06-24,Russia,crisis,72.0,-7.0,124.2
2025-06-24,Russia,negativity,69.9,-7.0,120.5
2025-06-25,Russia,protest,65.6,-5.4,118.6
2025-06-25,Russia,crisis,73.7,-6.4,128.0
2025-06-25,Russia,negativity,71.4,-6.0,138.6
2025-06-26,Russia,protest,65.2,-5.4,121.3
2025-06-26,Russia,crisis,75.5,-6.9,142.3
2025-06-26,Russia,negativity,71.4,-6.1,127.4
2025-06-27,Russia,protest,65.4,-5.5,125.4
2025-06-27,Russia,crisis,74.8,-6.3,125.7
2025-06-27,Russia,negativity,69.8,-6.6,122.8
2025-06-28,Russia,protest,62.2,-5.1,126.6
2025-06-28,Russia,crisis,69.5,-6.9,118.1
2025-06-28,Russia,negativity,65.9,-5.9,126.0
2025-06-29,Russia,protest,62.4,-5.2,111.4
2025-06-29,Russia,crisis,68.8,-6.0,135.6
2025-06-29,Russia,negativity,64.5,-5.6,116.2
2025-06-30,Russia,protest,62.3,-6.1,120.5
2025-06-30,Russia,crisis,69.9,-6.0,131.4
2025-06-30,Russia,negativity,68.7,-6.2,130.4
2025-07-01,Russia,protest,65.3,-5.8,129.0
2025-07-01,Russia,crisis,69.8,-6.7,121.8
2025-07-01,Russia,negativity,67.5,-5.6,117.6
2025-07-02,Russia,protest,64.7,-6.1,128.0
2025-07-02,Russia,crisis,73.3,-6.1,128.9
2025-07-02,Russia,negativity,68.9,-6.7,122.9
2025-07-03,Russia,protest,68.3,-6.2,124.7
2025-07-03,Russia,crisis,74.7,-6.5,131.0
2025-07-03,Russia,negativity,68.0,-6.4,128.1
2025-07-04,Russia,protest,64.0,-5.3,123.1
2025-07-04,Russia,crisis,72.1,-6.8,135.7
2025-07-04,Russia,negativity,69.1,-6.5,126.8
2025-07-05,Russia,protest,65.7,-6.3,129.5
2025-07-05,Russia,crisis,71.7,-6.3,131.6
2025-07-05,Russia,negativity,67.3,-6.0,128.8
2025-07-06,Russia,protest,62.8,-5.7,115.6
2025-07-06,Russia,crisis,68.7,-5.9,120.3
2025-07-06,Russia,negativity,66.8,-6.4,132.9
2025-07-07,Russia,protest,62.1,-5.3,112.5
2025-07-07,Russia,crisis,72.6,-6.7,128.3
2025-07-07,Russia,negativity,68.5,-6.1,116.1
2025-07-08,Russia,protest,67.4,-5.7,130.0
2025-07-08,Russia,crisis,70.9,-6.1,129.5
2025-07-08,Russia,negativity,68.9,-5.8,136.7
2025-07-09,Russia,protest,68.2,-6.7,124.7
2025-07-09,Russia,crisis,72.5,-5.9,123.6
2025-07-09,Russia,negativity,72.1,-6.3,138.5
2025-07-10,Russia,protest,66.4,-6.6,132.9
2025-07-10,Russia,crisis,74.5,-6.9,135.9
2025-07-10,Russia,negativity,72.4,-5.9,141.7
2025-07-11,Russia,protest,66.7,-6.6,128.8
2025-07-11,Russia,crisis,73.7,-6.3,127.1
2025-07-11,Russia,negativity,69.8,-6.6,126.1
2025-07-12,Russia,protest,63.9,-6.1,114.1
2025-07-12,Russia,crisis,72.5,-7.0,137.0
2025-07-12,Russia,negativity,67.6,-6.1,115.5
2025-07-13,Russia,protest,62.4,-5.4,110.9
2025-07-13,Russia,crisis,71.8,-6.5,123.7
2025-07-13,Russia,negativity,66.5,-5.9,122.8
2025-07-14,Russia,protest,62.6,-5.4,124.7
2025-07-14,Russia,crisis,74.0,-6.5,142.8
2025-07-14,Russia,negativity,68.0,-6.3,119.4
2025-07-15,Russia,protest,65.1,-6.3,116.4
2025-07-15,Russia,crisis,74.3,-7.4,141.9
2025-07-15,Russia,negativity,68.1,-6.3,124.5
2025-07-16,Russia,protest,68.4,-6.2,129.6
2025-07-16,Russia,crisis,78.0,-6.5,143.6
2025-07-16,Russia,negativity,70.9,-5.9,136.7
2025-07-17,Russia,protest,70.0,-7.1,135.3
2025-07-17,Russia,crisis,76.2,-7.4,129.1
2025-07-17,Russia,negativity,70.4,-6.0,120.5
2025-07-18,Russia,protest,70.1,-6.9,118.3
2025-07-18,Russia,crisis,74.9,-7.4,147.4
2025-07-18,Russia,negativity,71.2,-7.1,123.5
2025-07-19,Russia,protest,65.0,-6.6,114.3
2025-07-19,Russia,crisis,75.7,-6.4,129.6
2025-07-19,Russia,negativity,70.6,-6.6,120.6
2025-07-20,Russia,protest,65.5,-6.1,122.7
2025-07-20,Russia,crisis,74.0,-6.7,132.2
2025-07-20,Russia,negativity,71.6,-6.4,139.7
2025-07-21,Russia,protest,65.3,-6.0,111.6
2025-07-21,Russia,crisis,72.3,-6.7,138.2
2025-07-21,Russia,negativity,68.3,-6.9,135.0
2025-07-22,Russia,protest,68.5,-6.5,119.7
2025-07-22,Russia,crisis,76.9,-7.4,132.2
2025-07-22,Russia,negativity,70.7,-6.9,128.2
2025-07-23,Russia,protest,68.1,-6.9,121.4
2025-07-23,Russia,crisis,77.5,-6.5,140.6
2025-07-23,Russia,negativity,74.4,-6.4,130.4
2025-07-24,Russia,protest,69.0,-5.8,125.1
2025-07-24,Russia,crisis,78.5,-7.7,141.2
2025-07-24,Russia,negativity,73.8,-6.8,131.2
2025-07-25,Russia,protest,69.9,-5.9,127.7
2025-07-25,Russia,crisis,77.3,-7.7,144.9
2025-07-25,Russia,negativity,73.5,-6.0,134.7
2025-07-26,Russia,protest,71.6,-6.3,134.7
2025-07-26,Russia,crisis,76.0,-7.3,137.6
2025-07-26,Russia,negativity,70.9,-5.9,133.8
2025-07-27,Russia,protest,67.5,-6.3,135.4
2025-07-27,Russia,crisis,77.6,-6.7,137.7
2025-07-27,Russia,negativity,71.1,-6.3,139.1
2025-07-28,Russia,protest,70.7,-5.9,141.1
2025-07-28,Russia,crisis,78.3,-7.2,149.0
2025-07-28,Russia,negativity,71.7,-6.1,124.7
2025-07-29,Russia,protest,71.1,-6.1,139.6
2025-07-29,Russia,crisis,81.3,-7.3,143.4
2025-07-29,Russia,negativity,73.4,-6.0,127.3
2025-07-30,Russia,protest,73.3,-6.2,133.5
2025-07-30,Russia,crisis,82.9,-7.6,157.6
2025-07-30,Russia,negativity,76.7,-7.6,145.7
2025-07-31,Russia,protest,75.2,-7.3,137.7
2025-07-31,Russia,crisis,80.2,-7.6,152.3
2025-07-31,Russia,negativity,79.9,-7.4,151.4
2025-08-01,Russia,protest,71.8,-5.9,128.3
2025-08-01,Russia,crisis,83.2,-7.9,147.2
2025-08-01,Russia,negativity,79.5,-7.1,135.7
2025-08-02,Russia,protest,72.0,-7.2,138.0
2025-08-02,Russia,crisis,80.7,-7.2,151.6
2025-08-02,Russia,negativity,76.4,-6.5,132.8
2025-08-03,Russia,protest,69.8,-6.4,137.7
2025-08-03,Russia,crisis,77.6,-6.8,141.3
2025-08-03,Russia,negativity,75.0,-7.4,127.3
2025-08-04,Russia,protest,71.3,-6.2,123.8
2025-08-04,Russia,crisis,78.3,-7.2,134.3
2025-08-04,Russia,negativity,76.5,-7.7,146.5
2025-08-05,Russia,protest,72.7,-6.2,136.7
2025-08-05,Russia,crisis,82.5,-6.8,151.1
2025-08-05,Russia,negativity,78.9,-7.7,154.0
2025-08-06,Russia,protest,75.2,-6.5,139.3
2025-08-06,Russia,crisis,85.6,-7.9,149.6
2025-08-06,Russia,negativity,82.3,-7.2,149.9
2025-08-07,Russia,protest,76.8,-6.5,141.3
2025-08-07,Russia,crisis,87.5,-8.2,146.0
2025-08-07,Russia,negativity,80.8,-7.0,137.8
2025-08-08,Russia,protest,73.9,-6.8,138.3
2025-08-08,Russia,crisis,86.2,-7.3,148.5
2025-08-08,Russia,negativity,78.3,-6.8,151.5
2025-08-09,Russia,protest,74.4,-6.3,134.3
2025-08-09,Russia,crisis,82.0,-7.8,157.6
2025-08-09,Russia,negativity,78.8,-6.9,147.7
2025-08-10,Russia,protest,74.4,-6.8,138.9
2025-08-10,Russia,crisis,81.8,-7.4,157.2
2025-08-10,Russia,negativity,78.9,-6.7,138.6
2025-08-11,Russia,protest,74.1,-6.4,130.7
2025-08-11,Russia,crisis,81.5,-7.2,144.2
2025-08-11,Russia,negativity,80.2,-7.3,152.6
2025-08-12,Russia,protest,74.9,-6.9,126.8
2025-08-12,Russia,crisis,84.9,-7.6,152.0
2025-08-12,Russia,negativity,82.3,-6.9,143.8
2025-08-13,Russia,protest,79.7,-7.8,135.6
2025-08-13,Russia,crisis,86.3,-7.5,163.1
2025-08-13,Russia,negativity,83.9,-7.8,148.2
2025-08-14,Russia,protest,79.4,-6.9,145.8
2025-08-14,Russia,crisis,90.4,-7.7,167.2
2025-08-14,Russia,negativity,85.0,-7.8,155.7
2025-08-15,Russia,protest,76.9,-7.3,146.9
2025-08-15,Russia,crisis,89.5,-8.3,166.3
2025-08-15,Russia,negativity,82.0,-6.8,138.8
2025-08-16,Russia,protest,80.1,-7.6,144.9
2025-08-16,Russia,crisis,86.3,-8.1,149.7
2025-08-16,Russia,negativity,80.0,-6.7,140.6
2025-08-17,Russia,protest,78.3,-7.5,151.9
2025-08-17,Russia,crisis,85.0,-7.4,163.1
2025-08-17,Russia,negativity,79.9,-7.9,143.6
2025-08-18,Russia,protest,79.7,-6.7,141.4
2025-08-18,Russia,crisis,87.8,-7.4,153.4
2025-08-18,Russia,negativity,80.8,-6.8,142.1
2025-08-19,Russia,protest,78.6,-7.2,143.8
2025-08-19,Russia,crisis,86.5,-7.6,163.5
2025-08-19,Russia,negativity,84.4,-7.0,161.7
2025-08-20,Russia,protest,79.3,-7.7,144.8
2025-08-20,Russia,crisis,91.5,-7.7,157.8
2025-08-20,Russia,negativity,88.1,-8.7,158.2
2025-08-21,Russia,protest,81.4,-6.8,146.3
2025-08-21,Russia,crisis,91.5,-8.0,169.4
2025-08-21,Russia,negativity,89.1,-7.6,153.9
2025-08-22,Russia,protest,83.0,-6.9,146.6
2025-08-22,Russia,crisis,90.5,-8.7,166.9
2025-08-22,Russia,negativity,85.2,-7.7,145.5
2025-08-23,Russia,protest,81.7,-7.1,140.0
2025-08-23,Russia,crisis,89.7,-7.9,162.2
2025-08-23,Russia,negativity,86.3,-7.2,150.9
2025-08-24,Russia,protest,77.9,-6.4,152.5
2025-08-24,Russia,crisis,89.0,-8.4,149.4
2025-08-24,Russia,negativity,81.8,-6.8,145.3
2025-08-25,Russia,protest,80.9,-6.8,148.9
2025-08-25,Russia,crisis,89.6,-8.7,161.4
2025-08-25,Russia,negativity,83.9,-7.2,141.2
2025-08-26,Russia,protest,81.4,-7.6,154.0
2025-08-26,Russia,crisis,92.0,-8.9,168.2
2025-08-26,Russia,negativity,85.5,-7.7,150.8
2025-08-27,Russia,protest,84.9,-8.3,144.0
2025-08-27,Russia,crisis,93.7,-9.2,176.8
2025-08-27,Russia,negativity,88.1,-8.3,164.0
2025-08-28,Russia,protest,85.6,-8.4,156.0
2025-08-28,Russia,crisis,94.0,-8.7,164.4
2025-08-28,Russia,negativity,90.4,-7.9,152.5
2025-08-29,Russia,protest,82.3,-7.0,158.8
2025-08-29,Russia,crisis,93.3,-8.0,169.9
2025-08-29,Russia,negativity,87.0,-7.2,158.5
2025-08-30,Russia,protest,82.8,-7.6,156.1
2025-08-30,Russia,crisis,91.1,-7.8,165.2
2025-08-30,Russia,negativity,88.7,-8.0,163.7
2025-08-31,Russia,protest,80.0,-7.1,140.7
2025-08-31,Russia,crisis,90.9,-7.9,168.2
2025-08-31,Russia,negativity,85.5,-7.9,149.6
2025-09-01,Russia,protest,81.9,-7.5,154.6
2025-09-01,Russia,crisis,91.9,-8.9,154.5
2025-09-01,Russia,negativity,87.3,-8.6,146.9
2025-09-02,Russia,protest,84.3,-7.2,159.3
2025-09-02,Russia,crisis,92.6,-7.9,160.2
2025-09-02,Russia,negativity,88.3,-7.4,167.3
2025-09-03,Russia,protest,86.4,-7.2,160.1
2025-09-03,Russia,crisis,93.8,-9.1,157.6
2025-09-03,Russia,negativity,88.6,-7.8,161.2
2025-09-04,Russia,protest,84.0,-7.8,160.3
2025-09-04,Russia,crisis,94.6,-9.1,174.8
2025-09-04,Russia,negativity,90.5,-7.5,166.8
2025-09-05,Russia,protest,82.3,-6.9,149.6
2025-09-05,Russia,crisis,92.4,-8.3,165.9
2025-09-05,Russia,negativity,89.5,-8.6,151.1
2025-09-06,Russia,protest,83.3,-8.0,141.5
2025-09-06,Russia,crisis,92.9,-9.0,174.1
2025-09-06,Russia,negativity,85.9,-8.3,143.9
2025-09-07,Russia,protest,83.2,-7.0,153.7
2025-09-07,Russia,crisis,92.4,-8.6,153.8
2025-09-07,Russia,negativity,84.4,-7.4,153.3
2025-09-08,Russia,protest,84.1,-7.8,162.3
2025-09-08,Russia,crisis,93.7,-8.4,157.6
2025-09-08,Russia,negativity,86.9,-8.2,158.5
2025-09-09,Russia,protest,82.7,-6.9,142.8
2025-09-09,Russia,crisis,94.2,-8.2,175.8
2025-09-09,Russia,negativity,88.1,-8.5,159.7
2025-09-10,Russia,protest,86.1,-7.5,143.8
2025-09-10,Russia,crisis,93.1,-9.1,163.0
2025-09-10,Russia,negativity,91.3,-8.3,160.5
2025-09-11,Russia,protest,85.6,-7.1,149.3
2025-09-11,Russia,crisis,94.0,-9.1,158.5
2025-09-11,Russia,negativity,92.0,-8.9,162.1
2025-09-12,Russia,protest,83.0,-8.1,156.0
2025-09-12,Russia,crisis,92.9,-8.0,155.6
2025-09-12,Russia,negativity,86.6,-7.8,165.9
2025-09-13,Russia,protest,81.8,-7.4,149.1
2025-09-13,Russia,crisis,92.2,-8.9,158.2
2025-09-13,Russia,negativity,87.8,-7.9,167.8
2025-09-14,Russia,protest,83.5,-7.8,152.3
2025-09-14,Russia,crisis,91.9,-9.0,159.6
2025-09-14,Russia,negativity,83.6,-8.1,146.0
2025-09-15,Russia,protest,80.2,-7.8,152.4
2025-09-15,Russia,crisis,91.2,-7.8,169.6
2025-09-15,Russia,negativity,85.9,-7.5,156.8
2025-09-16,Russia,protest,81.0,-7.6,140.7
2025-09-16,Russia,crisis,92.0,-8.0,168.8
2025-09-16,Russia,negativity,85.6,-8.4,161.2
2025-09-17,Russia,protest,85.9,-7.6,163.2
2025-09-17,Russia,crisis,93.4,-8.5,160.4
2025-09-17,Russia,negativity,86.5,-8.0,154.6
2025-09-18,Russia,protest,82.4,-7.7,137.9
2025-09-18,Russia,crisis,92.3,-8.1,168.7
2025-09-18,Russia,negativity,86.3,-7.9,151.5
2025-09-19,Russia,protest,84.0,-7.9,150.0
2025-09-19,Russia,crisis,92.5,-8.0,169.3
2025-09-19,Russia,negativity,88.2,-8.0,163.4
2025-09-20,Russia,protest,79.2,-7.7,137.1
2025-09-20,Russia,crisis,90.0,-8.0,165.5
2025-09-20,Russia,negativity,85.4,-7.2,162.3
2025-09-21,Russia,protest,77.9,-6.7,144.8
2025-09-21,Russia,crisis,85.6,-7.4,149.9
2025-09-21,Russia,negativity,85.2,-8.3,151.4
2025-09-22,Russia,protest,78.7,-7.7,151.5
2025-09-22,Russia,crisis,89.6,-7.9,156.1
2025-09-22,Russia,negativity,81.9,-6.9,147.8
2025-09-23,Russia,protest,78.6,-7.5,142.3
2025-09-23,Russia,crisis,89.6,-8.7,159.3
2025-09-23,Russia,negativity,84.7,-7.5,153.4
2025-09-24,Russia,protest,80.9,-7.9,148.1
2025-09-24,Russia,crisis,90.9,-7.6,168.6
2025-09-24,Russia,negativity,83.7,-7.5,158.0
2025-09-25,Russia,protest,83.2,-7.9,151.5
2025-09-25,Russia,crisis,91.7,-8.2,158.2
2025-09-25,Russia,negativity,86.9,-8.0,151.4
2025-09-26,Russia,protest,79.2,-7.5,135.2
2025-09-26,Russia,crisis,89.2,-8.8,167.6
2025-09-26,Russia,negativity,83.2,-7.9,150.1
2025-09-27,Russia,protest,75.3,-7.5,132.3
2025-09-27,Russia,crisis,86.4,-8.0,164.0
2025-09-27,Russia,negativity,82.5,-7.4,142.4
2025-09-28,Russia,protest,78.0,-7.7,134.8
2025-09-28,Russia,crisis,83.0,-7.2,159.7
2025-09-28,Russia,negativity,78.9,-7.4,145.5
2025-09-29,Russia,protest,77.2,-6.7,132.4
2025-09-29,Russia,crisis,86.0,-7.3,158.5
2025-09-29,Russia,negativity,82.0,-7.6,139.6
2025-09-30,Russia,protest,78.7,-6.8,139.8
2025-09-30,Russia,crisis,84.0,-7.9,153.6
2025-09-30,Russia,negativity,80.9,-7.3,138.7
2025-10-01,Russia,protest,75.8,-6.6,146.6
2025-10-01,Russia,crisis,88.4,-7.7,151.7
2025-10-01,Russia,negativity,83.2,-7.3,147.0
2025-10-02,Russia,protest,76.2,-7.3,142.3
2025-10-02,Russia,crisis,84.2,-7.2,161.2
2025-10-02,Russia,negativity,83.0,-8.1,141.5
2025-10-03,Russia,protest,77.9,-7.0,140.8
2025-10-03,Russia,crisis,83.5,-8.0,143.4
2025-10-03,Russia,negativity,82.7,-8.1,153.7
2025-10-04,Russia,protest,76.4,-6.5,129.0
2025-10-04,Russia,crisis,83.3,-7.0,143.4
2025-10-04,Russia,negativity,78.1,-7.0,142.8
2025-10-05,Russia,protest,75.6,-6.4,142.3
2025-10-05,Russia,crisis,81.6,-8.1,142.3
2025-10-05,Russia,negativity,76.7,-7.2,149.9
2025-10-06,Russia,protest,75.0,-6.2,134.5
2025-10-06,Russia,crisis,80.5,-7.6,135.8
2025-10-06,Russia,negativity,79.2,-6.7,151.5
2025-10-07,Russia,protest,72.2,-6.2,141.7
2025-10-07,Russia,crisis,84.0,-7.9,146.7
2025-10-07,Russia,negativity,79.9,-7.6,146.7
2025-10-08,Russia,protest,73.5,-7.1,130.6
2025-10-08,Russia,crisis,82.8,-7.6,145.7
2025-10-08,Russia,negativity,80.2,-6.8,135.6
2025-10-09,Russia,protest,77.5,-7.3,132.8
2025-10-09,Russia,crisis,83.0,-7.1,160.6
2025-10-09,Russia,negativity,79.0,-7.2,151.4
2025-10-10,Russia,protest,72.3,-7.2,134.3
2025-10-10,Russia,crisis,80.6,-7.5,142.0
2025-10-10,Russia,negativity,77.3,-7.3,138.3
2025-10-11,Russia,protest,74.2,-7.1,140.2
2025-10-11,Russia,crisis,82.1,-7.2,145.4
2025-10-11,Russia,negativity,74.9,-7.0,137.1
2025-10-12,Russia,protest,69.0,-6.7,123.6
2025-10-12,Russia,crisis,79.0,-7.2,138.5
2025-10-12,Russia,negativity,74.1,-6.9,134.6
2025-10-13,Russia,protest,70.7,-6.8,127.9
2025-10-13,Russia,crisis,77.3,-7.7,144.8
2025-10-13,Russia,negativity,74.9,-6.9,138.5
2025-10-14,Russia,protest,72.0,-6.5,128.1
2025-10-14,Russia,crisis,80.6,-7.1,142.7
2025-10-14,Russia,negativity,74.8,-6.8,144.5
2025-10-15,Russia,protest,74.1,-7.1,134.5
2025-10-15,Russia,crisis,83.9,-7.1,143.8
2025-10-15,Russia,negativity,79.5,-6.7,143.4
2025-10-16,Russia,protest,72.0,-7.2,133.8
2025-10-16,Russia,crisis,80.9,-7.6,144.5
2025-10-16,Russia,negativity,79.6,-7.5,153.2
2025-10-17,Russia,protest,74.2,-6.7,134.6
2025-10-17,Russia,crisis,82.3,-7.2,151.1
2025-10-17,Russia,negativity,77.9,-7.3,131.0
2025-10-18,Russia,protest,72.3,-6.2,126.5
2025-10-18,Russia,crisis,77.4,-6.4,132.3
2025-10-18,Russia,negativity,73.9,-7.4,142.2
2025-10-19,Russia,protest,67.8,-6.8,131.2
2025-10-19,Russia,crisis,78.7,-7.2,133.8
2025-10-19,Russia,negativity,71.9,-6.4,130.7
2025-10-20,Russia,protest,72.2,-6.2,133.8
2025-10-20,Russia,crisis,79.0,-7.3,150.2
2025-10-20,Russia,negativity,75.7,-7.1,145.1
2025-10-21,Russia,protest,71.4,-6.8,131.3
2025-10-21,Russia,crisis,79.6,-6.6,155.3
2025-10-21,Russia,negativity,75.5,-7.4,133.7
2025-10-22,Russia,protest,74.8,-6.1,127.2
2025-10-22,Russia,crisis,79.1,-7.2,142.9
2025-10-22,Russia,negativity,78.0,-6.8,152.4
2025-10-23,Russia,protest,71.5,-6.7,140.7
2025-10-23,Russia,crisis,82.9,-8.0,158.7
2025-10-23,Russia,negativity,76.9,-7.2,130.7
2025-10-24,Russia,protest,70.8,-6.9,137.5
2025-10-24,Russia,crisis,78.7,-6.6,134.3
2025-10-24,Russia,negativity,74.0,-6.2,141.2
2025-10-25,Russia,protest,71.6,-6.6,142.1
2025-10-25,Russia,crisis,78.0,-7.7,144.1
2025-10-25,Russia,negativity,73.8,-6.5,141.0
2025-10-26,Russia,protest,70.8,-6.3,127.5
2025-10-26,Russia,crisis,77.0,-7.5,146.6
2025-10-26,Russia,negativity,72.8,-6.9,131.1
2025-10-27,Russia,protest,72.4,-7.1,123.6
2025-10-27,Russia,crisis,77.7,-7.1,147.3
2025-10-27,Russia,negativity,74.5,-6.8,142.6
2025-10-28,Russia,protest,70.4,-6.5,132.1
2025-10-28,Russia,crisis,78.4,-7.2,132.9
2025-10-28,Russia,negativity,74.2,-7.1,129.3
2025-10-29,Russia,protest,72.4,-6.4,138.6
2025-10-29,Russia,crisis,83.3,-7.4,149.3
2025-10-29,Russia,negativity,76.3,-7.2,139.0
2025-10-30,Russia,protest,75.7,-7.2,136.2
2025-10-30,Russia,crisis,83.4,-8.0,146.1
2025-10-30,Russia,negativity,78.8,-7.0,149.6
2025-10-31,Russia,protest,74.2,-6.4,133.9
2025-10-31,Russia,crisis,78.3,-7.0,143.0
2025-10-31,Russia,negativity,75.5,-6.4,147.1
2025-11-01,Russia,protest,73.1,-7.2,133.4
2025-11-01,Russia,crisis,77.0,-6.3,140.8
2025-11-01,Russia,negativity,75.3,-6.6,139.0
2025-11-02,Russia,protest,72.3,-7.0,138.5
2025-11-02,Russia,crisis,75.4,-7.3,132.1
2025-11-02,Russia,negativity,73.7,-6.2,143.4
2025-11-03,Russia,protest,71.2,-7.2,122.3
2025-11-03,Russia,crisis,80.0,-7.3,147.3
2025-11-03,Russia,negativity,75.4,-6.9,131.6
2025-11-04,Russia,protest,72.3,-6.4,134.7
2025-11-04,Russia,crisis,82.0,-6.9,149.0
2025-11-04,Russia,negativity,75.7,-6.5,140.7
2025-11-05,Russia,protest,74.1,-6.6,134.8
2025-11-05,Russia,crisis,82.5,-7.7,148.7
2025-11-05,Russia,negativity,79.0,-6.6,133.2
2025-11-06,Russia,protest,72.7,-6.0,137.9
2025-11-06,Russia,crisis,81.0,-7.6,139.2
2025-11-06,Russia,negativity,77.6,-7.4,133.3
2025-11-07,Russia,protest,71.4,-7.0,123.3
2025-11-07,Russia,crisis,79.7,-7.3,143.8
2025-11-07,Russia,negativity,74.5,-7.4,139.1
2025-11-08,Russia,protest,71.2,-7.2,132.2
2025-11-08,Russia,crisis,78.4,-7.7,147.0
2025-11-08,Russia,negativity,77.3,-7.2,130.4
2025-11-09,Russia,protest,71.4,-6.7,136.3
2025-11-09,Russia,crisis,78.1,-7.7,140.9
2025-11-09,Russia,negativity,72.8,-6.0,138.6
2025-11-10,Russia,protest,68.7,-6.2,129.2
2025-11-10,Russia,crisis,78.7,-7.8,135.7
2025-11-10,Russia,negativity,73.6,-6.6,132.1
2025-11-11,Russia,protest,72.3,-6.3,142.8
2025-11-11,Russia,crisis,81.4,-7.3,153.9
2025-11-11,Russia,negativity,74.3,-6.3,136.0
2025-11-12,Russia,protest,73.6,-6.1,127.6
2025-11-12,Russia,crisis,81.3,-7.6,151.8
2025-11-12,Russia,negativity,79.4,-7.2,154.5
2025-11-13,Russia,protest,71.7,-6.4,133.7
2025-11-13,Russia,crisis,80.5,-7.8,147.5
2025-11-13,Russia,negativity,79.8,-7.3,138.9
2025-11-14,Russia,protest,72.9,-7.3,130.6
2025-11-14,Russia,crisis,82.5,-7.1,147.8
2025-11-14,Russia,negativity,77.3,-6.4,151.4
2025-11-15,Russia,protest,72.6,-6.6,130.1
2025-11-15,Russia,crisis,78.7,-6.6,141.1
2025-11-15,Russia,negativity,72.9,-6.0,124.3
2025-11-16,Russia,protest,70.8,-6.8,131.4
2025-11-16,Russia,crisis,80.2,-7.7,139.9
2025-11-16,Russia,negativity,74.9,-7.4,132.4
2025-11-17,Russia,protest,68.4,-6.4,123.6
2025-11-17,Russia,crisis,79.2,-6.8,145.3
2025-11-17,Russia,negativity,74.1,-7.3,139.6
2025-11-18,Russia,protest,70.3,-5.7,131.9
2025-11-18,Russia,crisis,78.3,-6.9,150.4
2025-11-18,Russia,negativity,73.8,-7.3,124.6
2025-11-19,Russia,protest,73.6,-6.7,125.9
2025-11-19,Russia,crisis,83.2,-7.3,144.0
2025-11-19,Russia,negativity,77.1,-7.2,145.6
2025-11-20,Russia,protest,73.7,-7.1,123.9
2025-11-20,Russia,crisis,81.5,-8.0,140.4
2025-11-20,Russia,negativity,79.2,-7.9,136.1
2025-11-21,Russia,protest,72.3,-6.6,125.8
2025-11-21,Russia,crisis,80.9,-7.2,151.1
2025-11-21,Russia,negativity,75.8,-6.6,144.1
2025-11-22,Russia,protest,72.5,-6.1,122.5
2025-11-22,Russia,crisis,78.8,-7.2,151.2
2025-11-22,Russia,negativity,75.3,-6.2,146.6
2025-11-23,Russia,protest,70.0,-6.3,126.4
2025-11-23,Russia,crisis,79.1,-6.6,150.8
2025-11-23,Russia,negativity,74.1,-7.4,138.3
2025-11-24,Russia,protest,70.9,-7.0,140.2
2025-11-24,Russia,crisis,78.3,-7.1,147.7
2025-11-24,Russia,negativity,71.3,-6.3,140.6
2025-11-25,Russia,protest,68.6,-6.5,136.9
2025-11-25,Russia,crisis,77.7,-7.7,140.5
2025-11-25,Russia,negativity,74.3,-6.4,145.7
2025-11-26,Russia,protest,72.8,-6.2,138.0
2025-11-26,Russia,crisis,77.8,-7.6,134.6
2025-11-26,Russia,negativity,77.9,-7.5,142.8
2025-11-27,Russia,protest,72.1,-6.7,121.5
2025-11-27,Russia,crisis,81.3,-7.3,144.9
2025-11-27,Russia,negativity,76.7,-6.8,140.2
2025-11-28,Russia,protest,73.0,-6.4,132.3
2025-11-28,Russia,crisis,79.3,-6.6,145.2
2025-11-28,Russia,negativity,74.9,-6.3,141.5
2025-11-29,Russia,protest,70.7,-5.9,134.9
2025-11-29,Russia,crisis,77.6,-6.7,147.1
2025-11-29,Russia,negativity,74.6,-7.1,135.7
2025-11-30,Russia,protest,66.3,-6.4,119.0
2025-11-30,Russia,crisis,77.2,-6.7,139.8
2025-11-30,Russia,negativity,71.9,-6.1,124.2
2025-12-01,Russia,protest,69.5,-6.7,127.7
2025-12-01,Russia,crisis,75.3,-7.1,127.1
2025-12-01,Russia,negativity,70.9,-6.2,133.4
2025-12-02,Russia,protest,67.7,-5.8,133.9
2025-12-02,Russia,crisis,78.5,-6.6,142.8
2025-12-02,Russia,negativity,75.0,-7.2,128.6
2025-12-03,Russia,protest,70.0,-6.8,137.2
2025-12-03,Russia,crisis,77.2,-6.4,148.6
2025-12-03,Russia,negativity,73.8,-7.3,143.4
2025-12-04,Russia,protest,73.3,-6.8,128.9
2025-12-04,Russia,crisis,79.6,-7.0,136.3
2025-12-04,Russia,negativity,73.7,-6.4,143.5
2025-12-05,Russia,protest,69.5,-6.6,120.2
2025-12-05,Russia,crisis,77.9,-6.9,146.2
2025-12-05,Russia,negativity,74.4,-6.6,128.3
2025-12-06,Russia,protest,70.2,-6.6,135.3
2025-12-06,Russia,crisis,77.6,-7.2,141.7
2025-12-06,Russia,negativity,70.0,-6.2,135.9
2025-12-07,Russia,protest,68.5,-6.4,119.0
2025-12-07,Russia,crisis,75.2,-7.0,144.2
2025-12-07,Russia,negativity,70.0,-5.8,122.3
2025-12-08,Russia,protest,66.4,-5.6,120.7
2025-12-08,Russia,crisis,75.8,-7.2,136.6
2025-12-08,Russia,negativity,71.3,-6.3,121.4
2025-12-09,Russia,protest,69.0,-6.2,120.9
2025-12-09,Russia,crisis,73.7,-7.3,128.4
2025-12-09,Russia,negativity,72.2,-6.1,127.1
2025-12-10,Russia,protest,68.5,-6.3,123.2
2025-12-10,Russia,crisis,77.2,-7.6,140.2
2025-12-10,Russia,negativity,74.7,-6.9,138.7
2025-12-11,Russia,protest,69.9,-5.7,137.4
2025-12-11,Russia,crisis,76.7,-7.3,146.8
2025-12-11,Russia,negativity,74.1,-6.4,145.7
2025-12-12,Russia,protest,69.7,-6.5,126.3
2025-12-12,Russia,crisis,74.8,-6.3,129.9
2025-12-12,Russia,negativity,70.3,-6.3,140.0
2025-12-13,Russia,protest,67.7,-6.7,135.5
2025-12-13,Russia,crisis,75.2,-6.4,130.4
2025-12-13,Russia,negativity,70.3,-6.8,125.1
2025-12-14,Russia,protest,63.6,-5.5,124.3
2025-12-14,Russia,crisis,70.7,-6.7,140.3
2025-12-14,Russia,negativity,69.0,-6.0,133.1
2025-12-15,Russia,protest,66.9,-6.1,123.0
2025-12-15,Russia,crisis,72.6,-7.0,132.3
2025-12-15,Russia,negativity,69.3,-6.9,135.7
2025-12-16,Russia,protest,65.4,-5.8,111.1
2025-12-16,Russia,crisis,73.0,-7.0,136.1
2025-12-16,Russia,negativity,72.3,-7.0,135.4
2025-12-17,Russia,protest,69.2,-7.0,122.0
2025-12-17,Russia,crisis,73.9,-6.7,143.7
2025-12-17,Russia,negativity,70.5,-5.7,121.5
2025-12-18,Russia,protest,68.0,-6.1,128.5
2025-12-18,Russia,crisis,74.4,-6.3,125.7
2025-12-18,Russia,negativity,69.6,-6.7,137.2
2025-12-19,Russia,protest,67.5,-6.2,124.9
2025-12-19,Russia,crisis,74.9,-6.7,140.4
2025-12-19,Russia,negativity,72.7,-6.9,131.9
2025-12-20,Russia,protest,65.9,-6.1,113.2
2025-12-20,Russia,crisis,71.5,-7.0,125.0
2025-12-20,Russia,negativity,68.2,-6.8,122.0
2025-12-21,Russia,protest,63.1,-5.3,116.3
2025-12-21,Russia,crisis,71.3,-7.1,126.8
2025-12-21,Russia,negativity,67.4,-5.7,116.8
2025-12-22,Russia,protest,63.4,-5.6,121.5
2025-12-22,Russia,crisis,70.5,-6.3,136.9
2025-12-22,Russia,negativity,69.4,-6.0,136.9
2025-12-23,Russia,protest,67.5,-5.7,122.4
2025-12-23,Russia,crisis,72.3,-6.1,136.0
2025-12-23,Russia,negativity,69.0,-6.2,120.4
2025-12-24,Russia,protest,68.2,-6.2,120.1
2025-12-24,Russia,crisis,76.4,-7.3,136.6
2025-12-24,Russia,negativity,70.1,-6.7,122.2
2025-12-25,Russia,protest,65.9,-5.5,118.7
2025-12-25,Russia,crisis,76.4,-6.5,149.8
2025-12-25,Russia,negativity,69.6,-6.5,125.7
2025-12-26,Russia,protest,66.6,-5.6,132.2
2025-12-26,Russia,crisis,72.9,-7.2,140.0
2025-12-26,Russia,negativity,69.7,-6.9,130.3
2025-12-27,Russia,protest,63.2,-6.4,129.0
2025-12-27,Russia,crisis,71.1,-6.7,128.8
2025-12-27,Russia,negativity,69.3,-6.9,128.5
2025-12-28,Russia,protest,62.1,-6.1,110.0
2025-12-28,Russia,crisis,72.5,-7.1,126.5
2025-12-28,Russia,negativity,67.4,-6.6,129.3
2025-12-29,Russia,protest,62.5,-5.0,123.0
2025-12-29,Russia,crisis,73.5,-6.6,125.3
2025-12-29,Russia,negativity,65.8,-6.3,132.7
2025-12-30,Russia,protest,66.8,-5.5,119.1
2025-12-30,Russia,crisis,72.2,-6.5,122.6
2025-12-30,Russia,negativity,70.3,-6.5,130.5
2025-12-31,Russia,protest,67.6,-6.0,129.2
2025-12-31,Russia,crisis,73.1,-6.5,126.9
2025-12-31,Russia,negativity,69.1,-5.6,132.4
2026-01-01,Russia,protest,66.9,-5.9,116.3
2026-01-01,Russia,crisis,76.4,-7.5,143.8
2026-01-01,Russia,negativity,71.3,-6.7,134.0
2026-01-02,Russia,protest,68.3,-5.8,128.0
2026-01-02,Russia,crisis,73.7,-6.9,139.2
2026-01-02,Russia,negativity,73.3,-6.9,143.4
2026-01-03,Russia,protest,65.8,-6.6,124.6
2026-01-03,Russia,crisis,75.1,-7.5,128.7
2026-01-03,Russia,negativity,69.6,-5.8,136.7
2026-01-04,Russia,protest,66.0,-5.9,128.6
2026-01-04,Russia,crisis,70.7,-7.0,128.5
2026-01-04,Russia,negativity,69.5,-6.7,123.2
2026-01-05,Russia,protest,68.3,-6.3,123.7
2026-01-05,Russia,crisis,72.5,-7.1,135.7
2026-01-05,Russia,negativity,68.4,-6.0,133.9
2026-01-06,Russia,protest,69.9,-6.3,130.1
2026-01-06,Russia,crisis,74.3,-6.3,144.2
2026-01-06,Russia,negativity,72.0,-6.6,134.3
2026-01-07,Russia,protest,69.0,-6.1,118.9
2026-01-07,Russia,crisis,75.5,-6.4,133.8
2026-01-07,Russia,negativity,74.7,-6.8,138.4
2026-01-08,Russia,protest,69.6,-6.2,119.6
2026-01-08,Russia,crisis,79.9,-7.6,155.8
2026-01-08,Russia,negativity,73.8,-6.4,125.3
2026-01-09,Russia,protest,72.3,-6.7,129.7
2026-01-09,Russia,crisis,78.5,-6.6,139.0
2026-01-09,Russia,negativity,74.3,-6.6,138.9
2026-01-10,Russia,protest,68.2,-5.7,133.4
2026-01-10,Russia,crisis,77.4,-7.4,139.3
2026-01-10,Russia,negativity,70.4,-6.8,119.0
2026-01-11,Russia,protest,68.6,-6.7,118.1
2026-01-11,Russia,crisis,77.1,-6.4,139.9
2026-01-11,Russia,negativity,70.9,-6.6,119.6
2026-01-12,Russia,protest,69.2,-5.7,118.2
2026-01-12,Russia,crisis,76.1,-6.7,129.6
2026-01-12,Russia,negativity,72.5,-6.7,139.2
2026-01-13,Russia,protest,73.4,-6.3,125.6
2026-01-13,Russia,crisis,79.8,-6.8,150.4
2026-01-13,Russia,negativity,75.2,-7.1,141.4
2026-01-14,Russia,protest,71.6,-6.7,124.1
2026-01-14,Russia,crisis,80.8,-7.0,144.8
2026-01-14,Russia,negativity,78.8,-7.5,142.1
2026-01-15,Russia,protest,75.0,-6.7,142.6
2026-01-15,Russia,crisis,81.0,-7.0,146.2
2026-01-15,Russia,negativity,77.1,-7.2,140.6
2026-01-16,Russia,protest,73.0,-6.3,138.0
2026-01-16,Russia,crisis,83.9,-7.9,148.3
2026-01-16,Russia,negativity,75.5,-7.4,142.9
2026-01-17,Russia,protest,71.0,-7.0,134.0
2026-01-17,Russia,crisis,81.3,-7.5,151.1
2026-01-17,Russia,negativity,75.1,-6.4,147.5
2026-01-18,Russia,protest,70.6,-5.9,123.9
2026-01-18,Russia,crisis,79.7,-6.9,151.2
2026-01-18,Russia,negativity,76.7,-6.9,140.8
2026-01-19,Russia,protest,74.3,-7.4,130.6
2026-01-19,Russia,crisis,83.5,-7.2,144.2
2026-01-19,Russia,negativity,79.3,-7.5,137.5
2026-01-20,Russia,protest,76.9,-7.2,143.7
2026-01-20,Russia,crisis,81.5,-7.6,137.4
2026-01-20,Russia,negativity,80.2,-7.1,146.5
2026-01-21,Russia,protest,75.6,-6.9,141.0
2026-01-21,Russia,crisis,86.3,-8.1,155.8
2026-01-21,Russia,negativity,82.2,-7.2,152.6
2026-01-22,Russia,protest,80.2,-7.8,143.9
2026-01-22,Russia,crisis,89.5,-7.7,170.6
2026-01-22,Russia,negativity,80.7,-7.2,150.9
2026-01-23,Russia,protest,76.1,-6.3,142.1
2026-01-23,Russia,crisis,85.1,-8.4,155.1
2026-01-23,Russia,negativity,83.4,-7.2,154.3
2026-01-24,Russia,protest,77.2,-6.9,141.4
2026-01-24,Russia,crisis,84.9,-7.8,152.5
2026-01-24,Russia,negativity,80.0,-7.7,145.5
2026-01-25,Russia,protest,76.3,-7.1,135.7
2026-01-25,Russia,crisis,84.0,-8.1,157.8
2026-01-25,Russia,negativity,80.9,-7.5,137.8
2026-01-26,Russia,protest,76.1,-7.4,143.6
2026-01-26,Russia,crisis,87.8,-7.9,154.9
2026-01-26,Russia,negativity,84.6,-7.1,155.6
2026-01-27,Russia,protest,79.4,-7.8,154.8
2026-01-27,Russia,crisis,88.2,-7.8,160.7
2026-01-27,Russia,negativity,86.7,-7.3,156.5
2026-01-28,Russia,protest,83.0,-7.7,147.2
2026-01-28,Russia,crisis,92.4,-8.6,159.8
2026-01-28,Russia,negativity,85.6,-7.1,160.0
2026-01-29,Russia,protest,81.9,-7.1,148.1
2026-01-29,Russia,crisis,93.2,-8.6,167.1
2026-01-29,Russia,negativity,88.6,-7.4,155.9
2026-01-30,Russia,protest,82.4,-7.8,143.8
2026-01-30,Russia,crisis,92.4,-8.6,172.3
2026-01-30,Russia,negativity,89.4,-7.6,168.2
2026-01-31,Russia,protest,81.8,-7.7,141.7
2026-01-31,Russia,crisis,89.6,-8.1,170.0
2026-01-31,Russia,negativity,84.7,-7.1,142.3
2026-02-01,Russia,protest,82.9,-7.4,157.5
2026-02-01,Russia,crisis,92.4,-8.7,158.5
2026-02-01,Russia,negativity,84.7,-8.1,157.2
2026-02-02,Russia,protest,80.2,-7.9,135.9
2026-02-02,Russia,crisis,89.1,-8.0,157.0
2026-02-02,Russia,negativity,84.8,-8.0,143.3
2026-02-03,Russia,protest,86.7,-8.3,153.1
2026-02-03,Russia,crisis,95.8,-9.1,175.2
2026-02-03,Russia,negativity,90.0,-8.1,169.9
2026-02-04,Russia,protest,84.4,-8.0,144.9
2026-02-04,Russia,crisis,97.3,-9.5,183.1
2026-02-04,Russia,negativity,91.0,-7.7,160.7
2026-02-05,Russia,protest,87.2,-7.4,159.2
2026-02-05,Russia,crisis,95.8,-8.1,173.3
2026-02-05,Russia,negativity,93.8,-8.4,165.9
2026-02-06,Russia,protest,85.3,-8.3,143.8
2026-02-06,Russia,crisis,96.0,-8.1,160.8
2026-02-06,Russia,negativity,92.2,-7.7,168.5
2026-02-07,Russia,protest,84.0,-8.3,146.6
2026-02-07,Russia,crisis,93.3,-8.9,168.1
2026-02-07,Russia,negativity,92.2,-9.1,159.2
2026-02-08,Russia,protest,85.4,-8.2,154.2
2026-02-08,Russia,crisis,95.9,-8.5,169.5
2026-02-08,Russia,negativity,88.5,-7.8,150.9
2026-02-09,Russia,protest,86.7,-8.4,156.3
2026-02-09,Russia,crisis,93.5,-8.1,176.5
2026-02-09,Russia,negativity,87.5,-8.0,163.1
2026-02-10,Russia,protest,89.0,-8.6,166.0
2026-02-10,Russia,crisis,98.6,-9.5,180.8
2026-02-10,Russia,negativity,93.3,-8.6,169.7
2026-02-11,Russia,protest,89.5,-8.7,163.7
2026-02-11,Russia,crisis,95.9,-8.1,170.2
2026-02-11,Russia,negativity,92.1,-9.0,166.8
2026-02-12,Russia,protest,89.9,-8.7,171.0
2026-02-12,Russia,crisis,99.0,-8.7,174.7
2026-02-12,Russia,negativity,91.7,-8.7,160.9
2026-02-13,Russia,protest,88.5,-7.6,152.1
2026-02-13,Russia,crisis,97.1,-9.3,173.3
2026-02-13,Russia,negativity,92.7,-8.7,166.8
2026-02-14,Russia,protest,86.5,-7.7,163.7
2026-02-14,Russia,crisis,94.7,-8.7,174.0
2026-02-14,Russia,negativity,91.9,-7.8,166.2
2026-02-15,Russia,protest,83.8,-7.6,146.6
2026-02-15,Russia,crisis,93.7,-9.1,158.8
2026-02-15,Russia,negativity,91.3,-7.7,160.7
2026-02-16,Russia,protest,86.6,-7.3,159.1
2026-02-16,Russia,crisis,97.4,-9.4,172.8
2026-02-16,Russia,negativity,88.6,-7.6,159.0
2026-02-17,Russia,protest,89.2,-7.8,161.0
2026-02-17,Russia,crisis,97.8,-9.4,176.9
2026-02-17,Russia,negativity,93.6,-9.0,156.1
2026-02-18,Russia,protest,86.3,-8.2,148.2
2026-02-18,Russia,crisis,96.1,-9.3,167.7
2026-02-18,Russia,negativity,92.9,-9.0,156.8
2026-02-19,Russia,protest,90.2,-8.3,154.0
2026-02-19,Russia,crisis,97.4,-9.0,173.5
2026-02-19,Russia,negativity,95.8,-9.4,176.9
2026-02-20,Russia,protest,88.0,-7.9,152.5
2026-02-20,Russia,crisis,95.5,-8.1,171.3
2026-02-20,Russia,negativity,90.6,-7.8,158.9
2026-02-21,Russia,protest,83.4,-7.9,148.0
2026-02-21,Russia,crisis,92.7,-9.0,161.5
2026-02-21,Russia,negativity,88.5,-8.2,165.6
2026-02-22,Russia,protest,85.1,-7.8,154.2
2026-02-22,Russia,crisis,92.1,-8.5,161.3
2026-02-22,Russia,negativity,87.3,-8.3,165.9
2026-02-23,Russia,protest,84.3,-7.2,146.1
2026-02-23,Russia,crisis,94.2,-8.5,165.7
2026-02-23,Russia,negativity,89.3,-8.0,167.9
2026-02-24,Russia,protest,84.0,-7.9,148.1
2026-02-24,Russia,crisis,95.3,-8.6,161.0
2026-02-24,Russia,negativity,89.0,-8.6,155.6
2026-02-25,Russia,protest,87.1,-7.7,154.8
2026-02-25,Russia,crisis,93.6,-8.6,172.7
2026-02-25,Russia,negativity,90.5,-7.9,160.5
2026-02-26,Russia,protest,88.4,-7.8,169.2
2026-02-26,Russia,crisis,97.0,-8.4,175.8
2026-02-26,Russia,negativity,89.6,-8.3,168.8
2026-02-27,Russia,protest,84.6,-8.1,152.0
2026-02-27,Russia,crisis,95.9,-9.0,173.3
2026-02-27,Russia,negativity,87.8,-8.0,155.7
2026-02-28,Russia,protest,83.5,-7.1,145.8
2026-02-28,Russia,crisis,92.0,-8.6,172.6
2026-02-28,Russia,negativity,86.2,-8.4,159.9
2026-03-01,Russia,protest,80.7,-7.8,143.2
2026-03-01,Russia,crisis,88.6,-7.4,168.2
2026-03-01,Russia,negativity,86.0,-7.6,162.0
2026-03-02,Russia,protest,80.9,-7.5,154.2
2026-03-02,Russia,crisis,89.5,-7.7,162.4
2026-03-02,Russia,negativity,83.4,-7.7,154.2
2026-03-03,Russia,protest,79.2,-7.8,143.0
2026-03-03,Russia,crisis,89.7,-8.5,150.2
2026-03-03,Russia,negativity,86.8,-7.9,160.6
2026-03-04,Russia,protest,81.9,-7.9,152.6
2026-03-04,Russia,crisis,88.8,-8.2,165.7
2026-03-04,Russia,negativity,87.8,-8.1,162.2
2026-03-05,Russia,protest,80.5,-6.6,143.3
2026-03-05,Russia,crisis,90.5,-7.7,162.8
2026-03-05,Russia,negativity,87.0,-7.8,157.0
2026-03-06,Russia,protest,79.2,-7.2,148.6
2026-03-06,Russia,crisis,87.1,-7.4,149.7
2026-03-06,Russia,negativity,83.9,-7.4,150.9
2026-03-07,Russia,protest,76.9,-7.7,149.5
2026-03-07,Russia,crisis,84.5,-7.5,153.5
2026-03-07,Russia,negativity,81.0,-7.6,141.7
2026-03-08,Russia,protest,76.1,-7.6,137.8
2026-03-08,Russia,crisis,83.3,-8.0,141.3
2026-03-08,Russia,negativity,82.8,-7.9,142.2
2026-03-09,Russia,protest,74.0,-7.4,135.4
2026-03-09,Russia,crisis,82.6,-7.3,147.8
2026-03-09,Russia,negativity,78.1,-6.8,143.2
2026-03-10,Russia,protest,77.4,-7.3,139.2
2026-03-10,Russia,crisis,84.8,-8.0,145.9
2026-03-10,Russia,negativity,82.8,-7.6,157.3
2026-03-11,Russia,protest,78.6,-7.7,145.9
2026-03-11,Russia,crisis,87.4,-8.4,154.6
2026-03-11,Russia,negativity,79.6,-7.1,144.4
2026-03-12,Russia,protest,75.7,-6.5,141.3
2026-03-12,Russia,crisis,85.3,-7.4,154.2
2026-03-12,Russia,negativity,82.2,-8.1,150.3
2026-03-13,Russia,protest,73.1,-6.0,131.0
2026-03-13,Russia,crisis,84.6,-7.9,142.2
2026-03-13,Russia,negativity,81.9,-7.2,143.5
2026-03-14,Russia,protest,75.6,-7.2,134.0
2026-03-14,Russia,crisis,83.1,-8.2,158.0
2026-03-14,Russia,negativity,76.2,-7.6,148.2
2026-03-15,Russia,protest,71.1,-6.8,140.9
2026-03-15,Russia,crisis,79.1,-6.5,147.8
2026-03-15,Russia,negativity,77.5,-6.5,143.3
2026-03-16,Russia,protest,73.1,-6.4,128.3
2026-03-16,Russia,crisis,80.3,-7.4,154.8
2026-03-16,Russia,negativity,73.2,-6.9,131.1
2026-03-17,Russia,protest,72.7,-6.9,135.6
2026-03-17,Russia,crisis,78.8,-7.2,149.3
2026-03-17,Russia,negativity,77.7,-6.9,132.5
2026-03-18,Russia,protest,74.1,-7.0,126.2
2026-03-18,Russia,crisis,82.4,-8.1,155.8
2026-03-18,Russia,negativity,78.6,-7.4,145.3
2026-03-19,Russia,protest,73.5,-7.0,142.7
2026-03-19,Russia,crisis,78.8,-7.4,132.2
2026-03-19,Russia,negativity,77.4,-7.7,148.0
2026-03-20,Russia,protest,70.0,-6.3,132.3
2026-03-20,Russia,crisis,79.4,-7.1,144.8
2026-03-20,Russia,negativity,76.6,-6.6,134.9
2026-03-21,Russia,protest,67.4,-6.0,131.1
2026-03-21,Russia,crisis,76.8,-6.8,141.5
2026-03-21,Russia,negativity,73.6,-7.3,128.8
2026-03-22,Russia,protest,69.1,-6.7,127.9
2026-03-22,Russia,crisis,74.2,-6.4,141.5
2026-03-22,Russia,negativity,71.7,-7.1,127.8
2026-03-23,Russia,protest,69.6,-6.6,129.3
2026-03-23,Russia,crisis,75.1,-7.0,145.9
2026-03-23,Russia,negativity,73.3,-6.4,143.6
2026-03-24,Russia,protest,69.3,-6.3,125.2
2026-03-24,Russia,crisis,78.4,-6.6,133.8
2026-03-24,Russia,negativity,73.3,-6.3,125.4
2026-03-25,Russia,protest,69.2,-6.7,130.6
2026-03-25,Russia,crisis,78.9,-7.3,142.3
2026-03-25,Russia,negativity,71.1,-5.9,128.8
2026-03-26,Russia,protest,71.8,-6.6,123.9
2026-03-26,Russia,crisis,77.9,-6.7,150.7
2026-03-26,Russia,negativity,75.4,-7.1,142.6
2026-03-27,Russia,protest,69.7,-5.7,120.8
2026-03-27,Russia,crisis,76.1,-7.2,147.7
2026-03-27,Russia,negativity,70.3,-7.1,140.0
2026-03-28,Russia,protest,68.3,-6.5,121.0
2026-03-28,Russia,crisis,71.6,-6.4,137.8
2026-03-28,Russia,negativity,71.5,-7.1,121.3
2026-03-29,Russia,protest,64.5,-6.6,129.8
2026-03-29,Russia,crisis,71.2,-6.4,133.6
2026-03-29,Russia,negativity,67.2,-6.0,121.6
2026-03-30,Russia,protest,66.6,-5.7,117.3
2026-03-30,Russia,crisis,71.5,-7.0,126.7
2026-03-30,Russia,negativity,70.1,-5.9,122.0
2026-03-31,Russia,protest,65.4,-5.7,112.4
2026-03-31,Russia,crisis,75.4,-7.2,137.5
2026-03-31,Russia,negativity,72.1,-6.3,132.2
2026-04-01,Russia,protest,66.0,-6.0,120.4
2026-04-01,Russia,crisis,74.5,-6.2,126.4
2026-04-01,Russia,negativity,71.6,-6.8,133.6
2026-04-02,Russia,protest,69.6,-6.0,126.9
2026-04-02,Russia,crisis,73.1,-6.9,140.9
2026-04-02,Russia,negativity,72.6,-6.3,125.8
2026-04-03,Russia,protest,68.9,-6.7,123.7
2026-04-03,Russia,crisis,72.5,-6.2,122.6
2026-04-03,Russia,negativity,68.2,-6.1,133.4
2026-04-04,Russia,protest,66.8,-6.4,128.7
2026-04-04,Russia,crisis,71.8,-6.9,141.1
2026-04-04,Russia,negativity,70.8,-6.2,123.9
2026-04-05,Russia,protest,63.6,-5.5,122.3
2026-04-05,Russia,crisis,72.3,-6.2,128.1
2026-04-05,Russia,negativity,67.3,-5.9,118.6
2026-04-06,Russia,protest,63.7,-6.1,120.0
2026-04-06,Russia,crisis,69.6,-6.9,135.4
2026-04-06,Russia,negativity,65.5,-5.9,124.8
2026-04-07,Russia,protest,67.4,-6.1,127.0
2026-04-07,Russia,crisis,72.6,-7.0,131.2
2026-04-07,Russia,negativity,71.2,-6.4,129.4
2026-04-08,Russia,protest,68.8,-6.0,131.3
2026-04-08,Russia,crisis,73.2,-6.7,124.0
2026-04-08,Russia,negativity,71.7,-6.1,122.4
2026-04-09,Russia,protest,67.4,-6.1,124.5
2026-04-09,Russia,crisis,73.6,-6.6,126.7
2026-04-09,Russia,negativity,71.5,-7.1,122.4
2026-04-10,Russia,protest,68.1,-5.6,131.1
2026-04-10,Russia,crisis,73.4,-7.2,136.9
2026-04-10,Russia,negativity,71.3,-6.9,134.4
2026-04-11,Russia,protest,65.3,-5.3,117.4
2026-04-11,Russia,crisis,74.3,-6.9,135.5
2026-04-11,Russia,negativity,70.6,-6.9,132.4
2026-04-12,Russia,protest,65.9,-6.4,121.5
2026-04-12,Russia,crisis,71.7,-6.3,123.7
2026-04-12,Russia,negativity,66.2,-5.6,117.4
2025-04-22,Japan,protest,26.6,-1.9,61.8
2025-04-22,Japan,crisis,28.8,-1.9,56.4
2025-04-22,Japan,negativity,28.8,-2.7,72.6
2025-04-23,Japan,protest,29.7,-2.2,65.1
2025-04-23,Japan,crisis,28.7,-2.9,61.7
2025-04-23,Japan,negativity,28.6,-2.1,68.7
2025-04-24,Japan,protest,29.0,-2.7,62.3
2025-04-24,Japan,crisis,31.0,-2.2,56.7
2025-04-24,Japan,negativity,31.3,-3.3,69.9
2025-04-25,Japan,protest,29.0,-2.7,58.2
2025-04-25,Japan,crisis,28.3,-2.5,64.1
2025-04-25,Japan,negativity,27.5,-2.3,59.0
2025-04-26,Japan,protest,27.3,-1.8,53.4
2025-04-26,Japan,crisis,31.1,-2.7,61.6
2025-04-26,Japan,negativity,26.1,-2.2,49.0
2025-04-27,Japan,protest,27.4,-2.6,59.3
2025-04-27,Japan,crisis,26.6,-2.5,60.9
2025-04-27,Japan,negativity,26.4,-2.4,63.6
2025-04-28,Japan,protest,26.2,-1.9,58.8
2025-04-28,Japan,crisis,28.5,-2.1,67.6
2025-04-28,Japan,negativity,28.5,-3.1,56.6
2025-04-29,Japan,protest,26.8,-2.5,63.7
2025-04-29,Japan,crisis,29.8,-2.2,65.0
2025-04-29,Japan,negativity,29.7,-2.2,66.3
2025-04-30,Japan,protest,26.8,-1.9,53.8
2025-04-30,Japan,crisis,33.1,-3.1,60.4
2025-04-30,Japan,negativity,29.2,-3.0,63.1
2025-05-01,Japan,protest,29.7,-3.4,74.6
2025-05-01,Japan,crisis,32.2,-2.9,57.7
2025-05-01,Japan,negativity,30.1,-2.6,68.8
2025-05-02,Japan,protest,27.6,-1.9,51.1
2025-05-02,Japan,crisis,32.2,-2.9,67.3
2025-05-02,Japan,negativity,29.5,-3.1,57.2
2025-05-03,Japan,protest,25.7,-2.5,66.2
2025-05-03,Japan,crisis,28.3,-2.4,64.2
2025-05-03,Japan,negativity,29.5,-3.3,60.9
2025-05-04,Japan,protest,26.0,-2.9,56.0
2025-05-04,Japan,crisis,27.2,-1.8,63.8
2025-05-04,Japan,negativity,27.4,-1.8,52.6
2025-05-05,Japan,protest,25.5,-1.8,64.8
2025-05-05,Japan,crisis,32.0,-2.6,77.7
2025-05-05,Japan,negativity,30.6,-2.2,58.6
2025-05-06,Japan,protest,27.5,-3.0,58.2
2025-05-06,Japan,crisis,31.5,-3.0,59.0
2025-05-06,Japan,negativity,28.1,-2.9,54.0
2025-05-07,Japan,protest,31.8,-2.8,61.4
2025-05-07,Japan,crisis,35.7,-3.3,66.6
2025-05-07,Japan,negativity,32.3,-3.5,69.8
2025-05-08,Japan,protest,30.0,-2.5,62.6
2025-05-08,Japan,crisis,32.2,-3.5,77.4
2025-05-08,Japan,negativity,34.8,-3.5,66.8
2025-05-09,Japan,protest,31.9,-2.6,71.0
2025-05-09,Japan,crisis,33.2,-2.9,67.5
2025-05-09,Japan,negativity,30.0,-3.0,67.2
2025-05-10,Japan,protest,28.1,-3.1,65.0
2025-05-10,Japan,crisis,30.4,-2.8,57.7
2025-05-10,Japan,negativity,30.0,-3.0,54.0
2025-05-11,Japan,protest,26.5,-2.6,56.7
2025-05-11,Japan,crisis,31.6,-2.7,63.7
2025-05-11,Japan,negativity,29.7,-3.0,71.0
2025-05-12,Japan,protest,29.7,-2.7,60.5
2025-05-12,Japan,crisis,32.8,-2.4,63.1
2025-05-12,Japan,negativity,30.6,-3.0,57.8
2025-05-13,Japan,protest,30.9,-3.2,66.1
2025-05-13,Japan,crisis,30.5,-3.0,68.7
2025-05-13,Japan,negativity,32.5,-2.8,60.0
2025-05-14,Japan,protest,29.7,-2.4,73.5
2025-05-14,Japan,crisis,32.1,-3.4,67.1
2025-05-14,Japan,negativity,34.3,-2.5,72.4
2025-05-15,Japan,protest,30.7,-2.5,69.3
2025-05-15,Japan,crisis,32.9,-2.3,66.0
2025-05-15,Japan,negativity,34.5,-2.9,72.4
2025-05-16,Japan,protest,31.8,-3.5,65.3
2025-05-16,Japan,crisis,33.6,-2.6,62.7
2025-05-16,Japan,negativity,29.8,-2.5,66.8
2025-05-17,Japan,protest,27.4,-1.9,53.0
2025-05-17,Japan,crisis,32.0,-2.9,65.8
2025-05-17,Japan,negativity,30.4,-3.5,71.9
2025-05-18,Japan,protest,29.7,-2.2,68.2
2025-05-18,Japan,crisis,31.3,-3.5,72.1
2025-05-18,Japan,negativity,29.3,-2.3,64.7
2025-05-19,Japan,protest,29.6,-2.3,69.0
2025-05-19,Japan,crisis,31.7,-2.3,59.6
2025-05-19,Japan,negativity,30.1,-3.3,70.3
2025-05-20,Japan,protest,26.9,-2.0,65.5
2025-05-20,Japan,crisis,34.2,-2.8,64.8
2025-05-20,Japan,negativity,29.6,-2.2,58.8
2025-05-21,Japan,protest,30.0,-2.7,72.8
2025-05-21,Japan,crisis,33.2,-3.7,76.2
2025-05-21,Japan,negativity,30.6,-3.2,55.7
2025-05-22,Japan,protest,32.5,-2.6,60.7
2025-05-22,Japan,crisis,32.7,-3.1,78.5
2025-05-22,Japan,negativity,30.2,-3.1,73.0
2025-05-23,Japan,protest,28.7,-2.6,59.8
2025-05-23,Japan,crisis,34.6,-3.5,83.0
2025-05-23,Japan,negativity,29.6,-2.3,71.3
2025-05-24,Japan,protest,27.0,-2.9,61.9
2025-05-24,Japan,crisis,32.5,-2.8,75.4
2025-05-24,Japan,negativity,30.2,-2.2,55.3
2025-05-25,Japan,protest,25.2,-1.8,52.5
2025-05-25,Japan,crisis,28.2,-3.1,53.9
2025-05-25,Japan,negativity,28.1,-2.3,59.6
2025-05-26,Japan,protest,25.9,-2.6,51.7
2025-05-26,Japan,crisis,32.3,-2.4,60.6
2025-05-26,Japan,negativity,26.4,-2.6,62.2
2025-05-27,Japan,protest,27.6,-2.2,51.3
2025-05-27,Japan,crisis,32.9,-3.6,76.0
2025-05-27,Japan,negativity,27.9,-2.5,55.3
2025-05-28,Japan,protest,30.3,-3.0,59.7
2025-05-28,Japan,crisis,34.3,-2.5,67.9
2025-05-28,Japan,negativity,31.2,-2.9,57.7
2025-05-29,Japan,protest,30.3,-2.6,76.3
2025-05-29,Japan,crisis,35.1,-2.8,71.4
2025-05-29,Japan,negativity,33.5,-2.4,61.6
2025-05-30,Japan,protest,28.4,-3.0,55.5
2025-05-30,Japan,crisis,29.4,-2.7,72.8
2025-05-30,Japan,negativity,30.4,-2.9,55.5
2025-05-31,Japan,protest,24.4,-2.7,45.8
2025-05-31,Japan,crisis,28.9,-3.0,65.3
2025-05-31,Japan,negativity,29.9,-2.9,59.2
2025-06-01,Japan,protest,26.1,-1.8,58.5
2025-06-01,Japan,crisis,28.9,-2.6,56.3
2025-06-01,Japan,negativity,26.9,-2.5,59.3
2025-06-02,Japan,protest,26.6,-3.1,57.5
2025-06-02,Japan,crisis,29.3,-2.4,68.4
2025-06-02,Japan,negativity,28.7,-3.0,68.2
2025-06-03,Japan,protest,28.4,-2.8,72.8
2025-06-03,Japan,crisis,31.1,-2.8,75.1
2025-06-03,Japan,negativity,26.8,-2.0,55.8
2025-06-04,Japan,protest,29.8,-3.4,62.9
2025-06-04,Japan,crisis,32.9,-3.3,60.3
2025-06-04,Japan,negativity,29.9,-2.7,63.3
2025-06-05,Japan,protest,27.6,-2.7,56.2
2025-06-05,Japan,crisis,32.7,-3.0,74.5
2025-06-05,Japan,negativity,30.5,-3.4,60.2
2025-06-06,Japan,protest,26.2,-2.7,61.1
2025-06-06,Japan,crisis,29.6,-3.3,70.5
2025-06-06,Japan,negativity,26.4,-2.1,69.1
2025-06-07,Japan,protest,23.6,-1.5,58.7
2025-06-07,Japan,crisis,30.0,-2.3,72.0
2025-06-07,Japan,negativity,24.9,-2.9,56.7
2025-06-08,Japan,protest,25.5,-2.2,49.4
2025-06-08,Japan,crisis,24.7,-2.9,49.7
2025-06-08,Japan,negativity,23.8,-2.0,47.9
2025-06-09,Japan,protest,23.5,-1.9,46.2
2025-06-09,Japan,crisis,25.9,-2.4,68.4
2025-06-09,Japan,negativity,22.8,-2.3,56.2
2025-06-10,Japan,protest,27.0,-2.0,52.1
2025-06-10,Japan,crisis,27.8,-2.6,67.3
2025-06-10,Japan,negativity,24.8,-2.4,65.5
2025-06-11,Japan,protest,26.2,-2.2,60.9
2025-06-11,Japan,crisis,28.7,-2.4,56.8
2025-06-11,Japan,negativity,29.5,-3.1,69.3
2025-06-12,Japan,protest,24.1,-1.7,65.6
2025-06-12,Japan,crisis,30.0,-3.4,67.2
2025-06-12,Japan,negativity,27.8,-2.3,52.4
2025-06-13,Japan,protest,26.0,-2.3,58.2
2025-06-13,Japan,crisis,27.8,-2.1,60.9
2025-06-13,Japan,negativity,26.4,-2.1,55.5
2025-06-14,Japan,protest,22.5,-1.5,52.4
2025-06-14,Japan,crisis,28.0,-3.2,57.5
2025-06-14,Japan,negativity,25.5,-2.9,57.5
2025-06-15,Japan,protest,21.1,-2.4,57.3
2025-06-15,Japan,crisis,22.2,-2.5,58.3
2025-06-15,Japan,negativity,24.3,-2.8,63.4
2025-06-16,Japan,protest,24.5,-2.9,59.6
2025-06-16,Japan,crisis,26.0,-2.0,49.9
2025-06-16,Japan,negativity,22.0,-1.7,54.0
2025-06-17,Japan,protest,25.3,-2.6,50.8
2025-06-17,Japan,crisis,24.6,-2.5,65.5
2025-06-17,Japan,negativity,23.6,-2.3,46.7
2025-06-18,Japan,protest,23.1,-1.8,52.9
2025-06-18,Japan,crisis,28.4,-2.5,52.7
2025-06-18,Japan,negativity,24.4,-1.9,47.5
2025-06-19,Japan,protest,26.0,-3.1,52.1
2025-06-19,Japan,crisis,29.6,-2.5,58.0
2025-06-19,Japan,negativity,25.8,-2.9,67.5
2025-06-20,Japan,protest,22.1,-2.5,44.1
2025-06-20,Japan,crisis,25.0,-2.2,48.8
2025-06-20,Japan,negativity,25.0,-2.0,49.6
2025-06-21,Japan,protest,22.9,-1.6,62.4
2025-06-21,Japan,crisis,24.0,-2.8,45.2
2025-06-21,Japan,negativity,24.8,-1.9,66.4
2025-06-22,Japan,protest,19.8,-1.1,52.5
2025-06-22,Japan,crisis,22.4,-2.6,43.3
2025-06-22,Japan,negativity,21.6,-1.7,59.1
2025-06-23,Japan,protest,22.1,-1.4,52.5
2025-06-23,Japan,crisis,23.9,-1.6,52.1
2025-06-23,Japan,negativity,20.5,-2.1,44.8
2025-06-24,Japan,protest,21.6,-2.1,42.2
2025-06-24,Japan,crisis,23.6,-2.7,55.9
2025-06-24,Japan,negativity,25.9,-2.5,56.7
2025-06-25,Japan,protest,23.5,-2.0,61.2
2025-06-25,Japan,crisis,25.1,-1.8,66.2
2025-06-25,Japan,negativity,24.5,-2.6,53.9
2025-06-26,Japan,protest,25.0,-2.1,48.8
2025-06-26,Japan,crisis,24.4,-2.0,61.6
2025-06-26,Japan,negativity,23.6,-1.7,61.9
2025-06-27,Japan,protest,21.6,-1.5,49.2
2025-06-27,Japan,crisis,24.5,-2.5,53.3
2025-06-27,Japan,negativity,22.1,-2.5,45.8
2025-06-28,Japan,protest,21.3,-2.3,41.5
2025-06-28,Japan,crisis,25.2,-2.2,63.9
2025-06-28,Japan,negativity,23.4,-2.2,65.1
2025-06-29,Japan,protest,22.0,-2.0,45.2
2025-06-29,Japan,crisis,21.9,-1.4,47.2
2025-06-29,Japan,negativity,20.8,-2.1,47.7
2025-06-30,Japan,protest,20.9,-2.0,50.7
2025-06-30,Japan,crisis,22.8,-2.1,56.2
2025-06-30,Japan,negativity,23.5,-2.1,51.9
2025-07-01,Japan,protest,22.3,-2.3,55.8
2025-07-01,Japan,crisis,23.4,-2.7,47.3
2025-07-01,Japan,negativity,21.8,-2.1,41.7
2025-07-02,Japan,protest,23.2,-1.8,63.9
2025-07-02,Japan,crisis,26.1,-2.4,52.0
2025-07-02,Japan,negativity,25.5,-2.3,60.8
2025-07-03,Japan,protest,24.0,-2.5,64.6
2025-07-03,Japan,crisis,24.8,-2.9,64.6
2025-07-03,Japan,negativity,26.7,-2.5,64.7
2025-07-04,Japan,protest,22.1,-1.6,49.0
2025-07-04,Japan,crisis,23.2,-1.6,47.6
2025-07-04,Japan,negativity,25.4,-2.5,54.3
2025-07-05,Japan,protest,22.1,-2.2,42.8
2025-07-05,Japan,crisis,24.5,-2.8,60.7
2025-07-05,Japan,negativity,21.1,-2.4,46.9
2025-07-06,Japan,protest,18.9,-2.2,44.5
2025-07-06,Japan,crisis,20.9,-2.6,61.4
2025-07-06,Japan,negativity,20.4,-1.5,54.4
2025-07-07,Japan,protest,22.2,-2.2,55.7
2025-07-07,Japan,crisis,21.3,-2.2,51.5
2025-07-07,Japan,negativity,23.2,-1.6,47.0
2025-07-08,Japan,protest,23.8,-1.6,48.0
2025-07-08,Japan,crisis,24.1,-1.7,56.6
2025-07-08,Japan,negativity,25.1,-2.5,61.5
2025-07-09,Japan,protest,26.1,-2.4,51.9
2025-07-09,Japan,crisis,27.7,-2.0,63.4
2025-07-09,Japan,negativity,25.2,-1.8,53.6
2025-07-10,Japan,protest,22.9,-1.7,43.2
2025-07-10,Japan,crisis,26.6,-2.4,70.1
2025-07-10,Japan,negativity,27.0,-1.9,53.6
2025-07-11,Japan,protest,22.4,-2.5,61.4
2025-07-11,Japan,crisis,25.4,-1.6,60.9
2025-07-11,Japan,negativity,24.2,-2.4,48.4
2025-07-12,Japan,protest,24.7,-1.8,61.6
2025-07-12,Japan,crisis,25.1,-1.8,53.3
2025-07-12,Japan,negativity,26.0,-3.0,54.1
2025-07-13,Japan,protest,21.1,-1.7,59.7
2025-07-13,Japan,crisis,21.8,-1.5,48.0
2025-07-13,Japan,negativity,21.6,-1.7,48.4
2025-07-14,Japan,protest,24.1,-1.7,61.4
2025-07-14,Japan,crisis,24.9,-1.6,66.0
2025-07-14,Japan,negativity,24.7,-2.9,56.8
2025-07-15,Japan,protest,22.9,-2.6,62.4
2025-07-15,Japan,crisis,26.5,-1.8,66.1
2025-07-15,Japan,negativity,23.2,-2.5,46.8
2025-07-16,Japan,protest,25.8,-2.9,58.5
2025-07-16,Japan,crisis,26.3,-2.5,66.0
2025-07-16,Japan,negativity,25.7,-2.1,66.6
2025-07-17,Japan,protest,24.9,-2.7,61.8
2025-07-17,Japan,crisis,28.1,-2.5,58.9
2025-07-17,Japan,negativity,28.6,-2.1,72.2
2025-07-18,Japan,protest,26.7,-3.1,68.2
2025-07-18,Japan,crisis,25.8,-2.4,62.0
2025-07-18,Japan,negativity,27.2,-2.1,58.9
2025-07-19,Japan,protest,23.9,-1.6,52.7
2025-07-19,Japan,crisis,27.3,-2.5,58.1
2025-07-19,Japan,negativity,25.9,-3.0,52.7
2025-07-20,Japan,protest,24.0,-2.7,62.2
2025-07-20,Japan,crisis,26.2,-2.7,54.8
2025-07-20,Japan,negativity,26.3,-1.7,64.3
2025-07-21,Japan,protest,25.3,-1.7,48.7
2025-07-21,Japan,crisis,26.1,-2.8,48.7
2025-07-21,Japan,negativity,26.1,-2.9,66.6
2025-07-22,Japan,protest,27.6,-2.5,55.4
2025-07-22,Japan,crisis,26.2,-2.6,49.9
2025-07-22,Japan,negativity,27.6,-2.6,52.0
2025-07-23,Japan,protest,28.6,-2.4,60.5
2025-07-23,Japan,crisis,31.5,-3.0,58.4
2025-07-23,Japan,negativity,27.9,-2.7,67.1
2025-07-24,Japan,protest,26.9,-2.6,62.8
2025-07-24,Japan,crisis,33.2,-2.8,66.7
2025-07-24,Japan,negativity,28.7,-2.8,56.4
2025-07-25,Japan,protest,25.3,-2.3,59.1
2025-07-25,Japan,crisis,31.4,-2.4,60.5
2025-07-25,Japan,negativity,27.5,-3.0,65.9
2025-07-26,Japan,protest,24.5,-2.7,61.6
2025-07-26,Japan,crisis,30.6,-3.3,67.4
2025-07-26,Japan,negativity,27.7,-3.1,50.3
2025-07-27,Japan,protest,24.0,-2.7,44.5
2025-07-27,Japan,crisis,27.5,-3.2,53.4
2025-07-27,Japan,negativity,24.2,-2.3,55.5
2025-07-28,Japan,protest,23.3,-2.2,52.6
2025-07-28,Japan,crisis,26.3,-2.2,56.5
2025-07-28,Japan,negativity,27.1,-3.0,70.2
2025-07-29,Japan,protest,29.0,-2.2,52.5
2025-07-29,Japan,crisis,30.1,-2.7,67.3
2025-07-29,Japan,negativity,29.2,-3.3,53.8
2025-07-30,Japan,protest,28.8,-3.1,54.1
2025-07-30,Japan,crisis,29.8,-2.4,55.7
2025-07-30,Japan,negativity,28.6,-2.8,66.9
2025-07-31,Japan,protest,27.9,-1.9,52.0
2025-07-31,Japan,crisis,34.4,-2.9,64.9
2025-07-31,Japan,negativity,29.8,-2.4,64.1
2025-08-01,Japan,protest,28.2,-2.8,56.8
2025-08-01,Japan,crisis,33.8,-3.3,79.5
2025-08-01,Japan,negativity,31.3,-3.4,60.7
2025-08-02,Japan,protest,27.1,-2.5,67.4
2025-08-02,Japan,crisis,31.5,-3.0,58.3
2025-08-02,Japan,negativity,29.4,-2.6,56.0
2025-08-03,Japan,protest,24.7,-1.6,47.4
2025-08-03,Japan,crisis,28.0,-3.1,69.7
2025-08-03,Japan,negativity,30.0,-2.7,75.6
2025-08-04,Japan,protest,29.0,-2.3,61.5
2025-08-04,Japan,crisis,28.3,-2.6,62.1
2025-08-04,Japan,negativity,27.8,-2.5,70.8
2025-08-05,Japan,protest,28.6,-2.6,52.1
2025-08-05,Japan,crisis,29.6,-3.3,54.4
2025-08-05,Japan,negativity,28.7,-2.8,69.5
2025-08-06,Japan,protest,28.3,-2.9,64.5
2025-08-06,Japan,crisis,35.2,-3.3,70.7
2025-08-06,Japan,negativity,30.4,-3.4,72.1
2025-08-07,Japan,protest,30.9,-2.4,71.4
2025-08-07,Japan,crisis,35.4,-3.3,80.5
2025-08-07,Japan,negativity,33.7,-2.9,75.5
2025-08-08,Japan,protest,27.8,-3.2,71.2
2025-08-08,Japan,crisis,31.5,-3.4,58.4
2025-08-08,Japan,negativity,31.3,-3.5,63.1
2025-08-09,Japan,protest,26.0,-2.4,54.0
2025-08-09,Japan,crisis,32.4,-3.4,76.0
2025-08-09,Japan,negativity,29.4,-2.9,69.6
2025-08-10,Japan,protest,27.0,-2.8,63.5
2025-08-10,Japan,crisis,32.2,-2.8,69.7
2025-08-10,Japan,negativity,26.6,-2.6,56.6
2025-08-11,Japan,protest,30.2,-3.0,74.4
2025-08-11,Japan,crisis,30.4,-2.7,70.0
2025-08-11,Japan,negativity,28.0,-2.4,71.6
2025-08-12,Japan,protest,29.3,-3.1,62.7
2025-08-12,Japan,crisis,34.6,-3.3,64.1
2025-08-12,Japan,negativity,29.4,-2.4,59.4
2025-08-13,Japan,protest,32.0,-3.3,67.0
2025-08-13,Japan,crisis,33.4,-2.6,68.7
2025-08-13,Japan,negativity,34.7,-2.5,67.5
2025-08-14,Japan,protest,33.5,-3.2,72.2
2025-08-14,Japan,crisis,36.8,-2.7,73.5
2025-08-14,Japan,negativity,33.4,-3.6,69.8
2025-08-15,Japan,protest,32.4,-3.0,62.2
2025-08-15,Japan,crisis,31.9,-3.5,58.6
2025-08-15,Japan,negativity,32.0,-2.4,71.5
2025-08-16,Japan,protest,29.3,-2.5,74.8
2025-08-16,Japan,crisis,33.0,-3.6,75.9
2025-08-16,Japan,negativity,31.9,-2.7,61.9
2025-08-17,Japan,protest,27.1,-2.2,69.9
2025-08-17,Japan,crisis,33.1,-2.5,75.6
2025-08-17,Japan,negativity,31.1,-3.0,58.9
2025-08-18,Japan,protest,28.4,-2.7,55.6
2025-08-18,Japan,crisis,32.8,-2.5,61.7
2025-08-18,Japan,negativity,27.9,-2.1,54.0
2025-08-19,Japan,protest,31.4,-3.5,72.1
2025-08-19,Japan,crisis,34.8,-3.2,77.2
2025-08-19,Japan,negativity,29.9,-3.4,65.9
2025-08-20,Japan,protest,30.3,-2.1,57.1
2025-08-20,Japan,crisis,32.4,-3.1,72.3
2025-08-20,Japan,negativity,30.5,-2.3,56.2
2025-08-21,Japan,protest,30.8,-2.2,61.1
2025-08-21,Japan,crisis,36.4,-3.7,86.1
2025-08-21,Japan,negativity,31.3,-2.9,59.6
2025-08-22,Japan,protest,29.6,-2.7,75.3
2025-08-22,Japan,crisis,33.5,-2.4,66.0
2025-08-22,Japan,negativity,33.5,-3.1,61.5
2025-08-23,Japan,protest,26.4,-3.1,62.6
2025-08-23,Japan,crisis,31.7,-2.4,66.7
2025-08-23,Japan,negativity,31.7,-2.6,70.2
2025-08-24,Japan,protest,29.4,-3.3,71.0
2025-08-24,Japan,crisis,32.1,-2.2,73.3
2025-08-24,Japan,negativity,28.4,-2.3,59.5
2025-08-25,Japan,protest,26.3,-2.9,67.2
2025-08-25,Japan,crisis,30.5,-3.2,65.3
2025-08-25,Japan,negativity,30.2,-2.2,69.4
2025-08-26,Japan,protest,30.5,-2.6,56.8
2025-08-26,Japan,crisis,30.7,-2.8,66.9
2025-08-26,Japan,negativity,29.4,-2.6,74.1
2025-08-27,Japan,protest,28.6,-2.4,66.6
2025-08-27,Japan,crisis,34.9,-2.9,63.0
2025-08-27,Japan,negativity,32.5,-2.3,59.8
2025-08-28,Japan,protest,31.4,-2.5,60.4
2025-08-28,Japan,crisis,33.5,-3.4,76.8
2025-08-28,Japan,negativity,33.7,-2.6,80.8
2025-08-29,Japan,protest,29.4,-2.5,61.5
2025-08-29,Japan,crisis,31.0,-2.1,59.1
2025-08-29,Japan,negativity,31.2,-2.4,72.0
2025-08-30,Japan,protest,27.6,-2.9,63.6
2025-08-30,Japan,crisis,29.0,-2.4,53.8
2025-08-30,Japan,negativity,29.6,-2.8,74.4
2025-08-31,Japan,protest,24.3,-2.4,59.3
2025-08-31,Japan,crisis,27.5,-2.5,57.1
2025-08-31,Japan,negativity,27.0,-2.1,51.2
2025-09-01,Japan,protest,26.5,-2.6,65.4
2025-09-01,Japan,crisis,30.3,-2.5,61.7
2025-09-01,Japan,negativity,29.4,-3.2,73.2
2025-09-02,Japan,protest,28.0,-2.1,61.0
2025-09-02,Japan,crisis,30.4,-2.2,59.1
2025-09-02,Japan,negativity,27.6,-2.8,51.4
2025-09-03,Japan,protest,29.9,-2.0,55.0
2025-09-03,Japan,crisis,31.6,-3.1,74.5
2025-09-03,Japan,negativity,28.4,-2.3,63.4
2025-09-04,Japan,protest,28.5,-2.2,62.8
2025-09-04,Japan,crisis,34.1,-2.6,70.8
2025-09-04,Japan,negativity,31.1,-2.7,62.3
2025-09-05,Japan,protest,29.7,-2.6,74.8
2025-09-05,Japan,crisis,33.2,-3.3,63.0
2025-09-05,Japan,negativity,30.5,-2.4,68.5
2025-09-06,Japan,protest,25.5,-1.8,66.5
2025-09-06,Japan,crisis,29.3,-3.1,58.8
2025-09-06,Japan,negativity,30.0,-2.1,70.1
2025-09-07,Japan,protest,24.1,-1.5,45.3
2025-09-07,Japan,crisis,26.6,-1.8,69.6
2025-09-07,Japan,negativity,27.6,-2.9,59.5
2025-09-08,Japan,protest,26.3,-2.2,55.8
2025-09-08,Japan,crisis,30.4,-2.5,57.5
2025-09-08,Japan,negativity,25.4,-2.9,61.1
2025-09-09,Japan,protest,24.5,-2.0,53.2
2025-09-09,Japan,crisis,29.5,-3.3,74.8
2025-09-09,Japan,negativity,26.2,-1.9,59.9
2025-09-10,Japan,protest,28.3,-2.4,54.8
2025-09-10,Japan,crisis,32.4,-3.1,61.0
2025-09-10,Japan,negativity,27.9,-2.5,61.7
2025-09-11,Japan,protest,26.0,-2.2,61.2
2025-09-11,Japan,crisis,31.0,-2.8,68.1
2025-09-11,Japan,negativity,32.1,-2.6,75.4
2025-09-12,Japan,protest,25.3,-2.0,67.4
2025-09-12,Japan,crisis,32.6,-2.4,67.7
2025-09-12,Japan,negativity,27.3,-2.1,60.1
2025-09-13,Japan,protest,23.3,-2.6,49.6
2025-09-13,Japan,crisis,30.4,-2.2,55.0
2025-09-13,Japan,negativity,25.5,-2.6,49.4
2025-09-14,Japan,protest,22.8,-2.7,50.0
2025-09-14,Japan,crisis,28.4,-2.4,70.2
2025-09-14,Japan,negativity,25.4,-2.6,54.0
2025-09-15,Japan,protest,25.9,-2.0,59.5
2025-09-15,Japan,crisis,29.4,-2.0,54.2
2025-09-15,Japan,negativity,25.9,-2.9,56.2
2025-09-16,Japan,protest,25.5,-2.5,64.4
2025-09-16,Japan,crisis,27.4,-2.7,63.7
2025-09-16,Japan,negativity,25.6,-2.0,54.2
2025-09-17,Japan,protest,29.2,-2.2,56.0
2025-09-17,Japan,crisis,29.9,-2.5,70.0
2025-09-17,Japan,negativity,29.2,-3.0,67.5
2025-09-18,Japan,protest,27.0,-2.9,65.2
2025-09-18,Japan,crisis,32.8,-2.5,71.2
2025-09-18,Japan,negativity,27.5,-2.3,67.7
2025-09-19,Japan,protest,28.9,-2.6,52.6
2025-09-19,Japan,crisis,31.4,-3.0,57.8
2025-09-19,Japan,negativity,27.9,-2.6,70.1
2025-09-20,Japan,protest,25.4,-2.8,58.1
2025-09-20,Japan,crisis,29.2,-2.7,69.5
2025-09-20,Japan,negativity,26.4,-1.8,55.9
2025-09-21,Japan,protest,25.9,-2.6,48.9
2025-09-21,Japan,crisis,25.7,-1.7,61.7
2025-09-21,Japan,negativity,24.9,-1.9,51.7
2025-09-22,Japan,protest,22.2,-2.3,41.7
2025-09-22,Japan,crisis,27.2,-2.1,62.6
2025-09-22,Japan,negativity,23.6,-2.5,52.7
2025-09-23,Japan,protest,25.2,-2.9,60.8
2025-09-23,Japan,crisis,29.3,-2.5,73.8
2025-09-23,Japan,negativity,28.1,-2.1,59.9
2025-09-24,Japan,protest,25.8,-2.8,61.8
2025-09-24,Japan,crisis,30.5,-3.2,64.8
2025-09-24,Japan,negativity,28.5,-2.7,56.3
2025-09-25,Japan,protest,29.2,-2.4,70.3
2025-09-25,Japan,crisis,31.1,-2.3,58.4
2025-09-25,Japan,negativity,31.0,-2.9,67.0
2025-09-26,Japan,protest,27.8,-3.1,58.0
2025-09-26,Japan,crisis,29.9,-3.1,65.0
2025-09-26,Japan,negativity,28.0,-1.9,59.2
2025-09-27,Japan,protest,24.4,-2.8,53.1
2025-09-27,Japan,crisis,30.0,-3.2,69.6
2025-09-27,Japan,negativity,26.1,-3.0,66.9
2025-09-28,Japan,protest,23.9,-1.6,50.1
2025-09-28,Japan,crisis,27.0,-1.9,62.5
2025-09-28,Japan,negativity,25.9,-2.7,59.9
2025-09-29,Japan,protest,27.4,-2.3,60.6
2025-09-29,Japan,crisis,26.3,-2.9,53.8
2025-09-29,Japan,negativity,27.1,-2.2,71.0
2025-09-30,Japan,protest,26.9,-1.8,69.7
2025-09-30,Japan,crisis,29.8,-2.8,72.6
2025-09-30,Japan,negativity,26.2,-2.9,49.8
2025-10-01,Japan,protest,27.1,-2.1,60.1
2025-10-01,Japan,crisis,28.8,-2.2,56.2
2025-10-01,Japan,negativity,29.9,-2.2,70.8
2025-10-02,Japan,protest,29.5,-2.8,62.4
2025-10-02,Japan,crisis,31.1,-3.2,61.1
2025-10-02,Japan,negativity,29.5,-2.2,74.5
2025-10-03,Japan,protest,29.1,-3.0,53.9
2025-10-03,Japan,crisis,30.2,-3.0,63.2
2025-10-03,Japan,negativity,30.8,-3.0,72.0
2025-10-04,Japan,protest,27.6,-2.2,71.7
2025-10-04,Japan,crisis,28.1,-2.5,66.6
2025-10-04,Japan,negativity,30.2,-3.3,71.3
2025-10-05,Japan,protest,23.9,-2.3,56.3
2025-10-05,Japan,crisis,29.7,-2.3,71.3
2025-10-05,Japan,negativity,27.2,-2.2,53.3
2025-10-06,Japan,protest,24.8,-1.7,57.1
2025-10-06,Japan,crisis,30.6,-2.1,75.4
2025-10-06,Japan,negativity,25.6,-2.0,64.4
2025-10-07,Japan,protest,28.0,-2.5,51.8
2025-10-07,Japan,crisis,31.5,-3.2,70.3
2025-10-07,Japan,negativity,31.1,-3.4,75.3
2025-10-08,Japan,protest,31.2,-3.5,75.4
2025-10-08,Japan,crisis,30.9,-3.3,61.8
2025-10-08,Japan,negativity,31.4,-2.6,75.3
2025-10-09,Japan,protest,28.5,-2.9,52.5
2025-10-09,Japan,crisis,35.3,-3.6,63.8
2025-10-09,Japan,negativity,31.9,-2.3,76.4
2025-10-10,Japan,protest,30.9,-3.2,59.2
2025-10-10,Japan,crisis,30.4,-2.7,75.1
2025-10-10,Japan,negativity,31.5,-2.4,71.9
2025-10-11,Japan,protest,28.0,-2.3,66.4
2025-10-11,Japan,crisis,32.4,-3.3,74.3
2025-10-11,Japan,negativity,30.6,-2.1,68.8
2025-10-12,Japan,protest,27.1,-3.1,56.2
2025-10-12,Japan,crisis,27.9,-2.3,61.1
2025-10-12,Japan,negativity,29.5,-2.1,67.6
2025-10-13,Japan,protest,28.3,-2.6,61.6
2025-10-13,Japan,crisis,32.7,-2.9,68.3
2025-10-13,Japan,negativity,27.4,-2.9,70.8
2025-10-14,Japan,protest,31.5,-3.4,58.7
2025-10-14,Japan,crisis,31.8,-3.3,56.9
2025-10-14,Japan,negativity,32.7,-3.5,62.2
2025-10-15,Japan,protest,31.3,-2.8,68.0
2025-10-15,Japan,crisis,36.0,-3.5,73.1
2025-10-15,Japan,negativity,32.7,-3.2,76.5
2025-10-16,Japan,protest,31.4,-3.0,69.7
2025-10-16,Japan,crisis,34.1,-2.5,71.9
2025-10-16,Japan,negativity,33.8,-3.7,67.4
2025-10-17,Japan,protest,28.3,-2.4,53.2
2025-10-17,Japan,crisis,32.6,-2.5,74.1
2025-10-17,Japan,negativity,30.2,-2.3,66.0
2025-10-18,Japan,protest,30.4,-2.5,69.3
2025-10-18,Japan,crisis,34.4,-3.0,72.4
2025-10-18,Japan,negativity,31.4,-2.4,69.6
2025-10-19,Japan,protest,30.6,-3.3,64.5
2025-10-19,Japan,crisis,30.4,-2.6,65.2
2025-10-19,Japan,negativity,30.8,-3.3,62.7
2025-10-20,Japan,protest,28.5,-2.1,71.8
2025-10-20,Japan,crisis,31.7,-2.8,65.5
2025-10-20,Japan,negativity,29.2,-2.5,55.8
2025-10-21,Japan,protest,30.9,-2.9,56.7
2025-10-21,Japan,crisis,32.0,-2.8,64.8
2025-10-21,Japan,negativity,29.8,-2.7,73.4
2025-10-22,Japan,protest,30.6,-2.4,66.8
2025-10-22,Japan,crisis,34.0,-3.6,81.2
2025-10-22,Japan,negativity,32.1,-3.2,64.1
2025-10-23,Japan,protest,33.8,-3.4,81.8
2025-10-23,Japan,crisis,35.8,-3.0,69.2
2025-10-23,Japan,negativity,34.5,-3.0,64.7
2025-10-24,Japan,protest,31.7,-3.1,60.9
2025-10-24,Japan,crisis,33.7,-2.7,77.6
2025-10-24,Japan,negativity,35.0,-3.2,68.2
2025-10-25,Japan,protest,29.8,-2.9,67.6
2025-10-25,Japan,crisis,32.9,-2.5,75.4
2025-10-25,Japan,negativity,33.1,-2.8,78.9
2025-10-26,Japan,protest,29.4,-2.4,66.8
2025-10-26,Japan,crisis,32.9,-3.3,66.8
2025-10-26,Japan,negativity,31.3,-2.5,65.5
2025-10-27,Japan,protest,28.6,-2.7,73.4
2025-10-27,Japan,crisis,34.4,-2.7,67.9
2025-10-27,Japan,negativity,34.0,-3.4,75.3
2025-10-28,Japan,protest,32.1,-3.0,68.7
2025-10-28,Japan,crisis,37.1,-3.1,69.0
2025-10-28,Japan,negativity,35.4,-2.6,65.0
2025-10-29,Japan,protest,35.4,-3.9,69.7
2025-10-29,Japan,crisis,35.0,-2.6,66.3
2025-10-29,Japan,negativity,33.7,-3.5,79.3
2025-10-30,Japan,protest,34.4,-3.5,62.7
2025-10-30,Japan,crisis,35.2,-3.2,78.2
2025-10-30,Japan,negativity,34.5,-3.8,71.4
2025-10-31,Japan,protest,30.9,-3.0,72.3
2025-10-31,Japan,crisis,35.0,-3.7,65.2
2025-10-31,Japan,negativity,34.3,-3.1,68.6
2025-11-01,Japan,protest,32.9,-3.0,64.5
2025-11-01,Japan,crisis,32.1,-3.5,64.0
2025-11-01,Japan,negativity,32.0,-2.5,64.6
2025-11-02,Japan,protest,32.4,-2.5,58.6
2025-11-02,Japan,crisis,31.4,-2.7,67.8
2025-11-02,Japan,negativity,31.5,-3.0,66.7
2025-11-03,Japan,protest,28.4,-2.2,52.7
2025-11-03,Japan,crisis,33.2,-3.0,62.6
2025-11-03,Japan,negativity,32.7,-2.9,69.2
2025-11-04,Japan,protest,32.0,-2.6,59.5
2025-11-04,Japan,crisis,37.2,-4.0,85.0
2025-11-04,Japan,negativity,35.4,-2.8,72.9
2025-11-05,Japan,protest,35.5,-3.3,73.4
2025-11-05,Japan,crisis,39.2,-4.1,82.2
2025-11-05,Japan,negativity,33.8,-3.0,72.7
2025-11-06,Japan,protest,33.7,-3.1,76.2
2025-11-06,Japan,crisis,36.8,-3.6,65.5
2025-11-06,Japan,negativity,33.5,-3.3,73.7
2025-11-07,Japan,protest,33.3,-3.7,75.3
2025-11-07,Japan,crisis,37.8,-2.8,85.0
2025-11-07,Japan,negativity,34.9,-2.9,81.8
2025-11-08,Japan,protest,31.8,-3.5,62.7
2025-11-08,Japan,crisis,34.3,-3.2,67.5
2025-11-08,Japan,negativity,32.6,-3.4,59.7
2025-11-09,Japan,protest,32.1,-2.4,63.0
2025-11-09,Japan,crisis,32.6,-2.6,60.0
2025-11-09,Japan,negativity,30.2,-3.4,67.8
2025-11-10,Japan,protest,32.0,-3.1,69.1
2025-11-10,Japan,crisis,35.5,-2.7,80.3
2025-11-10,Japan,negativity,33.1,-3.3,75.0
2025-11-11,Japan,protest,33.6,-3.3,62.4
2025-11-11,Japan,crisis,35.0,-3.8,62.8
2025-11-11,Japan,negativity,32.8,-2.8,62.2
2025-11-12,Japan,protest,34.2,-3.3,82.3
2025-11-12,Japan,crisis,35.2,-3.3,76.4
2025-11-12,Japan,negativity,34.3,-3.4,73.1
2025-11-13,Japan,protest,35.6,-3.1,75.6
2025-11-13,Japan,crisis,37.1,-3.3,80.4
2025-11-13,Japan,negativity,35.1,-3.1,64.6
2025-11-14,Japan,protest,30.5,-2.7,54.9
2025-11-14,Japan,crisis,34.8,-3.1,76.7
2025-11-14,Japan,negativity,35.1,-3.1,63.5
2025-11-15,Japan,protest,28.3,-2.9,55.2
2025-11-15,Japan,crisis,32.4,-3.3,74.6
2025-11-15,Japan,negativity,30.8,-2.4,60.5
2025-11-16,Japan,protest,30.4,-2.5,67.9
2025-11-16,Japan,crisis,31.2,-3.2,62.5
2025-11-16,Japan,negativity,32.0,-2.3,57.4
2025-11-17,Japan,protest,29.7,-3.2,57.2
2025-11-17,Japan,crisis,31.8,-2.4,58.8
2025-11-17,Japan,negativity,30.1,-2.7,60.8
2025-11-18,Japan,protest,29.5,-3.1,70.7
2025-11-18,Japan,crisis,35.3,-3.3,82.9
2025-11-18,Japan,negativity,32.2,-2.3,59.6
2025-11-19,Japan,protest,30.8,-3.0,62.9
2025-11-19,Japan,crisis,35.7,-3.1,84.1
2025-11-19,Japan,negativity,35.0,-3.6,83.9
2025-11-20,Japan,protest,33.6,-3.4,69.6
2025-11-20,Japan,crisis,37.6,-4.1,76.7
2025-11-20,Japan,negativity,33.0,-3.4,74.1
2025-11-21,Japan,protest,29.1,-2.5,69.5
2025-11-21,Japan,crisis,32.4,-3.2,72.6
2025-11-21,Japan,negativity,32.2,-2.8,75.8
2025-11-22,Japan,protest,28.3,-2.0,64.2
2025-11-22,Japan,crisis,32.2,-3.4,71.3
2025-11-22,Japan,negativity,32.4,-2.8,74.1
2025-11-23,Japan,protest,29.5,-2.7,56.3
2025-11-23,Japan,crisis,32.2,-3.3,79.2
2025-11-23,Japan,negativity,31.6,-3.4,77.4
2025-11-24,Japan,protest,28.7,-3.0,67.0
2025-11-24,Japan,crisis,31.7,-2.5,60.8
2025-11-24,Japan,negativity,29.1,-2.1,56.2
2025-11-25,Japan,protest,31.3,-2.9,70.1
2025-11-25,Japan,crisis,31.4,-2.7,65.7
2025-11-25,Japan,negativity,28.7,-2.8,67.5
2025-11-26,Japan,protest,29.9,-2.7,54.9
2025-11-26,Japan,crisis,35.4,-2.5,74.2
2025-11-26,Japan,negativity,34.0,-3.0,61.9
2025-11-27,Japan,protest,28.8,-2.6,54.8
2025-11-27,Japan,crisis,35.1,-3.3,74.5
2025-11-27,Japan,negativity,33.8,-3.4,63.6
2025-11-28,Japan,protest,29.4,-2.4,53.8
2025-11-28,Japan,crisis,31.1,-2.4,58.0
2025-11-28,Japan,negativity,33.0,-2.6,74.0
2025-11-29,Japan,protest,26.5,-3.0,62.5
2025-11-29,Japan,crisis,28.8,-2.1,59.4
2025-11-29,Japan,negativity,26.9,-2.6,50.6
2025-11-30,Japan,protest,26.2,-1.9,48.6
2025-11-30,Japan,crisis,31.4,-2.5,62.9
2025-11-30,Japan,negativity,27.8,-2.3,66.6
2025-12-01,Japan,protest,28.5,-2.7,71.6
2025-12-01,Japan,crisis,29.7,-2.5,61.6
2025-12-01,Japan,negativity,29.3,-2.6,63.1
2025-12-02,Japan,protest,26.4,-2.2,52.2
2025-12-02,Japan,crisis,32.8,-2.6,77.3
2025-12-02,Japan,negativity,28.3,-2.2,60.1
2025-12-03,Japan,protest,29.3,-3.0,60.9
2025-12-03,Japan,crisis,30.0,-3.2,58.3
2025-12-03,Japan,negativity,32.6,-2.5,76.7
2025-12-04,Japan,protest,29.6,-2.7,68.6
2025-12-04,Japan,crisis,30.7,-3.2,66.4
2025-12-04,Japan,negativity,29.1,-2.9,56.4
2025-12-05,Japan,protest,29.2,-2.9,54.2
2025-12-05,Japan,crisis,32.8,-2.3,79.5
2025-12-05,Japan,negativity,27.1,-2.0,57.6
2025-12-06,Japan,protest,24.5,-2.3,64.2
2025-12-06,Japan,crisis,27.5,-1.9,69.3
2025-12-06,Japan,negativity,29.5,-2.0,74.9
2025-12-07,Japan,protest,24.7,-2.6,57.4
2025-12-07,Japan,crisis,25.1,-2.4,55.2
2025-12-07,Japan,negativity,26.5,-2.7,58.7
2025-12-08,Japan,protest,25.3,-2.5,61.1
2025-12-08,Japan,crisis,27.4,-3.0,55.5
2025-12-08,Japan,negativity,28.0,-2.7,51.0
2025-12-09,Japan,protest,26.1,-2.9,56.7
2025-12-09,Japan,crisis,29.1,-2.4,64.1
2025-12-09,Japan,negativity,27.7,-2.1,64.7
2025-12-10,Japan,protest,28.2,-3.0,62.7
2025-12-10,Japan,crisis,28.2,-2.5,65.6
2025-12-10,Japan,negativity,26.3,-2.6,55.9
2025-12-11,Japan,protest,28.0,-3.2,66.5
2025-12-11,Japan,crisis,28.2,-3.3,70.6
2025-12-11,Japan,negativity,26.2,-2.4,62.7
2025-12-12,Japan,protest,23.9,-1.7,65.8
2025-12-12,Japan,crisis,30.2,-3.0,55.7
2025-12-12,Japan,negativity,26.0,-2.8,69.0
2025-12-13,Japan,protest,25.1,-1.9,49.1
2025-12-13,Japan,crisis,28.3,-2.0,71.6
2025-12-13,Japan,negativity,25.1,-1.8,68.1
2025-12-14,Japan,protest,22.1,-1.5,50.0
2025-12-14,Japan,crisis,26.9,-2.2,66.3
2025-12-14,Japan,negativity,22.5,-2.6,49.0
2025-12-15,Japan,protest,23.5,-1.8,59.2
2025-12-15,Japan,crisis,26.8,-2.7,65.2
2025-12-15,Japan,negativity,25.7,-1.8,63.4
2025-12-16,Japan,protest,23.8,-2.4,56.1
2025-12-16,Japan,crisis,26.9,-1.9,70.9
2025-12-16,Japan,negativity,27.5,-2.2,50.0
2025-12-17,Japan,protest,23.0,-1.7,58.8
2025-12-17,Japan,crisis,27.0,-2.4,51.6
2025-12-17,Japan,negativity,27.6,-2.4,69.7
2025-12-18,Japan,protest,24.7,-2.6,65.9
2025-12-18,Japan,crisis,28.8,-2.3,70.3
2025-12-18,Japan,negativity,24.4,-2.8,63.6
2025-12-19,Japan,protest,23.1,-2.4,54.1
2025-12-19,Japan,crisis,26.3,-2.6,67.8
2025-12-19,Japan,negativity,27.1,-2.5,68.3
2025-12-20,Japan,protest,22.8,-2.0,42.8
2025-12-20,Japan,crisis,26.8,-1.7,60.0
2025-12-20,Japan,negativity,25.8,-2.3,50.1
2025-12-21,Japan,protest,23.2,-2.0,50.7
2025-12-21,Japan,crisis,24.5,-1.7,64.0
2025-12-21,Japan,negativity,20.6,-1.4,47.2
2025-12-22,Japan,protest,23.2,-1.4,54.9
2025-12-22,Japan,crisis,25.3,-1.7,63.8
2025-12-22,Japan,negativity,23.6,-2.7,60.5
2025-12-23,Japan,protest,21.3,-1.9,58.5
2025-12-23,Japan,crisis,25.0,-1.6,53.8
2025-12-23,Japan,negativity,22.4,-1.6,54.5
2025-12-24,Japan,protest,25.4,-2.9,47.2
2025-12-24,Japan,crisis,28.7,-2.4,69.7
2025-12-24,Japan,negativity,26.0,-2.4,56.2
2025-12-25,Japan,protest,26.5,-1.8,61.4
2025-12-25,Japan,crisis,24.8,-2.6,48.6
2025-12-25,Japan,negativity,25.0,-1.9,52.8
2025-12-26,Japan,protest,24.1,-2.3,54.6
2025-12-26,Japan,crisis,26.5,-2.7,68.5
2025-12-26,Japan,negativity,22.1,-1.5,59.0
2025-12-27,Japan,protest,19.6,-1.2,47.3
2025-12-27,Japan,crisis,25.0,-2.9,54.6
2025-12-27,Japan,negativity,23.6,-2.3,48.1
2025-12-28,Japan,protest,21.3,-2.2,47.3
2025-12-28,Japan,crisis,23.6,-1.5,64.6
2025-12-28,Japan,negativity,19.4,-2.3,49.9
2025-12-29,Japan,protest,20.0,-1.8,48.3
2025-12-29,Japan,crisis,22.4,-1.4,63.0
2025-12-29,Japan,negativity,20.0,-2.2,50.3
2025-12-30,Japan,protest,22.8,-2.1,52.5
2025-12-30,Japan,crisis,23.4,-1.7,44.6
2025-12-30,Japan,negativity,24.7,-2.9,66.3
2025-12-31,Japan,protest,25.2,-2.6,63.6
2025-12-31,Japan,crisis,24.4,-1.8,66.4
2025-12-31,Japan,negativity,24.9,-2.3,59.1
2026-01-01,Japan,protest,21.8,-1.8,57.5
2026-01-01,Japan,crisis,24.7,-2.5,48.5
2026-01-01,Japan,negativity,23.9,-2.0,47.3
2026-01-02,Japan,protest,23.7,-2.5,59.9
2026-01-02,Japan,crisis,23.1,-2.7,43.6
2026-01-02,Japan,negativity,25.2,-2.2,50.2
2026-01-03,Japan,protest,19.8,-2.1,38.6
2026-01-03,Japan,crisis,24.9,-2.8,65.4
2026-01-03,Japan,negativity,24.7,-1.6,55.1
2026-01-04,Japan,protest,19.8,-2.4,45.1
2026-01-04,Japan,crisis,22.7,-2.2,60.5
2026-01-04,Japan,negativity,22.7,-1.7,53.3
2026-01-05,Japan,protest,19.5,-2.4,48.2
2026-01-05,Japan,crisis,24.4,-2.7,58.0
2026-01-05,Japan,negativity,20.7,-1.3,42.4
2026-01-06,Japan,protest,21.2,-1.7,51.4
2026-01-06,Japan,crisis,25.6,-2.2,63.3
2026-01-06,Japan,negativity,22.6,-1.4,48.3
2026-01-07,Japan,protest,23.9,-2.5,44.9
2026-01-07,Japan,crisis,26.1,-2.0,58.0
2026-01-07,Japan,negativity,25.7,-2.0,47.9
2026-01-08,Japan,protest,26.8,-1.8,50.5
2026-01-08,Japan,crisis,28.2,-1.9,68.1
2026-01-08,Japan,negativity,26.6,-2.5,53.8
2026-01-09,Japan,protest,25.6,-2.2,55.3
2026-01-09,Japan,crisis,27.6,-2.5,51.8
2026-01-09,Japan,negativity,24.2,-2.9,50.0
2026-01-10,Japan,protest,24.5,-1.9,60.1
2026-01-10,Japan,crisis,22.6,-1.9,54.0
2026-01-10,Japan,negativity,25.1,-2.1,59.4
2026-01-11,Japan,protest,21.5,-1.9,58.7
2026-01-11,Japan,crisis,22.3,-2.7,53.6
2026-01-11,Japan,negativity,21.9,-2.6,56.7
2026-01-12,Japan,protest,19.9,-1.3,42.2
2026-01-12,Japan,crisis,24.3,-2.0,64.8
2026-01-12,Japan,negativity,21.1,-1.6,55.7
2026-01-13,Japan,protest,25.0,-2.6,54.3
2026-01-13,Japan,crisis,24.9,-2.3,58.7
2026-01-13,Japan,negativity,25.9,-2.3,51.7
2026-01-14,Japan,protest,22.9,-2.7,56.0
2026-01-14,Japan,crisis,27.2,-3.1,62.5
2026-01-14,Japan,negativity,24.6,-1.7,60.4
2026-01-15,Japan,protest,26.6,-1.8,50.2
2026-01-15,Japan,crisis,27.8,-2.2,62.3
2026-01-15,Japan,negativity,26.5,-2.0,51.2
2026-01-16,Japan,protest,24.8,-2.6,67.3
2026-01-16,Japan,crisis,25.3,-1.9,57.1
2026-01-16,Japan,negativity,24.4,-1.6,48.1
2026-01-17,Japan,protest,21.3,-1.3,46.5
2026-01-17,Japan,crisis,24.2,-2.0,56.7
2026-01-17,Japan,negativity,26.3,-1.9,49.8
2026-01-18,Japan,protest,21.2,-2.5,44.8
2026-01-18,Japan,crisis,24.4,-2.2,60.5
2026-01-18,Japan,negativity,25.1,-2.9,67.1
2026-01-19,Japan,protest,24.1,-1.9,62.2
2026-01-19,Japan,crisis,26.5,-2.2,49.6
2026-01-19,Japan,negativity,24.6,-2.0,66.9
2026-01-20,Japan,protest,22.9,-2.4,45.8
2026-01-20,Japan,crisis,27.1,-2.4,67.7
2026-01-20,Japan,negativity,25.8,-2.3,52.1
2026-01-21,Japan,protest,26.6,-2.1,61.3
2026-01-21,Japan,crisis,31.0,-3.1,73.6
2026-01-21,Japan,negativity,28.1,-2.0,61.5
2026-01-22,Japan,protest,28.4,-3.2,64.9
2026-01-22,Japan,crisis,32.7,-2.8,71.0
2026-01-22,Japan,negativity,28.1,-2.7,67.1
2026-01-23,Japan,protest,28.5,-2.5,70.7
2026-01-23,Japan,crisis,30.5,-2.1,72.3
2026-01-23,Japan,negativity,29.6,-3.4,61.1
2026-01-24,Japan,protest,24.3,-2.1,64.3
2026-01-24,Japan,crisis,28.8,-3.1,60.6
2026-01-24,Japan,negativity,28.1,-3.1,68.6
2026-01-25,Japan,protest,26.8,-2.0,60.5
2026-01-25,Japan,crisis,29.4,-2.8,69.3
2026-01-25,Japan,negativity,26.1,-2.2,66.0
2026-01-26,Japan,protest,25.0,-1.9,48.1
2026-01-26,Japan,crisis,27.6,-2.7,56.2
2026-01-26,Japan,negativity,24.1,-2.3,65.9
2026-01-27,Japan,protest,26.9,-2.9,60.2
2026-01-27,Japan,crisis,29.2,-2.4,70.9
2026-01-27,Japan,negativity,30.3,-3.1,57.3
2026-01-28,Japan,protest,27.1,-2.8,55.8
2026-01-28,Japan,crisis,32.7,-2.5,62.8
2026-01-28,Japan,negativity,30.1,-2.6,54.7
2026-01-29,Japan,protest,31.0,-3.1,63.8
2026-01-29,Japan,crisis,32.1,-2.6,66.7
2026-01-29,Japan,negativity,28.5,-3.1,57.1
2026-01-30,Japan,protest,27.0,-1.9,65.4
2026-01-30,Japan,crisis,32.8,-2.9,77.4
2026-01-30,Japan,negativity,32.2,-2.6,75.3
2026-01-31,Japan,protest,26.5,-2.2,63.5
2026-01-31,Japan,crisis,31.5,-3.3,61.0
2026-01-31,Japan,negativity,28.7,-2.2,58.9
2026-02-01,Japan,protest,27.1,-1.8,63.0
2026-02-01,Japan,crisis,26.9,-2.1,56.6
2026-02-01,Japan,negativity,26.5,-2.4,55.0
2026-02-02,Japan,protest,26.6,-2.2,55.9
2026-02-02,Japan,crisis,30.8,-2.8,68.1
2026-02-02,Japan,negativity,27.6,-2.4,62.0
2026-02-03,Japan,protest,27.4,-1.9,66.2
2026-02-03,Japan,crisis,33.6,-3.3,59.9
2026-02-03,Japan,negativity,30.3,-3.3,75.0
2026-02-04,Japan,protest,30.8,-2.6,57.6
2026-02-04,Japan,crisis,31.8,-3.4,66.7
2026-02-04,Japan,negativity,33.2,-2.7,62.6
2026-02-05,Japan,protest,32.2,-3.0,65.9
2026-02-05,Japan,crisis,34.3,-3.3,75.4
2026-02-05,Japan,negativity,31.8,-3.3,67.2
2026-02-06,Japan,protest,28.6,-2.0,53.7
2026-02-06,Japan,crisis,35.1,-3.5,79.0
2026-02-06,Japan,negativity,31.1,-3.2,75.0
2026-02-07,Japan,protest,29.9,-2.8,65.7
2026-02-07,Japan,crisis,32.9,-2.5,67.4
2026-02-07,Japan,negativity,30.4,-2.5,62.6
2026-02-08,Japan,protest,26.1,-2.7,53.1
2026-02-08,Japan,crisis,27.9,-2.4,68.7
2026-02-08,Japan,negativity,28.2,-3.0,69.9
2026-02-09,Japan,protest,26.3,-2.2,56.0
2026-02-09,Japan,crisis,30.0,-3.2,67.3
2026-02-09,Japan,negativity,29.0,-3.3,53.2
2026-02-10,Japan,protest,30.0,-3.1,68.6
2026-02-10,Japan,crisis,30.4,-3.1,65.8
2026-02-10,Japan,negativity,28.9,-3.2,66.1
2026-02-11,Japan,protest,30.8,-3.3,75.6
2026-02-11,Japan,crisis,34.6,-3.6,73.7
2026-02-11,Japan,negativity,30.4,-2.6,74.7
2026-02-12,Japan,protest,32.8,-3.1,61.5
2026-02-12,Japan,crisis,34.7,-3.8,75.4
2026-02-12,Japan,negativity,31.5,-3.0,58.7
2026-02-13,Japan,protest,32.6,-2.5,72.1
2026-02-13,Japan,crisis,34.0,-3.2,65.9
2026-02-13,Japan,negativity,30.0,-3.2,65.8
2026-02-14,Japan,protest,30.6,-2.9,55.1
2026-02-14,Japan,crisis,30.8,-2.2,72.3
2026-02-14,Japan,negativity,29.2,-2.6,64.4
2026-02-15,Japan,protest,27.5,-2.7,55.2
2026-02-15,Japan,crisis,28.3,-2.4,51.8
2026-02-15,Japan,negativity,29.4,-2.3,58.2
2026-02-16,Japan,protest,25.9,-3.0,49.8
2026-02-16,Japan,crisis,30.6,-3.0,68.5
2026-02-16,Japan,negativity,31.1,-2.2,58.9
2026-02-17,Japan,protest,30.0,-3.1,71.6
2026-02-17,Japan,crisis,34.0,-3.0,74.5
2026-02-17,Japan,negativity,33.2,-3.6,79.3
2026-02-18,Japan,protest,30.1,-2.7,64.8
2026-02-18,Japan,crisis,34.1,-3.8,68.2
2026-02-18,Japan,negativity,30.2,-2.3,73.9
2026-02-19,Japan,protest,31.9,-3.5,75.1
2026-02-19,Japan,crisis,34.8,-3.8,82.7
2026-02-19,Japan,negativity,32.0,-3.0,59.8
2026-02-20,Japan,protest,29.1,-2.4,73.0
2026-02-20,Japan,crisis,35.5,-3.1,79.5
2026-02-20,Japan,negativity,29.3,-2.4,55.5
2026-02-21,Japan,protest,26.4,-3.1,57.3
2026-02-21,Japan,crisis,29.1,-2.5,56.2
2026-02-21,Japan,negativity,30.3,-2.1,72.2
2026-02-22,Japan,protest,29.4,-3.1,62.8
2026-02-22,Japan,crisis,31.2,-3.0,72.3
2026-02-22,Japan,negativity,30.4,-3.1,69.6
2026-02-23,Japan,protest,28.3,-2.2,51.4
2026-02-23,Japan,crisis,31.1,-2.2,74.6
2026-02-23,Japan,negativity,28.1,-2.5,59.1
2026-02-24,Japan,protest,27.7,-2.6,51.6
2026-02-24,Japan,crisis,33.0,-2.4,74.7
2026-02-24,Japan,negativity,32.7,-2.5,65.0
2026-02-25,Japan,protest,30.1,-2.1,73.4
2026-02-25,Japan,crisis,33.6,-2.7,69.1
2026-02-25,Japan,negativity,31.3,-2.8,73.5
2026-02-26,Japan,protest,32.3,-2.3,67.7
2026-02-26,Japan,crisis,33.3,-3.1,62.3
2026-02-26,Japan,negativity,31.1,-2.2,64.0
2026-02-27,Japan,protest,29.6,-2.0,58.3
2026-02-27,Japan,crisis,31.7,-3.2,78.3
2026-02-27,Japan,negativity,32.6,-3.3,77.0
2026-02-28,Japan,protest,27.7,-3.0,51.6
2026-02-28,Japan,crisis,29.0,-3.1,63.2
2026-02-28,Japan,negativity,27.1,-2.7,57.4
2026-03-01,Japan,protest,24.1,-2.3,66.2
2026-03-01,Japan,crisis,30.8,-3.4,66.2
2026-03-01,Japan,negativity,26.1,-3.0,66.7
2026-03-02,Japan,protest,28.2,-2.2,70.8
2026-03-02,Japan,crisis,27.9,-3.0,71.6
2026-03-02,Japan,negativity,28.6,-3.1,71.7
2026-03-03,Japan,protest,25.7,-2.9,65.1
2026-03-03,Japan,crisis,31.0,-2.8,62.8
2026-03-03,Japan,negativity,30.5,-2.2,62.4
2026-03-04,Japan,protest,29.7,-2.6,57.4
2026-03-04,Japan,crisis,33.8,-3.2,79.2
2026-03-04,Japan,negativity,31.2,-3.4,56.3
2026-03-05,Japan,protest,29.0,-2.7,62.6
2026-03-05,Japan,crisis,33.1,-2.7,62.5
2026-03-05,Japan,negativity,29.1,-2.0,64.0
2026-03-06,Japan,protest,27.4,-2.7,64.3
2026-03-06,Japan,crisis,32.4,-2.7,70.0
2026-03-06,Japan,negativity,28.3,-2.2,63.8
2026-03-07,Japan,protest,27.0,-2.1,67.5
2026-03-07,Japan,crisis,26.2,-2.3,64.7
2026-03-07,Japan,negativity,26.0,-1.8,60.5
2026-03-08,Japan,protest,26.5,-2.3,64.6
2026-03-08,Japan,crisis,27.9,-2.0,67.3
2026-03-08,Japan,negativity,23.7,-1.9,51.0
2026-03-09,Japan,protest,22.5,-1.4,62.1
2026-03-09,Japan,crisis,29.4,-2.6,73.7
2026-03-09,Japan,negativity,27.6,-2.8,67.1
2026-03-10,Japan,protest,23.5,-2.7,52.0
2026-03-10,Japan,crisis,28.1,-2.1,55.4
2026-03-10,Japan,negativity,28.4,-2.7,72.7
2026-03-11,Japan,protest,25.5,-1.9,65.4
2026-03-11,Japan,crisis,31.5,-3.4,71.1
2026-03-11,Japan,negativity,27.6,-3.1,64.5
2026-03-12,Japan,protest,27.4,-2.9,53.5
2026-03-12,Japan,crisis,28.6,-3.0,70.8
2026-03-12,Japan,negativity,29.1,-3.0,63.9
2026-03-13,Japan,protest,27.8,-3.0,66.8
2026-03-13,Japan,crisis,30.6,-2.8,56.9
2026-03-13,Japan,negativity,26.8,-2.6,52.6
2026-03-14,Japan,protest,22.1,-2.5,57.2
2026-03-14,Japan,crisis,26.2,-1.8,60.9
2026-03-14,Japan,negativity,27.2,-2.2,55.7
2026-03-15,Japan,protest,23.4,-1.6,62.9
2026-03-15,Japan,crisis,24.8,-2.1,67.6
2026-03-15,Japan,negativity,22.7,-2.3,50.3
2026-03-16,Japan,protest,25.2,-2.5,63.4
2026-03-16,Japan,crisis,23.8,-1.7,61.6
2026-03-16,Japan,negativity,24.2,-1.9,59.0
2026-03-17,Japan,protest,22.5,-2.2,48.1
2026-03-17,Japan,crisis,28.2,-2.2,51.6
2026-03-17,Japan,negativity,26.1,-2.8,50.0
2026-03-18,Japan,protest,26.4,-2.2,51.2
2026-03-18,Japan,crisis,25.8,-2.3,69.2
2026-03-18,Japan,negativity,26.4,-1.8,62.3
2026-03-19,Japan,protest,27.6,-2.9,71.1
2026-03-19,Japan,crisis,26.3,-1.9,57.2
2026-03-19,Japan,negativity,27.6,-2.6,58.0
2026-03-20,Japan,protest,26.3,-3.0,51.3
2026-03-20,Japan,crisis,24.6,-2.0,64.5
2026-03-20,Japan,negativity,25.5,-2.3,62.4
2026-03-21,Japan,protest,21.9,-1.7,41.9
2026-03-21,Japan,crisis,25.8,-1.8,64.8
2026-03-21,Japan,negativity,25.7,-2.5,66.6
2026-03-22,Japan,protest,21.0,-1.9,61.4
2026-03-22,Japan,crisis,25.5,-2.7,67.7
2026-03-22,Japan,negativity,23.6,-2.7,54.9
2026-03-23,Japan,protest,20.3,-2.1,50.4
2026-03-23,Japan,crisis,25.6,-2.8,62.1
2026-03-23,Japan,negativity,24.6,-2.7,48.2
2026-03-24,Japan,protest,22.0,-2.7,48.3
2026-03-24,Japan,crisis,27.3,-2.0,69.4
2026-03-24,Japan,negativity,24.9,-2.4,59.2
2026-03-25,Japan,protest,22.6,-2.4,54.7
2026-03-25,Japan,crisis,24.6,-2.0,53.0
2026-03-25,Japan,negativity,23.9,-1.9,46.7
2026-03-26,Japan,protest,22.9,-2.5,43.1
2026-03-26,Japan,crisis,26.7,-2.9,66.7
2026-03-26,Japan,negativity,24.1,-1.7,64.8
2026-03-27,Japan,protest,20.8,-1.2,53.6
2026-03-27,Japan,crisis,25.0,-2.6,47.5
2026-03-27,Japan,negativity,23.7,-2.0,44.9
2026-03-28,Japan,protest,20.0,-1.8,39.1
2026-03-28,Japan,crisis,26.0,-2.9,50.7
2026-03-28,Japan,negativity,24.3,-2.4,66.2
2026-03-29,Japan,protest,19.3,-1.4,52.3
2026-03-29,Japan,crisis,21.2,-2.5,46.0
2026-03-29,Japan,negativity,21.6,-2.1,54.2
2026-03-30,Japan,protest,18.8,-1.8,48.8
2026-03-30,Japan,crisis,25.2,-1.9,60.7
2026-03-30,Japan,negativity,20.0,-1.2,46.0
2026-03-31,Japan,protest,24.4,-1.6,57.9
2026-03-31,Japan,crisis,23.2,-1.5,49.0
2026-03-31,Japan,negativity,21.9,-1.7,48.9
2026-04-01,Japan,protest,24.1,-2.0,60.6
2026-04-01,Japan,crisis,24.7,-2.5,64.0
2026-04-01,Japan,negativity,24.5,-2.3,56.1
2026-04-02,Japan,protest,22.3,-2.1,46.3
2026-04-02,Japan,crisis,26.4,-2.6,49.2
2026-04-02,Japan,negativity,26.9,-2.2,52.7
2026-04-03,Japan,protest,21.4,-1.6,47.3
2026-04-03,Japan,crisis,24.4,-2.8,49.3
2026-04-03,Japan,negativity,23.0,-2.2,47.5
2026-04-04,Japan,protest,22.0,-1.5,50.2
2026-04-04,Japan,crisis,23.8,-1.8,52.1
2026-04-04,Japan,negativity,20.9,-2.6,50.2
2026-04-05,Japan,protest,22.2,-2.2,45.5
2026-04-05,Japan,crisis,23.5,-1.5,61.9
2026-04-05,Japan,negativity,21.3,-2.6,49.5
2026-04-06,Japan,protest,21.6,-1.3,51.2
2026-04-06,Japan,crisis,21.3,-1.5,52.4
2026-04-06,Japan,negativity,21.5,-2.4,42.9
2026-04-07,Japan,protest,23.6,-1.6,57.3
2026-04-07,Japan,crisis,22.8,-1.6,59.0
2026-04-07,Japan,negativity,23.7,-2.6,59.9
2026-04-08,Japan,protest,21.5,-1.4,46.4
2026-04-08,Japan,crisis,27.2,-2.1,59.8
2026-04-08,Japan,negativity,26.9,-2.0,63.1
2026-04-09,Japan,protest,26.0,-2.6,58.4
2026-04-09,Japan,crisis,24.9,-2.1,55.8
2026-04-09,Japan,negativity,26.9,-3.1,55.2
2026-04-10,Japan,protest,22.8,-1.9,45.3
2026-04-10,Japan,crisis,24.5,-2.8,66.5
2026-04-10,Japan,negativity,24.8,-2.5,49.4
2026-04-11,Japan,protest,22.8,-1.8,63.1
2026-04-11,Japan,crisis,23.0,-2.7,63.4
2026-04-11,Japan,negativity,23.6,-2.2,63.7
2026-04-12,Japan,protest,21.1,-1.7,47.3
2026-04-12,Japan,crisis,21.5,-2.2,41.3
2026-04-12,Japan,negativity,20.0,-1.5,56.3
2025-04-22,China,protest,52.9,-4.7,95.4
2025-04-22,China,crisis,54.8,-5.5,96.3
2025-04-22,China,negativity,55.7,-4.9,104.8
2025-04-23,China,protest,53.9,-4.3,93.8
2025-04-23,China,crisis,56.9,-5.6,108.2
2025-04-23,China,negativity,53.1,-5.0,96.0
2025-04-24,China,protest,51.3,-4.2,105.7
2025-04-24,China,crisis,59.5,-5.5,110.8
2025-04-24,China,negativity,54.7,-4.5,94.0
2025-04-25,China,protest,50.6,-4.7,95.9
2025-04-25,China,crisis,57.3,-5.7,102.1
2025-04-25,China,negativity,53.0,-5.3,99.8
2025-04-26,China,protest,49.2,-4.7,95.4
2025-04-26,China,crisis,54.8,-4.6,113.4
2025-04-26,China,negativity,54.0,-4.7,103.8
2025-04-27,China,protest,49.9,-4.5,104.2
2025-04-27,China,crisis,56.7,-5.2,107.6
2025-04-27,China,negativity,54.2,-4.3,97.1
2025-04-28,China,protest,48.8,-4.2,87.8
2025-04-28,China,crisis,54.3,-5.2,107.6
2025-04-28,China,negativity,53.6,-4.9,101.5
2025-04-29,China,protest,54.1,-5.1,103.1
2025-04-29,China,crisis,56.7,-5.0,103.2
2025-04-29,China,negativity,52.8,-4.8,108.3
2025-04-30,China,protest,53.5,-5.2,92.7
2025-04-30,China,crisis,59.0,-5.9,116.6
2025-04-30,China,negativity,56.6,-4.7,115.9
2025-05-01,China,protest,55.6,-4.7,106.4
2025-05-01,China,crisis,60.9,-6.0,105.9
2025-05-01,China,negativity,56.0,-5.5,98.0
2025-05-02,China,protest,52.8,-4.6,99.6
2025-05-02,China,crisis,61.6,-5.1,117.8
2025-05-02,China,negativity,54.2,-5.0,101.4
2025-05-03,China,protest,50.9,-4.9,93.5
2025-05-03,China,crisis,57.8,-5.7,103.7
2025-05-03,China,negativity,54.4,-4.3,94.3
2025-05-04,China,protest,51.6,-4.4,96.3
2025-05-04,China,crisis,57.4,-5.2,119.4
2025-05-04,China,negativity,56.3,-5.1,107.2
2025-05-05,China,protest,51.7,-4.0,98.0
2025-05-05,China,crisis,60.0,-6.1,104.3
2025-05-05,China,negativity,53.0,-5.5,93.0
2025-05-06,China,protest,53.1,-4.4,103.9
2025-05-06,China,crisis,59.4,-5.2,107.6
2025-05-06,China,negativity,56.2,-5.3,113.4
2025-05-07,China,protest,56.4,-5.2,117.5
2025-05-07,China,crisis,61.5,-5.9,118.7
2025-05-07,China,negativity,56.7,-5.6,112.8
2025-05-08,China,protest,56.2,-4.7,113.3
2025-05-08,China,crisis,60.5,-6.2,107.4
2025-05-08,China,negativity,60.5,-6.2,107.8
2025-05-09,China,protest,56.1,-5.2,101.6
2025-05-09,China,crisis,62.8,-6.0,113.2
2025-05-09,China,negativity,56.5,-5.8,103.4
2025-05-10,China,protest,53.8,-4.7,100.3
2025-05-10,China,crisis,59.3,-5.4,118.4
2025-05-10,China,negativity,58.0,-5.9,99.8
2025-05-11,China,protest,51.1,-5.1,99.5
2025-05-11,China,crisis,58.3,-5.6,111.8
2025-05-11,China,negativity,56.2,-5.7,112.4
2025-05-12,China,protest,54.2,-5.4,99.7
2025-05-12,China,crisis,59.9,-5.8,118.0
2025-05-12,China,negativity,56.3,-4.6,106.1
2025-05-13,China,protest,56.2,-4.8,108.3
2025-05-13,China,crisis,60.0,-5.4,115.0
2025-05-13,China,negativity,57.4,-5.9,102.0
2025-05-14,China,protest,57.5,-5.3,104.6
2025-05-14,China,crisis,60.7,-5.5,108.2
2025-05-14,China,negativity,56.9,-4.6,97.9
2025-05-15,China,protest,55.8,-5.3,116.2
2025-05-15,China,crisis,60.9,-5.4,104.0
2025-05-15,China,negativity,57.2,-4.6,108.0
2025-05-16,China,protest,54.9,-4.9,115.4
2025-05-16,China,crisis,59.5,-5.0,104.4
2025-05-16,China,negativity,58.7,-5.8,101.6
2025-05-17,China,protest,52.0,-5.2,108.1
2025-05-17,China,crisis,61.4,-5.1,118.3
2025-05-17,China,negativity,58.7,-5.8,109.0
2025-05-18,China,protest,51.0,-5.1,109.0
2025-05-18,China,crisis,58.1,-5.3,112.6
2025-05-18,China,negativity,57.1,-4.8,109.1
2025-05-19,China,protest,54.6,-4.7,107.0
2025-05-19,China,crisis,58.4,-4.9,105.8
2025-05-19,China,negativity,53.9,-4.4,94.7
2025-05-20,China,protest,54.1,-5.4,95.7
2025-05-20,China,crisis,58.2,-5.0,101.5
2025-05-20,China,negativity,54.8,-4.7,94.9
2025-05-21,China,protest,56.4,-5.8,116.5
2025-05-21,China,crisis,61.2,-5.8,119.6
2025-05-21,China,negativity,57.9,-5.1,103.1
2025-05-22,China,protest,54.7,-5.1,97.4
2025-05-22,China,crisis,60.7,-5.0,118.7
2025-05-22,China,negativity,59.1,-5.6,115.0
2025-05-23,China,protest,53.1,-5.1,102.9
2025-05-23,China,crisis,59.0,-5.6,107.0
2025-05-23,China,negativity,58.6,-5.1,105.1
2025-05-24,China,protest,50.5,-3.9,102.3
2025-05-24,China,crisis,56.3,-4.8,117.3
2025-05-24,China,negativity,53.5,-4.7,104.9
2025-05-25,China,protest,50.8,-4.8,98.2
2025-05-25,China,crisis,58.4,-5.1,115.3
2025-05-25,China,negativity,53.8,-4.8,98.0
2025-05-26,China,protest,51.2,-5.0,93.6
2025-05-26,China,crisis,55.1,-4.5,110.3
2025-05-26,China,negativity,56.3,-4.6,102.5
2025-05-27,China,protest,51.5,-5.0,88.5
2025-05-27,China,crisis,60.4,-5.1,107.7
2025-05-27,China,negativity,55.9,-5.7,102.6
2025-05-28,China,protest,54.8,-4.6,113.3
2025-05-28,China,crisis,62.5,-5.4,126.0
2025-05-28,China,negativity,57.3,-5.4,104.3
2025-05-29,China,protest,55.2,-5.7,98.7
2025-05-29,China,crisis,61.6,-5.0,107.4
2025-05-29,China,negativity,58.7,-5.8,101.7
2025-05-30,China,protest,55.1,-5.4,110.0
2025-05-30,China,crisis,57.8,-4.9,114.2
2025-05-30,China,negativity,54.3,-5.1,113.1
2025-05-31,China,protest,53.7,-5.5,107.2
2025-05-31,China,crisis,59.1,-5.2,118.9
2025-05-31,China,negativity,56.2,-5.8,107.9
2025-06-01,China,protest,49.3,-4.3,99.8
2025-06-01,China,crisis,56.9,-5.1,99.3
2025-06-01,China,negativity,52.0,-4.4,90.0
2025-06-02,China,protest,50.0,-4.6,95.5
2025-06-02,China,crisis,54.3,-4.3,96.6
2025-06-02,China,negativity,54.1,-5.0,109.3
2025-06-03,China,protest,51.2,-4.4,104.4
2025-06-03,China,crisis,58.2,-5.0,118.7
2025-06-03,China,negativity,52.7,-4.4,95.2
2025-06-04,China,protest,51.3,-4.1,98.4
2025-06-04,China,crisis,56.7,-5.5,110.3
2025-06-04,China,negativity,56.7,-5.6,98.5
2025-06-05,China,protest,53.6,-4.6,108.8
2025-06-05,China,crisis,60.1,-5.6,107.8
2025-06-05,China,negativity,55.0,-4.9,109.1
2025-06-06,China,protest,51.9,-5.0,109.4
2025-06-06,China,crisis,58.5,-5.1,107.6
2025-06-06,China,negativity,53.6,-4.3,108.0
2025-06-07,China,protest,51.1,-4.2,87.9
2025-06-07,China,crisis,53.7,-5.2,103.8
2025-06-07,China,negativity,52.2,-5.1,94.0
2025-06-08,China,protest,48.2,-5.0,88.6
2025-06-08,China,crisis,55.1,-5.2,108.6
2025-06-08,China,negativity,52.0,-4.1,93.6
2025-06-09,China,protest,50.0,-4.2,100.8
2025-06-09,China,crisis,52.6,-4.3,96.3
2025-06-09,China,negativity,53.6,-5.1,99.1
2025-06-10,China,protest,47.9,-4.2,93.1
2025-06-10,China,crisis,57.0,-5.6,108.7
2025-06-10,China,negativity,51.3,-4.4,95.4
2025-06-11,China,protest,49.4,-4.0,92.3
2025-06-11,China,crisis,57.9,-4.8,110.5
2025-06-11,China,negativity,51.5,-4.9,100.3
2025-06-12,China,protest,50.5,-4.7,108.2
2025-06-12,China,crisis,56.3,-4.6,105.6
2025-06-12,China,negativity,55.6,-5.0,112.6
2025-06-13,China,protest,50.9,-5.3,107.7
2025-06-13,China,crisis,55.2,-5.2,99.2
2025-06-13,China,negativity,54.0,-5.0,101.0
2025-06-14,China,protest,47.4,-4.0,91.2
2025-06-14,China,crisis,53.5,-4.6,92.9
2025-06-14,China,negativity,49.1,-3.9,90.3
2025-06-15,China,protest,45.0,-4.6,78.5
2025-06-15,China,crisis,54.1,-5.0,100.1
2025-06-15,China,negativity,50.4,-4.5,98.2
2025-06-16,China,protest,48.9,-4.0,90.1
2025-06-16,China,crisis,50.2,-4.8,100.3
2025-06-16,China,negativity,51.3,-4.2,101.1
2025-06-17,China,protest,50.0,-4.6,103.5
2025-06-17,China,crisis,55.0,-5.4,99.8
2025-06-17,China,negativity,53.2,-5.1,111.3
2025-06-18,China,protest,50.3,-4.3,96.2
2025-06-18,China,crisis,53.5,-5.5,106.0
2025-06-18,China,negativity,51.0,-4.4,88.6
2025-06-19,China,protest,49.9,-4.8,94.4
2025-06-19,China,crisis,54.9,-4.6,107.5
2025-06-19,China,negativity,51.5,-4.2,94.7
2025-06-20,China,protest,48.2,-4.6,101.1
2025-06-20,China,crisis,54.9,-4.8,106.8
2025-06-20,China,negativity,53.5,-4.6,96.4
2025-06-21,China,protest,46.3,-3.9,98.4
2025-06-21,China,crisis,50.5,-4.8,107.6
2025-06-21,China,negativity,48.4,-4.0,87.0
2025-06-22,China,protest,46.0,-4.4,101.0
2025-06-22,China,crisis,48.4,-4.6,103.7
2025-06-22,China,negativity,46.8,-3.6,93.5
2025-06-23,China,protest,47.8,-4.7,86.5
2025-06-23,China,crisis,52.2,-4.5,99.0
2025-06-23,China,negativity,50.6,-4.4,104.4
2025-06-24,China,protest,47.4,-4.0,101.3
2025-06-24,China,crisis,51.4,-5.2,94.8
2025-06-24,China,negativity,49.2,-5.2,95.0
2025-06-25,China,protest,48.2,-5.0,95.8
2025-06-25,China,crisis,51.8,-4.7,108.4
2025-06-25,China,negativity,50.0,-3.9,89.4
2025-06-26,China,protest,49.1,-3.9,94.7
2025-06-26,China,crisis,51.8,-4.6,102.9
2025-06-26,China,negativity,49.7,-5.1,88.7
2025-06-27,China,protest,49.0,-3.8,105.2
2025-06-27,China,crisis,54.7,-5.0,98.5
2025-06-27,China,negativity,48.5,-4.9,103.8
2025-06-28,China,protest,43.9,-3.8,96.2
2025-06-28,China,crisis,49.7,-4.7,92.5
2025-06-28,China,negativity,46.5,-3.8,80.8
2025-06-29,China,protest,43.5,-3.3,77.2
2025-06-29,China,crisis,52.4,-5.4,92.0
2025-06-29,China,negativity,46.6,-4.9,95.9
2025-06-30,China,protest,46.8,-4.3,85.8
2025-06-30,China,crisis,50.1,-4.2,94.1
2025-06-30,China,negativity,49.3,-4.7,104.7
2025-07-01,China,protest,45.3,-4.7,97.1
2025-07-01,China,crisis,54.1,-4.7,104.0
2025-07-01,China,negativity,50.5,-4.4,105.4
2025-07-02,China,protest,50.0,-5.1,89.1
2025-07-02,China,crisis,53.2,-5.1,110.4
2025-07-02,China,negativity,52.8,-5.2,92.3
2025-07-03,China,protest,50.6,-4.1,106.8
2025-07-03,China,crisis,52.5,-4.4,104.7
2025-07-03,China,negativity,52.1,-4.8,99.7
2025-07-04,China,protest,49.9,-4.6,99.2
2025-07-04,China,crisis,55.3,-4.7,105.4
2025-07-04,China,negativity,51.5,-4.8,94.0
2025-07-05,China,protest,44.4,-3.7,87.4
2025-07-05,China,crisis,53.2,-4.8,94.9
2025-07-05,China,negativity,46.8,-3.8,99.4
2025-07-06,China,protest,45.7,-4.2,99.3
2025-07-06,China,crisis,52.1,-4.1,109.5
2025-07-06,China,negativity,47.6,-5.0,88.0
2025-07-07,China,protest,44.5,-3.6,83.4
2025-07-07,China,crisis,49.8,-4.4,99.8
2025-07-07,China,negativity,47.2,-3.9,103.2
2025-07-08,China,protest,46.7,-4.9,81.0
2025-07-08,China,crisis,53.9,-4.7,104.5
2025-07-08,China,negativity,48.7,-4.6,85.8
2025-07-09,China,protest,46.7,-4.0,90.5
2025-07-09,China,crisis,54.8,-5.5,106.1
2025-07-09,China,negativity,53.9,-4.6,108.9
2025-07-10,China,protest,48.4,-4.5,87.4
2025-07-10,China,crisis,52.8,-4.8,99.9
2025-07-10,China,negativity,50.2,-4.8,86.8
2025-07-11,China,protest,50.2,-4.3,94.9
2025-07-11,China,crisis,53.3,-5.2,109.9
2025-07-11,China,negativity,49.7,-4.8,89.4
2025-07-12,China,protest,47.5,-4.2,101.4
2025-07-12,China,crisis,50.4,-5.2,98.0
2025-07-12,China,negativity,48.2,-4.7,89.5
2025-07-13,China,protest,45.8,-4.3,84.1
2025-07-13,China,crisis,52.8,-5.3,92.8
2025-07-13,China,negativity,47.8,-3.8,90.0
2025-07-14,China,protest,46.9,-4.9,87.6
2025-07-14,China,crisis,54.2,-4.3,96.7
2025-07-14,China,negativity,47.4,-4.1,97.6
2025-07-15,China,protest,48.4,-4.6,88.1
2025-07-15,China,crisis,56.3,-5.1,116.7
2025-07-15,China,negativity,51.9,-4.7,98.9
2025-07-16,China,protest,50.6,-4.7,99.9
2025-07-16,China,crisis,55.1,-4.9,113.9
2025-07-16,China,negativity,54.2,-5.5,113.2
2025-07-17,China,protest,52.8,-4.3,99.3
2025-07-17,China,crisis,56.6,-5.2,109.8
2025-07-17,China,negativity,52.4,-4.5,97.5
2025-07-18,China,protest,50.4,-4.7,92.9
2025-07-18,China,crisis,56.8,-4.5,108.2
2025-07-18,China,negativity,51.7,-5.3,90.8
2025-07-19,China,protest,49.3,-5.1,101.4
2025-07-19,China,crisis,54.6,-4.6,111.1
2025-07-19,China,negativity,51.7,-4.2,93.9
2025-07-20,China,protest,46.5,-4.3,86.2
2025-07-20,China,crisis,53.1,-5.5,107.2
2025-07-20,China,negativity,51.1,-5.3,108.3
2025-07-21,China,protest,51.1,-4.2,98.1
2025-07-21,China,crisis,53.8,-4.4,112.7
2025-07-21,China,negativity,52.0,-4.1,108.4
2025-07-22,China,protest,50.3,-4.3,89.3
2025-07-22,China,crisis,54.3,-4.6,95.4
2025-07-22,China,negativity,55.3,-5.0,95.3
2025-07-23,China,protest,50.5,-3.9,106.4
2025-07-23,China,crisis,58.2,-4.7,108.1
2025-07-23,China,negativity,55.7,-4.9,116.2
2025-07-24,China,protest,54.3,-4.6,104.4
2025-07-24,China,crisis,60.3,-5.2,106.5
2025-07-24,China,negativity,57.6,-4.8,115.5
2025-07-25,China,protest,54.1,-4.6,108.2
2025-07-25,China,crisis,58.3,-4.9,119.2
2025-07-25,China,negativity,56.4,-4.9,99.0
2025-07-26,China,protest,49.6,-4.0,107.0
2025-07-26,China,crisis,57.2,-5.9,111.2
2025-07-26,China,negativity,51.6,-5.1,90.9
2025-07-27,China,protest,47.9,-4.0,102.2
2025-07-27,China,crisis,55.3,-5.4,96.6
2025-07-27,China,negativity,52.8,-5.1,91.2
2025-07-28,China,protest,49.9,-5.0,88.4
2025-07-28,China,crisis,53.8,-5.3,93.5
2025-07-28,China,negativity,53.6,-5.3,93.5
2025-07-29,China,protest,51.6,-4.5,88.8
2025-07-29,China,crisis,56.3,-5.2,101.8
2025-07-29,China,negativity,57.1,-5.4,106.9
2025-07-30,China,protest,55.0,-4.4,95.8
2025-07-30,China,crisis,60.8,-6.0,123.7
2025-07-30,China,negativity,55.0,-5.5,113.8
2025-07-31,China,protest,52.7,-4.9,96.6
2025-07-31,China,crisis,60.5,-6.1,122.7
2025-07-31,China,negativity,55.1,-5.7,96.9
2025-08-01,China,protest,53.1,-4.5,96.1
2025-08-01,China,crisis,59.0,-5.1,104.8
2025-08-01,China,negativity,57.2,-5.9,117.0
2025-08-02,China,protest,52.2,-4.6,105.5
2025-08-02,China,crisis,57.1,-5.0,115.5
2025-08-02,China,negativity,56.9,-5.8,97.7
2025-08-03,China,protest,51.4,-4.0,100.0
2025-08-03,China,crisis,55.3,-5.4,105.3
2025-08-03,China,negativity,54.5,-5.4,112.9
2025-08-04,China,protest,51.9,-4.7,96.4
2025-08-04,China,crisis,58.9,-5.3,112.1
2025-08-04,China,negativity,55.8,-4.9,112.0
2025-08-05,China,protest,52.0,-4.0,105.3
2025-08-05,China,crisis,61.3,-5.7,104.2
2025-08-05,China,negativity,58.6,-4.8,120.3
2025-08-06,China,protest,56.1,-5.5,98.6
2025-08-06,China,crisis,63.5,-5.7,127.1
2025-08-06,China,negativity,57.3,-5.7,99.0
2025-08-07,China,protest,53.9,-5.2,110.0
2025-08-07,China,crisis,62.8,-5.3,121.0
2025-08-07,China,negativity,58.3,-5.0,114.6
2025-08-08,China,protest,55.4,-4.8,103.7
2025-08-08,China,crisis,61.8,-5.2,106.4
2025-08-08,China,negativity,59.9,-5.9,103.1
2025-08-09,China,protest,52.3,-4.1,110.7
2025-08-09,China,crisis,62.0,-5.2,126.7
2025-08-09,China,negativity,56.7,-5.6,107.7
2025-08-10,China,protest,53.0,-4.5,102.4
2025-08-10,China,crisis,56.4,-4.9,102.8
2025-08-10,China,negativity,55.1,-4.3,105.0
2025-08-11,China,protest,54.0,-5.2,109.7
2025-08-11,China,crisis,61.3,-5.2,108.6
2025-08-11,China,negativity,57.4,-5.2,115.8
2025-08-12,China,protest,53.7,-4.6,95.1
2025-08-12,China,crisis,62.0,-5.6,117.0
2025-08-12,China,negativity,55.7,-5.5,96.1
2025-08-13,China,protest,56.6,-5.7,104.6
2025-08-13,China,crisis,64.2,-5.3,125.7
2025-08-13,China,negativity,59.5,-5.9,108.9
2025-08-14,China,protest,55.2,-4.6,107.0
2025-08-14,China,crisis,63.6,-6.4,109.9
2025-08-14,China,negativity,58.0,-4.8,99.9
2025-08-15,China,protest,58.1,-5.9,101.8
2025-08-15,China,crisis,64.5,-5.7,128.6
2025-08-15,China,negativity,59.2,-5.8,105.3
2025-08-16,China,protest,55.4,-4.5,110.2
2025-08-16,China,crisis,62.8,-5.2,116.8
2025-08-16,China,negativity,58.4,-5.3,120.2
2025-08-17,China,protest,53.3,-5.1,106.2
2025-08-17,China,crisis,58.4,-4.8,115.2
2025-08-17,China,negativity,56.0,-5.1,100.5
2025-08-18,China,protest,56.2,-5.2,116.6
2025-08-18,China,crisis,60.4,-5.0,120.7
2025-08-18,China,negativity,57.2,-4.7,113.6
2025-08-19,China,protest,57.8,-5.9,100.1
2025-08-19,China,crisis,63.1,-5.1,121.9
2025-08-19,China,negativity,57.5,-5.7,104.7
2025-08-20,China,protest,58.9,-5.2,107.7
2025-08-20,China,crisis,62.6,-6.3,110.5
2025-08-20,China,negativity,62.4,-5.8,107.9
2025-08-21,China,protest,57.2,-5.6,112.2
2025-08-21,China,crisis,64.0,-6.3,115.7
2025-08-21,China,negativity,61.7,-5.6,121.5
2025-08-22,China,protest,58.5,-5.4,113.2
2025-08-22,China,crisis,60.8,-5.7,118.5
2025-08-22,China,negativity,58.2,-4.6,120.2
2025-08-23,China,protest,54.3,-5.6,114.3
2025-08-23,China,crisis,60.2,-5.5,112.1
2025-08-23,China,negativity,57.5,-5.7,107.6
2025-08-24,China,protest,53.3,-5.3,104.6
2025-08-24,China,crisis,59.9,-5.4,115.2
2025-08-24,China,negativity,57.4,-5.8,116.5
2025-08-25,China,protest,54.7,-5.2,106.0
2025-08-25,China,crisis,59.8,-5.4,113.5
2025-08-25,China,negativity,57.1,-5.2,99.1
2025-08-26,China,protest,54.5,-4.3,93.9
2025-08-26,China,crisis,63.3,-5.5,121.1
2025-08-26,China,negativity,60.5,-5.1,114.0
2025-08-27,China,protest,55.4,-4.8,103.8
2025-08-27,China,crisis,66.1,-6.2,131.0
2025-08-27,China,negativity,58.3,-4.7,101.7
2025-08-28,China,protest,57.4,-5.8,114.0
2025-08-28,China,crisis,61.9,-5.9,106.7
2025-08-28,China,negativity,61.6,-5.6,120.9
2025-08-29,China,protest,56.9,-5.3,109.6
2025-08-29,China,crisis,65.4,-5.7,121.8
2025-08-29,China,negativity,58.2,-4.8,101.9
2025-08-30,China,protest,56.4,-5.3,104.5
2025-08-30,China,crisis,63.7,-5.6,115.8
2025-08-30,China,negativity,56.6,-4.9,109.1
2025-08-31,China,protest,52.2,-4.5,97.9
2025-08-31,China,crisis,58.8,-5.8,107.3
2025-08-31,China,negativity,55.4,-5.3,114.3
2025-09-01,China,protest,52.5,-4.3,102.3
2025-09-01,China,crisis,62.2,-5.3,126.7
2025-09-01,China,negativity,57.9,-5.3,105.8
2025-09-02,China,protest,54.8,-5.3,94.7
2025-09-02,China,crisis,64.2,-5.6,124.2
2025-09-02,China,negativity,60.3,-5.3,104.9
2025-09-03,China,protest,55.5,-5.5,97.1
2025-09-03,China,crisis,65.6,-6.1,116.0
2025-09-03,China,negativity,60.7,-4.8,125.1
2025-09-04,China,protest,60.3,-6.0,119.4
2025-09-04,China,crisis,64.2,-5.8,114.3
2025-09-04,China,negativity,61.2,-5.0,116.7
2025-09-05,China,protest,56.7,-5.0,103.8
2025-09-05,China,crisis,62.0,-5.5,106.9
2025-09-05,China,negativity,62.4,-6.2,121.1
2025-09-06,China,protest,56.3,-5.4,111.5
2025-09-06,China,crisis,63.5,-6.1,121.3
2025-09-06,China,negativity,58.3,-4.6,119.9
2025-09-07,China,protest,56.2,-4.9,115.1
2025-09-07,China,crisis,61.6,-5.9,106.7
2025-09-07,China,negativity,58.1,-5.0,103.2
2025-09-08,China,protest,54.3,-5.2,97.5
2025-09-08,China,crisis,62.5,-5.0,127.5
2025-09-08,China,negativity,58.5,-4.9,111.5
2025-09-09,China,protest,58.1,-5.3,114.0
2025-09-09,China,crisis,60.4,-5.8,117.0
2025-09-09,China,negativity,58.1,-5.3,104.4
2025-09-10,China,protest,57.2,-5.8,117.2
2025-09-10,China,crisis,61.6,-6.3,122.0
2025-09-10,China,negativity,59.2,-5.0,102.8
2025-09-11,China,protest,56.2,-4.4,113.5
2025-09-11,China,crisis,65.0,-6.2,114.0
2025-09-11,China,negativity,61.1,-5.0,111.6
2025-09-12,China,protest,55.2,-5.2,101.5
2025-09-12,China,crisis,61.2,-6.2,123.7
2025-09-12,China,negativity,60.7,-5.9,121.4
2025-09-13,China,protest,55.7,-4.8,111.4
2025-09-13,China,crisis,59.9,-5.4,113.2
2025-09-13,China,negativity,57.8,-4.9,119.3
2025-09-14,China,protest,55.2,-5.2,106.2
2025-09-14,China,crisis,62.6,-6.0,119.8
2025-09-14,China,negativity,55.2,-5.4,110.9
2025-09-15,China,protest,52.6,-5.4,108.8
2025-09-15,China,crisis,59.0,-5.6,108.5
2025-09-15,China,negativity,58.9,-5.9,118.9
2025-09-16,China,protest,54.0,-4.9,107.0
2025-09-16,China,crisis,62.7,-5.9,109.8
2025-09-16,China,negativity,58.1,-5.5,99.9
2025-09-17,China,protest,59.9,-5.6,119.0
2025-09-17,China,crisis,63.6,-5.6,117.3
2025-09-17,China,negativity,61.0,-4.8,117.8
2025-09-18,China,protest,59.5,-6.0,116.1
2025-09-18,China,crisis,64.8,-5.4,117.3
2025-09-18,China,negativity,63.2,-5.8,129.0
2025-09-19,China,protest,56.6,-4.6,102.9
2025-09-19,China,crisis,63.3,-5.4,113.5
2025-09-19,China,negativity,57.8,-4.6,116.8
2025-09-20,China,protest,53.9,-5.0,108.0
2025-09-20,China,crisis,62.2,-5.3,126.4
2025-09-20,China,negativity,60.1,-6.0,104.4
2025-09-21,China,protest,52.5,-4.8,94.1
2025-09-21,China,crisis,59.4,-5.0,108.7
2025-09-21,China,negativity,58.8,-4.8,113.6
2025-09-22,China,protest,53.5,-5.6,96.6
2025-09-22,China,crisis,62.2,-5.8,107.1
2025-09-22,China,negativity,56.6,-4.9,104.2
2025-09-23,China,protest,58.5,-4.8,117.4
2025-09-23,China,crisis,61.5,-6.3,114.3
2025-09-23,China,negativity,60.7,-5.5,114.3
2025-09-24,China,protest,57.0,-5.8,118.8
2025-09-24,China,crisis,62.4,-5.9,114.5
2025-09-24,China,negativity,59.9,-5.9,107.8
2025-09-25,China,protest,59.5,-5.4,113.7
2025-09-25,China,crisis,62.6,-5.5,116.6
2025-09-25,China,negativity,61.2,-5.6,107.1
2025-09-26,China,protest,56.9,-5.7,111.5
2025-09-26,China,crisis,62.3,-5.3,113.0
2025-09-26,China,negativity,60.6,-5.7,104.6
2025-09-27,China,protest,53.9,-4.6,102.1
2025-09-27,China,crisis,60.1,-4.8,120.4
2025-09-27,China,negativity,58.3,-5.5,108.0
2025-09-28,China,protest,54.6,-4.3,107.4
2025-09-28,China,crisis,62.4,-5.5,124.3
2025-09-28,China,negativity,55.3,-5.0,105.5
2025-09-29,China,protest,56.3,-4.8,101.0
2025-09-29,China,crisis,58.7,-5.0,107.8
2025-09-29,China,negativity,59.7,-4.9,111.1
2025-09-30,China,protest,57.1,-5.0,111.2
2025-09-30,China,crisis,60.2,-5.7,109.2
2025-09-30,China,negativity,58.9,-5.5,103.9
2025-10-01,China,protest,56.9,-4.8,107.4
2025-10-01,China,crisis,65.9,-5.3,116.7
2025-10-01,China,negativity,62.5,-6.1,125.0
2025-10-02,China,protest,57.5,-4.9,102.8
2025-10-02,China,crisis,62.3,-6.0,124.6
2025-10-02,China,negativity,59.2,-6.0,113.5
2025-10-03,China,protest,57.5,-5.4,107.5
2025-10-03,China,crisis,63.7,-5.3,126.8
2025-10-03,China,negativity,61.7,-5.6,122.1
2025-10-04,China,protest,53.2,-5.0,94.9
2025-10-04,China,crisis,61.2,-5.1,117.4
2025-10-04,China,negativity,59.2,-5.3,121.5
2025-10-05,China,protest,52.9,-4.7,93.1
2025-10-05,China,crisis,59.8,-6.0,102.1
2025-10-05,China,negativity,57.0,-5.3,113.0
2025-10-06,China,protest,52.3,-5.4,98.5
2025-10-06,China,crisis,59.9,-5.4,111.6
2025-10-06,China,negativity,58.9,-5.1,120.3
2025-10-07,China,protest,56.2,-5.5,112.6
2025-10-07,China,crisis,59.8,-4.9,105.8
2025-10-07,China,negativity,58.5,-5.0,108.3
2025-10-08,China,protest,55.5,-4.7,103.3
2025-10-08,China,crisis,64.4,-6.5,118.3
2025-10-08,China,negativity,62.3,-5.1,113.9
2025-10-09,China,protest,56.1,-4.8,115.0
2025-10-09,China,crisis,65.9,-6.6,133.3
2025-10-09,China,negativity,60.3,-5.0,116.2
2025-10-10,China,protest,54.9,-4.7,115.4
2025-10-10,China,crisis,63.4,-6.1,120.9
2025-10-10,China,negativity,60.6,-5.2,110.1
2025-10-11,China,protest,55.2,-5.0,101.1
2025-10-11,China,crisis,61.7,-5.6,112.6
2025-10-11,China,negativity,57.4,-5.9,104.7
2025-10-12,China,protest,52.1,-5.0,104.4
2025-10-12,China,crisis,61.9,-5.7,118.7
2025-10-12,China,negativity,54.9,-4.8,106.7
2025-10-13,China,protest,55.8,-5.0,105.7
2025-10-13,China,crisis,62.2,-6.1,108.2
2025-10-13,China,negativity,55.9,-5.6,110.9
2025-10-14,China,protest,55.9,-5.3,100.3
2025-10-14,China,crisis,63.0,-6.1,110.6
2025-10-14,China,negativity,60.3,-4.9,123.9
2025-10-15,China,protest,57.0,-4.6,109.3
2025-10-15,China,crisis,65.4,-6.4,127.6
2025-10-15,China,negativity,59.7,-5.2,120.2
2025-10-16,China,protest,59.4,-4.7,115.3
2025-10-16,China,crisis,63.6,-5.6,118.1
2025-10-16,China,negativity,59.3,-5.2,112.6
2025-10-17,China,protest,54.2,-4.2,106.9
2025-10-17,China,crisis,63.2,-5.4,127.8
2025-10-17,China,negativity,58.3,-5.6,119.6
2025-10-18,China,protest,55.9,-5.3,115.3
2025-10-18,China,crisis,58.7,-4.7,103.7
2025-10-18,China,negativity,58.9,-4.8,121.5
2025-10-19,China,protest,51.9,-5.3,95.7
2025-10-19,China,crisis,58.3,-5.5,117.7
2025-10-19,China,negativity,56.6,-4.9,109.2
2025-10-20,China,protest,52.8,-5.0,110.3
2025-10-20,China,crisis,61.5,-5.8,120.4
2025-10-20,China,negativity,56.5,-5.2,104.9
2025-10-21,China,protest,56.7,-5.2,101.0
2025-10-21,China,crisis,62.4,-5.9,125.0
2025-10-21,China,negativity,59.6,-5.4,114.2
2025-10-22,China,protest,57.2,-5.9,106.1
2025-10-22,China,crisis,65.1,-6.4,127.7
2025-10-22,China,negativity,62.2,-6.0,111.6
2025-10-23,China,protest,58.7,-5.7,119.0
2025-10-23,China,crisis,65.8,-5.4,131.3
2025-10-23,China,negativity,61.3,-6.0,110.7
2025-10-24,China,protest,56.8,-4.7,109.0
2025-10-24,China,crisis,62.6,-5.0,106.2
2025-10-24,China,negativity,59.7,-5.6,107.6
2025-10-25,China,protest,56.8,-4.6,116.2
2025-10-25,China,crisis,61.7,-5.9,120.1
2025-10-25,China,negativity,57.1,-5.4,114.7
2025-10-26,China,protest,51.8,-4.3,101.8
2025-10-26,China,crisis,59.7,-5.7,107.0
2025-10-26,China,negativity,54.9,-5.0,101.8
2025-10-27,China,protest,55.9,-5.6,99.5
2025-10-27,China,crisis,62.1,-6.0,121.6
2025-10-27,China,negativity,56.6,-5.1,109.4
2025-10-28,China,protest,56.9,-5.4,99.9
2025-10-28,China,crisis,63.5,-5.4,122.4
2025-10-28,China,negativity,59.5,-4.8,117.3
2025-10-29,China,protest,55.0,-5.0,115.8
2025-10-29,China,crisis,61.1,-6.1,116.7
2025-10-29,China,negativity,61.2,-6.0,112.1
2025-10-30,China,protest,59.0,-5.3,102.1
2025-10-30,China,crisis,65.6,-5.8,117.1
2025-10-30,China,negativity,59.8,-5.7,116.3
2025-10-31,China,protest,58.4,-5.0,113.4
2025-10-31,China,crisis,62.3,-5.3,123.0
2025-10-31,China,negativity,61.5,-5.3,104.5
2025-11-01,China,protest,56.1,-5.1,110.6
2025-11-01,China,crisis,62.4,-5.7,118.5
2025-11-01,China,negativity,58.1,-5.3,118.0
2025-11-02,China,protest,54.5,-4.7,111.9
2025-11-02,China,crisis,60.1,-5.5,106.3
2025-11-02,China,negativity,58.5,-5.7,102.9
2025-11-03,China,protest,56.6,-4.5,104.2
2025-11-03,China,crisis,62.4,-5.5,121.9
2025-11-03,China,negativity,57.8,-4.9,114.0
2025-11-04,China,protest,53.6,-5.0,107.9
2025-11-04,China,crisis,61.5,-5.3,108.5
2025-11-04,China,negativity,57.2,-4.6,97.9
2025-11-05,China,protest,58.2,-5.3,113.2
2025-11-05,China,crisis,61.9,-6.2,107.8
2025-11-05,China,negativity,57.9,-5.2,113.5
2025-11-06,China,protest,55.3,-5.7,114.6
2025-11-06,China,crisis,64.4,-5.8,127.5
2025-11-06,China,negativity,61.9,-5.3,118.2
2025-11-07,China,protest,55.7,-5.2,101.4
2025-11-07,China,crisis,63.5,-5.2,114.5
2025-11-07,China,negativity,60.0,-5.2,122.2
2025-11-08,China,protest,55.3,-4.5,111.2
2025-11-08,China,crisis,62.0,-5.2,125.4
2025-11-08,China,negativity,55.9,-5.8,97.9
2025-11-09,China,protest,55.3,-4.5,97.8
2025-11-09,China,crisis,61.8,-5.0,107.0
2025-11-09,China,negativity,57.8,-4.8,115.3
2025-11-10,China,protest,51.7,-4.9,103.4
2025-11-10,China,crisis,58.6,-5.6,111.5
2025-11-10,China,negativity,55.9,-5.4,116.7
2025-11-11,China,protest,56.2,-4.9,105.9
2025-11-11,China,crisis,61.3,-5.8,122.2
2025-11-11,China,negativity,56.8,-5.3,97.5
2025-11-12,China,protest,57.4,-5.9,106.3
2025-11-12,China,crisis,63.3,-6.4,120.3
2025-11-12,China,negativity,59.1,-5.5,105.6
2025-11-13,China,protest,56.7,-5.5,102.0
2025-11-13,China,crisis,64.7,-5.2,123.4
2025-11-13,China,negativity,60.6,-5.3,108.4
2025-11-14,China,protest,55.7,-5.0,108.3
2025-11-14,China,crisis,62.5,-5.5,116.0
2025-11-14,China,negativity,60.6,-4.9,109.8
2025-11-15,China,protest,52.6,-4.6,109.5
2025-11-15,China,crisis,58.7,-5.9,111.8
2025-11-15,China,negativity,57.9,-5.6,105.8
2025-11-16,China,protest,55.5,-4.9,104.9
2025-11-16,China,crisis,58.2,-4.9,112.8
2025-11-16,China,negativity,57.2,-5.1,107.7
2025-11-17,China,protest,54.1,-5.1,100.3
2025-11-17,China,crisis,59.5,-5.8,105.4
2025-11-17,China,negativity,57.3,-5.8,111.9
2025-11-18,China,protest,56.2,-4.7,117.9
2025-11-18,China,crisis,63.0,-6.1,113.9
2025-11-18,China,negativity,57.7,-5.9,112.2
2025-11-19,China,protest,55.0,-4.5,101.5
2025-11-19,China,crisis,61.0,-5.0,110.6
2025-11-19,China,negativity,57.7,-5.4,103.9
2025-11-20,China,protest,55.5,-4.6,99.4
2025-11-20,China,crisis,61.7,-5.4,113.7
2025-11-20,China,negativity,57.3,-5.4,114.1
2025-11-21,China,protest,53.3,-5.4,109.4
2025-11-21,China,crisis,59.1,-5.6,118.0
2025-11-21,China,negativity,58.8,-5.1,104.6
2025-11-22,China,protest,55.4,-4.8,98.0
2025-11-22,China,crisis,60.5,-5.9,112.8
2025-11-22,China,negativity,57.3,-5.5,119.0
2025-11-23,China,protest,52.4,-4.7,92.6
2025-11-23,China,crisis,58.9,-5.9,106.0
2025-11-23,China,negativity,53.9,-4.8,93.1
2025-11-24,China,protest,53.6,-4.6,113.1
2025-11-24,China,crisis,57.1,-5.4,104.6
2025-11-24,China,negativity,57.2,-5.4,103.8
2025-11-25,China,protest,51.7,-4.6,103.2
2025-11-25,China,crisis,59.0,-5.7,114.9
2025-11-25,China,negativity,57.7,-4.6,110.4
2025-11-26,China,protest,54.4,-5.2,97.2
2025-11-26,China,crisis,59.3,-5.1,118.2
2025-11-26,China,negativity,57.1,-4.6,115.1
2025-11-27,China,protest,54.7,-4.5,104.6
2025-11-27,China,crisis,60.3,-5.4,124.1
2025-11-27,China,negativity,57.9,-5.7,119.9
2025-11-28,China,protest,55.2,-5.4,99.5
2025-11-28,China,crisis,60.8,-5.2,105.4
2025-11-28,China,negativity,56.8,-4.9,118.1
2025-11-29,China,protest,52.1,-4.5,108.6
2025-11-29,China,crisis,58.9,-6.0,115.2
2025-11-29,China,negativity,53.5,-5.3,94.7
2025-11-30,China,protest,51.5,-5.0,105.5
2025-11-30,China,crisis,55.8,-5.6,112.9
2025-11-30,China,negativity,54.0,-5.3,113.3
2025-12-01,China,protest,51.8,-4.4,97.9
2025-12-01,China,crisis,54.8,-4.8,105.7
2025-12-01,China,negativity,54.1,-5.3,104.5
2025-12-02,China,protest,52.9,-4.4,97.6
2025-12-02,China,crisis,56.7,-4.5,114.3
2025-12-02,China,negativity,53.4,-5.4,92.8
2025-12-03,China,protest,51.1,-5.2,99.4
2025-12-03,China,crisis,57.7,-5.7,106.0
2025-12-03,China,negativity,56.3,-4.7,117.8
2025-12-04,China,protest,52.8,-4.8,98.6
2025-12-04,China,crisis,59.9,-6.1,120.9
2025-12-04,China,negativity,54.6,-5.1,114.6
2025-12-05,China,protest,50.3,-4.0,92.5
2025-12-05,China,crisis,56.8,-5.2,107.8
2025-12-05,China,negativity,55.5,-5.1,105.2
2025-12-06,China,protest,49.5,-3.9,101.5
2025-12-06,China,crisis,57.8,-5.1,111.7
2025-12-06,China,negativity,52.9,-4.4,106.3
2025-12-07,China,protest,50.2,-5.2,96.9
2025-12-07,China,crisis,53.9,-4.3,112.7
2025-12-07,China,negativity,52.8,-4.6,91.9
2025-12-08,China,protest,47.3,-4.7,92.3
2025-12-08,China,crisis,54.6,-4.5,96.0
2025-12-08,China,negativity,52.7,-4.4,110.8
2025-12-09,China,protest,49.8,-4.9,87.0
2025-12-09,China,crisis,54.9,-4.8,102.3
2025-12-09,China,negativity,53.9,-4.5,100.1
2025-12-10,China,protest,52.4,-4.7,110.2
2025-12-10,China,crisis,55.9,-5.2,117.4
2025-12-10,China,negativity,52.8,-4.6,103.7
2025-12-11,China,protest,51.2,-5.3,100.5
2025-12-11,China,crisis,56.9,-4.8,107.8
2025-12-11,China,negativity,54.9,-4.3,102.1
2025-12-12,China,protest,49.4,-4.8,100.7
2025-12-12,China,crisis,55.7,-4.8,99.1
2025-12-12,China,negativity,53.2,-4.2,93.6
2025-12-13,China,protest,48.6,-4.0,94.3
2025-12-13,China,crisis,55.8,-5.6,105.9
2025-12-13,China,negativity,50.8,-4.6,93.6
2025-12-14,China,protest,46.2,-3.5,88.4
2025-12-14,China,crisis,54.2,-4.7,113.2
2025-12-14,China,negativity,52.0,-4.5,92.1
2025-12-15,China,protest,47.7,-4.3,85.5
2025-12-15,China,crisis,52.2,-4.1,91.1
2025-12-15,China,negativity,48.1,-4.5,96.6
2025-12-16,China,protest,48.6,-4.5,101.2
2025-12-16,China,crisis,56.1,-5.0,113.7
2025-12-16,China,negativity,53.7,-5.1,94.6
2025-12-17,China,protest,52.1,-5.4,108.1
2025-12-17,China,crisis,57.7,-5.7,119.6
2025-12-17,China,negativity,51.7,-4.4,89.9
2025-12-18,China,protest,49.8,-5.1,94.3
2025-12-18,China,crisis,53.4,-4.6,92.4
2025-12-18,China,negativity,50.6,-4.2,90.4
2025-12-19,China,protest,51.2,-4.6,90.6
2025-12-19,China,crisis,55.9,-5.5,98.7
2025-12-19,China,negativity,52.3,-5.0,111.4
2025-12-20,China,protest,48.8,-4.9,97.4
2025-12-20,China,crisis,52.7,-5.5,110.0
2025-12-20,China,negativity,47.9,-4.4,86.8
2025-12-21,China,protest,48.1,-5.0,93.3
2025-12-21,China,crisis,52.7,-4.3,105.7
2025-12-21,China,negativity,50.4,-4.5,94.4
2025-12-22,China,protest,47.9,-4.4,83.6
2025-12-22,China,crisis,52.1,-5.3,98.3
2025-12-22,China,negativity,48.8,-4.8,101.0
2025-12-23,China,protest,48.5,-3.8,94.9
2025-12-23,China,crisis,54.9,-5.5,115.5
2025-12-23,China,negativity,48.8,-4.9,88.1
2025-12-24,China,protest,48.1,-5.0,103.9
2025-12-24,China,crisis,54.4,-4.8,112.7
2025-12-24,China,negativity,53.6,-4.8,95.4
2025-12-25,China,protest,51.2,-4.0,90.0
2025-12-25,China,crisis,54.6,-5.4,111.0
2025-12-25,China,negativity,52.5,-4.8,104.2
2025-12-26,China,protest,46.2,-4.4,97.7
2025-12-26,China,crisis,52.1,-4.2,107.4
2025-12-26,China,negativity,51.6,-4.1,106.4
2025-12-27,China,protest,45.8,-4.4,98.6
2025-12-27,China,crisis,51.7,-4.5,106.5
2025-12-27,China,negativity,48.1,-4.4,95.5
2025-12-28,China,protest,47.9,-4.7,103.4
2025-12-28,China,crisis,51.3,-4.7,97.8
2025-12-28,China,negativity,46.9,-3.9,91.7
2025-12-29,China,protest,45.9,-3.6,83.1
2025-12-29,China,crisis,51.0,-4.6,93.2
2025-12-29,China,negativity,48.0,-4.6,102.8
2025-12-30,China,protest,48.3,-4.2,103.2
2025-12-30,China,crisis,51.1,-4.2,100.3
2025-12-30,China,negativity,52.0,-4.8,98.2
2025-12-31,China,protest,50.8,-4.6,89.9
2025-12-31,China,crisis,54.4,-5.0,99.0
2025-12-31,China,negativity,50.0,-5.0,94.1
2026-01-01,China,protest,48.4,-4.3,92.6
2026-01-01,China,crisis,54.2,-5.6,101.7
2026-01-01,China,negativity,53.5,-4.3,105.9
2026-01-02,China,protest,48.3,-3.9,103.4
2026-01-02,China,crisis,56.0,-5.8,107.6
2026-01-02,China,negativity,49.0,-4.4,91.8
2026-01-03,China,protest,44.7,-4.5,86.2
2026-01-03,China,crisis,53.4,-4.8,97.6
2026-01-03,China,negativity,51.6,-5.2,101.8
2026-01-04,China,protest,45.3,-4.6,80.8
2026-01-04,China,crisis,53.4,-4.5,100.5
2026-01-04,China,negativity,49.7,-4.9,98.4
2026-01-05,China,protest,44.7,-4.4,97.0
2026-01-05,China,crisis,51.1,-4.0,91.9
2026-01-05,China,negativity,51.7,-4.4,97.1
2026-01-06,China,protest,46.7,-4.1,84.1
2026-01-06,China,crisis,52.1,-4.8,105.2
2026-01-06,China,negativity,50.1,-4.7,106.5
2026-01-07,China,protest,50.2,-4.6,100.7
2026-01-07,China,crisis,54.4,-5.3,104.3
2026-01-07,China,negativity,52.9,-4.3,101.7
2026-01-08,China,protest,52.3,-4.1,108.2
2026-01-08,China,crisis,54.1,-5.5,102.8
2026-01-08,China,negativity,53.7,-4.4,104.5
2026-01-09,China,protest,51.5,-4.1,99.6
2026-01-09,China,crisis,55.6,-4.6,116.7
2026-01-09,China,negativity,54.5,-5.3,112.2
2026-01-10,China,protest,49.8,-4.5,99.2
2026-01-10,China,crisis,53.8,-4.4,104.8
2026-01-10,China,negativity,50.2,-4.7,96.1
2026-01-11,China,protest,46.4,-3.8,87.4
2026-01-11,China,crisis,52.7,-4.6,101.9
2026-01-11,China,negativity,52.7,-4.4,103.9
2026-01-12,China,protest,48.9,-5.0,95.1
2026-01-12,China,crisis,51.9,-5.1,101.0
2026-01-12,China,negativity,50.8,-5.1,99.4
2026-01-13,China,protest,50.3,-4.8,100.8
2026-01-13,China,crisis,56.5,-5.0,114.3
2026-01-13,China,negativity,54.3,-5.1,102.6
2026-01-14,China,protest,50.5,-4.0,97.7
2026-01-14,China,crisis,60.2,-5.2,104.6
2026-01-14,China,negativity,54.0,-5.0,99.1
2026-01-15,China,protest,53.3,-4.4,110.7
2026-01-15,China,crisis,59.0,-5.5,116.8
2026-01-15,China,negativity,55.4,-5.4,106.5
2026-01-16,China,protest,50.4,-3.9,92.6
2026-01-16,China,crisis,59.9,-6.1,112.7
2026-01-16,China,negativity,54.3,-4.8,111.7
2026-01-17,China,protest,52.4,-4.3,95.8
2026-01-17,China,crisis,57.4,-5.0,99.7
2026-01-17,China,negativity,56.2,-5.6,110.8
2026-01-18,China,protest,49.9,-3.9,104.2
2026-01-18,China,crisis,57.2,-5.2,97.5
2026-01-18,China,negativity,55.8,-5.2,104.6
2026-01-19,China,protest,53.7,-4.5,102.0
2026-01-19,China,crisis,55.4,-5.3,112.5
2026-01-19,China,negativity,56.2,-4.6,115.6
2026-01-20,China,protest,55.5,-5.0,105.4
2026-01-20,China,crisis,59.1,-6.0,101.6
2026-01-20,China,negativity,57.0,-5.5,118.9
2026-01-21,China,protest,55.6,-5.0,106.9
2026-01-21,China,crisis,61.4,-6.0,123.5
2026-01-21,China,negativity,58.9,-5.5,104.0
2026-01-22,China,protest,56.2,-5.8,117.8
2026-01-22,China,crisis,62.2,-5.3,108.5
2026-01-22,China,negativity,58.8,-5.4,103.0
2026-01-23,China,protest,56.4,-5.6,110.3
2026-01-23,China,crisis,59.5,-5.5,110.9
2026-01-23,China,negativity,60.9,-6.1,116.4
2026-01-24,China,protest,52.8,-4.2,109.5
2026-01-24,China,crisis,59.4,-5.0,122.6
2026-01-24,China,negativity,58.7,-4.6,101.8
2026-01-25,China,protest,54.6,-4.9,96.1
2026-01-25,China,crisis,60.5,-5.6,120.9
2026-01-25,China,negativity,55.9,-5.5,106.7
2026-01-26,China,protest,57.2,-5.4,117.1
2026-01-26,China,crisis,62.4,-5.3,113.6
2026-01-26,China,negativity,55.6,-4.9,97.1
2026-01-27,China,protest,56.6,-5.8,110.3
2026-01-27,China,crisis,63.2,-5.3,119.2
2026-01-27,China,negativity,59.6,-4.9,112.8
2026-01-28,China,protest,59.7,-5.1,103.6
2026-01-28,China,crisis,65.6,-5.8,131.6
2026-01-28,China,negativity,62.8,-6.3,122.1
2026-01-29,China,protest,59.1,-5.2,109.4
2026-01-29,China,crisis,67.3,-5.9,122.3
2026-01-29,China,negativity,61.5,-5.8,121.8
2026-01-30,China,protest,60.2,-5.2,117.5
2026-01-30,China,crisis,66.6,-5.7,120.4
2026-01-30,China,negativity,61.4,-5.9,113.6
2026-01-31,China,protest,59.1,-4.9,107.9
2026-01-31,China,crisis,62.2,-5.6,110.2
2026-01-31,China,negativity,62.3,-5.4,109.6
2026-02-01,China,protest,56.9,-5.5,113.1
2026-02-01,China,crisis,65.3,-6.4,114.5
2026-02-01,China,negativity,60.5,-6.1,123.3
2026-02-02,China,protest,56.7,-5.6,102.4
2026-02-02,China,crisis,65.7,-5.6,118.9
2026-02-02,China,negativity,60.8,-5.6,104.0
2026-02-03,China,protest,62.2,-5.8,111.0
2026-02-03,China,crisis,69.0,-6.6,125.2
2026-02-03,China,negativity,63.0,-5.7,121.6
2026-02-04,China,protest,60.2,-5.4,114.9
2026-02-04,China,crisis,66.9,-6.0,130.5
2026-02-04,China,negativity,64.0,-6.2,123.7
2026-02-05,China,protest,64.7,-6.4,121.8
2026-02-05,China,crisis,69.0,-6.2,117.6
2026-02-05,China,negativity,65.4,-5.9,125.7
2026-02-06,China,protest,61.6,-6.3,126.0
2026-02-06,China,crisis,67.7,-6.3,131.8
2026-02-06,China,negativity,67.2,-6.5,128.1
2026-02-07,China,protest,61.4,-5.3,124.2
2026-02-07,China,crisis,69.8,-6.1,139.2
2026-02-07,China,negativity,63.7,-5.5,124.8
2026-02-08,China,protest,58.9,-4.9,109.5
2026-02-08,China,crisis,67.8,-6.4,121.5
2026-02-08,China,negativity,64.0,-5.6,129.2
2026-02-09,China,protest,59.8,-5.7,116.0
2026-02-09,China,crisis,67.2,-6.3,115.2
2026-02-09,China,negativity,65.4,-5.5,119.9
2026-02-10,China,protest,61.6,-5.3,113.5
2026-02-10,China,crisis,67.6,-5.8,135.0
2026-02-10,China,negativity,68.0,-6.7,126.4
2026-02-11,China,protest,66.4,-5.4,112.8
2026-02-11,China,crisis,71.9,-7.0,139.8
2026-02-11,China,negativity,66.8,-6.8,120.0
2026-02-12,China,protest,63.9,-5.9,110.8
2026-02-12,China,crisis,70.8,-6.7,138.3
2026-02-12,China,negativity,68.0,-6.0,136.5
2026-02-13,China,protest,65.5,-5.7,120.9
2026-02-13,China,crisis,73.7,-6.3,134.3
2026-02-13,China,negativity,70.2,-6.6,139.1
2026-02-14,China,protest,64.6,-5.6,118.1
2026-02-14,China,crisis,70.5,-6.4,123.3
2026-02-14,China,negativity,66.3,-5.8,117.2
2026-02-15,China,protest,60.1,-5.0,111.3
2026-02-15,China,crisis,69.5,-7.0,125.2
2026-02-15,China,negativity,66.0,-5.6,116.1
2026-02-16,China,protest,62.3,-5.8,115.0
2026-02-16,China,crisis,71.3,-6.7,133.1
2026-02-16,China,negativity,65.7,-5.9,113.6
2026-02-17,China,protest,64.3,-5.3,121.8
2026-02-17,China,crisis,71.9,-6.7,126.6
2026-02-17,China,negativity,66.5,-5.7,132.8
2026-02-18,China,protest,65.6,-6.4,116.9
2026-02-18,China,crisis,73.4,-6.7,145.2
2026-02-18,China,negativity,69.4,-6.5,120.9
2026-02-19,China,protest,64.4,-5.8,109.5
2026-02-19,China,crisis,75.5,-7.0,136.1
2026-02-19,China,negativity,69.2,-6.9,135.0
2026-02-20,China,protest,65.7,-6.7,129.8
2026-02-20,China,crisis,70.5,-6.7,119.6
2026-02-20,China,negativity,70.8,-5.8,136.7
2026-02-21,China,protest,62.6,-5.6,127.1
2026-02-21,China,crisis,71.0,-6.5,135.5
2026-02-21,China,negativity,67.7,-6.8,127.4
2026-02-22,China,protest,61.5,-5.5,124.5
2026-02-22,China,crisis,67.5,-5.6,119.4
2026-02-22,China,negativity,65.2,-5.6,120.7
2026-02-23,China,protest,62.3,-5.7,116.7
2026-02-23,China,crisis,68.1,-6.2,117.3
2026-02-23,China,negativity,63.4,-5.8,123.5
2026-02-24,China,protest,62.9,-6.2,124.3
2026-02-24,China,crisis,72.5,-6.7,135.6
2026-02-24,China,negativity,69.1,-6.8,127.0
2026-02-25,China,protest,66.5,-6.5,132.7
2026-02-25,China,crisis,73.2,-6.0,138.6
2026-02-25,China,negativity,68.5,-6.8,117.4
2026-02-26,China,protest,66.8,-5.4,128.9
2026-02-26,China,crisis,72.5,-6.3,141.6
2026-02-26,China,negativity,70.4,-7.0,133.5
2026-02-27,China,protest,64.8,-5.7,117.7
2026-02-27,China,crisis,70.2,-6.8,123.2
2026-02-27,China,negativity,66.3,-6.6,130.0
2026-02-28,China,protest,61.2,-5.6,107.9
2026-02-28,China,crisis,69.1,-6.0,122.1
2026-02-28,China,negativity,63.3,-6.2,107.9
2026-03-01,China,protest,59.4,-5.4,120.1
2026-03-01,China,crisis,66.9,-6.6,117.5
2026-03-01,China,negativity,64.6,-5.5,114.1
2026-03-02,China,protest,61.8,-5.7,124.6
2026-03-02,China,crisis,64.6,-6.2,122.8
2026-03-02,China,negativity,61.5,-6.2,113.7
2026-03-03,China,protest,60.2,-4.8,108.4
2026-03-03,China,crisis,67.6,-6.2,135.2
2026-03-03,China,negativity,66.4,-6.6,126.5
2026-03-04,China,protest,62.4,-6.1,105.9
2026-03-04,China,crisis,68.6,-6.6,133.5
2026-03-04,China,negativity,66.7,-5.5,121.6
2026-03-05,China,protest,60.9,-5.2,106.9
2026-03-05,China,crisis,68.4,-6.6,119.8
2026-03-05,China,negativity,66.9,-5.8,134.2
2026-03-06,China,protest,58.7,-4.7,113.1
2026-03-06,China,crisis,66.3,-5.9,121.7
2026-03-06,China,negativity,64.5,-5.8,115.7
2026-03-07,China,protest,57.1,-5.1,113.8
2026-03-07,China,crisis,67.1,-6.0,129.8
2026-03-07,China,negativity,63.5,-5.9,123.1
2026-03-08,China,protest,56.3,-5.8,113.8
2026-03-08,China,crisis,61.4,-5.6,116.4
2026-03-08,China,negativity,62.0,-5.0,118.9
2026-03-09,China,protest,57.5,-4.7,105.4
2026-03-09,China,crisis,64.4,-5.8,117.3
2026-03-09,China,negativity,58.4,-5.8,112.7
2026-03-10,China,protest,56.8,-5.2,105.2
2026-03-10,China,crisis,63.1,-6.0,113.1
2026-03-10,China,negativity,63.5,-6.1,127.7
2026-03-11,China,protest,58.6,-5.4,103.8
2026-03-11,China,crisis,65.8,-6.6,121.4
2026-03-11,China,negativity,63.0,-6.2,128.6
2026-03-12,China,protest,61.2,-6.1,105.7
2026-03-12,China,crisis,64.9,-5.6,113.8
2026-03-12,China,negativity,62.1,-5.8,118.0
2026-03-13,China,protest,57.6,-5.1,103.5
2026-03-13,China,crisis,61.3,-5.8,105.0
2026-03-13,China,negativity,58.8,-5.2,116.0
2026-03-14,China,protest,52.9,-5.2,99.3
2026-03-14,China,crisis,60.4,-5.0,122.6
2026-03-14,China,negativity,59.3,-5.2,107.0
2026-03-15,China,protest,51.8,-4.6,98.8
2026-03-15,China,crisis,61.6,-6.3,106.2
2026-03-15,China,negativity,54.8,-4.6,101.7
2026-03-16,China,protest,51.2,-4.4,96.3
2026-03-16,China,crisis,58.2,-5.1,118.1
2026-03-16,China,negativity,54.1,-4.8,92.9
2026-03-17,China,protest,53.3,-4.7,97.5
2026-03-17,China,crisis,62.1,-6.2,105.8
2026-03-17,China,negativity,56.0,-5.0,102.4
2026-03-18,China,protest,53.4,-4.4,112.2
2026-03-18,China,crisis,62.7,-6.1,127.5
2026-03-18,China,negativity,57.0,-5.1,111.2
2026-03-19,China,protest,56.3,-5.0,104.6
2026-03-19,China,crisis,60.4,-6.2,113.7
2026-03-19,China,negativity,59.3,-5.0,120.4
2026-03-20,China,protest,55.0,-4.9,115.0
2026-03-20,China,crisis,58.6,-4.6,112.7
2026-03-20,China,negativity,56.8,-4.9,103.1
2026-03-21,China,protest,49.5,-4.6,100.1
2026-03-21,China,crisis,58.5,-5.8,117.5
2026-03-21,China,negativity,54.8,-4.8,98.1
2026-03-22,China,protest,52.3,-5.2,107.4
2026-03-22,China,crisis,54.9,-5.4,97.5
2026-03-22,China,negativity,54.4,-4.5,99.6
2026-03-23,China,protest,51.4,-4.2,99.9
2026-03-23,China,crisis,54.2,-5.2,111.2
2026-03-23,China,negativity,51.9,-4.8,98.8
2026-03-24,China,protest,50.6,-4.9,94.6
2026-03-24,China,crisis,56.9,-5.1,103.7
2026-03-24,China,negativity,56.2,-5.2,101.4
2026-03-25,China,protest,53.4,-5.5,108.1
2026-03-25,China,crisis,55.8,-5.5,95.8
2026-03-25,China,negativity,54.5,-5.6,114.3
2026-03-26,China,protest,51.1,-4.0,107.1
2026-03-26,China,crisis,55.7,-4.9,108.3
2026-03-26,China,negativity,57.5,-4.9,115.8
2026-03-27,China,protest,52.0,-4.1,100.9
2026-03-27,China,crisis,59.0,-5.1,106.0
2026-03-27,China,negativity,55.7,-4.7,116.4
2026-03-28,China,protest,49.8,-4.0,104.4
2026-03-28,China,crisis,53.1,-5.4,99.1
2026-03-28,China,negativity,52.8,-5.2,94.5
2026-03-29,China,protest,46.0,-3.8,81.1
2026-03-29,China,crisis,52.5,-5.3,103.2
2026-03-29,China,negativity,49.1,-4.8,90.0
2026-03-30,China,protest,48.3,-3.9,87.8
2026-03-30,China,crisis,50.9,-4.8,103.6
2026-03-30,China,negativity,51.5,-4.1,91.3
2026-03-31,China,protest,50.0,-5.2,99.6
2026-03-31,China,crisis,53.7,-5.6,96.8
2026-03-31,China,negativity,52.9,-4.9,98.3
2026-04-01,China,protest,51.4,-4.6,109.8
2026-04-01,China,crisis,58.0,-5.8,116.4
2026-04-01,China,negativity,52.8,-5.0,103.4
2026-04-02,China,protest,48.9,-4.2,100.2
2026-04-02,China,crisis,57.0,-4.5,112.2
2026-04-02,China,negativity,51.2,-4.9,96.3
2026-04-03,China,protest,48.3,-5.1,86.3
2026-04-03,China,crisis,55.8,-5.2,110.5
2026-04-03,China,negativity,51.7,-4.7,90.7
2026-04-04,China,protest,49.7,-4.9,88.5
2026-04-04,China,crisis,52.0,-4.2,92.1
2026-04-04,China,negativity,52.6,-4.8,92.9
2026-04-05,China,protest,46.4,-3.8,99.0
2026-04-05,China,crisis,50.4,-4.7,107.3
2026-04-05,China,negativity,49.2,-4.1,89.9
2026-04-06,China,protest,46.9,-4.3,86.2
2026-04-06,China,crisis,53.3,-4.3,92.2
2026-04-06,China,negativity,49.5,-4.0,95.7
2026-04-07,China,protest,46.8,-4.8,98.0
2026-04-07,China,crisis,55.4,-5.2,103.2
2026-04-07,China,negativity,51.4,-5.3,92.8
2026-04-08,China,protest,49.4,-4.2,106.3
2026-04-08,China,crisis,57.0,-5.3,116.4
2026-04-08,China,negativity,52.4,-4.6,106.6
2026-04-09,China,protest,51.7,-4.7,89.9
2026-04-09,China,crisis,54.6,-4.4,114.0
2026-04-09,China,negativity,52.9,-4.4,91.3
2026-04-10,China,protest,51.0,-4.9,93.8
2026-04-10,China,crisis,56.1,-5.5,108.3
2026-04-10,China,negativity,50.4,-4.5,94.4
2026-04-11,China,protest,47.3,-3.9,88.0
2026-04-11,China,crisis,54.6,-5.2,101.3
2026-04-11,China,negativity,48.6,-4.2,87.7
2026-04-12,China,protest,48.3,-3.9,99.8
2026-04-12,China,crisis,51.4,-4.9,96.2
2026-04-12,China,negativity,51.4,-5.1,90.2
2025-04-22,Taiwan,protest,56.1,-5.4,104.9
2025-04-22,Taiwan,crisis,62.8,-5.6,116.6
2025-04-22,Taiwan,negativity,59.7,-5.1,119.9
2025-04-23,Taiwan,protest,55.6,-5.7,96.1
2025-04-23,Taiwan,crisis,63.9,-6.4,121.6
2025-04-23,Taiwan,negativity,62.2,-5.2,118.0
2025-04-24,Taiwan,protest,59.7,-5.4,106.8
2025-04-24,Taiwan,crisis,66.0,-6.1,118.9
2025-04-24,Taiwan,negativity,61.0,-4.9,107.3
2025-04-25,Taiwan,protest,55.2,-5.7,96.5
2025-04-25,Taiwan,crisis,63.6,-5.5,121.2
2025-04-25,Taiwan,negativity,60.8,-5.6,108.1
2025-04-26,Taiwan,protest,54.3,-4.9,100.7
2025-04-26,Taiwan,crisis,63.0,-6.0,122.2
2025-04-26,Taiwan,negativity,60.7,-5.0,108.2
2025-04-27,Taiwan,protest,53.6,-5.2,106.4
2025-04-27,Taiwan,crisis,60.4,-5.3,122.4
2025-04-27,Taiwan,negativity,57.6,-5.7,118.4
2025-04-28,Taiwan,protest,54.4,-5.0,110.3
2025-04-28,Taiwan,crisis,61.5,-5.7,116.9
2025-04-28,Taiwan,negativity,59.8,-5.9,103.1
2025-04-29,Taiwan,protest,56.2,-5.3,112.2
2025-04-29,Taiwan,crisis,62.2,-5.9,118.9
2025-04-29,Taiwan,negativity,57.8,-5.6,111.7
2025-04-30,Taiwan,protest,60.9,-6.0,119.4
2025-04-30,Taiwan,crisis,66.1,-6.2,118.8
2025-04-30,Taiwan,negativity,60.3,-6.1,120.1
2025-05-01,Taiwan,protest,60.1,-4.9,120.9
2025-05-01,Taiwan,crisis,64.8,-6.0,113.5
2025-05-01,Taiwan,negativity,63.5,-5.2,128.8
2025-05-02,Taiwan,protest,57.9,-5.2,112.7
2025-05-02,Taiwan,crisis,64.0,-6.1,125.3
2025-05-02,Taiwan,negativity,60.6,-6.2,114.2
2025-05-03,Taiwan,protest,55.2,-4.4,114.9
2025-05-03,Taiwan,crisis,64.6,-6.0,131.3
2025-05-03,Taiwan,negativity,58.6,-4.9,113.7
2025-05-04,Taiwan,protest,56.7,-4.7,101.3
2025-05-04,Taiwan,crisis,64.3,-5.2,123.7
2025-05-04,Taiwan,negativity,59.2,-5.2,104.3
2025-05-05,Taiwan,protest,54.5,-4.8,105.2
2025-05-05,Taiwan,crisis,60.4,-5.4,108.7
2025-05-05,Taiwan,negativity,61.9,-5.3,120.4
2025-05-06,Taiwan,protest,60.4,-5.1,124.6
2025-05-06,Taiwan,crisis,65.2,-6.6,114.3
2025-05-06,Taiwan,negativity,63.2,-6.4,108.2
2025-05-07,Taiwan,protest,61.4,-6.2,114.8
2025-05-07,Taiwan,crisis,65.2,-6.0,115.7
2025-05-07,Taiwan,negativity,64.6,-5.7,128.6
2025-05-08,Taiwan,protest,59.1,-4.9,107.5
2025-05-08,Taiwan,crisis,69.0,-6.3,127.4
2025-05-08,Taiwan,negativity,63.3,-6.3,125.0
2025-05-09,Taiwan,protest,60.9,-5.1,106.5
2025-05-09,Taiwan,crisis,67.4,-5.6,114.1
2025-05-09,Taiwan,negativity,61.4,-5.2,122.7
2025-05-10,Taiwan,protest,57.2,-4.6,107.1
2025-05-10,Taiwan,crisis,62.7,-6.2,124.1
2025-05-10,Taiwan,negativity,63.2,-5.7,111.2
2025-05-11,Taiwan,protest,56.6,-5.2,101.1
2025-05-11,Taiwan,crisis,61.7,-6.1,111.9
2025-05-11,Taiwan,negativity,60.4,-6.0,116.3
2025-05-12,Taiwan,protest,59.8,-5.9,120.2
2025-05-12,Taiwan,crisis,63.5,-5.3,126.6
2025-05-12,Taiwan,negativity,62.4,-5.9,122.7
2025-05-13,Taiwan,protest,56.9,-4.9,112.6
2025-05-13,Taiwan,crisis,63.9,-6.1,128.2
2025-05-13,Taiwan,negativity,63.8,-6.4,115.8
2025-05-14,Taiwan,protest,60.8,-5.2,118.3
2025-05-14,Taiwan,crisis,68.0,-6.9,123.2
2025-05-14,Taiwan,negativity,63.5,-5.7,119.3
2025-05-15,Taiwan,protest,58.7,-5.7,119.1
2025-05-15,Taiwan,crisis,65.8,-5.8,111.8
2025-05-15,Taiwan,negativity,64.6,-6.3,112.0
2025-05-16,Taiwan,protest,59.4,-5.1,113.7
2025-05-16,Taiwan,crisis,66.6,-5.7,121.3
2025-05-16,Taiwan,negativity,64.2,-6.3,122.7
2025-05-17,Taiwan,protest,55.7,-4.6,115.9
2025-05-17,Taiwan,crisis,62.0,-5.8,121.2
2025-05-17,Taiwan,negativity,61.1,-5.9,108.3
2025-05-18,Taiwan,protest,55.5,-4.4,114.9
2025-05-18,Taiwan,crisis,61.0,-5.4,121.4
2025-05-18,Taiwan,negativity,62.1,-5.2,114.1
2025-05-19,Taiwan,protest,56.3,-4.6,97.1
2025-05-19,Taiwan,crisis,64.5,-6.5,115.7
2025-05-19,Taiwan,negativity,58.2,-5.5,113.8
2025-05-20,Taiwan,protest,56.9,-5.0,112.5
2025-05-20,Taiwan,crisis,66.4,-5.7,115.5
2025-05-20,Taiwan,negativity,62.3,-6.1,111.1
2025-05-21,Taiwan,protest,62.2,-5.6,127.4
2025-05-21,Taiwan,crisis,67.9,-6.7,117.5
2025-05-21,Taiwan,negativity,61.5,-5.8,111.7
2025-05-22,Taiwan,protest,59.3,-5.1,112.6
2025-05-22,Taiwan,crisis,66.8,-6.6,121.8
2025-05-22,Taiwan,negativity,63.2,-5.5,115.9
2025-05-23,Taiwan,protest,59.8,-5.7,111.3
2025-05-23,Taiwan,crisis,67.2,-5.5,132.1
2025-05-23,Taiwan,negativity,64.7,-5.7,116.5
2025-05-24,Taiwan,protest,55.3,-4.9,99.1
2025-05-24,Taiwan,crisis,62.8,-5.2,120.6
2025-05-24,Taiwan,negativity,60.0,-5.8,117.0
2025-05-25,Taiwan,protest,58.0,-5.4,117.5
2025-05-25,Taiwan,crisis,63.5,-5.6,116.1
2025-05-25,Taiwan,negativity,60.3,-5.3,122.2
2025-05-26,Taiwan,protest,56.2,-4.9,102.3
2025-05-26,Taiwan,crisis,64.6,-5.6,125.3
2025-05-26,Taiwan,negativity,59.4,-5.9,102.2
2025-05-27,Taiwan,protest,57.2,-5.3,115.0
2025-05-27,Taiwan,crisis,66.2,-6.6,129.4
2025-05-27,Taiwan,negativity,62.0,-5.3,122.9
2025-05-28,Taiwan,protest,59.0,-5.0,114.1
2025-05-28,Taiwan,crisis,66.7,-6.2,125.9
2025-05-28,Taiwan,negativity,63.4,-5.3,128.3
2025-05-29,Taiwan,protest,57.8,-5.1,113.1
2025-05-29,Taiwan,crisis,63.2,-5.2,112.2
2025-05-29,Taiwan,negativity,63.5,-5.6,118.6
2025-05-30,Taiwan,protest,57.6,-4.6,101.2
2025-05-30,Taiwan,crisis,63.5,-6.1,125.4
2025-05-30,Taiwan,negativity,62.9,-6.2,128.6
2025-05-31,Taiwan,protest,54.3,-4.5,108.0
2025-05-31,Taiwan,crisis,60.7,-5.4,107.0
2025-05-31,Taiwan,negativity,60.2,-5.8,102.6
2025-06-01,Taiwan,protest,57.0,-5.4,112.0
2025-06-01,Taiwan,crisis,63.1,-5.3,114.3
2025-06-01,Taiwan,negativity,56.1,-5.1,115.2
2025-06-02,Taiwan,protest,55.3,-4.5,98.2
2025-06-02,Taiwan,crisis,59.4,-5.4,103.5
2025-06-02,Taiwan,negativity,57.8,-4.6,112.5
2025-06-03,Taiwan,protest,55.6,-4.6,111.4
2025-06-03,Taiwan,crisis,61.7,-5.5,120.1
2025-06-03,Taiwan,negativity,57.1,-5.6,98.9
2025-06-04,Taiwan,protest,59.5,-5.9,118.2
2025-06-04,Taiwan,crisis,61.8,-6.1,125.9
2025-06-04,Taiwan,negativity,60.2,-5.6,117.8
2025-06-05,Taiwan,protest,56.6,-5.2,107.3
2025-06-05,Taiwan,crisis,65.0,-5.9,127.0
2025-06-05,Taiwan,negativity,61.3,-4.9,107.9
2025-06-06,Taiwan,protest,57.2,-4.7,102.4
2025-06-06,Taiwan,crisis,63.2,-5.7,128.3
2025-06-06,Taiwan,negativity,60.0,-5.3,108.8
2025-06-07,Taiwan,protest,55.8,-5.4,114.0
2025-06-07,Taiwan,crisis,59.9,-5.0,119.0
2025-06-07,Taiwan,negativity,59.7,-5.0,103.5
2025-06-08,Taiwan,protest,51.4,-5.0,108.4
2025-06-08,Taiwan,crisis,57.1,-5.3,111.4
2025-06-08,Taiwan,negativity,54.8,-5.0,94.3
2025-06-09,Taiwan,protest,54.6,-4.7,93.5
2025-06-09,Taiwan,crisis,61.1,-5.6,124.4
2025-06-09,Taiwan,negativity,57.7,-5.7,102.7
2025-06-10,Taiwan,protest,52.7,-4.7,106.1
2025-06-10,Taiwan,crisis,58.4,-4.9,115.1
2025-06-10,Taiwan,negativity,59.4,-6.1,107.4
2025-06-11,Taiwan,protest,53.6,-5.0,100.1
2025-06-11,Taiwan,crisis,64.1,-5.6,121.3
2025-06-11,Taiwan,negativity,59.1,-5.6,104.2
2025-06-12,Taiwan,protest,54.3,-4.6,102.7
2025-06-12,Taiwan,crisis,61.6,-5.5,123.1
2025-06-12,Taiwan,negativity,59.2,-5.8,121.3
2025-06-13,Taiwan,protest,55.6,-4.9,98.1
2025-06-13,Taiwan,crisis,58.2,-5.3,103.7
2025-06-13,Taiwan,negativity,57.5,-5.4,110.2
2025-06-14,Taiwan,protest,53.4,-4.9,94.2
2025-06-14,Taiwan,crisis,56.8,-4.8,100.0
2025-06-14,Taiwan,negativity,57.1,-5.0,109.5
2025-06-15,Taiwan,protest,50.9,-5.3,98.7
2025-06-15,Taiwan,crisis,56.1,-5.4,111.0
2025-06-15,Taiwan,negativity,56.2,-4.8,113.7
2025-06-16,Taiwan,protest,53.3,-4.4,95.0
2025-06-16,Taiwan,crisis,58.0,-4.9,113.3
2025-06-16,Taiwan,negativity,56.8,-4.7,111.6
2025-06-17,Taiwan,protest,54.3,-5.5,95.7
2025-06-17,Taiwan,crisis,60.1,-5.0,118.7
2025-06-17,Taiwan,negativity,53.8,-4.7,99.5
2025-06-18,Taiwan,protest,53.0,-4.8,97.4
2025-06-18,Taiwan,crisis,60.7,-5.4,111.4
2025-06-18,Taiwan,negativity,54.8,-4.9,111.1
2025-06-19,Taiwan,protest,55.0,-5.0,113.8
2025-06-19,Taiwan,crisis,61.4,-5.3,112.3
2025-06-19,Taiwan,negativity,55.8,-5.2,111.4
2025-06-20,Taiwan,protest,53.7,-4.4,98.7
2025-06-20,Taiwan,crisis,61.1,-6.1,117.7
2025-06-20,Taiwan,negativity,55.6,-5.0,116.1
2025-06-21,Taiwan,protest,51.3,-4.8,89.4
2025-06-21,Taiwan,crisis,57.1,-4.8,112.5
2025-06-21,Taiwan,negativity,55.0,-5.2,115.4
2025-06-22,Taiwan,protest,48.9,-4.5,85.0
2025-06-22,Taiwan,crisis,56.0,-5.0,101.5
2025-06-22,Taiwan,negativity,53.9,-4.8,111.9
2025-06-23,Taiwan,protest,48.2,-3.7,96.9
2025-06-23,Taiwan,crisis,55.5,-5.7,102.0
2025-06-23,Taiwan,negativity,54.4,-5.3,106.5
2025-06-24,Taiwan,protest,51.5,-5.1,104.1
2025-06-24,Taiwan,crisis,56.7,-4.9,109.8
2025-06-24,Taiwan,negativity,52.5,-4.1,107.9
2025-06-25,Taiwan,protest,54.4,-5.6,98.6
2025-06-25,Taiwan,crisis,58.0,-4.8,107.3
2025-06-25,Taiwan,negativity,57.7,-5.4,116.9
2025-06-26,Taiwan,protest,54.7,-5.6,112.9
2025-06-26,Taiwan,crisis,60.3,-6.0,106.9
2025-06-26,Taiwan,negativity,54.2,-4.3,105.9
2025-06-27,Taiwan,protest,53.6,-5.1,92.5
2025-06-27,Taiwan,crisis,60.2,-4.9,112.5
2025-06-27,Taiwan,negativity,53.8,-4.8,94.3
2025-06-28,Taiwan,protest,53.1,-4.8,99.0
2025-06-28,Taiwan,crisis,56.8,-5.6,103.7
2025-06-28,Taiwan,negativity,54.5,-4.6,114.1
2025-06-29,Taiwan,protest,47.5,-4.5,86.5
2025-06-29,Taiwan,crisis,57.5,-4.9,114.3
2025-06-29,Taiwan,negativity,51.2,-4.0,92.4
2025-06-30,Taiwan,protest,52.3,-4.3,110.3
2025-06-30,Taiwan,crisis,56.2,-5.6,103.5
2025-06-30,Taiwan,negativity,51.5,-4.3,103.0
2025-07-01,Taiwan,protest,51.2,-4.4,108.0
2025-07-01,Taiwan,crisis,57.1,-5.1,109.9
2025-07-01,Taiwan,negativity,55.0,-4.5,108.2
2025-07-02,Taiwan,protest,53.1,-4.6,94.1
2025-07-02,Taiwan,crisis,56.6,-5.5,97.5
2025-07-02,Taiwan,negativity,56.9,-4.6,111.3
2025-07-03,Taiwan,protest,53.6,-4.9,98.7
2025-07-03,Taiwan,crisis,57.8,-5.0,120.1
2025-07-03,Taiwan,negativity,54.7,-4.6,95.3
2025-07-04,Taiwan,protest,53.2,-4.5,96.8
2025-07-04,Taiwan,crisis,57.5,-5.6,107.7
2025-07-04,Taiwan,negativity,54.5,-4.5,94.9
2025-07-05,Taiwan,protest,49.8,-4.8,105.4
2025-07-05,Taiwan,crisis,57.2,-5.7,107.5
2025-07-05,Taiwan,negativity,53.6,-4.5,110.1
2025-07-06,Taiwan,protest,49.8,-4.7,87.5
2025-07-06,Taiwan,crisis,57.8,-5.7,111.5
2025-07-06,Taiwan,negativity,52.9,-5.2,98.1
2025-07-07,Taiwan,protest,51.3,-4.1,106.5
2025-07-07,Taiwan,crisis,56.5,-5.7,115.3
2025-07-07,Taiwan,negativity,51.5,-4.2,89.2
2025-07-08,Taiwan,protest,52.2,-4.7,95.3
2025-07-08,Taiwan,crisis,56.1,-5.0,107.2
2025-07-08,Taiwan,negativity,54.5,-5.2,95.2
2025-07-09,Taiwan,protest,55.0,-4.9,98.2
2025-07-09,Taiwan,crisis,59.9,-5.6,118.5
2025-07-09,Taiwan,negativity,55.6,-4.6,112.0
2025-07-10,Taiwan,protest,53.4,-4.2,94.9
2025-07-10,Taiwan,crisis,62.2,-5.4,115.0
2025-07-10,Taiwan,negativity,55.4,-4.8,95.6
2025-07-11,Taiwan,protest,55.0,-5.4,95.9
2025-07-11,Taiwan,crisis,60.9,-5.1,108.4
2025-07-11,Taiwan,negativity,55.6,-5.3,114.6
2025-07-12,Taiwan,protest,49.5,-4.6,94.8
2025-07-12,Taiwan,crisis,55.7,-5.1,107.7
2025-07-12,Taiwan,negativity,56.9,-4.8,100.4
2025-07-13,Taiwan,protest,49.1,-4.1,86.2
2025-07-13,Taiwan,crisis,57.7,-5.7,113.9
2025-07-13,Taiwan,negativity,53.9,-5.0,102.7
2025-07-14,Taiwan,protest,50.8,-5.1,105.6
2025-07-14,Taiwan,crisis,56.5,-4.9,96.8
2025-07-14,Taiwan,negativity,56.4,-5.2,103.5
2025-07-15,Taiwan,protest,55.3,-5.2,102.6
2025-07-15,Taiwan,crisis,57.7,-5.8,110.7
2025-07-15,Taiwan,negativity,58.0,-4.6,100.3
2025-07-16,Taiwan,protest,56.7,-5.8,110.6
2025-07-16,Taiwan,crisis,60.4,-5.3,112.3
2025-07-16,Taiwan,negativity,55.8,-4.4,106.5
2025-07-17,Taiwan,protest,55.8,-5.5,112.9
2025-07-17,Taiwan,crisis,60.2,-5.8,118.3
2025-07-17,Taiwan,negativity,60.2,-5.3,114.6
2025-07-18,Taiwan,protest,53.3,-4.9,102.5
2025-07-18,Taiwan,crisis,58.5,-5.1,116.5
2025-07-18,Taiwan,negativity,56.8,-5.0,104.4
2025-07-19,Taiwan,protest,55.1,-5.5,115.5
2025-07-19,Taiwan,crisis,59.8,-5.9,110.5
2025-07-19,Taiwan,negativity,54.8,-5.1,103.3
2025-07-20,Taiwan,protest,51.0,-4.7,100.2
2025-07-20,Taiwan,crisis,56.9,-5.8,110.9
2025-07-20,Taiwan,negativity,53.4,-4.3,105.8
2025-07-21,Taiwan,protest,51.5,-4.3,102.1
2025-07-21,Taiwan,crisis,60.9,-4.9,103.6
2025-07-21,Taiwan,negativity,55.8,-4.5,107.6
2025-07-22,Taiwan,protest,53.9,-5.1,97.6
2025-07-22,Taiwan,crisis,58.6,-5.0,118.4
2025-07-22,Taiwan,negativity,58.8,-5.7,105.5
2025-07-23,Taiwan,protest,58.2,-4.7,102.8
2025-07-23,Taiwan,crisis,64.4,-5.6,110.9
2025-07-23,Taiwan,negativity,59.4,-4.8,112.1
2025-07-24,Taiwan,protest,56.0,-5.2,114.1
2025-07-24,Taiwan,crisis,65.5,-6.3,125.5
2025-07-24,Taiwan,negativity,62.0,-5.9,126.2
2025-07-25,Taiwan,protest,54.9,-4.8,110.9
2025-07-25,Taiwan,crisis,60.5,-5.7,118.8
2025-07-25,Taiwan,negativity,60.8,-5.2,121.1
2025-07-26,Taiwan,protest,56.9,-5.7,116.4
2025-07-26,Taiwan,crisis,63.6,-6.2,110.1
2025-07-26,Taiwan,negativity,59.8,-5.9,118.3
2025-07-27,Taiwan,protest,55.2,-5.3,107.9
2025-07-27,Taiwan,crisis,59.1,-5.8,102.4
2025-07-27,Taiwan,negativity,58.4,-5.8,116.2
2025-07-28,Taiwan,protest,52.8,-5.3,100.7
2025-07-28,Taiwan,crisis,61.7,-5.4,123.6
2025-07-28,Taiwan,negativity,59.5,-5.0,102.3
2025-07-29,Taiwan,protest,54.7,-5.5,110.2
2025-07-29,Taiwan,crisis,63.9,-6.2,123.5
2025-07-29,Taiwan,negativity,58.7,-5.4,113.7
2025-07-30,Taiwan,protest,59.0,-5.9,116.8
2025-07-30,Taiwan,crisis,64.6,-5.6,131.1
2025-07-30,Taiwan,negativity,60.0,-5.1,119.1
2025-07-31,Taiwan,protest,57.0,-4.8,113.8
2025-07-31,Taiwan,crisis,64.1,-5.7,113.0
2025-07-31,Taiwan,negativity,63.5,-6.1,117.2
2025-08-01,Taiwan,protest,55.9,-5.1,95.9
2025-08-01,Taiwan,crisis,63.6,-5.8,127.0
2025-08-01,Taiwan,negativity,60.1,-5.6,122.7
2025-08-02,Taiwan,protest,54.6,-4.8,99.5
2025-08-02,Taiwan,crisis,65.2,-5.4,127.2
2025-08-02,Taiwan,negativity,60.0,-5.6,118.5
2025-08-03,Taiwan,protest,54.7,-4.3,113.5
2025-08-03,Taiwan,crisis,63.1,-5.8,120.1
2025-08-03,Taiwan,negativity,60.5,-6.1,114.6
2025-08-04,Taiwan,protest,58.5,-5.5,105.9
2025-08-04,Taiwan,crisis,64.7,-6.2,125.8
2025-08-04,Taiwan,negativity,62.0,-5.6,122.7
2025-08-05,Taiwan,protest,56.1,-5.0,104.3
2025-08-05,Taiwan,crisis,66.8,-5.9,114.2
2025-08-05,Taiwan,negativity,60.0,-5.6,122.4
2025-08-06,Taiwan,protest,61.8,-5.3,114.2
2025-08-06,Taiwan,crisis,67.8,-5.9,133.7
2025-08-06,Taiwan,negativity,63.1,-5.6,108.8
2025-08-07,Taiwan,protest,59.3,-5.1,106.1
2025-08-07,Taiwan,crisis,68.2,-5.9,122.8
2025-08-07,Taiwan,negativity,65.9,-6.0,130.2
2025-08-08,Taiwan,protest,57.9,-5.2,117.3
2025-08-08,Taiwan,crisis,68.4,-5.8,131.3
2025-08-08,Taiwan,negativity,61.9,-5.0,118.2
2025-08-09,Taiwan,protest,56.5,-5.3,101.4
2025-08-09,Taiwan,crisis,63.4,-6.2,108.3
2025-08-09,Taiwan,negativity,61.3,-5.0,124.0
2025-08-10,Taiwan,protest,57.3,-5.3,117.6
2025-08-10,Taiwan,crisis,62.1,-5.8,106.9
2025-08-10,Taiwan,negativity,59.0,-5.7,103.2
2025-08-11,Taiwan,protest,58.1,-4.9,117.7
2025-08-11,Taiwan,crisis,62.4,-6.1,125.6
2025-08-11,Taiwan,negativity,61.7,-5.0,111.9
2025-08-12,Taiwan,protest,59.1,-5.7,116.8
2025-08-12,Taiwan,crisis,64.5,-5.3,115.6
2025-08-12,Taiwan,negativity,62.1,-5.9,125.3
2025-08-13,Taiwan,protest,60.3,-5.3,111.5
2025-08-13,Taiwan,crisis,67.1,-5.6,128.8
2025-08-13,Taiwan,negativity,64.3,-5.9,127.9
2025-08-14,Taiwan,protest,62.7,-5.6,123.2
2025-08-14,Taiwan,crisis,69.6,-6.5,129.7
2025-08-14,Taiwan,negativity,63.9,-5.2,109.7
2025-08-15,Taiwan,protest,60.7,-6.2,121.8
2025-08-15,Taiwan,crisis,66.7,-6.0,126.6
2025-08-15,Taiwan,negativity,62.4,-5.5,117.2
2025-08-16,Taiwan,protest,57.8,-4.7,117.5
2025-08-16,Taiwan,crisis,66.9,-6.6,117.4
2025-08-16,Taiwan,negativity,63.9,-6.2,128.3
2025-08-17,Taiwan,protest,57.4,-5.8,102.0
2025-08-17,Taiwan,crisis,62.6,-6.3,126.9
2025-08-17,Taiwan,negativity,61.3,-5.5,107.2
2025-08-18,Taiwan,protest,58.8,-5.6,102.6
2025-08-18,Taiwan,crisis,66.0,-5.4,115.5
2025-08-18,Taiwan,negativity,61.5,-5.2,106.9
2025-08-19,Taiwan,protest,58.6,-4.9,117.2
2025-08-19,Taiwan,crisis,64.7,-5.4,119.4
2025-08-19,Taiwan,negativity,62.6,-5.4,112.1
2025-08-20,Taiwan,protest,63.3,-5.8,120.6
2025-08-20,Taiwan,crisis,65.8,-6.6,117.7
2025-08-20,Taiwan,negativity,64.8,-6.6,113.0
2025-08-21,Taiwan,protest,64.0,-5.2,128.7
2025-08-21,Taiwan,crisis,66.3,-6.5,122.2
2025-08-21,Taiwan,negativity,65.4,-5.6,116.5
2025-08-22,Taiwan,protest,61.3,-6.2,116.9
2025-08-22,Taiwan,crisis,66.2,-6.7,112.1
2025-08-22,Taiwan,negativity,62.7,-5.0,116.1
2025-08-23,Taiwan,protest,59.8,-6.1,118.0
2025-08-23,Taiwan,crisis,67.0,-5.5,132.0
2025-08-23,Taiwan,negativity,61.5,-5.2,108.3
2025-08-24,Taiwan,protest,57.0,-5.7,108.9
2025-08-24,Taiwan,crisis,65.0,-6.5,120.0
2025-08-24,Taiwan,negativity,62.3,-5.8,105.6
2025-08-25,Taiwan,protest,57.7,-4.7,102.2
2025-08-25,Taiwan,crisis,64.0,-5.6,128.5
2025-08-25,Taiwan,negativity,59.6,-5.6,103.4
2025-08-26,Taiwan,protest,61.4,-5.5,117.8
2025-08-26,Taiwan,crisis,65.9,-6.3,118.8
2025-08-26,Taiwan,negativity,64.6,-6.1,120.7
2025-08-27,Taiwan,protest,61.9,-6.3,126.7
2025-08-27,Taiwan,crisis,70.6,-6.6,140.0
2025-08-27,Taiwan,negativity,64.4,-6.3,115.3
2025-08-28,Taiwan,protest,62.4,-5.8,118.9
2025-08-28,Taiwan,crisis,67.3,-5.9,119.6
2025-08-28,Taiwan,negativity,63.8,-5.3,110.2
2025-08-29,Taiwan,protest,62.5,-5.3,125.6
2025-08-29,Taiwan,crisis,68.0,-6.4,132.9
2025-08-29,Taiwan,negativity,64.0,-5.3,109.4
2025-08-30,Taiwan,protest,59.9,-5.7,121.2
2025-08-30,Taiwan,crisis,68.0,-6.3,131.9
2025-08-30,Taiwan,negativity,60.9,-4.9,107.7
2025-08-31,Taiwan,protest,60.0,-5.3,105.6
2025-08-31,Taiwan,crisis,63.7,-5.3,118.9
2025-08-31,Taiwan,negativity,61.9,-5.5,105.7
2025-09-01,Taiwan,protest,60.5,-4.9,114.4
2025-09-01,Taiwan,crisis,64.6,-5.9,116.4
2025-09-01,Taiwan,negativity,61.1,-4.9,115.4
2025-09-02,Taiwan,protest,61.3,-6.2,109.8
2025-09-02,Taiwan,crisis,65.8,-6.7,122.3
2025-09-02,Taiwan,negativity,65.8,-5.5,115.2
2025-09-03,Taiwan,protest,59.4,-5.9,107.2
2025-09-03,Taiwan,crisis,69.4,-6.7,126.4
2025-09-03,Taiwan,negativity,64.9,-6.0,113.0
2025-09-04,Taiwan,protest,61.6,-5.7,111.4
2025-09-04,Taiwan,crisis,68.5,-6.3,127.1
2025-09-04,Taiwan,negativity,63.3,-5.3,117.0
2025-09-05,Taiwan,protest,63.1,-5.1,119.1
2025-09-05,Taiwan,crisis,69.1,-6.8,136.6
2025-09-05,Taiwan,negativity,66.4,-6.3,115.0
2025-09-06,Taiwan,protest,58.8,-5.4,101.1
2025-09-06,Taiwan,crisis,65.2,-6.4,126.8
2025-09-06,Taiwan,negativity,64.7,-6.4,130.2
2025-09-07,Taiwan,protest,60.7,-5.4,120.4
2025-09-07,Taiwan,crisis,66.2,-5.7,113.3
2025-09-07,Taiwan,negativity,60.6,-5.0,121.4
2025-09-08,Taiwan,protest,60.1,-5.8,107.8
2025-09-08,Taiwan,crisis,64.7,-5.2,125.2
2025-09-08,Taiwan,negativity,64.1,-5.2,122.1
2025-09-09,Taiwan,protest,62.4,-5.1,123.6
2025-09-09,Taiwan,crisis,66.1,-5.8,112.0
2025-09-09,Taiwan,negativity,65.0,-6.4,131.5
2025-09-10,Taiwan,protest,60.7,-6.1,121.2
2025-09-10,Taiwan,crisis,70.4,-6.3,126.5
2025-09-10,Taiwan,negativity,66.1,-5.6,126.5
2025-09-11,Taiwan,protest,62.2,-5.9,107.4
2025-09-11,Taiwan,crisis,68.8,-6.9,116.8
2025-09-11,Taiwan,negativity,65.0,-6.3,120.9
2025-09-12,Taiwan,protest,59.5,-5.7,122.0
2025-09-12,Taiwan,crisis,67.5,-6.6,130.6
2025-09-12,Taiwan,negativity,66.1,-6.0,116.5
2025-09-13,Taiwan,protest,60.3,-5.7,114.4
2025-09-13,Taiwan,crisis,66.2,-6.0,127.7
2025-09-13,Taiwan,negativity,63.8,-6.0,121.6
2025-09-14,Taiwan,protest,57.7,-5.4,112.6
2025-09-14,Taiwan,crisis,63.8,-5.8,122.7
2025-09-14,Taiwan,negativity,62.1,-6.0,115.7
2025-09-15,Taiwan,protest,57.7,-5.8,105.0
2025-09-15,Taiwan,crisis,67.1,-6.2,127.6
2025-09-15,Taiwan,negativity,62.8,-5.7,124.5
2025-09-16,Taiwan,protest,61.1,-5.4,111.2
2025-09-16,Taiwan,crisis,66.0,-6.2,117.9
2025-09-16,Taiwan,negativity,65.5,-5.6,131.3
2025-09-17,Taiwan,protest,63.9,-5.4,113.6
2025-09-17,Taiwan,crisis,67.8,-6.4,122.0
2025-09-17,Taiwan,negativity,67.1,-6.8,128.5
2025-09-18,Taiwan,protest,64.9,-6.4,127.1
2025-09-18,Taiwan,crisis,68.7,-6.0,131.4
2025-09-18,Taiwan,negativity,64.1,-6.2,130.6
2025-09-19,Taiwan,protest,63.8,-5.4,126.3
2025-09-19,Taiwan,crisis,66.9,-5.8,128.9
2025-09-19,Taiwan,negativity,67.5,-5.6,133.6
2025-09-20,Taiwan,protest,59.0,-6.0,102.5
2025-09-20,Taiwan,crisis,66.4,-6.6,126.1
2025-09-20,Taiwan,negativity,64.7,-5.6,128.5
2025-09-21,Taiwan,protest,59.1,-5.7,103.1
2025-09-21,Taiwan,crisis,64.4,-5.8,130.1
2025-09-21,Taiwan,negativity,63.6,-5.7,118.1
2025-09-22,Taiwan,protest,59.9,-4.9,123.3
2025-09-22,Taiwan,crisis,67.4,-6.3,123.8
2025-09-22,Taiwan,negativity,61.8,-5.3,122.1
2025-09-23,Taiwan,protest,61.7,-5.2,110.0
2025-09-23,Taiwan,crisis,68.9,-7.0,133.4
2025-09-23,Taiwan,negativity,65.8,-6.1,125.4
2025-09-24,Taiwan,protest,63.4,-6.0,121.7
2025-09-24,Taiwan,crisis,69.8,-5.7,127.1
2025-09-24,Taiwan,negativity,64.5,-6.4,124.2
2025-09-25,Taiwan,protest,65.9,-5.5,128.2
2025-09-25,Taiwan,crisis,71.3,-5.8,131.8
2025-09-25,Taiwan,negativity,67.8,-5.6,122.1
2025-09-26,Taiwan,protest,62.9,-5.2,117.9
2025-09-26,Taiwan,crisis,71.3,-6.0,139.4
2025-09-26,Taiwan,negativity,65.3,-6.4,115.7
2025-09-27,Taiwan,protest,60.5,-5.6,121.0
2025-09-27,Taiwan,crisis,69.4,-6.3,123.4
2025-09-27,Taiwan,negativity,66.4,-5.4,131.1
2025-09-28,Taiwan,protest,61.9,-5.9,116.8
2025-09-28,Taiwan,crisis,68.9,-6.1,123.7
2025-09-28,Taiwan,negativity,64.9,-5.6,131.5
2025-09-29,Taiwan,protest,60.2,-6.0,103.2
2025-09-29,Taiwan,crisis,66.1,-5.7,122.4
2025-09-29,Taiwan,negativity,62.7,-5.3,120.8
2025-09-30,Taiwan,protest,63.8,-6.3,126.4
2025-09-30,Taiwan,crisis,71.0,-6.2,125.5
2025-09-30,Taiwan,negativity,67.1,-6.7,114.0
2025-10-01,Taiwan,protest,62.0,-6.0,116.6
2025-10-01,Taiwan,crisis,72.6,-6.6,132.9
2025-10-01,Taiwan,negativity,66.0,-5.4,129.6
2025-10-02,Taiwan,protest,66.7,-6.0,119.0
2025-10-02,Taiwan,crisis,73.4,-6.6,124.6
2025-10-02,Taiwan,negativity,67.0,-6.2,130.9
2025-10-03,Taiwan,protest,62.6,-5.6,114.2
2025-10-03,Taiwan,crisis,71.5,-6.6,140.8
2025-10-03,Taiwan,negativity,67.0,-6.5,122.4
2025-10-04,Taiwan,protest,62.0,-5.1,118.0
2025-10-04,Taiwan,crisis,69.2,-6.3,130.6
2025-10-04,Taiwan,negativity,64.0,-6.4,117.4
2025-10-05,Taiwan,protest,60.7,-5.2,113.5
2025-10-05,Taiwan,crisis,67.2,-6.8,130.9
2025-10-05,Taiwan,negativity,66.3,-5.7,113.5
2025-10-06,Taiwan,protest,61.5,-6.0,121.7
2025-10-06,Taiwan,crisis,66.1,-6.3,126.6
2025-10-06,Taiwan,negativity,65.1,-6.5,129.1
2025-10-07,Taiwan,protest,63.2,-5.8,112.1
2025-10-07,Taiwan,crisis,70.6,-5.8,138.9
2025-10-07,Taiwan,negativity,66.6,-6.0,121.8
2025-10-08,Taiwan,protest,62.9,-5.6,121.3
2025-10-08,Taiwan,crisis,71.9,-6.4,139.4
2025-10-08,Taiwan,negativity,69.4,-6.6,131.0
2025-10-09,Taiwan,protest,64.4,-6.0,126.8
2025-10-09,Taiwan,crisis,73.1,-7.2,136.8
2025-10-09,Taiwan,negativity,69.6,-6.4,123.3
2025-10-10,Taiwan,protest,63.8,-6.5,110.8
2025-10-10,Taiwan,crisis,71.3,-6.8,124.7
2025-10-10,Taiwan,negativity,67.5,-5.5,134.6
2025-10-11,Taiwan,protest,62.3,-5.5,110.6
2025-10-11,Taiwan,crisis,69.9,-6.8,118.0
2025-10-11,Taiwan,negativity,65.6,-6.4,132.3
2025-10-12,Taiwan,protest,62.9,-5.6,109.2
2025-10-12,Taiwan,crisis,66.4,-6.0,117.8
2025-10-12,Taiwan,negativity,64.0,-5.8,121.2
2025-10-13,Taiwan,protest,60.0,-5.2,123.7
2025-10-13,Taiwan,crisis,66.9,-6.5,116.5
2025-10-13,Taiwan,negativity,65.4,-6.0,126.8
2025-10-14,Taiwan,protest,63.5,-6.4,117.4
2025-10-14,Taiwan,crisis,69.1,-6.4,119.6
2025-10-14,Taiwan,negativity,67.1,-5.6,114.9
2025-10-15,Taiwan,protest,65.4,-6.6,129.7
2025-10-15,Taiwan,crisis,73.3,-6.4,124.5
2025-10-15,Taiwan,negativity,68.4,-5.7,135.9
2025-10-16,Taiwan,protest,66.6,-5.8,115.6
2025-10-16,Taiwan,crisis,73.5,-6.6,130.3
2025-10-16,Taiwan,negativity,67.5,-5.9,125.2
2025-10-17,Taiwan,protest,63.8,-5.3,110.6
2025-10-17,Taiwan,crisis,71.0,-7.0,140.9
2025-10-17,Taiwan,negativity,66.0,-6.5,128.8
2025-10-18,Taiwan,protest,59.8,-6.1,111.5
2025-10-18,Taiwan,crisis,70.1,-5.8,126.7
2025-10-18,Taiwan,negativity,63.7,-5.4,112.2
2025-10-19,Taiwan,protest,63.3,-5.3,122.1
2025-10-19,Taiwan,crisis,66.4,-6.7,119.6
2025-10-19,Taiwan,negativity,63.1,-6.1,123.7
2025-10-20,Taiwan,protest,60.7,-5.3,112.1
2025-10-20,Taiwan,crisis,67.5,-5.8,123.4
2025-10-20,Taiwan,negativity,63.6,-6.0,117.7
2025-10-21,Taiwan,protest,61.6,-5.8,110.4
2025-10-21,Taiwan,crisis,67.6,-6.7,130.3
2025-10-21,Taiwan,negativity,67.2,-6.2,132.7
2025-10-22,Taiwan,protest,62.5,-6.2,116.6
2025-10-22,Taiwan,crisis,70.3,-7.0,131.2
2025-10-22,Taiwan,negativity,66.7,-6.4,114.3
2025-10-23,Taiwan,protest,64.4,-5.2,121.4
2025-10-23,Taiwan,crisis,71.9,-7.0,141.1
2025-10-23,Taiwan,negativity,66.8,-5.5,132.5
2025-10-24,Taiwan,protest,64.7,-5.4,125.0
2025-10-24,Taiwan,crisis,71.2,-6.9,135.4
2025-10-24,Taiwan,negativity,65.1,-5.3,115.3
2025-10-25,Taiwan,protest,60.3,-6.0,119.3
2025-10-25,Taiwan,crisis,68.0,-6.3,121.8
2025-10-25,Taiwan,negativity,63.5,-6.2,125.9
2025-10-26,Taiwan,protest,59.9,-5.7,118.8
2025-10-26,Taiwan,crisis,66.7,-6.2,120.7
2025-10-26,Taiwan,negativity,65.2,-6.5,123.8
2025-10-27,Taiwan,protest,63.3,-5.4,119.1
2025-10-27,Taiwan,crisis,66.6,-5.9,118.2
2025-10-27,Taiwan,negativity,64.1,-5.5,129.6
2025-10-28,Taiwan,protest,62.5,-5.6,109.6
2025-10-28,Taiwan,crisis,69.1,-6.0,135.8
2025-10-28,Taiwan,negativity,65.7,-5.8,132.5
2025-10-29,Taiwan,protest,65.7,-6.7,116.2
2025-10-29,Taiwan,crisis,71.6,-7.1,122.4
2025-10-29,Taiwan,negativity,69.2,-6.1,126.8
2025-10-30,Taiwan,protest,62.4,-5.2,123.9
2025-10-30,Taiwan,crisis,69.2,-6.4,138.6
2025-10-30,Taiwan,negativity,70.0,-5.9,122.6
2025-10-31,Taiwan,protest,62.4,-5.8,116.9
2025-10-31,Taiwan,crisis,69.2,-6.8,137.5
2025-10-31,Taiwan,negativity,65.2,-5.9,125.3
2025-11-01,Taiwan,protest,60.0,-5.8,121.0
2025-11-01,Taiwan,crisis,69.5,-5.8,120.1
2025-11-01,Taiwan,negativity,64.5,-5.2,122.4
2025-11-02,Taiwan,protest,62.3,-6.2,123.9
2025-11-02,Taiwan,crisis,66.3,-5.5,119.9
2025-11-02,Taiwan,negativity,65.8,-5.4,122.4
2025-11-03,Taiwan,protest,61.5,-5.2,119.7
2025-11-03,Taiwan,crisis,66.7,-6.1,130.0
2025-11-03,Taiwan,negativity,63.3,-5.7,112.7
2025-11-04,Taiwan,protest,62.8,-6.0,121.8
2025-11-04,Taiwan,crisis,67.3,-6.0,132.5
2025-11-04,Taiwan,negativity,64.1,-5.4,120.9
2025-11-05,Taiwan,protest,63.7,-5.6,120.6
2025-11-05,Taiwan,crisis,69.5,-6.6,131.8
2025-11-05,Taiwan,negativity,68.8,-6.8,127.3
2025-11-06,Taiwan,protest,63.4,-6.2,128.9
2025-11-06,Taiwan,crisis,72.5,-7.1,130.9
2025-11-06,Taiwan,negativity,65.3,-6.0,129.2
2025-11-07,Taiwan,protest,60.4,-4.8,120.9
2025-11-07,Taiwan,crisis,68.9,-5.8,120.1
2025-11-07,Taiwan,negativity,66.7,-5.5,123.0
2025-11-08,Taiwan,protest,59.3,-5.7,113.8
2025-11-08,Taiwan,crisis,67.5,-5.9,122.3
2025-11-08,Taiwan,negativity,64.4,-5.7,121.2
2025-11-09,Taiwan,protest,60.6,-5.7,115.6
2025-11-09,Taiwan,crisis,66.5,-6.7,132.0
2025-11-09,Taiwan,negativity,61.2,-5.8,104.2
2025-11-10,Taiwan,protest,57.7,-5.5,116.2
2025-11-10,Taiwan,crisis,65.8,-5.3,119.2
2025-11-10,Taiwan,negativity,65.0,-5.4,114.4
2025-11-11,Taiwan,protest,61.3,-5.3,114.5
2025-11-11,Taiwan,crisis,67.2,-6.5,132.7
2025-11-11,Taiwan,negativity,66.1,-6.0,117.8
2025-11-12,Taiwan,protest,63.0,-5.4,119.4
2025-11-12,Taiwan,crisis,70.8,-6.7,139.5
2025-11-12,Taiwan,negativity,64.1,-5.6,120.2
2025-11-13,Taiwan,protest,64.7,-6.2,126.2
2025-11-13,Taiwan,crisis,69.3,-6.8,125.8
2025-11-13,Taiwan,negativity,67.1,-5.6,121.1
2025-11-14,Taiwan,protest,62.4,-5.6,124.1
2025-11-14,Taiwan,crisis,69.1,-5.9,131.1
2025-11-14,Taiwan,negativity,66.5,-6.2,129.7
2025-11-15,Taiwan,protest,61.2,-5.6,124.5
2025-11-15,Taiwan,crisis,67.1,-6.7,135.2
2025-11-15,Taiwan,negativity,61.9,-5.6,105.5
2025-11-16,Taiwan,protest,60.9,-5.9,106.6
2025-11-16,Taiwan,crisis,63.7,-5.5,129.4
2025-11-16,Taiwan,negativity,62.7,-6.2,117.7
2025-11-17,Taiwan,protest,59.9,-4.7,123.0
2025-11-17,Taiwan,crisis,64.3,-5.8,129.1
2025-11-17,Taiwan,negativity,63.7,-5.2,110.7
2025-11-18,Taiwan,protest,62.1,-5.7,111.5
2025-11-18,Taiwan,crisis,64.6,-5.8,117.0
2025-11-18,Taiwan,negativity,63.6,-5.9,129.2
2025-11-19,Taiwan,protest,62.8,-5.4,115.9
2025-11-19,Taiwan,crisis,66.3,-5.8,118.7
2025-11-19,Taiwan,negativity,62.4,-5.5,106.1
2025-11-20,Taiwan,protest,59.6,-4.8,109.1
2025-11-20,Taiwan,crisis,66.4,-5.3,124.9
2025-11-20,Taiwan,negativity,65.7,-6.6,126.4
2025-11-21,Taiwan,protest,59.2,-5.8,118.6
2025-11-21,Taiwan,crisis,67.2,-6.2,129.1
2025-11-21,Taiwan,negativity,64.6,-5.8,120.0
2025-11-22,Taiwan,protest,58.3,-5.8,99.6
2025-11-22,Taiwan,crisis,62.9,-5.9,123.8
2025-11-22,Taiwan,negativity,60.3,-5.5,108.1
2025-11-23,Taiwan,protest,58.6,-5.2,103.9
2025-11-23,Taiwan,crisis,62.3,-5.6,126.7
2025-11-23,Taiwan,negativity,62.2,-5.8,119.3
2025-11-24,Taiwan,protest,56.8,-5.6,112.6
2025-11-24,Taiwan,crisis,65.6,-5.8,127.7
2025-11-24,Taiwan,negativity,58.4,-5.0,102.8
2025-11-25,Taiwan,protest,58.3,-5.6,104.0
2025-11-25,Taiwan,crisis,64.1,-6.5,129.5
2025-11-25,Taiwan,negativity,64.0,-5.5,127.7
2025-11-26,Taiwan,protest,62.3,-5.9,113.4
2025-11-26,Taiwan,crisis,66.8,-6.1,128.1
2025-11-26,Taiwan,negativity,62.0,-5.1,114.4
2025-11-27,Taiwan,protest,62.1,-5.0,122.4
2025-11-27,Taiwan,crisis,65.2,-5.6,110.8
2025-11-27,Taiwan,negativity,61.3,-5.4,121.7
2025-11-28,Taiwan,protest,57.6,-5.5,108.0
2025-11-28,Taiwan,crisis,66.9,-5.8,133.8
2025-11-28,Taiwan,negativity,64.2,-5.3,124.6
2025-11-29,Taiwan,protest,55.1,-4.6,115.8
2025-11-29,Taiwan,crisis,63.8,-6.4,125.4
2025-11-29,Taiwan,negativity,61.4,-5.3,106.5
2025-11-30,Taiwan,protest,53.9,-5.6,101.7
2025-11-30,Taiwan,crisis,61.5,-6.1,120.6
2025-11-30,Taiwan,negativity,58.2,-5.4,107.2
2025-12-01,Taiwan,protest,56.6,-5.0,102.3
2025-12-01,Taiwan,crisis,60.8,-5.3,106.9
2025-12-01,Taiwan,negativity,58.1,-5.6,101.0
2025-12-02,Taiwan,protest,55.0,-4.6,105.7
2025-12-02,Taiwan,crisis,61.2,-6.1,113.8
2025-12-02,Taiwan,negativity,61.9,-5.1,118.0
2025-12-03,Taiwan,protest,56.4,-4.9,106.0
2025-12-03,Taiwan,crisis,65.7,-6.1,125.5
2025-12-03,Taiwan,negativity,60.5,-5.8,107.8
2025-12-04,Taiwan,protest,57.5,-5.5,108.4
2025-12-04,Taiwan,crisis,64.2,-6.2,110.7
2025-12-04,Taiwan,negativity,63.2,-5.2,113.6
2025-12-05,Taiwan,protest,59.3,-5.1,103.6
2025-12-05,Taiwan,crisis,64.3,-6.5,120.8
2025-12-05,Taiwan,negativity,60.8,-6.1,116.7
2025-12-06,Taiwan,protest,52.9,-4.7,105.9
2025-12-06,Taiwan,crisis,60.1,-6.1,111.9
2025-12-06,Taiwan,negativity,59.5,-5.9,116.2
2025-12-07,Taiwan,protest,55.6,-4.4,95.2
2025-12-07,Taiwan,crisis,59.4,-5.4,122.0
2025-12-07,Taiwan,negativity,57.9,-5.8,104.4
2025-12-08,Taiwan,protest,52.4,-5.1,94.7
2025-12-08,Taiwan,crisis,60.7,-5.5,103.8
2025-12-08,Taiwan,negativity,58.1,-5.9,115.2
2025-12-09,Taiwan,protest,54.7,-5.5,107.1
2025-12-09,Taiwan,crisis,58.7,-5.3,100.6
2025-12-09,Taiwan,negativity,58.5,-5.9,100.5
2025-12-10,Taiwan,protest,54.5,-4.8,102.3
2025-12-10,Taiwan,crisis,61.6,-6.0,125.8
2025-12-10,Taiwan,negativity,60.9,-6.2,112.9
2025-12-11,Taiwan,protest,55.9,-5.5,107.1
2025-12-11,Taiwan,crisis,63.5,-5.7,116.3
2025-12-11,Taiwan,negativity,59.3,-5.1,112.8
2025-12-12,Taiwan,protest,54.5,-4.7,115.0
2025-12-12,Taiwan,crisis,59.2,-5.7,114.9
2025-12-12,Taiwan,negativity,59.8,-4.8,113.9
2025-12-13,Taiwan,protest,52.7,-4.4,96.5
2025-12-13,Taiwan,crisis,59.2,-4.8,112.4
2025-12-13,Taiwan,negativity,57.6,-5.5,117.7
2025-12-14,Taiwan,protest,53.3,-5.3,110.0
2025-12-14,Taiwan,crisis,55.8,-4.8,108.2
2025-12-14,Taiwan,negativity,56.2,-5.3,101.8
2025-12-15,Taiwan,protest,52.3,-4.9,90.2
2025-12-15,Taiwan,crisis,59.8,-5.5,103.1
2025-12-15,Taiwan,negativity,57.3,-5.8,106.4
2025-12-16,Taiwan,protest,52.7,-4.4,104.6
2025-12-16,Taiwan,crisis,61.0,-5.3,105.0
2025-12-16,Taiwan,negativity,55.4,-5.6,113.6
2025-12-17,Taiwan,protest,54.5,-4.6,96.3
2025-12-17,Taiwan,crisis,59.5,-5.4,102.7
2025-12-17,Taiwan,negativity,59.3,-5.3,119.6
2025-12-18,Taiwan,protest,54.3,-4.5,99.4
2025-12-18,Taiwan,crisis,62.6,-6.2,127.2
2025-12-18,Taiwan,negativity,59.7,-6.1,123.1
2025-12-19,Taiwan,protest,53.4,-5.4,105.5
2025-12-19,Taiwan,crisis,57.8,-4.8,111.8
2025-12-19,Taiwan,negativity,57.3,-5.1,101.2
2025-12-20,Taiwan,protest,52.0,-4.2,106.9
2025-12-20,Taiwan,crisis,57.3,-5.5,110.2
2025-12-20,Taiwan,negativity,56.8,-4.9,103.7
2025-12-21,Taiwan,protest,52.5,-4.7,104.5
2025-12-21,Taiwan,crisis,54.3,-4.9,93.0
2025-12-21,Taiwan,negativity,54.4,-4.4,98.2
2025-12-22,Taiwan,protest,49.6,-4.3,100.3
2025-12-22,Taiwan,crisis,57.9,-5.6,119.1
2025-12-22,Taiwan,negativity,56.0,-4.5,116.0
2025-12-23,Taiwan,protest,53.6,-5.3,99.4
2025-12-23,Taiwan,crisis,56.9,-4.6,117.6
2025-12-23,Taiwan,negativity,54.9,-5.1,111.9
2025-12-24,Taiwan,protest,54.5,-4.5,96.9
2025-12-24,Taiwan,crisis,60.8,-5.1,124.9
2025-12-24,Taiwan,negativity,54.3,-5.3,114.6
2025-12-25,Taiwan,protest,55.6,-5.3,116.0
2025-12-25,Taiwan,crisis,57.3,-4.8,101.5
2025-12-25,Taiwan,negativity,55.4,-5.4,97.3
2025-12-26,Taiwan,protest,52.2,-4.4,102.6
2025-12-26,Taiwan,crisis,58.5,-6.0,111.9
2025-12-26,Taiwan,negativity,56.0,-5.7,109.9
2025-12-27,Taiwan,protest,52.4,-4.5,98.8
2025-12-27,Taiwan,crisis,56.1,-5.3,97.5
2025-12-27,Taiwan,negativity,52.6,-4.5,112.0
2025-12-28,Taiwan,protest,50.5,-4.7,104.0
2025-12-28,Taiwan,crisis,56.0,-5.3,102.5
2025-12-28,Taiwan,negativity,51.3,-4.7,97.0
2025-12-29,Taiwan,protest,49.2,-4.5,104.6
2025-12-29,Taiwan,crisis,54.1,-4.6,107.5
2025-12-29,Taiwan,negativity,54.3,-5.2,103.9
2025-12-30,Taiwan,protest,53.0,-4.2,94.7
2025-12-30,Taiwan,crisis,59.6,-5.8,112.1
2025-12-30,Taiwan,negativity,55.9,-5.5,111.2
2025-12-31,Taiwan,protest,54.1,-5.3,111.6
2025-12-31,Taiwan,crisis,58.5,-5.0,112.1
2025-12-31,Taiwan,negativity,54.1,-5.1,93.7
2026-01-01,Taiwan,protest,54.3,-5.6,112.7
2026-01-01,Taiwan,crisis,59.9,-5.9,111.9
2026-01-01,Taiwan,negativity,54.4,-4.3,108.7
2026-01-02,Taiwan,protest,53.9,-4.9,110.1
2026-01-02,Taiwan,crisis,57.7,-4.6,99.3
2026-01-02,Taiwan,negativity,53.8,-4.7,93.0
2026-01-03,Taiwan,protest,49.3,-4.2,87.3
2026-01-03,Taiwan,crisis,56.7,-5.4,103.5
2026-01-03,Taiwan,negativity,52.7,-4.2,97.8
2026-01-04,Taiwan,protest,51.0,-4.7,100.4
2026-01-04,Taiwan,crisis,56.3,-4.9,113.8
2026-01-04,Taiwan,negativity,50.8,-5.1,99.3
2026-01-05,Taiwan,protest,50.5,-3.9,93.8
2026-01-05,Taiwan,crisis,57.0,-5.1,99.8
2026-01-05,Taiwan,negativity,52.8,-4.8,97.8
2026-01-06,Taiwan,protest,49.9,-4.9,99.6
2026-01-06,Taiwan,crisis,57.1,-5.3,99.2
2026-01-06,Taiwan,negativity,55.3,-4.4,115.3
2026-01-07,Taiwan,protest,53.6,-5.3,109.3
2026-01-07,Taiwan,crisis,60.6,-5.5,104.3
2026-01-07,Taiwan,negativity,57.0,-5.5,113.8
2026-01-08,Taiwan,protest,53.7,-5.6,101.3
2026-01-08,Taiwan,crisis,59.5,-5.7,115.6
2026-01-08,Taiwan,negativity,58.5,-5.8,103.1
2026-01-09,Taiwan,protest,53.1,-4.8,93.4
2026-01-09,Taiwan,crisis,57.3,-5.8,113.3
2026-01-09,Taiwan,negativity,57.9,-5.8,99.9
2026-01-10,Taiwan,protest,52.0,-4.2,97.5
2026-01-10,Taiwan,crisis,58.6,-5.6,120.8
2026-01-10,Taiwan,negativity,55.2,-4.9,111.9
2026-01-11,Taiwan,protest,50.4,-4.0,107.1
2026-01-11,Taiwan,crisis,56.9,-4.7,113.5
2026-01-11,Taiwan,negativity,55.6,-5.7,99.1
2026-01-12,Taiwan,protest,50.9,-4.9,87.4
2026-01-12,Taiwan,crisis,55.5,-4.8,115.8
2026-01-12,Taiwan,negativity,54.2,-5.4,104.4
2026-01-13,Taiwan,protest,51.8,-5.1,106.1
2026-01-13,Taiwan,crisis,61.1,-5.6,121.3
2026-01-13,Taiwan,negativity,57.4,-5.4,106.4
2026-01-14,Taiwan,protest,57.5,-4.9,115.3
2026-01-14,Taiwan,crisis,60.8,-6.2,110.3
2026-01-14,Taiwan,negativity,56.7,-5.5,108.3
2026-01-15,Taiwan,protest,56.5,-5.6,115.0
2026-01-15,Taiwan,crisis,63.9,-5.9,116.5
2026-01-15,Taiwan,negativity,59.5,-5.2,113.4
2026-01-16,Taiwan,protest,56.7,-5.7,113.2
2026-01-16,Taiwan,crisis,62.3,-6.0,126.7
2026-01-16,Taiwan,negativity,57.9,-5.5,108.3
2026-01-17,Taiwan,protest,54.9,-5.0,108.1
2026-01-17,Taiwan,crisis,59.6,-4.8,113.1
2026-01-17,Taiwan,negativity,59.2,-5.5,110.9
2026-01-18,Taiwan,protest,51.8,-4.8,101.0
2026-01-18,Taiwan,crisis,61.4,-5.0,111.6
2026-01-18,Taiwan,negativity,57.9,-5.7,111.8
2026-01-19,Taiwan,protest,55.0,-5.2,102.9
2026-01-19,Taiwan,crisis,61.3,-6.1,106.4
2026-01-19,Taiwan,negativity,59.0,-5.9,122.1
2026-01-20,Taiwan,protest,55.2,-4.8,109.1
2026-01-20,Taiwan,crisis,60.4,-4.8,120.8
2026-01-20,Taiwan,negativity,60.6,-5.5,118.7
2026-01-21,Taiwan,protest,56.2,-4.9,106.1
2026-01-21,Taiwan,crisis,64.2,-5.4,130.0
2026-01-21,Taiwan,negativity,62.8,-6.0,118.8
2026-01-22,Taiwan,protest,59.2,-5.7,101.5
2026-01-22,Taiwan,crisis,63.3,-6.5,115.0
2026-01-22,Taiwan,negativity,64.5,-6.0,120.7
2026-01-23,Taiwan,protest,60.6,-5.3,105.5
2026-01-23,Taiwan,crisis,63.6,-6.1,110.8
2026-01-23,Taiwan,negativity,63.1,-5.4,124.8
2026-01-24,Taiwan,protest,57.7,-5.4,101.7
2026-01-24,Taiwan,crisis,64.6,-6.4,124.9
2026-01-24,Taiwan,negativity,61.3,-5.6,114.6
2026-01-25,Taiwan,protest,57.6,-4.8,119.9
2026-01-25,Taiwan,crisis,61.2,-5.5,118.3
2026-01-25,Taiwan,negativity,57.9,-5.3,101.2
2026-01-26,Taiwan,protest,57.3,-5.8,99.5
2026-01-26,Taiwan,crisis,66.1,-6.3,114.9
2026-01-26,Taiwan,negativity,61.4,-5.8,108.1
2026-01-27,Taiwan,protest,57.8,-5.8,102.2
2026-01-27,Taiwan,crisis,66.1,-5.5,118.6
2026-01-27,Taiwan,negativity,62.3,-5.3,112.7
2026-01-28,Taiwan,protest,62.7,-5.0,113.1
2026-01-28,Taiwan,crisis,68.0,-5.7,128.5
2026-01-28,Taiwan,negativity,64.6,-5.9,116.5
2026-01-29,Taiwan,protest,63.2,-6.4,127.6
2026-01-29,Taiwan,crisis,71.4,-6.3,141.0
2026-01-29,Taiwan,negativity,63.4,-6.1,113.5
2026-01-30,Taiwan,protest,61.5,-5.0,111.2
2026-01-30,Taiwan,crisis,69.1,-6.0,136.5
2026-01-30,Taiwan,negativity,64.8,-6.4,126.1
2026-01-31,Taiwan,protest,61.9,-5.1,105.4
2026-01-31,Taiwan,crisis,66.6,-6.5,128.5
2026-01-31,Taiwan,negativity,66.3,-5.6,122.2
2026-02-01,Taiwan,protest,62.6,-5.4,127.8
2026-02-01,Taiwan,crisis,68.4,-6.6,121.7
2026-02-01,Taiwan,negativity,64.2,-5.3,126.6
2026-02-02,Taiwan,protest,60.8,-5.5,124.8
2026-02-02,Taiwan,crisis,68.6,-6.2,123.1
2026-02-02,Taiwan,negativity,65.8,-5.8,121.5
2026-02-03,Taiwan,protest,63.6,-5.1,123.1
2026-02-03,Taiwan,crisis,69.0,-6.5,137.6
2026-02-03,Taiwan,negativity,65.5,-5.5,129.2
2026-02-04,Taiwan,protest,67.1,-5.9,133.9
2026-02-04,Taiwan,crisis,70.4,-7.1,131.6
2026-02-04,Taiwan,negativity,67.7,-6.8,124.8
2026-02-05,Taiwan,protest,63.4,-5.5,115.7
2026-02-05,Taiwan,crisis,73.2,-6.4,138.5
2026-02-05,Taiwan,negativity,69.0,-5.8,119.9
2026-02-06,Taiwan,protest,67.3,-6.7,132.6
2026-02-06,Taiwan,crisis,71.5,-7.2,140.7
2026-02-06,Taiwan,negativity,69.8,-6.4,137.1
2026-02-07,Taiwan,protest,64.7,-6.1,118.3
2026-02-07,Taiwan,crisis,69.8,-7.0,128.6
2026-02-07,Taiwan,negativity,65.9,-6.2,115.9
2026-02-08,Taiwan,protest,65.5,-5.7,112.5
2026-02-08,Taiwan,crisis,69.1,-6.1,124.3
2026-02-08,Taiwan,negativity,65.5,-5.5,125.4
2026-02-09,Taiwan,protest,62.8,-5.1,106.7
2026-02-09,Taiwan,crisis,71.1,-6.2,137.1
2026-02-09,Taiwan,negativity,70.1,-5.9,137.5
2026-02-10,Taiwan,protest,68.4,-6.3,137.3
2026-02-10,Taiwan,crisis,75.5,-6.7,136.2
2026-02-10,Taiwan,negativity,72.1,-6.7,137.6
2026-02-11,Taiwan,protest,66.2,-5.7,133.3
2026-02-11,Taiwan,crisis,75.5,-6.4,147.4
2026-02-11,Taiwan,negativity,73.6,-6.7,140.1
2026-02-12,Taiwan,protest,69.2,-6.1,133.2
2026-02-12,Taiwan,crisis,77.9,-7.0,151.3
2026-02-12,Taiwan,negativity,72.6,-6.9,132.6
2026-02-13,Taiwan,protest,66.1,-6.5,128.2
2026-02-13,Taiwan,crisis,77.2,-6.7,130.1
2026-02-13,Taiwan,negativity,72.2,-6.5,122.7
2026-02-14,Taiwan,protest,68.3,-6.0,133.7
2026-02-14,Taiwan,crisis,71.9,-6.8,122.8
2026-02-14,Taiwan,negativity,70.0,-5.7,130.7
2026-02-15,Taiwan,protest,64.7,-6.2,122.5
2026-02-15,Taiwan,crisis,74.5,-6.5,138.8
2026-02-15,Taiwan,negativity,70.7,-7.1,121.8
2026-02-16,Taiwan,protest,65.6,-5.3,131.4
2026-02-16,Taiwan,crisis,75.3,-7.0,137.5
2026-02-16,Taiwan,negativity,68.5,-6.7,122.5
2026-02-17,Taiwan,protest,69.3,-6.8,131.3
2026-02-17,Taiwan,crisis,78.2,-6.9,132.5
2026-02-17,Taiwan,negativity,72.6,-6.1,143.5
2026-02-18,Taiwan,protest,68.0,-6.9,119.2
2026-02-18,Taiwan,crisis,78.3,-7.0,138.5
2026-02-18,Taiwan,negativity,72.6,-6.4,136.8
2026-02-19,Taiwan,protest,72.8,-7.1,122.5
2026-02-19,Taiwan,crisis,76.4,-7.2,144.3
2026-02-19,Taiwan,negativity,74.9,-6.7,134.0
2026-02-20,Taiwan,protest,68.9,-6.2,137.7
2026-02-20,Taiwan,crisis,78.7,-7.3,142.7
2026-02-20,Taiwan,negativity,74.1,-6.2,125.3
2026-02-21,Taiwan,protest,69.6,-5.8,127.3
2026-02-21,Taiwan,crisis,75.1,-7.2,144.4
2026-02-21,Taiwan,negativity,73.5,-6.2,142.4
2026-02-22,Taiwan,protest,65.3,-6.3,114.3
2026-02-22,Taiwan,crisis,73.3,-6.0,135.0
2026-02-22,Taiwan,negativity,71.0,-5.8,129.7
2026-02-23,Taiwan,protest,66.2,-5.9,133.3
2026-02-23,Taiwan,crisis,75.3,-6.7,145.9
2026-02-23,Taiwan,negativity,70.5,-7.0,127.6
2026-02-24,Taiwan,protest,67.2,-5.6,116.4
2026-02-24,Taiwan,crisis,77.5,-6.6,150.9
2026-02-24,Taiwan,negativity,73.5,-6.1,142.4
2026-02-25,Taiwan,protest,72.7,-6.1,135.7
2026-02-25,Taiwan,crisis,80.4,-7.6,141.4
2026-02-25,Taiwan,negativity,76.4,-7.1,131.7
2026-02-26,Taiwan,protest,71.8,-6.7,139.5
2026-02-26,Taiwan,crisis,76.9,-6.4,138.6
2026-02-26,Taiwan,negativity,73.2,-6.4,132.3
2026-02-27,Taiwan,protest,70.4,-6.8,134.7
2026-02-27,Taiwan,crisis,77.1,-7.4,136.6
2026-02-27,Taiwan,negativity,75.0,-6.7,145.4
2026-02-28,Taiwan,protest,69.9,-6.6,119.3
2026-02-28,Taiwan,crisis,76.1,-6.9,148.4
2026-02-28,Taiwan,negativity,74.6,-6.2,127.7
2026-03-01,Taiwan,protest,67.0,-6.4,116.0
2026-03-01,Taiwan,crisis,74.8,-6.7,141.8
2026-03-01,Taiwan,negativity,69.5,-5.8,136.0
2026-03-02,Taiwan,protest,68.9,-6.2,135.5
2026-03-02,Taiwan,crisis,73.0,-6.7,126.8
2026-03-02,Taiwan,negativity,71.1,-6.1,125.5
2026-03-03,Taiwan,protest,70.2,-6.7,119.5
2026-03-03,Taiwan,crisis,74.8,-7.3,133.1
2026-03-03,Taiwan,negativity,71.7,-6.7,121.7
2026-03-04,Taiwan,protest,71.7,-6.0,128.1
2026-03-04,Taiwan,crisis,76.8,-7.4,149.2
2026-03-04,Taiwan,negativity,72.6,-7.1,128.7
2026-03-05,Taiwan,protest,68.4,-6.7,117.2
2026-03-05,Taiwan,crisis,79.0,-7.7,145.6
2026-03-05,Taiwan,negativity,72.9,-7.2,129.1
2026-03-06,Taiwan,protest,66.7,-5.6,116.2
2026-03-06,Taiwan,crisis,75.9,-6.8,143.3
2026-03-06,Taiwan,negativity,72.8,-6.8,142.0
2026-03-07,Taiwan,protest,66.5,-5.7,123.2
2026-03-07,Taiwan,crisis,75.0,-7.0,126.4
2026-03-07,Taiwan,negativity,70.6,-7.1,140.7
2026-03-08,Taiwan,protest,67.1,-5.7,130.1
2026-03-08,Taiwan,crisis,73.0,-6.6,143.2
2026-03-08,Taiwan,negativity,67.1,-6.3,133.2
2026-03-09,Taiwan,protest,65.6,-5.8,129.7
2026-03-09,Taiwan,crisis,70.3,-7.1,128.1
2026-03-09,Taiwan,negativity,69.8,-6.2,139.0
2026-03-10,Taiwan,protest,64.8,-6.5,122.9
2026-03-10,Taiwan,crisis,75.9,-7.2,143.4
2026-03-10,Taiwan,negativity,71.9,-6.0,135.6
2026-03-11,Taiwan,protest,69.0,-6.2,116.7
2026-03-11,Taiwan,crisis,77.0,-6.4,144.1
2026-03-11,Taiwan,negativity,70.7,-5.7,121.2
2026-03-12,Taiwan,protest,67.8,-5.8,128.7
2026-03-12,Taiwan,crisis,73.9,-7.3,127.4
2026-03-12,Taiwan,negativity,70.5,-6.9,119.1
2026-03-13,Taiwan,protest,67.4,-6.4,134.1
2026-03-13,Taiwan,crisis,71.4,-6.4,125.7
2026-03-13,Taiwan,negativity,70.7,-6.5,135.6
2026-03-14,Taiwan,protest,65.0,-6.4,127.9
2026-03-14,Taiwan,crisis,70.9,-6.7,136.5
2026-03-14,Taiwan,negativity,66.3,-5.9,133.4
2026-03-15,Taiwan,protest,64.8,-5.6,131.4
2026-03-15,Taiwan,crisis,70.6,-6.5,136.0
2026-03-15,Taiwan,negativity,63.9,-6.1,108.6
2026-03-16,Taiwan,protest,64.6,-6.1,116.5
2026-03-16,Taiwan,crisis,71.3,-6.4,126.6
2026-03-16,Taiwan,negativity,64.2,-6.3,108.8
2026-03-17,Taiwan,protest,63.2,-6.3,122.9
2026-03-17,Taiwan,crisis,71.0,-5.9,127.4
2026-03-17,Taiwan,negativity,68.4,-6.4,119.9
2026-03-18,Taiwan,protest,63.8,-6.2,111.3
2026-03-18,Taiwan,crisis,70.8,-6.8,127.4
2026-03-18,Taiwan,negativity,68.1,-6.6,121.1
2026-03-19,Taiwan,protest,65.8,-5.4,123.0
2026-03-19,Taiwan,crisis,70.7,-7.1,138.6
2026-03-19,Taiwan,negativity,65.3,-6.3,126.6
2026-03-20,Taiwan,protest,60.3,-4.9,102.7
2026-03-20,Taiwan,crisis,67.1,-6.4,131.2
2026-03-20,Taiwan,negativity,65.9,-6.0,126.8
2026-03-21,Taiwan,protest,58.8,-6.0,109.5
2026-03-21,Taiwan,crisis,68.3,-5.8,133.6
2026-03-21,Taiwan,negativity,65.2,-6.3,119.6
2026-03-22,Taiwan,protest,58.1,-5.2,118.8
2026-03-22,Taiwan,crisis,64.9,-5.8,117.7
2026-03-22,Taiwan,negativity,64.2,-6.4,119.6
2026-03-23,Taiwan,protest,57.6,-4.9,111.1
2026-03-23,Taiwan,crisis,67.0,-6.4,120.4
2026-03-23,Taiwan,negativity,61.7,-6.1,119.3
2026-03-24,Taiwan,protest,60.2,-5.0,124.2
2026-03-24,Taiwan,crisis,64.4,-5.2,130.6
2026-03-24,Taiwan,negativity,62.1,-5.2,120.8
2026-03-25,Taiwan,protest,60.7,-5.7,111.9
2026-03-25,Taiwan,crisis,65.7,-5.8,112.7
2026-03-25,Taiwan,negativity,65.8,-6.3,121.2
2026-03-26,Taiwan,protest,59.4,-5.9,120.5
2026-03-26,Taiwan,crisis,68.1,-6.8,120.1
2026-03-26,Taiwan,negativity,63.2,-5.3,122.1
2026-03-27,Taiwan,protest,60.3,-5.5,121.1
2026-03-27,Taiwan,crisis,66.4,-6.3,130.0
2026-03-27,Taiwan,negativity,61.7,-5.0,115.9
2026-03-28,Taiwan,protest,58.3,-5.9,121.0
2026-03-28,Taiwan,crisis,63.5,-6.0,126.0
2026-03-28,Taiwan,negativity,59.6,-5.3,118.3
2026-03-29,Taiwan,protest,53.7,-5.0,113.5
2026-03-29,Taiwan,crisis,62.6,-6.2,116.4
2026-03-29,Taiwan,negativity,56.8,-5.9,97.3
2026-03-30,Taiwan,protest,56.5,-5.2,113.8
2026-03-30,Taiwan,crisis,62.6,-6.1,117.1
2026-03-30,Taiwan,negativity,56.5,-5.2,116.5
2026-03-31,Taiwan,protest,59.1,-5.3,105.0
2026-03-31,Taiwan,crisis,65.3,-5.5,126.6
2026-03-31,Taiwan,negativity,61.0,-5.3,110.7
2026-04-01,Taiwan,protest,56.2,-5.1,115.9
2026-04-01,Taiwan,crisis,62.6,-5.7,119.0
2026-04-01,Taiwan,negativity,60.5,-5.2,116.1
2026-04-02,Taiwan,protest,56.2,-5.8,108.8
2026-04-02,Taiwan,crisis,64.3,-5.7,128.5
2026-04-02,Taiwan,negativity,61.2,-5.6,107.0
2026-04-03,Taiwan,protest,57.4,-5.9,107.3
2026-04-03,Taiwan,crisis,62.8,-5.3,120.9
2026-04-03,Taiwan,negativity,60.3,-5.6,109.9
2026-04-04,Taiwan,protest,55.3,-4.6,94.7
2026-04-04,Taiwan,crisis,61.9,-5.0,125.6
2026-04-04,Taiwan,negativity,59.6,-5.9,114.1
2026-04-05,Taiwan,protest,53.3,-5.3,99.3
2026-04-05,Taiwan,crisis,57.3,-5.8,113.0
2026-04-05,Taiwan,negativity,57.6,-5.5,105.3
2026-04-06,Taiwan,protest,52.5,-5.2,105.0
2026-04-06,Taiwan,crisis,62.0,-6.1,110.6
2026-04-06,Taiwan,negativity,57.8,-4.7,107.1
2026-04-07,Taiwan,protest,56.4,-5.3,105.6
2026-04-07,Taiwan,crisis,60.2,-5.1,109.6
2026-04-07,Taiwan,negativity,58.0,-5.0,110.0
2026-04-08,Taiwan,protest,54.3,-4.8,114.0
2026-04-08,Taiwan,crisis,60.4,-5.6,116.9
2026-04-08,Taiwan,negativity,57.5,-5.7,104.7
2026-04-09,Taiwan,protest,54.6,-4.9,95.3
2026-04-09,Taiwan,crisis,65.2,-5.5,117.7
2026-04-09,Taiwan,negativity,58.8,-5.5,118.9
2026-04-10,Taiwan,protest,54.0,-5.4,103.8
2026-04-10,Taiwan,crisis,62.5,-5.1,117.1
2026-04-10,Taiwan,negativity,60.6,-5.1,122.9
2026-04-11,Taiwan,protest,56.0,-5.0,97.8
2026-04-11,Taiwan,crisis,61.4,-5.2,105.7
2026-04-11,Taiwan,negativity,57.7,-5.9,112.9
2026-04-12,Taiwan,protest,54.9,-4.6,111.3
2026-04-12,Taiwan,crisis,57.9,-4.7,116.6
2026-04-12,Taiwan,negativity,55.1,-4.5,95.7
2025-04-22,Poland,protest,41.5,-3.3,77.3
2025-04-22,Poland,crisis,46.1,-3.6,99.8
2025-04-22,Poland,negativity,46.2,-3.7,84.2
2025-04-23,Poland,protest,44.5,-3.4,93.4
2025-04-23,Poland,crisis,49.0,-5.2,103.2
2025-04-23,Poland,negativity,45.1,-4.7,78.6
2025-04-24,Poland,protest,45.1,-4.4,97.1
2025-04-24,Poland,crisis,52.1,-4.4,110.8
2025-04-24,Poland,negativity,47.0,-4.5,98.7
2025-04-25,Poland,protest,45.5,-3.6,94.4
2025-04-25,Poland,crisis,51.4,-4.9,94.1
2025-04-25,Poland,negativity,46.7,-4.2,95.4
2025-04-26,Poland,protest,41.6,-3.6,85.1
2025-04-26,Poland,crisis,45.9,-4.7,95.3
2025-04-26,Poland,negativity,45.2,-4.1,85.7
2025-04-27,Poland,protest,44.8,-3.5,93.9
2025-04-27,Poland,crisis,46.3,-4.0,86.6
2025-04-27,Poland,negativity,46.2,-4.6,90.6
2025-04-28,Poland,protest,44.0,-4.7,91.9
2025-04-28,Poland,crisis,49.4,-4.7,105.0
2025-04-28,Poland,negativity,44.8,-4.3,84.4
2025-04-29,Poland,protest,47.3,-4.2,101.8
2025-04-29,Poland,crisis,51.0,-5.1,98.4
2025-04-29,Poland,negativity,46.7,-4.6,85.1
2025-04-30,Poland,protest,47.1,-3.8,89.9
2025-04-30,Poland,crisis,52.7,-4.3,108.0
2025-04-30,Poland,negativity,50.6,-5.2,106.7
2025-05-01,Poland,protest,48.5,-5.0,87.8
2025-05-01,Poland,crisis,52.5,-4.6,97.3
2025-05-01,Poland,negativity,51.1,-4.8,95.7
2025-05-02,Poland,protest,45.3,-4.1,93.4
2025-05-02,Poland,crisis,51.4,-5.0,102.7
2025-05-02,Poland,negativity,48.7,-5.0,93.0
2025-05-03,Poland,protest,46.7,-4.6,81.1
2025-05-03,Poland,crisis,51.2,-4.1,108.4
2025-05-03,Poland,negativity,47.4,-3.7,87.9
2025-05-04,Poland,protest,44.4,-3.7,89.3
2025-05-04,Poland,crisis,46.6,-3.6,98.2
2025-05-04,Poland,negativity,45.1,-4.8,93.8
2025-05-05,Poland,protest,45.0,-4.4,97.4
2025-05-05,Poland,crisis,49.8,-4.1,85.8
2025-05-05,Poland,negativity,46.6,-4.0,94.4
2025-05-06,Poland,protest,44.6,-4.4,90.3
2025-05-06,Poland,crisis,49.7,-4.7,95.4
2025-05-06,Poland,negativity,46.6,-3.8,90.8
2025-05-07,Poland,protest,46.7,-4.2,101.2
2025-05-07,Poland,crisis,54.8,-5.6,97.6
2025-05-07,Poland,negativity,52.7,-4.6,99.4
2025-05-08,Poland,protest,49.0,-5.1,95.5
2025-05-08,Poland,crisis,53.2,-5.3,109.9
2025-05-08,Poland,negativity,48.7,-4.2,90.5
2025-05-09,Poland,protest,45.8,-4.0,88.3
2025-05-09,Poland,crisis,51.2,-4.5,90.5
2025-05-09,Poland,negativity,50.0,-4.5,103.8
2025-05-10,Poland,protest,47.5,-3.9,102.6
2025-05-10,Poland,crisis,51.9,-4.9,104.3
2025-05-10,Poland,negativity,49.2,-4.4,103.0
2025-05-11,Poland,protest,45.1,-3.8,97.2
2025-05-11,Poland,crisis,50.1,-4.6,100.4
2025-05-11,Poland,negativity,49.7,-3.9,89.3
2025-05-12,Poland,protest,43.1,-4.1,89.1
2025-05-12,Poland,crisis,49.6,-4.9,93.1
2025-05-12,Poland,negativity,47.6,-5.0,89.1
2025-05-13,Poland,protest,46.0,-3.7,81.3
2025-05-13,Poland,crisis,51.7,-5.2,97.8
2025-05-13,Poland,negativity,49.9,-4.9,101.5
2025-05-14,Poland,protest,47.1,-5.0,96.1
2025-05-14,Poland,crisis,53.3,-4.2,93.1
2025-05-14,Poland,negativity,50.5,-5.0,87.2
2025-05-15,Poland,protest,48.0,-3.7,86.1
2025-05-15,Poland,crisis,55.3,-5.5,95.9
2025-05-15,Poland,negativity,50.3,-4.9,87.9
2025-05-16,Poland,protest,47.5,-3.9,90.7
2025-05-16,Poland,crisis,54.5,-4.7,108.4
2025-05-16,Poland,negativity,51.7,-5.0,107.5
2025-05-17,Poland,protest,48.4,-4.2,89.9
2025-05-17,Poland,crisis,51.0,-4.0,98.5
2025-05-17,Poland,negativity,49.1,-3.9,87.3
2025-05-18,Poland,protest,44.9,-4.7,86.5
2025-05-18,Poland,crisis,51.1,-5.3,88.7
2025-05-18,Poland,negativity,48.1,-4.0,97.3
2025-05-19,Poland,protest,46.2,-4.8,80.1
2025-05-19,Poland,crisis,52.7,-5.0,110.7
2025-05-19,Poland,negativity,46.8,-4.9,94.3
2025-05-20,Poland,protest,46.2,-4.0,84.7
2025-05-20,Poland,crisis,54.0,-5.2,97.5
2025-05-20,Poland,negativity,48.3,-4.5,90.6
2025-05-21,Poland,protest,46.1,-4.0,85.9
2025-05-21,Poland,crisis,51.1,-4.6,99.8
2025-05-21,Poland,negativity,51.4,-5.1,90.9
2025-05-22,Poland,protest,48.7,-4.2,102.1
2025-05-22,Poland,crisis,54.5,-4.4,113.2
2025-05-22,Poland,negativity,52.8,-4.5,92.7
2025-05-23,Poland,protest,46.7,-3.7,96.4
2025-05-23,Poland,crisis,54.1,-5.2,114.1
2025-05-23,Poland,negativity,47.5,-4.3,91.1
2025-05-24,Poland,protest,44.3,-4.4,77.7
2025-05-24,Poland,crisis,48.1,-4.4,83.3
2025-05-24,Poland,negativity,48.3,-3.7,94.2
2025-05-25,Poland,protest,43.6,-4.5,90.1
2025-05-25,Poland,crisis,46.9,-4.3,85.3
2025-05-25,Poland,negativity,48.3,-3.7,101.7
2025-05-26,Poland,protest,46.0,-4.3,86.6
2025-05-26,Poland,crisis,47.5,-4.7,86.2
2025-05-26,Poland,negativity,48.4,-4.5,84.6
2025-05-27,Poland,protest,46.8,-4.7,92.5
2025-05-27,Poland,crisis,52.7,-4.6,98.7
2025-05-27,Poland,negativity,50.6,-4.6,100.4
2025-05-28,Poland,protest,47.4,-4.1,99.6
2025-05-28,Poland,crisis,50.7,-3.9,95.5
2025-05-28,Poland,negativity,48.0,-4.6,101.8
2025-05-29,Poland,protest,46.8,-3.6,98.9
2025-05-29,Poland,crisis,53.4,-4.4,105.0
2025-05-29,Poland,negativity,47.5,-4.6,86.5
2025-05-30,Poland,protest,47.3,-4.2,97.1
2025-05-30,Poland,crisis,51.9,-4.8,98.4
2025-05-30,Poland,negativity,48.4,-4.2,104.5
2025-05-31,Poland,protest,42.7,-4.1,84.4
2025-05-31,Poland,crisis,47.3,-3.9,103.3
2025-05-31,Poland,negativity,46.7,-4.7,89.4
2025-06-01,Poland,protest,42.6,-4.0,84.2
2025-06-01,Poland,crisis,45.6,-4.6,86.5
2025-06-01,Poland,negativity,45.3,-4.5,98.8
2025-06-02,Poland,protest,44.1,-3.5,85.0
2025-06-02,Poland,crisis,47.0,-4.4,81.9
2025-06-02,Poland,negativity,46.6,-4.9,95.9
2025-06-03,Poland,protest,44.7,-3.6,92.3
2025-06-03,Poland,crisis,49.6,-4.2,102.5
2025-06-03,Poland,negativity,47.8,-4.1,99.0
2025-06-04,Poland,protest,45.6,-4.8,96.9
2025-06-04,Poland,crisis,52.0,-4.4,106.6
2025-06-04,Poland,negativity,45.9,-3.7,90.0
2025-06-05,Poland,protest,44.7,-3.4,87.7
2025-06-05,Poland,crisis,51.6,-4.8,108.6
2025-06-05,Poland,negativity,46.3,-3.8,98.1
2025-06-06,Poland,protest,43.3,-4.2,85.8
2025-06-06,Poland,crisis,47.3,-4.8,86.5
2025-06-06,Poland,negativity,46.4,-3.8,97.6
2025-06-07,Poland,protest,40.6,-4.1,83.9
2025-06-07,Poland,crisis,47.4,-4.1,101.2
2025-06-07,Poland,negativity,47.0,-3.7,91.0
2025-06-08,Poland,protest,38.9,-3.7,77.9
2025-06-08,Poland,crisis,43.6,-4.5,81.4
2025-06-08,Poland,negativity,45.7,-3.9,91.1
2025-06-09,Poland,protest,42.0,-3.8,77.3
2025-06-09,Poland,crisis,48.1,-4.0,96.0
2025-06-09,Poland,negativity,42.8,-3.4,86.0
2025-06-10,Poland,protest,43.9,-3.9,85.5
2025-06-10,Poland,crisis,49.1,-4.9,86.0
2025-06-10,Poland,negativity,43.2,-3.5,80.5
2025-06-11,Poland,protest,42.0,-3.5,75.4
2025-06-11,Poland,crisis,46.7,-4.3,87.2
2025-06-11,Poland,negativity,46.9,-3.8,85.6
2025-06-12,Poland,protest,43.5,-3.4,90.7
2025-06-12,Poland,crisis,49.3,-5.1,98.7
2025-06-12,Poland,negativity,46.4,-3.9,90.2
2025-06-13,Poland,protest,42.8,-3.4,80.3
2025-06-13,Poland,crisis,49.4,-4.3,103.3
2025-06-13,Poland,negativity,45.7,-4.3,97.5
2025-06-14,Poland,protest,41.3,-3.5,74.2
2025-06-14,Poland,crisis,46.7,-4.1,100.7
2025-06-14,Poland,negativity,40.9,-3.6,72.2
2025-06-15,Poland,protest,40.0,-4.3,85.7
2025-06-15,Poland,crisis,41.6,-3.6,78.3
2025-06-15,Poland,negativity,39.5,-3.5,82.2
2025-06-16,Poland,protest,38.8,-4.1,85.1
2025-06-16,Poland,crisis,45.6,-4.8,87.0
2025-06-16,Poland,negativity,41.4,-3.9,87.3
2025-06-17,Poland,protest,42.5,-3.6,74.1
2025-06-17,Poland,crisis,43.3,-3.8,93.2
2025-06-17,Poland,negativity,41.1,-3.6,77.7
2025-06-18,Poland,protest,44.0,-4.6,84.5
2025-06-18,Poland,crisis,44.5,-4.0,96.0
2025-06-18,Poland,negativity,42.2,-4.0,86.1
2025-06-19,Poland,protest,40.5,-3.6,83.1
2025-06-19,Poland,crisis,47.4,-4.4,89.4
2025-06-19,Poland,negativity,44.7,-3.7,91.0
2025-06-20,Poland,protest,41.7,-3.5,90.7
2025-06-20,Poland,crisis,43.6,-3.4,77.5
2025-06-20,Poland,negativity,45.2,-3.8,95.6
2025-06-21,Poland,protest,41.8,-3.9,89.5
2025-06-21,Poland,crisis,41.7,-3.4,75.5
2025-06-21,Poland,negativity,42.3,-3.8,88.3
2025-06-22,Poland,protest,40.6,-4.1,84.2
2025-06-22,Poland,crisis,40.7,-3.5,83.3
2025-06-22,Poland,negativity,40.7,-4.0,85.1
2025-06-23,Poland,protest,38.9,-3.8,81.8
2025-06-23,Poland,crisis,41.5,-4.1,92.8
2025-06-23,Poland,negativity,39.2,-4.1,74.9
2025-06-24,Poland,protest,38.2,-3.9,81.3
2025-06-24,Poland,crisis,45.5,-3.5,84.4
2025-06-24,Poland,negativity,43.1,-3.9,76.6
2025-06-25,Poland,protest,39.8,-4.1,81.8
2025-06-25,Poland,crisis,47.9,-5.0,91.2
2025-06-25,Poland,negativity,45.3,-3.5,89.1
2025-06-26,Poland,protest,41.5,-4.3,78.2
2025-06-26,Poland,crisis,45.2,-4.3,99.0
2025-06-26,Poland,negativity,41.6,-4.4,82.2
2025-06-27,Poland,protest,40.5,-3.0,71.8
2025-06-27,Poland,crisis,46.8,-4.2,92.1
2025-06-27,Poland,negativity,44.1,-3.7,96.0
2025-06-28,Poland,protest,37.0,-3.6,74.1
2025-06-28,Poland,crisis,43.7,-4.6,92.7
2025-06-28,Poland,negativity,38.7,-3.3,88.3
2025-06-29,Poland,protest,39.5,-4.2,76.0
2025-06-29,Poland,crisis,41.0,-3.3,86.0
2025-06-29,Poland,negativity,39.2,-4.0,71.4
2025-06-30,Poland,protest,37.5,-3.0,83.3
2025-06-30,Poland,crisis,42.2,-4.5,79.8
2025-06-30,Poland,negativity,39.1,-2.9,73.2
2025-07-01,Poland,protest,38.8,-3.4,77.4
2025-07-01,Poland,crisis,46.2,-4.1,93.1
2025-07-01,Poland,negativity,43.8,-4.6,77.5
2025-07-02,Poland,protest,42.6,-4.0,92.1
2025-07-02,Poland,crisis,47.5,-4.5,86.2
2025-07-02,Poland,negativity,42.0,-3.5,76.6
2025-07-03,Poland,protest,39.5,-3.9,70.5
2025-07-03,Poland,crisis,44.7,-4.0,93.8
2025-07-03,Poland,negativity,45.1,-4.6,82.7
2025-07-04,Poland,protest,42.5,-4.2,93.1
2025-07-04,Poland,crisis,44.6,-3.7,77.5
2025-07-04,Poland,negativity,43.1,-3.8,90.9
2025-07-05,Poland,protest,39.5,-3.8,84.5
2025-07-05,Poland,crisis,43.0,-4.0,78.1
2025-07-05,Poland,negativity,39.5,-4.0,73.3
2025-07-06,Poland,protest,37.0,-3.1,80.0
2025-07-06,Poland,crisis,41.6,-4.3,80.9
2025-07-06,Poland,negativity,40.1,-3.5,77.3
2025-07-07,Poland,protest,39.8,-3.6,76.6
2025-07-07,Poland,crisis,40.7,-3.7,72.7
2025-07-07,Poland,negativity,43.0,-4.3,91.4
2025-07-08,Poland,protest,39.0,-3.9,86.9
2025-07-08,Poland,crisis,43.5,-4.3,77.4
2025-07-08,Poland,negativity,43.0,-4.1,93.8
2025-07-09,Poland,protest,42.9,-3.3,75.4
2025-07-09,Poland,crisis,47.1,-4.3,96.1
2025-07-09,Poland,negativity,46.3,-4.8,97.0
2025-07-10,Poland,protest,41.9,-4.1,78.0
2025-07-10,Poland,crisis,44.8,-4.7,81.0
2025-07-10,Poland,negativity,45.1,-4.3,79.1
2025-07-11,Poland,protest,41.0,-3.9,80.9
2025-07-11,Poland,crisis,47.9,-3.9,84.0
2025-07-11,Poland,negativity,44.8,-3.8,80.5
2025-07-12,Poland,protest,41.2,-4.1,81.4
2025-07-12,Poland,crisis,46.0,-3.6,89.2
2025-07-12,Poland,negativity,43.7,-3.5,78.2
2025-07-13,Poland,protest,37.1,-3.8,80.1
2025-07-13,Poland,crisis,43.1,-4.3,93.0
2025-07-13,Poland,negativity,41.9,-4.0,73.3
2025-07-14,Poland,protest,38.7,-3.6,80.4
2025-07-14,Poland,crisis,43.0,-3.4,91.4
2025-07-14,Poland,negativity,43.3,-3.5,87.6
2025-07-15,Poland,protest,40.5,-3.5,82.4
2025-07-15,Poland,crisis,45.4,-3.7,86.3
2025-07-15,Poland,negativity,42.5,-3.2,91.9
2025-07-16,Poland,protest,42.1,-4.0,74.6
2025-07-16,Poland,crisis,45.3,-4.6,92.7
2025-07-16,Poland,negativity,47.1,-3.8,95.9
2025-07-17,Poland,protest,43.7,-3.9,93.6
2025-07-17,Poland,crisis,46.2,-4.5,93.4
2025-07-17,Poland,negativity,45.8,-4.0,97.1
2025-07-18,Poland,protest,40.7,-3.1,72.0
2025-07-18,Poland,crisis,47.2,-4.1,85.1
2025-07-18,Poland,negativity,45.0,-4.0,89.2
2025-07-19,Poland,protest,39.4,-3.8,80.3
2025-07-19,Poland,crisis,43.8,-4.1,91.3
2025-07-19,Poland,negativity,42.7,-3.8,94.2
2025-07-20,Poland,protest,42.7,-3.2,91.8
2025-07-20,Poland,crisis,44.3,-3.9,87.6
2025-07-20,Poland,negativity,43.1,-4.5,89.0
2025-07-21,Poland,protest,43.5,-3.7,76.2
2025-07-21,Poland,crisis,47.0,-4.3,97.7
2025-07-21,Poland,negativity,45.9,-3.8,93.8
2025-07-22,Poland,protest,44.9,-4.8,79.5
2025-07-22,Poland,crisis,46.4,-3.9,101.7
2025-07-22,Poland,negativity,43.8,-4.0,97.9
2025-07-23,Poland,protest,43.6,-4.0,85.5
2025-07-23,Poland,crisis,50.8,-4.5,88.5
2025-07-23,Poland,negativity,45.5,-4.7,82.4
2025-07-24,Poland,protest,42.9,-3.6,78.2
2025-07-24,Poland,crisis,51.3,-4.1,107.1
2025-07-24,Poland,negativity,46.4,-4.9,97.0
2025-07-25,Poland,protest,43.9,-3.7,86.4
2025-07-25,Poland,crisis,49.7,-4.2,86.9
2025-07-25,Poland,negativity,46.3,-4.8,91.5
2025-07-26,Poland,protest,43.2,-4.3,82.2
2025-07-26,Poland,crisis,46.0,-4.0,98.3
2025-07-26,Poland,negativity,47.8,-4.9,95.3
2025-07-27,Poland,protest,44.7,-3.7,83.7
2025-07-27,Poland,crisis,48.7,-4.8,93.6
2025-07-27,Poland,negativity,46.2,-4.5,100.1
2025-07-28,Poland,protest,44.4,-3.8,97.9
2025-07-28,Poland,crisis,49.5,-4.9,98.5
2025-07-28,Poland,negativity,43.7,-4.2,91.8
2025-07-29,Poland,protest,44.1,-3.7,92.6
2025-07-29,Poland,crisis,47.7,-4.5,89.5
2025-07-29,Poland,negativity,48.6,-5.0,96.4
2025-07-30,Poland,protest,48.0,-4.0,92.5
2025-07-30,Poland,crisis,49.2,-4.9,100.1
2025-07-30,Poland,negativity,49.9,-4.5,100.1
2025-07-31,Poland,protest,48.9,-4.1,89.9
2025-07-31,Poland,crisis,50.6,-4.7,86.9
2025-07-31,Poland,negativity,50.6,-4.9,89.6
2025-08-01,Poland,protest,46.9,-3.9,92.2
2025-08-01,Poland,crisis,51.1,-4.6,101.0
2025-08-01,Poland,negativity,49.9,-4.5,104.7
2025-08-02,Poland,protest,42.8,-4.1,85.0
2025-08-02,Poland,crisis,50.4,-4.4,103.7
2025-08-02,Poland,negativity,49.4,-4.2,90.2
2025-08-03,Poland,protest,42.6,-4.1,93.4
2025-08-03,Poland,crisis,47.5,-4.2,83.1
2025-08-03,Poland,negativity,45.6,-4.2,88.4
2025-08-04,Poland,protest,46.5,-4.5,100.7
2025-08-04,Poland,crisis,51.2,-4.0,96.8
2025-08-04,Poland,negativity,44.7,-4.7,97.1
2025-08-05,Poland,protest,47.7,-4.5,104.3
2025-08-05,Poland,crisis,51.0,-4.3,105.1
2025-08-05,Poland,negativity,48.3,-4.7,97.0
2025-08-06,Poland,protest,46.9,-4.8,93.4
2025-08-06,Poland,crisis,53.9,-5.2,111.7
2025-08-06,Poland,negativity,50.6,-5.0,105.2
2025-08-07,Poland,protest,49.8,-5.1,95.1
2025-08-07,Poland,crisis,55.7,-4.6,115.1
2025-08-07,Poland,negativity,50.8,-4.4,97.9
2025-08-08,Poland,protest,45.1,-4.1,94.0
2025-08-08,Poland,crisis,54.3,-4.5,102.0
2025-08-08,Poland,negativity,49.4,-4.5,102.3
2025-08-09,Poland,protest,46.2,-3.7,94.7
2025-08-09,Poland,crisis,53.4,-5.0,104.6
2025-08-09,Poland,negativity,46.4,-3.5,92.3
2025-08-10,Poland,protest,44.1,-3.5,84.2
2025-08-10,Poland,crisis,50.9,-5.0,102.8
2025-08-10,Poland,negativity,47.3,-4.0,93.8
2025-08-11,Poland,protest,47.3,-4.4,102.1
2025-08-11,Poland,crisis,48.9,-4.6,86.5
2025-08-11,Poland,negativity,46.3,-3.9,83.1
2025-08-12,Poland,protest,47.5,-3.9,95.3
2025-08-12,Poland,crisis,52.8,-4.2,109.3
2025-08-12,Poland,negativity,49.9,-5.0,94.2
2025-08-13,Poland,protest,48.5,-4.0,83.8
2025-08-13,Poland,crisis,54.0,-5.6,112.7
2025-08-13,Poland,negativity,51.2,-5.2,98.9
2025-08-14,Poland,protest,51.1,-4.5,90.6
2025-08-14,Poland,crisis,56.2,-4.7,117.8
2025-08-14,Poland,negativity,53.4,-5.2,94.2
2025-08-15,Poland,protest,47.0,-4.8,96.1
2025-08-15,Poland,crisis,55.4,-4.4,102.3
2025-08-15,Poland,negativity,50.3,-3.9,97.2
2025-08-16,Poland,protest,44.6,-4.1,78.5
2025-08-16,Poland,crisis,50.0,-4.4,88.5
2025-08-16,Poland,negativity,51.3,-5.1,89.0
2025-08-17,Poland,protest,47.4,-4.1,101.9
2025-08-17,Poland,crisis,49.3,-4.5,100.6
2025-08-17,Poland,negativity,49.9,-4.0,104.2
2025-08-18,Poland,protest,46.8,-4.8,100.9
2025-08-18,Poland,crisis,49.8,-4.5,99.0
2025-08-18,Poland,negativity,49.5,-4.1,103.4
2025-08-19,Poland,protest,47.6,-4.9,83.8
2025-08-19,Poland,crisis,54.1,-5.5,95.0
2025-08-19,Poland,negativity,51.5,-4.8,94.2
2025-08-20,Poland,protest,47.8,-4.1,95.7
2025-08-20,Poland,crisis,53.8,-4.4,106.3
2025-08-20,Poland,negativity,53.4,-4.7,107.6
2025-08-21,Poland,protest,49.7,-4.9,99.7
2025-08-21,Poland,crisis,56.6,-4.9,97.8
2025-08-21,Poland,negativity,50.3,-4.9,89.1
2025-08-22,Poland,protest,47.8,-4.9,103.6
2025-08-22,Poland,crisis,55.7,-5.7,113.0
2025-08-22,Poland,negativity,51.2,-4.8,99.7
2025-08-23,Poland,protest,45.4,-3.7,80.6
2025-08-23,Poland,crisis,53.3,-4.2,107.5
2025-08-23,Poland,negativity,50.6,-4.5,105.2
2025-08-24,Poland,protest,47.2,-3.8,85.3
2025-08-24,Poland,crisis,48.4,-3.8,99.7
2025-08-24,Poland,negativity,47.4,-4.8,87.6
2025-08-25,Poland,protest,45.6,-4.0,81.6
2025-08-25,Poland,crisis,51.9,-4.6,89.9
2025-08-25,Poland,negativity,46.7,-4.3,91.4
2025-08-26,Poland,protest,46.2,-3.8,95.1
2025-08-26,Poland,crisis,51.5,-5.1,91.6
2025-08-26,Poland,negativity,50.5,-4.0,87.1
2025-08-27,Poland,protest,49.2,-4.8,88.7
2025-08-27,Poland,crisis,54.6,-5.6,111.6
2025-08-27,Poland,negativity,51.7,-4.6,107.7
2025-08-28,Poland,protest,48.3,-3.9,85.4
2025-08-28,Poland,crisis,52.1,-4.2,90.0
2025-08-28,Poland,negativity,53.0,-4.2,106.1
2025-08-29,Poland,protest,48.6,-4.0,96.5
2025-08-29,Poland,crisis,52.1,-4.1,99.1
2025-08-29,Poland,negativity,51.8,-4.6,88.9
2025-08-30,Poland,protest,44.7,-3.9,83.3
2025-08-30,Poland,crisis,49.1,-4.4,102.0
2025-08-30,Poland,negativity,48.6,-4.3,90.9
2025-08-31,Poland,protest,45.5,-4.8,82.3
2025-08-31,Poland,crisis,49.8,-4.6,95.2
2025-08-31,Poland,negativity,47.2,-4.3,89.9
2025-09-01,Poland,protest,42.9,-3.6,92.4
2025-09-01,Poland,crisis,51.0,-5.0,94.5
2025-09-01,Poland,negativity,46.5,-4.0,101.0
2025-09-02,Poland,protest,46.0,-4.7,87.1
2025-09-02,Poland,crisis,51.5,-4.1,107.9
2025-09-02,Poland,negativity,50.8,-4.4,101.1
2025-09-03,Poland,protest,47.5,-4.6,87.2
2025-09-03,Poland,crisis,52.6,-4.7,101.3
2025-09-03,Poland,negativity,49.7,-4.9,96.6
2025-09-04,Poland,protest,48.7,-3.9,88.7
2025-09-04,Poland,crisis,51.6,-4.9,89.3
2025-09-04,Poland,negativity,48.7,-4.6,105.3
2025-09-05,Poland,protest,46.1,-4.0,99.5
2025-09-05,Poland,crisis,54.1,-5.0,94.6
2025-09-05,Poland,negativity,49.5,-4.8,94.1
2025-09-06,Poland,protest,47.4,-4.9,84.7
2025-09-06,Poland,crisis,51.0,-4.4,104.4
2025-09-06,Poland,negativity,47.0,-4.7,83.7
2025-09-07,Poland,protest,45.3,-3.9,94.7
2025-09-07,Poland,crisis,50.8,-4.8,95.0
2025-09-07,Poland,negativity,44.8,-3.8,94.3
2025-09-08,Poland,protest,45.2,-4.2,79.1
2025-09-08,Poland,crisis,47.3,-3.7,102.1
2025-09-08,Poland,negativity,49.3,-4.1,104.1
2025-09-09,Poland,protest,46.8,-4.8,85.0
2025-09-09,Poland,crisis,51.7,-5.2,95.6
2025-09-09,Poland,negativity,49.7,-4.6,95.0
2025-09-10,Poland,protest,48.5,-5.0,90.6
2025-09-10,Poland,crisis,50.7,-4.0,91.1
2025-09-10,Poland,negativity,49.9,-4.7,101.0
2025-09-11,Poland,protest,49.2,-4.4,104.1
2025-09-11,Poland,crisis,51.6,-5.3,104.9
2025-09-11,Poland,negativity,50.0,-4.2,92.8
2025-09-12,Poland,protest,45.6,-3.9,86.7
2025-09-12,Poland,crisis,50.7,-4.8,104.9
2025-09-12,Poland,negativity,50.2,-4.7,88.9
2025-09-13,Poland,protest,44.2,-3.6,88.3
2025-09-13,Poland,crisis,51.8,-4.6,94.2
2025-09-13,Poland,negativity,48.1,-4.4,101.9
2025-09-14,Poland,protest,44.2,-3.4,77.1
2025-09-14,Poland,crisis,47.0,-4.0,84.0
2025-09-14,Poland,negativity,46.7,-4.0,93.2
2025-09-15,Poland,protest,43.2,-3.7,93.9
2025-09-15,Poland,crisis,50.0,-4.2,89.5
2025-09-15,Poland,negativity,47.3,-4.7,93.3
2025-09-16,Poland,protest,43.7,-4.2,78.1
2025-09-16,Poland,crisis,50.0,-5.0,91.0
2025-09-16,Poland,negativity,46.7,-4.7,83.1
2025-09-17,Poland,protest,48.6,-4.6,95.5
2025-09-17,Poland,crisis,51.2,-4.6,93.6
2025-09-17,Poland,negativity,47.6,-3.7,103.7
2025-09-18,Poland,protest,48.5,-4.9,102.2
2025-09-18,Poland,crisis,54.1,-5.1,103.8
2025-09-18,Poland,negativity,52.7,-4.1,111.1
2025-09-19,Poland,protest,47.3,-4.6,89.2
2025-09-19,Poland,crisis,52.3,-4.9,111.4
2025-09-19,Poland,negativity,48.9,-4.0,85.4
2025-09-20,Poland,protest,46.0,-3.8,84.0
2025-09-20,Poland,crisis,51.0,-4.2,92.9
2025-09-20,Poland,negativity,49.0,-4.3,91.4
2025-09-21,Poland,protest,44.4,-4.7,81.8
2025-09-21,Poland,crisis,49.4,-4.8,97.0
2025-09-21,Poland,negativity,48.0,-4.4,98.7
2025-09-22,Poland,protest,44.9,-4.0,90.1
2025-09-22,Poland,crisis,48.0,-4.8,102.1
2025-09-22,Poland,negativity,48.9,-4.0,99.0
2025-09-23,Poland,protest,48.7,-4.9,85.4
2025-09-23,Poland,crisis,51.7,-5.2,100.4
2025-09-23,Poland,negativity,47.3,-4.5,95.7
2025-09-24,Poland,protest,48.7,-3.9,86.1
2025-09-24,Poland,crisis,53.6,-5.0,109.1
2025-09-24,Poland,negativity,51.7,-5.1,96.8
2025-09-25,Poland,protest,47.7,-4.4,95.0
2025-09-25,Poland,crisis,52.6,-4.6,94.0
2025-09-25,Poland,negativity,50.2,-4.9,100.7
2025-09-26,Poland,protest,45.3,-4.8,87.5
2025-09-26,Poland,crisis,52.9,-5.3,103.7
2025-09-26,Poland,negativity,47.7,-3.7,95.5
2025-09-27,Poland,protest,48.3,-4.9,99.3
2025-09-27,Poland,crisis,49.1,-4.7,106.6
2025-09-27,Poland,negativity,47.2,-4.2,95.3
2025-09-28,Poland,protest,46.9,-3.6,81.8
2025-09-28,Poland,crisis,51.8,-4.6,100.0
2025-09-28,Poland,negativity,48.4,-4.8,97.7
2025-09-29,Poland,protest,46.5,-3.9,87.2
2025-09-29,Poland,crisis,52.8,-5.1,104.3
2025-09-29,Poland,negativity,49.2,-5.1,90.2
2025-09-30,Poland,protest,47.1,-4.1,92.7
2025-09-30,Poland,crisis,51.5,-4.5,95.9
2025-09-30,Poland,negativity,48.3,-5.0,85.6
2025-10-01,Poland,protest,46.9,-4.0,87.7
2025-10-01,Poland,crisis,52.0,-4.7,99.1
2025-10-01,Poland,negativity,51.8,-4.5,100.7
2025-10-02,Poland,protest,51.6,-4.7,103.9
2025-10-02,Poland,crisis,52.4,-5.4,103.8
2025-10-02,Poland,negativity,50.9,-4.3,90.4
2025-10-03,Poland,protest,49.4,-5.0,85.6
2025-10-03,Poland,crisis,54.8,-4.8,103.2
2025-10-03,Poland,negativity,52.3,-4.2,90.1
2025-10-04,Poland,protest,46.1,-4.6,98.6
2025-10-04,Poland,crisis,53.7,-5.1,113.7
2025-10-04,Poland,negativity,50.1,-3.9,88.4
2025-10-05,Poland,protest,48.5,-4.6,105.4
2025-10-05,Poland,crisis,51.7,-4.7,96.2
2025-10-05,Poland,negativity,48.5,-4.7,105.3
2025-10-06,Poland,protest,44.8,-3.7,93.0
2025-10-06,Poland,crisis,53.0,-5.0,94.6
2025-10-06,Poland,negativity,49.9,-4.2,106.0
2025-10-07,Poland,protest,50.6,-5.1,107.3
2025-10-07,Poland,crisis,53.9,-4.9,109.2
2025-10-07,Poland,negativity,51.6,-4.9,103.5
2025-10-08,Poland,protest,51.8,-4.6,105.4
2025-10-08,Poland,crisis,55.8,-4.9,113.8
2025-10-08,Poland,negativity,51.3,-4.9,109.2
2025-10-09,Poland,protest,51.8,-4.4,89.8
2025-10-09,Poland,crisis,57.1,-4.8,99.3
2025-10-09,Poland,negativity,53.6,-5.4,113.0
2025-10-10,Poland,protest,49.2,-3.9,93.6
2025-10-10,Poland,crisis,54.9,-4.4,105.5
2025-10-10,Poland,negativity,53.8,-5.1,104.9
2025-10-11,Poland,protest,46.1,-4.5,87.7
2025-10-11,Poland,crisis,52.4,-4.3,93.5
2025-10-11,Poland,negativity,50.0,-4.3,104.8
2025-10-12,Poland,protest,45.1,-4.2,90.9
2025-10-12,Poland,crisis,50.7,-4.8,92.0
2025-10-12,Poland,negativity,49.9,-4.5,106.3
2025-10-13,Poland,protest,48.6,-4.3,91.0
2025-10-13,Poland,crisis,51.9,-4.8,106.5
2025-10-13,Poland,negativity,51.1,-4.1,95.5
2025-10-14,Poland,protest,49.4,-4.6,106.3
2025-10-14,Poland,crisis,55.4,-5.3,107.1
2025-10-14,Poland,negativity,51.9,-4.6,108.3
2025-10-15,Poland,protest,51.4,-5.3,94.7
2025-10-15,Poland,crisis,57.1,-5.5,105.1
2025-10-15,Poland,negativity,52.3,-4.3,103.9
2025-10-16,Poland,protest,49.9,-3.9,93.8
2025-10-16,Poland,crisis,56.1,-5.0,101.7
2025-10-16,Poland,negativity,53.7,-4.9,93.2
2025-10-17,Poland,protest,48.3,-4.2,94.0
2025-10-17,Poland,crisis,58.1,-4.8,110.5
2025-10-17,Poland,negativity,52.3,-4.5,99.4
2025-10-18,Poland,protest,46.7,-3.9,97.3
2025-10-18,Poland,crisis,53.5,-4.3,93.2
2025-10-18,Poland,negativity,53.3,-4.8,96.8
2025-10-19,Poland,protest,49.5,-4.4,106.5
2025-10-19,Poland,crisis,51.4,-4.7,107.3
2025-10-19,Poland,negativity,51.9,-4.8,99.2
2025-10-20,Poland,protest,50.3,-4.5,103.6
2025-10-20,Poland,crisis,51.8,-4.7,99.1
2025-10-20,Poland,negativity,53.4,-5.2,109.0
2025-10-21,Poland,protest,52.0,-5.1,110.0
2025-10-21,Poland,crisis,53.0,-5.1,92.6
2025-10-21,Poland,negativity,53.6,-5.4,104.3
2025-10-22,Poland,protest,51.4,-5.2,98.0
2025-10-22,Poland,crisis,57.2,-5.8,100.5
2025-10-22,Poland,negativity,53.4,-4.6,112.8
2025-10-23,Poland,protest,50.0,-4.8,97.6
2025-10-23,Poland,crisis,55.9,-5.2,115.0
2025-10-23,Poland,negativity,55.5,-5.6,98.8
2025-10-24,Poland,protest,50.2,-4.2,92.3
2025-10-24,Poland,crisis,54.7,-5.1,102.8
2025-10-24,Poland,negativity,53.0,-4.4,108.5
2025-10-25,Poland,protest,48.8,-4.8,89.2
2025-10-25,Poland,crisis,55.8,-5.2,104.5
2025-10-25,Poland,negativity,52.5,-4.9,90.6
2025-10-26,Poland,protest,49.8,-4.4,95.7
2025-10-26,Poland,crisis,54.6,-5.6,113.6
2025-10-26,Poland,negativity,51.7,-5.1,99.2
2025-10-27,Poland,protest,47.7,-3.8,96.6
2025-10-27,Poland,crisis,55.6,-5.0,104.4
2025-10-27,Poland,negativity,53.1,-5.5,98.2
2025-10-28,Poland,protest,48.5,-4.6,93.6
2025-10-28,Poland,crisis,55.6,-4.6,97.9
2025-10-28,Poland,negativity,55.2,-5.1,96.3
2025-10-29,Poland,protest,53.7,-4.6,94.4
2025-10-29,Poland,crisis,55.8,-4.8,98.6
2025-10-29,Poland,negativity,56.4,-5.0,97.7
2025-10-30,Poland,protest,51.3,-5.0,92.0
2025-10-30,Poland,crisis,56.7,-4.8,117.8
2025-10-30,Poland,negativity,57.2,-5.4,118.9
2025-10-31,Poland,protest,51.4,-5.4,92.7
2025-10-31,Poland,crisis,54.5,-4.5,94.6
2025-10-31,Poland,negativity,52.2,-4.3,94.5
2025-11-01,Poland,protest,47.6,-4.7,87.3
2025-11-01,Poland,crisis,54.1,-4.8,100.2
2025-11-01,Poland,negativity,52.3,-4.3,103.2
2025-11-02,Poland,protest,49.8,-4.6,102.4
2025-11-02,Poland,crisis,55.6,-4.4,109.0
2025-11-02,Poland,negativity,49.2,-4.4,101.8
2025-11-03,Poland,protest,47.7,-3.7,96.0
2025-11-03,Poland,crisis,52.3,-4.6,94.2
2025-11-03,Poland,negativity,53.7,-4.8,100.2
2025-11-04,Poland,protest,48.7,-3.8,89.1
2025-11-04,Poland,crisis,55.8,-5.2,116.7
2025-11-04,Poland,negativity,51.3,-4.3,91.5
2025-11-05,Poland,protest,53.7,-4.9,112.1
2025-11-05,Poland,crisis,54.8,-5.1,113.6
2025-11-05,Poland,negativity,53.3,-5.1,106.5
2025-11-06,Poland,protest,51.2,-5.1,97.7
2025-11-06,Poland,crisis,58.7,-6.0,114.3
2025-11-06,Poland,negativity,54.9,-5.4,108.2
2025-11-07,Poland,protest,52.4,-4.5,104.4
2025-11-07,Poland,crisis,54.5,-5.4,110.2
2025-11-07,Poland,negativity,53.1,-5.5,98.0
2025-11-08,Poland,protest,48.5,-4.0,103.2
2025-11-08,Poland,crisis,54.5,-4.6,108.9
2025-11-08,Poland,negativity,49.8,-4.5,100.9
2025-11-09,Poland,protest,47.0,-4.1,97.6
2025-11-09,Poland,crisis,51.8,-4.3,105.3
2025-11-09,Poland,negativity,48.8,-4.8,92.7
2025-11-10,Poland,protest,50.4,-3.9,90.1
2025-11-10,Poland,crisis,55.3,-5.5,111.9
2025-11-10,Poland,negativity,51.4,-5.3,92.6
2025-11-11,Poland,protest,49.3,-4.5,99.7
2025-11-11,Poland,crisis,52.8,-5.1,90.9
2025-11-11,Poland,negativity,54.3,-5.1,111.0
2025-11-12,Poland,protest,51.5,-4.2,94.8
2025-11-12,Poland,crisis,57.7,-5.5,116.7
2025-11-12,Poland,negativity,53.0,-4.8,97.2
2025-11-13,Poland,protest,50.8,-4.7,104.0
2025-11-13,Poland,crisis,55.6,-5.6,95.0
2025-11-13,Poland,negativity,53.0,-4.6,93.0
2025-11-14,Poland,protest,48.9,-5.1,105.0
2025-11-14,Poland,crisis,52.9,-5.3,112.5
2025-11-14,Poland,negativity,51.4,-4.1,89.4
2025-11-15,Poland,protest,46.5,-4.0,94.2
2025-11-15,Poland,crisis,51.8,-4.7,105.9
2025-11-15,Poland,negativity,49.6,-3.9,87.9
2025-11-16,Poland,protest,46.9,-4.3,87.8
2025-11-16,Poland,crisis,52.2,-5.0,95.8
2025-11-16,Poland,negativity,49.6,-4.5,106.4
2025-11-17,Poland,protest,48.0,-3.7,101.4
2025-11-17,Poland,crisis,51.8,-4.5,94.5
2025-11-17,Poland,negativity,50.1,-4.4,95.4
2025-11-18,Poland,protest,46.5,-4.1,100.9
2025-11-18,Poland,crisis,52.3,-4.6,92.5
2025-11-18,Poland,negativity,53.1,-4.1,112.8
2025-11-19,Poland,protest,49.1,-4.6,95.6
2025-11-19,Poland,crisis,52.9,-4.3,102.0
2025-11-19,Poland,negativity,52.6,-5.4,90.2
2025-11-20,Poland,protest,48.4,-4.2,94.7
2025-11-20,Poland,crisis,56.5,-5.2,118.1
2025-11-20,Poland,negativity,53.9,-4.6,97.8
2025-11-21,Poland,protest,47.5,-3.7,97.2
2025-11-21,Poland,crisis,55.4,-4.8,97.2
2025-11-21,Poland,negativity,52.7,-5.1,111.0
2025-11-22,Poland,protest,45.3,-4.4,86.5
2025-11-22,Poland,crisis,51.3,-4.3,104.2
2025-11-22,Poland,negativity,47.1,-4.6,83.6
2025-11-23,Poland,protest,45.8,-3.9,84.9
2025-11-23,Poland,crisis,49.0,-4.2,84.4
2025-11-23,Poland,negativity,46.7,-3.6,89.6
2025-11-24,Poland,protest,48.1,-3.9,94.9
2025-11-24,Poland,crisis,51.5,-5.2,96.8
2025-11-24,Poland,negativity,47.3,-3.6,82.7
2025-11-25,Poland,protest,48.8,-4.7,90.3
2025-11-25,Poland,crisis,54.0,-5.1,110.2
2025-11-25,Poland,negativity,51.8,-4.4,97.4
2025-11-26,Poland,protest,47.2,-4.3,92.8
2025-11-26,Poland,crisis,51.6,-5.2,103.3
2025-11-26,Poland,negativity,49.8,-5.0,105.6
2025-11-27,Poland,protest,49.2,-4.7,100.1
2025-11-27,Poland,crisis,54.6,-5.1,94.3
2025-11-27,Poland,negativity,53.2,-5.3,92.3
2025-11-28,Poland,protest,47.3,-4.3,83.1
2025-11-28,Poland,crisis,52.9,-4.2,106.4
2025-11-28,Poland,negativity,50.4,-4.7,106.0
2025-11-29,Poland,protest,43.8,-3.5,87.1
2025-11-29,Poland,crisis,51.6,-4.6,93.7
2025-11-29,Poland,negativity,49.0,-5.1,98.2
2025-11-30,Poland,protest,43.7,-4.3,91.9
2025-11-30,Poland,crisis,50.4,-4.1,94.8
2025-11-30,Poland,negativity,45.2,-4.6,94.0
2025-12-01,Poland,protest,44.9,-3.4,81.2
2025-12-01,Poland,crisis,48.8,-4.3,90.6
2025-12-01,Poland,negativity,46.6,-4.4,97.1
2025-12-02,Poland,protest,43.7,-3.8,89.4
2025-12-02,Poland,crisis,48.5,-4.6,88.7
2025-12-02,Poland,negativity,47.1,-3.7,82.6
2025-12-03,Poland,protest,48.6,-4.0,104.9
2025-12-03,Poland,crisis,51.9,-4.3,106.7
2025-12-03,Poland,negativity,50.6,-4.1,102.9
2025-12-04,Poland,protest,44.2,-4.4,82.8
2025-12-04,Poland,crisis,52.3,-4.5,110.8
2025-12-04,Poland,negativity,48.6,-5.1,97.4
2025-12-05,Poland,protest,43.3,-3.7,83.3
2025-12-05,Poland,crisis,49.2,-4.9,105.3
2025-12-05,Poland,negativity,46.4,-4.1,98.2
2025-12-06,Poland,protest,44.8,-3.7,78.2
2025-12-06,Poland,crisis,48.5,-4.6,98.1
2025-12-06,Poland,negativity,44.8,-4.1,89.2
2025-12-07,Poland,protest,40.8,-3.1,72.5
2025-12-07,Poland,crisis,45.3,-4.5,86.5
2025-12-07,Poland,negativity,43.3,-4.0,75.5
2025-12-08,Poland,protest,41.6,-3.7,81.9
2025-12-08,Poland,crisis,46.4,-4.5,101.6
2025-12-08,Poland,negativity,46.6,-4.5,88.4
2025-12-09,Poland,protest,41.2,-3.3,79.7
2025-12-09,Poland,crisis,46.9,-4.5,83.3
2025-12-09,Poland,negativity,43.8,-4.3,96.0
2025-12-10,Poland,protest,43.8,-4.6,84.2
2025-12-10,Poland,crisis,49.3,-5.0,89.5
2025-12-10,Poland,negativity,44.9,-4.8,80.1
2025-12-11,Poland,protest,45.7,-3.9,91.9
2025-12-11,Poland,crisis,51.0,-4.5,97.2
2025-12-11,Poland,negativity,47.5,-4.4,98.9
2025-12-12,Poland,protest,42.4,-4.1,81.6
2025-12-12,Poland,crisis,48.4,-4.3,91.8
2025-12-12,Poland,negativity,45.2,-4.1,79.1
2025-12-13,Poland,protest,43.1,-3.3,85.8
2025-12-13,Poland,crisis,43.5,-3.5,86.5
2025-12-13,Poland,negativity,42.3,-3.4,87.7
2025-12-14,Poland,protest,38.9,-4.1,73.0
2025-12-14,Poland,crisis,45.0,-3.7,80.1
2025-12-14,Poland,negativity,44.0,-4.0,84.1
2025-12-15,Poland,protest,38.7,-3.0,72.9
2025-12-15,Poland,crisis,44.3,-4.2,95.9
2025-12-15,Poland,negativity,40.1,-3.1,81.1
2025-12-16,Poland,protest,42.5,-4.5,86.1
2025-12-16,Poland,crisis,45.5,-4.3,81.7
2025-12-16,Poland,negativity,42.2,-3.8,91.9
2025-12-17,Poland,protest,44.8,-3.4,93.4
2025-12-17,Poland,crisis,47.5,-3.7,93.0
2025-12-17,Poland,negativity,43.1,-4.6,85.5
2025-12-18,Poland,protest,44.7,-3.7,86.1
2025-12-18,Poland,crisis,47.5,-4.9,97.7
2025-12-18,Poland,negativity,45.7,-4.2,79.7
2025-12-19,Poland,protest,42.8,-4.6,90.3
2025-12-19,Poland,crisis,47.7,-4.6,99.3
2025-12-19,Poland,negativity,43.9,-4.2,91.3
2025-12-20,Poland,protest,39.4,-3.6,70.4
2025-12-20,Poland,crisis,44.0,-3.4,97.2
2025-12-20,Poland,negativity,44.2,-4.4,90.1
2025-12-21,Poland,protest,37.4,-3.9,83.3
2025-12-21,Poland,crisis,43.6,-3.7,76.5
2025-12-21,Poland,negativity,42.5,-3.7,85.7
2025-12-22,Poland,protest,37.4,-3.3,79.3
2025-12-22,Poland,crisis,42.9,-3.2,75.7
2025-12-22,Poland,negativity,39.5,-3.6,88.3
2025-12-23,Poland,protest,39.6,-3.7,81.8
2025-12-23,Poland,crisis,42.4,-4.2,94.1
2025-12-23,Poland,negativity,41.0,-3.7,74.3
2025-12-24,Poland,protest,41.2,-3.9,88.1
2025-12-24,Poland,crisis,46.1,-4.5,97.3
2025-12-24,Poland,negativity,42.7,-4.0,95.6
2025-12-25,Poland,protest,43.1,-3.9,87.7
2025-12-25,Poland,crisis,47.9,-4.8,84.5
2025-12-25,Poland,negativity,43.1,-4.2,96.5
2025-12-26,Poland,protest,42.0,-4.3,73.9
2025-12-26,Poland,crisis,45.7,-4.0,97.6
2025-12-26,Poland,negativity,43.5,-3.9,96.5
2025-12-27,Poland,protest,38.7,-4.0,85.1
2025-12-27,Poland,crisis,45.1,-4.1,86.1
2025-12-27,Poland,negativity,40.4,-3.1,76.1
2025-12-28,Poland,protest,40.4,-3.5,87.2
2025-12-28,Poland,crisis,41.8,-3.4,90.3
2025-12-28,Poland,negativity,39.6,-3.6,80.4
2025-12-29,Poland,protest,38.2,-3.3,68.4
2025-12-29,Poland,crisis,44.7,-4.4,80.9
2025-12-29,Poland,negativity,42.9,-3.7,86.8
2025-12-30,Poland,protest,41.0,-3.6,88.4
2025-12-30,Poland,crisis,43.5,-4.2,93.7
2025-12-30,Poland,negativity,41.7,-3.9,77.3
2025-12-31,Poland,protest,41.5,-3.3,75.6
2025-12-31,Poland,crisis,46.1,-4.9,81.7
2025-12-31,Poland,negativity,45.5,-4.3,100.4
2026-01-01,Poland,protest,41.3,-4.1,92.1
2026-01-01,Poland,crisis,46.2,-3.6,100.3
2026-01-01,Poland,negativity,44.5,-3.4,96.2
2026-01-02,Poland,protest,39.4,-4.0,76.9
2026-01-02,Poland,crisis,44.0,-3.9,85.5
2026-01-02,Poland,negativity,43.1,-4.4,90.0
2026-01-03,Poland,protest,39.7,-3.3,89.1
2026-01-03,Poland,crisis,43.4,-4.5,85.1
2026-01-03,Poland,negativity,42.5,-3.6,85.5
2026-01-04,Poland,protest,39.8,-4.3,84.2
2026-01-04,Poland,crisis,44.9,-4.5,89.6
2026-01-04,Poland,negativity,41.8,-3.6,77.2
2026-01-05,Poland,protest,36.9,-2.7,77.0
2026-01-05,Poland,crisis,42.1,-3.6,79.4
2026-01-05,Poland,negativity,40.6,-3.6,82.9
2026-01-06,Poland,protest,40.4,-3.3,90.4
2026-01-06,Poland,crisis,43.2,-4.2,76.4
2026-01-06,Poland,negativity,41.1,-4.2,79.8
2026-01-07,Poland,protest,40.8,-4.0,77.7
2026-01-07,Poland,crisis,45.3,-4.6,87.8
2026-01-07,Poland,negativity,44.7,-3.6,96.5
2026-01-08,Poland,protest,44.0,-3.4,78.7
2026-01-08,Poland,crisis,45.4,-4.4,86.3
2026-01-08,Poland,negativity,46.5,-3.8,87.9
2026-01-09,Poland,protest,41.1,-4.0,88.6
2026-01-09,Poland,crisis,46.8,-4.0,102.7
2026-01-09,Poland,negativity,45.0,-3.9,78.3
2026-01-10,Poland,protest,39.8,-4.2,74.9
2026-01-10,Poland,crisis,43.2,-4.3,76.4
2026-01-10,Poland,negativity,42.4,-4.2,84.8
2026-01-11,Poland,protest,39.3,-3.3,71.1
2026-01-11,Poland,crisis,46.6,-4.3,89.2
2026-01-11,Poland,negativity,40.6,-3.9,81.7
2026-01-12,Poland,protest,41.2,-3.1,76.4
2026-01-12,Poland,crisis,45.3,-4.5,89.8
2026-01-12,Poland,negativity,42.2,-3.6,87.4
2026-01-13,Poland,protest,40.9,-3.9,76.6
2026-01-13,Poland,crisis,44.7,-4.5,97.9
2026-01-13,Poland,negativity,44.1,-4.6,80.7
2026-01-14,Poland,protest,43.1,-4.6,82.7
2026-01-14,Poland,crisis,50.9,-4.2,96.0
2026-01-14,Poland,negativity,49.0,-5.1,85.8
2026-01-15,Poland,protest,44.4,-4.1,89.3
2026-01-15,Poland,crisis,50.1,-4.0,106.0
2026-01-15,Poland,negativity,48.2,-3.8,95.5
2026-01-16,Poland,protest,46.4,-4.7,95.3
2026-01-16,Poland,crisis,48.8,-3.8,98.2
2026-01-16,Poland,negativity,45.2,-3.5,82.2
2026-01-17,Poland,protest,42.9,-4.5,82.5
2026-01-17,Poland,crisis,46.8,-4.3,96.8
2026-01-17,Poland,negativity,45.1,-4.4,95.9
2026-01-18,Poland,protest,42.2,-4.1,95.1
2026-01-18,Poland,crisis,45.3,-4.5,92.2
2026-01-18,Poland,negativity,43.0,-4.3,88.8
2026-01-19,Poland,protest,41.9,-3.7,87.6
2026-01-19,Poland,crisis,46.5,-4.4,91.8
2026-01-19,Poland,negativity,44.8,-3.6,86.7
2026-01-20,Poland,protest,44.8,-4.0,95.0
2026-01-20,Poland,crisis,51.6,-4.6,106.9
2026-01-20,Poland,negativity,45.5,-4.1,82.2
2026-01-21,Poland,protest,45.2,-4.8,80.5
2026-01-21,Poland,crisis,50.1,-4.6,90.1
2026-01-21,Poland,negativity,50.0,-4.5,94.9
2026-01-22,Poland,protest,49.1,-4.7,88.8
2026-01-22,Poland,crisis,52.4,-5.3,108.6
2026-01-22,Poland,negativity,50.2,-4.1,107.9
2026-01-23,Poland,protest,49.1,-5.0,101.4
2026-01-23,Poland,crisis,52.5,-4.9,101.7
2026-01-23,Poland,negativity,51.7,-4.4,108.9
2026-01-24,Poland,protest,45.4,-4.2,82.2
2026-01-24,Poland,crisis,51.4,-4.0,95.8
2026-01-24,Poland,negativity,49.8,-4.0,94.8
2026-01-25,Poland,protest,45.4,-3.5,84.0
2026-01-25,Poland,crisis,51.6,-4.2,95.4
2026-01-25,Poland,negativity,46.7,-3.6,100.1
2026-01-26,Poland,protest,47.0,-4.8,101.9
2026-01-26,Poland,crisis,52.9,-4.8,106.7
2026-01-26,Poland,negativity,49.5,-4.8,87.5
2026-01-27,Poland,protest,47.0,-3.7,90.0
2026-01-27,Poland,crisis,54.5,-5.2,99.4
2026-01-27,Poland,negativity,48.9,-4.0,85.9
2026-01-28,Poland,protest,52.1,-4.1,104.3
2026-01-28,Poland,crisis,57.6,-5.2,109.4
2026-01-28,Poland,negativity,54.6,-5.6,109.1
2026-01-29,Poland,protest,53.4,-4.7,101.2
2026-01-29,Poland,crisis,56.6,-5.0,116.2
2026-01-29,Poland,negativity,54.6,-5.5,93.6
2026-01-30,Poland,protest,52.3,-4.9,102.6
2026-01-30,Poland,crisis,54.9,-5.6,110.2
2026-01-30,Poland,negativity,55.3,-4.8,99.7
2026-01-31,Poland,protest,51.6,-4.8,89.5
2026-01-31,Poland,crisis,57.0,-4.7,106.0
2026-01-31,Poland,negativity,50.3,-4.6,91.5
2026-02-01,Poland,protest,50.0,-4.0,98.7
2026-02-01,Poland,crisis,55.0,-5.1,101.6
2026-02-01,Poland,negativity,52.8,-5.0,100.2
2026-02-02,Poland,protest,50.3,-3.9,98.3
2026-02-02,Poland,crisis,52.8,-5.3,101.5
2026-02-02,Poland,negativity,53.8,-5.3,95.1
2026-02-03,Poland,protest,51.6,-5.1,107.9
2026-02-03,Poland,crisis,57.9,-5.7,120.6
2026-02-03,Poland,negativity,56.0,-5.3,106.6
2026-02-04,Poland,protest,54.4,-5.5,101.3
2026-02-04,Poland,crisis,61.1,-5.8,124.6
2026-02-04,Poland,negativity,54.2,-5.3,95.8
2026-02-05,Poland,protest,54.2,-4.3,97.3
2026-02-05,Poland,crisis,61.2,-5.9,106.5
2026-02-05,Poland,negativity,54.9,-4.4,101.8
2026-02-06,Poland,protest,52.7,-5.0,99.4
2026-02-06,Poland,crisis,61.4,-5.6,123.0
2026-02-06,Poland,negativity,58.6,-5.1,116.4
2026-02-07,Poland,protest,50.2,-4.3,89.8
2026-02-07,Poland,crisis,58.9,-6.0,102.4
2026-02-07,Poland,negativity,55.3,-4.7,102.9
2026-02-08,Poland,protest,52.5,-4.1,99.6
2026-02-08,Poland,crisis,55.5,-5.1,96.2
2026-02-08,Poland,negativity,52.6,-4.9,90.6
2026-02-09,Poland,protest,51.8,-4.4,108.4
2026-02-09,Poland,crisis,59.1,-5.5,119.2
2026-02-09,Poland,negativity,57.5,-5.8,109.3
2026-02-10,Poland,protest,56.1,-4.5,97.6
2026-02-10,Poland,crisis,59.4,-5.6,106.8
2026-02-10,Poland,negativity,58.5,-5.1,120.2
2026-02-11,Poland,protest,54.5,-5.3,108.0
2026-02-11,Poland,crisis,62.1,-5.8,114.4
2026-02-11,Poland,negativity,60.9,-6.1,118.3
2026-02-12,Poland,protest,59.0,-5.1,119.5
2026-02-12,Poland,crisis,63.5,-5.5,125.9
2026-02-12,Poland,negativity,62.0,-5.6,123.6
2026-02-13,Poland,protest,55.7,-5.5,107.7
2026-02-13,Poland,crisis,60.3,-5.9,121.4
2026-02-13,Poland,negativity,60.5,-5.3,109.6
2026-02-14,Poland,protest,55.3,-5.0,115.0
2026-02-14,Poland,crisis,62.5,-5.7,110.2
2026-02-14,Poland,negativity,56.8,-5.4,109.4
2026-02-15,Poland,protest,55.1,-5.4,107.8
2026-02-15,Poland,crisis,57.2,-5.5,103.9
2026-02-15,Poland,negativity,56.4,-5.4,105.1
2026-02-16,Poland,protest,56.0,-5.7,108.9
2026-02-16,Poland,crisis,60.9,-5.7,122.6
2026-02-16,Poland,negativity,56.1,-5.6,106.9
2026-02-17,Poland,protest,57.6,-4.8,115.1
2026-02-17,Poland,crisis,62.4,-5.0,120.0
2026-02-17,Poland,negativity,59.3,-5.6,106.9
2026-02-18,Poland,protest,56.4,-5.7,98.1
2026-02-18,Poland,crisis,63.5,-5.5,128.7
2026-02-18,Poland,negativity,58.3,-5.8,104.8
2026-02-19,Poland,protest,58.2,-4.8,106.2
2026-02-19,Poland,crisis,62.6,-5.4,122.9
2026-02-19,Poland,negativity,60.6,-5.8,115.4
2026-02-20,Poland,protest,54.5,-5.4,105.4
2026-02-20,Poland,crisis,61.9,-5.1,120.4
2026-02-20,Poland,negativity,61.0,-5.1,108.9
2026-02-21,Poland,protest,57.1,-4.9,117.0
2026-02-21,Poland,crisis,58.6,-5.7,109.5
2026-02-21,Poland,negativity,57.2,-5.4,113.3
2026-02-22,Poland,protest,52.5,-4.4,97.0
2026-02-22,Poland,crisis,61.6,-5.2,126.2
2026-02-22,Poland,negativity,56.0,-5.2,100.4
2026-02-23,Poland,protest,55.2,-5.6,99.6
2026-02-23,Poland,crisis,60.2,-6.1,114.2
2026-02-23,Poland,negativity,56.1,-4.4,105.1
2026-02-24,Poland,protest,57.4,-4.7,108.4
2026-02-24,Poland,crisis,60.5,-5.7,107.5
2026-02-24,Poland,negativity,56.8,-5.2,113.2
2026-02-25,Poland,protest,56.6,-4.9,110.1
2026-02-25,Poland,crisis,60.7,-5.6,121.2
2026-02-25,Poland,negativity,59.4,-5.8,119.9
2026-02-26,Poland,protest,57.9,-4.8,113.2
2026-02-26,Poland,crisis,61.3,-6.2,109.2
2026-02-26,Poland,negativity,58.1,-4.6,107.2
2026-02-27,Poland,protest,54.5,-5.1,107.3
2026-02-27,Poland,crisis,62.3,-6.2,115.3
2026-02-27,Poland,negativity,59.8,-5.0,119.9
2026-02-28,Poland,protest,55.4,-5.4,111.1
2026-02-28,Poland,crisis,60.0,-4.8,107.7
2026-02-28,Poland,negativity,57.8,-5.8,102.0
2026-03-01,Poland,protest,51.4,-4.1,100.9
2026-03-01,Poland,crisis,58.7,-5.4,119.7
2026-03-01,Poland,negativity,55.3,-4.9,99.0
2026-03-02,Poland,protest,53.8,-5.0,105.6
2026-03-02,Poland,crisis,56.9,-4.8,115.5
2026-03-02,Poland,negativity,57.0,-5.2,99.6
2026-03-03,Poland,protest,55.8,-4.9,96.9
2026-03-03,Poland,crisis,57.2,-5.7,108.9
2026-03-03,Poland,negativity,54.5,-5.2,100.1
2026-03-04,Poland,protest,52.9,-4.2,95.1
2026-03-04,Poland,crisis,61.0,-5.3,122.7
2026-03-04,Poland,negativity,59.6,-4.7,114.0
2026-03-05,Poland,protest,56.0,-5.3,112.0
2026-03-05,Poland,crisis,62.7,-5.5,120.4
2026-03-05,Poland,negativity,59.7,-5.0,111.5
2026-03-06,Poland,protest,53.9,-5.5,106.8
2026-03-06,Poland,crisis,59.2,-4.9,105.0
2026-03-06,Poland,negativity,55.0,-4.5,111.1
2026-03-07,Poland,protest,50.5,-4.8,108.2
2026-03-07,Poland,crisis,57.0,-5.3,118.7
2026-03-07,Poland,negativity,56.1,-4.5,100.8
2026-03-08,Poland,protest,49.1,-3.9,105.7
2026-03-08,Poland,crisis,57.2,-5.2,106.6
2026-03-08,Poland,negativity,51.6,-5.3,93.2
2026-03-09,Poland,protest,52.1,-4.0,97.6
2026-03-09,Poland,crisis,56.8,-4.7,109.5
2026-03-09,Poland,negativity,53.4,-4.9,99.9
2026-03-10,Poland,protest,49.7,-5.0,96.1
2026-03-10,Poland,crisis,55.8,-4.8,102.4
2026-03-10,Poland,negativity,55.0,-4.5,104.9
2026-03-11,Poland,protest,54.0,-4.8,109.4
2026-03-11,Poland,crisis,55.0,-5.4,104.0
2026-03-11,Poland,negativity,52.6,-5.5,105.4
2026-03-12,Poland,protest,51.8,-4.6,104.9
2026-03-12,Poland,crisis,57.0,-4.8,119.2
2026-03-12,Poland,negativity,56.7,-4.9,107.0
2026-03-13,Poland,protest,50.2,-5.3,88.3
2026-03-13,Poland,crisis,53.4,-4.9,101.7
2026-03-13,Poland,negativity,51.2,-4.9,109.9
2026-03-14,Poland,protest,49.1,-4.6,89.6
2026-03-14,Poland,crisis,54.8,-4.5,115.0
2026-03-14,Poland,negativity,48.5,-5.0,99.0
2026-03-15,Poland,protest,48.5,-4.2,100.1
2026-03-15,Poland,crisis,50.0,-5.2,91.8
2026-03-15,Poland,negativity,50.3,-5.0,107.3
2026-03-16,Poland,protest,45.2,-3.6,79.2
2026-03-16,Poland,crisis,49.2,-4.2,87.0
2026-03-16,Poland,negativity,47.1,-3.8,90.8
2026-03-17,Poland,protest,48.0,-4.3,99.4
2026-03-17,Poland,crisis,54.1,-4.8,108.9
2026-03-17,Poland,negativity,47.8,-4.3,85.2
2026-03-18,Poland,protest,49.1,-4.1,96.8
2026-03-18,Poland,crisis,51.6,-4.2,109.9
2026-03-18,Poland,negativity,49.4,-4.0,89.3
2026-03-19,Poland,protest,46.1,-4.7,92.7
2026-03-19,Poland,crisis,52.3,-4.6,97.5
2026-03-19,Poland,negativity,48.9,-4.7,101.0
2026-03-20,Poland,protest,44.8,-4.1,87.6
2026-03-20,Poland,crisis,54.2,-5.4,104.6
2026-03-20,Poland,negativity,49.9,-4.5,106.5
2026-03-21,Poland,protest,43.7,-3.5,79.2
2026-03-21,Poland,crisis,48.4,-4.4,104.8
2026-03-21,Poland,negativity,45.5,-4.6,80.3
2026-03-22,Poland,protest,44.6,-3.5,86.8
2026-03-22,Poland,crisis,46.0,-3.8,82.6
2026-03-22,Poland,negativity,44.4,-4.7,83.9
2026-03-23,Poland,protest,44.4,-4.3,77.6
2026-03-23,Poland,crisis,50.0,-4.7,92.4
2026-03-23,Poland,negativity,45.8,-3.5,100.5
2026-03-24,Poland,protest,45.4,-4.6,83.1
2026-03-24,Poland,crisis,50.2,-4.2,91.3
2026-03-24,Poland,negativity,47.9,-4.0,94.9
2026-03-25,Poland,protest,44.6,-3.5,94.8
2026-03-25,Poland,crisis,50.0,-4.6,106.5
2026-03-25,Poland,negativity,49.3,-3.9,98.7
2026-03-26,Poland,protest,43.1,-3.8,88.0
2026-03-26,Poland,crisis,50.8,-5.1,100.4
2026-03-26,Poland,negativity,48.1,-3.8,88.4
2026-03-27,Poland,protest,43.5,-3.4,83.2
2026-03-27,Poland,crisis,51.0,-4.4,99.4
2026-03-27,Poland,negativity,48.8,-3.9,102.1
2026-03-28,Poland,protest,41.0,-3.8,87.4
2026-03-28,Poland,crisis,46.5,-4.5,97.3
2026-03-28,Poland,negativity,45.4,-3.5,87.0
2026-03-29,Poland,protest,43.0,-4.0,93.8
2026-03-29,Poland,crisis,43.5,-4.2,88.3
2026-03-29,Poland,negativity,44.5,-3.6,98.8
2026-03-30,Poland,protest,41.9,-4.4,87.3
2026-03-30,Poland,crisis,43.8,-4.2,92.3
2026-03-30,Poland,negativity,45.4,-4.7,86.6
2026-03-31,Poland,protest,41.7,-3.9,86.5
2026-03-31,Poland,crisis,47.1,-4.7,93.7
2026-03-31,Poland,negativity,45.0,-3.7,99.7
2026-04-01,Poland,protest,41.8,-3.7,85.3
2026-04-01,Poland,crisis,48.0,-4.5,97.3
2026-04-01,Poland,negativity,45.4,-4.0,87.9
2026-04-02,Poland,protest,44.1,-3.7,79.2
2026-04-02,Poland,crisis,47.2,-3.7,100.1
2026-04-02,Poland,negativity,48.4,-4.7,84.0
2026-04-03,Poland,protest,40.1,-4.3,73.7
2026-04-03,Poland,crisis,46.7,-4.7,91.9
2026-04-03,Poland,negativity,46.3,-4.4,98.6
2026-04-04,Poland,protest,39.9,-3.8,73.7
2026-04-04,Poland,crisis,43.8,-3.7,79.1
2026-04-04,Poland,negativity,44.3,-4.5,92.0
2026-04-05,Poland,protest,38.8,-3.4,88.2
2026-04-05,Poland,crisis,43.7,-4.0,94.4
2026-04-05,Poland,negativity,41.7,-3.7,76.3
2026-04-06,Poland,protest,39.4,-4.3,82.3
2026-04-06,Poland,crisis,42.1,-3.5,90.0
2026-04-06,Poland,negativity,42.9,-4.1,91.6
2026-04-07,Poland,protest,39.4,-4.1,89.7
2026-04-07,Poland,crisis,45.3,-4.0,85.7
2026-04-07,Poland,negativity,43.9,-3.8,81.1
2026-04-08,Poland,protest,44.2,-4.3,97.3
2026-04-08,Poland,crisis,46.8,-4.6,99.0
2026-04-08,Poland,negativity,42.8,-3.8,78.3
2026-04-09,Poland,protest,42.9,-4.0,82.7
2026-04-09,Poland,crisis,47.3,-4.6,92.6
2026-04-09,Poland,negativity,43.4,-4.5,93.0
2026-04-10,Poland,protest,44.3,-4.5,79.4
2026-04-10,Poland,crisis,45.5,-4.2,91.0
2026-04-10,Poland,negativity,45.6,-3.6,82.2
2026-04-11,Poland,protest,38.5,-2.8,69.6
2026-04-11,Poland,crisis,43.7,-3.8,80.7
2026-04-11,Poland,negativity,41.1,-4.3,81.5
2026-04-12,Poland,protest,39.4,-3.6,76.3
2026-04-12,Poland,crisis,44.9,-3.7,93.2
2026-04-12,Poland,negativity,41.0,-3.8,81.1
2025-04-22,Nigeria,protest,72.8,-6.6,142.6
2025-04-22,Nigeria,crisis,78.7,-6.5,147.4
2025-04-22,Nigeria,negativity,75.0,-6.8,134.6
2025-04-23,Nigeria,protest,70.6,-6.9,129.5
2025-04-23,Nigeria,crisis,82.0,-7.1,137.3
2025-04-23,Nigeria,negativity,78.8,-7.3,133.2
2025-04-24,Nigeria,protest,73.9,-7.2,134.1
2025-04-24,Nigeria,crisis,82.4,-7.4,150.4
2025-04-24,Nigeria,negativity,76.3,-6.3,134.7
2025-04-25,Nigeria,protest,74.1,-6.3,131.4
2025-04-25,Nigeria,crisis,80.1,-7.2,139.9
2025-04-25,Nigeria,negativity,78.3,-6.8,147.1
2025-04-26,Nigeria,protest,69.0,-6.0,133.4
2025-04-26,Nigeria,crisis,76.6,-7.1,134.6
2025-04-26,Nigeria,negativity,73.3,-6.6,138.0
2025-04-27,Nigeria,protest,69.4,-5.9,134.7
2025-04-27,Nigeria,crisis,78.9,-6.7,151.8
2025-04-27,Nigeria,negativity,76.1,-6.9,132.5
2025-04-28,Nigeria,protest,71.2,-6.2,138.3
2025-04-28,Nigeria,crisis,76.6,-7.0,140.0
2025-04-28,Nigeria,negativity,74.0,-6.6,128.0
2025-04-29,Nigeria,protest,74.6,-7.2,140.0
2025-04-29,Nigeria,crisis,80.5,-7.0,143.4
2025-04-29,Nigeria,negativity,78.5,-6.9,151.4
2025-04-30,Nigeria,protest,72.2,-6.7,138.6
2025-04-30,Nigeria,crisis,80.0,-7.8,150.2
2025-04-30,Nigeria,negativity,80.1,-7.3,140.5
2025-05-01,Nigeria,protest,72.9,-7.0,130.6
2025-05-01,Nigeria,crisis,81.6,-7.5,137.7
2025-05-01,Nigeria,negativity,78.3,-7.0,140.4
2025-05-02,Nigeria,protest,75.6,-6.9,145.7
2025-05-02,Nigeria,crisis,82.4,-7.9,137.8
2025-05-02,Nigeria,negativity,79.6,-7.5,134.7
2025-05-03,Nigeria,protest,70.9,-6.7,133.6
2025-05-03,Nigeria,crisis,78.2,-6.4,147.2
2025-05-03,Nigeria,negativity,76.6,-6.8,142.4
2025-05-04,Nigeria,protest,72.4,-6.6,121.9
2025-05-04,Nigeria,crisis,81.8,-6.7,157.0
2025-05-04,Nigeria,negativity,73.2,-6.9,128.7
2025-05-05,Nigeria,protest,71.4,-6.2,134.5
2025-05-05,Nigeria,crisis,81.1,-7.5,143.0
2025-05-05,Nigeria,negativity,75.4,-6.7,142.6
2025-05-06,Nigeria,protest,73.3,-6.5,129.4
2025-05-06,Nigeria,crisis,81.2,-7.0,150.1
2025-05-06,Nigeria,negativity,75.8,-6.5,137.4
2025-05-07,Nigeria,protest,76.5,-6.5,140.0
2025-05-07,Nigeria,crisis,84.1,-7.3,156.7
2025-05-07,Nigeria,negativity,81.0,-8.0,141.7
2025-05-08,Nigeria,protest,75.0,-7.0,126.7
2025-05-08,Nigeria,crisis,85.3,-7.5,144.2
2025-05-08,Nigeria,negativity,80.6,-7.9,148.0
2025-05-09,Nigeria,protest,72.6,-7.3,125.1
2025-05-09,Nigeria,crisis,82.1,-7.6,155.9
2025-05-09,Nigeria,negativity,80.3,-7.7,154.8
2025-05-10,Nigeria,protest,74.1,-7.4,142.3
2025-05-10,Nigeria,crisis,82.7,-7.9,139.1
2025-05-10,Nigeria,negativity,77.6,-6.9,142.9
2025-05-11,Nigeria,protest,70.9,-6.9,121.9
2025-05-11,Nigeria,crisis,78.4,-7.4,144.1
2025-05-11,Nigeria,negativity,76.5,-6.5,140.8
2025-05-12,Nigeria,protest,75.0,-6.3,129.0
2025-05-12,Nigeria,crisis,82.6,-7.1,139.1
2025-05-12,Nigeria,negativity,76.9,-6.8,137.8
2025-05-13,Nigeria,protest,72.8,-6.7,139.6
2025-05-13,Nigeria,crisis,83.4,-7.1,157.6
2025-05-13,Nigeria,negativity,77.8,-6.5,130.9
2025-05-14,Nigeria,protest,74.4,-6.5,135.8
2025-05-14,Nigeria,crisis,81.9,-6.8,140.2
2025-05-14,Nigeria,negativity,79.9,-7.7,143.0
2025-05-15,Nigeria,protest,74.6,-6.4,132.8
2025-05-15,Nigeria,crisis,84.3,-8.0,148.0
2025-05-15,Nigeria,negativity,80.7,-7.9,138.6
2025-05-16,Nigeria,protest,75.7,-6.8,134.1
2025-05-16,Nigeria,crisis,85.8,-8.1,160.2
2025-05-16,Nigeria,negativity,77.9,-7.2,130.6
2025-05-17,Nigeria,protest,74.4,-6.2,125.4
2025-05-17,Nigeria,crisis,80.3,-6.8,143.1
2025-05-17,Nigeria,negativity,75.4,-6.6,143.3
2025-05-18,Nigeria,protest,72.9,-6.9,135.3
2025-05-18,Nigeria,crisis,81.5,-7.2,145.1
2025-05-18,Nigeria,negativity,75.1,-7.1,133.1
2025-05-19,Nigeria,protest,70.7,-6.3,139.6
2025-05-19,Nigeria,crisis,79.7,-7.5,151.1
2025-05-19,Nigeria,negativity,77.2,-7.5,129.9
2025-05-20,Nigeria,protest,75.2,-7.3,143.8
2025-05-20,Nigeria,crisis,83.9,-7.0,142.7
2025-05-20,Nigeria,negativity,78.3,-7.1,141.1
2025-05-21,Nigeria,protest,76.7,-6.9,143.9
2025-05-21,Nigeria,crisis,83.3,-7.0,148.6
2025-05-21,Nigeria,negativity,80.8,-7.4,155.8
2025-05-22,Nigeria,protest,77.7,-7.6,143.1
2025-05-22,Nigeria,crisis,84.0,-7.3,148.5
2025-05-22,Nigeria,negativity,77.9,-6.7,150.8
2025-05-23,Nigeria,protest,72.7,-6.9,131.5
2025-05-23,Nigeria,crisis,82.8,-7.9,150.5
2025-05-23,Nigeria,negativity,76.8,-7.3,147.0
2025-05-24,Nigeria,protest,72.4,-6.6,122.1
2025-05-24,Nigeria,crisis,82.8,-7.1,154.9
2025-05-24,Nigeria,negativity,79.4,-7.4,137.0
2025-05-25,Nigeria,protest,69.7,-6.2,118.6
2025-05-25,Nigeria,crisis,77.5,-7.2,151.4
2025-05-25,Nigeria,negativity,76.9,-7.7,135.7
2025-05-26,Nigeria,protest,71.6,-6.2,122.2
2025-05-26,Nigeria,crisis,81.0,-7.6,154.1
2025-05-26,Nigeria,negativity,77.0,-6.5,141.5
2025-05-27,Nigeria,protest,73.0,-6.4,127.2
2025-05-27,Nigeria,crisis,79.2,-7.7,134.8
2025-05-27,Nigeria,negativity,75.6,-6.6,141.2
2025-05-28,Nigeria,protest,73.3,-7.1,125.4
2025-05-28,Nigeria,crisis,83.1,-7.7,154.7
2025-05-28,Nigeria,negativity,78.6,-7.4,151.6
2025-05-29,Nigeria,protest,73.0,-6.0,143.2
2025-05-29,Nigeria,crisis,80.6,-7.8,137.0
2025-05-29,Nigeria,negativity,80.0,-7.7,150.2
2025-05-30,Nigeria,protest,74.2,-6.5,130.9
2025-05-30,Nigeria,crisis,80.5,-7.5,137.3
2025-05-30,Nigeria,negativity,78.5,-7.7,142.1
2025-05-31,Nigeria,protest,72.1,-6.9,140.3
2025-05-31,Nigeria,crisis,80.0,-6.7,150.4
2025-05-31,Nigeria,negativity,74.6,-7.0,136.3
2025-06-01,Nigeria,protest,71.1,-6.2,119.8
2025-06-01,Nigeria,crisis,78.5,-6.5,141.6
2025-06-01,Nigeria,negativity,72.6,-6.3,143.6
2025-06-02,Nigeria,protest,70.9,-6.1,139.7
2025-06-02,Nigeria,crisis,78.1,-7.0,150.7
2025-06-02,Nigeria,negativity,74.0,-6.8,138.2
2025-06-03,Nigeria,protest,73.8,-6.8,144.6
2025-06-03,Nigeria,crisis,79.6,-7.0,144.5
2025-06-03,Nigeria,negativity,75.8,-6.9,144.9
2025-06-04,Nigeria,protest,70.9,-5.9,129.3
2025-06-04,Nigeria,crisis,79.2,-7.7,135.8
2025-06-04,Nigeria,negativity,76.1,-7.5,129.9
2025-06-05,Nigeria,protest,73.4,-6.4,143.4
2025-06-05,Nigeria,crisis,79.8,-7.5,148.0
2025-06-05,Nigeria,negativity,78.4,-7.5,144.5
2025-06-06,Nigeria,protest,71.4,-6.2,129.8
2025-06-06,Nigeria,crisis,77.6,-7.2,135.6
2025-06-06,Nigeria,negativity,77.9,-6.6,138.1
2025-06-07,Nigeria,protest,71.5,-6.5,122.3
2025-06-07,Nigeria,crisis,78.8,-6.8,142.2
2025-06-07,Nigeria,negativity,73.9,-6.2,129.5
2025-06-08,Nigeria,protest,69.4,-6.1,133.6
2025-06-08,Nigeria,crisis,78.6,-6.9,137.6
2025-06-08,Nigeria,negativity,74.6,-6.8,144.7
2025-06-09,Nigeria,protest,68.4,-5.8,118.1
2025-06-09,Nigeria,crisis,74.1,-6.3,140.7
2025-06-09,Nigeria,negativity,73.6,-6.2,139.4
2025-06-10,Nigeria,protest,72.4,-7.0,140.4
2025-06-10,Nigeria,crisis,77.0,-7.2,146.5
2025-06-10,Nigeria,negativity,73.2,-7.3,139.8
2025-06-11,Nigeria,protest,69.7,-5.9,128.6
2025-06-11,Nigeria,crisis,77.4,-7.5,137.5
2025-06-11,Nigeria,negativity,74.3,-7.4,139.0
2025-06-12,Nigeria,protest,70.4,-5.9,130.8
2025-06-12,Nigeria,crisis,79.3,-7.8,139.8
2025-06-12,Nigeria,negativity,75.5,-6.4,139.1
2025-06-13,Nigeria,protest,69.1,-5.7,129.6
2025-06-13,Nigeria,crisis,79.1,-7.9,146.5
2025-06-13,Nigeria,negativity,71.7,-6.4,137.8
2025-06-14,Nigeria,protest,69.3,-6.3,125.2
2025-06-14,Nigeria,crisis,75.8,-6.7,141.8
2025-06-14,Nigeria,negativity,71.2,-6.0,141.8
2025-06-15,Nigeria,protest,69.2,-6.9,118.7
2025-06-15,Nigeria,crisis,73.8,-7.0,126.3
2025-06-15,Nigeria,negativity,69.9,-5.7,119.6
2025-06-16,Nigeria,protest,66.2,-5.6,131.4
2025-06-16,Nigeria,crisis,72.3,-6.1,128.3
2025-06-16,Nigeria,negativity,68.6,-6.0,132.7
2025-06-17,Nigeria,protest,70.5,-6.2,124.1
2025-06-17,Nigeria,crisis,77.7,-6.5,151.7
2025-06-17,Nigeria,negativity,70.5,-6.0,127.9
2025-06-18,Nigeria,protest,68.6,-6.4,122.3
2025-06-18,Nigeria,crisis,75.7,-7.2,141.4
2025-06-18,Nigeria,negativity,72.3,-7.1,122.2
2025-06-19,Nigeria,protest,68.9,-6.3,125.6
2025-06-19,Nigeria,crisis,76.7,-6.7,140.5
2025-06-19,Nigeria,negativity,73.5,-7.1,134.3
2025-06-20,Nigeria,protest,70.3,-6.0,124.2
2025-06-20,Nigeria,crisis,76.0,-7.3,148.6
2025-06-20,Nigeria,negativity,71.9,-6.5,141.2
2025-06-21,Nigeria,protest,68.1,-6.8,126.3
2025-06-21,Nigeria,crisis,75.3,-6.3,137.0
2025-06-21,Nigeria,negativity,68.5,-5.6,126.0
2025-06-22,Nigeria,protest,63.7,-6.1,122.6
2025-06-22,Nigeria,crisis,75.0,-6.9,139.2
2025-06-22,Nigeria,negativity,69.3,-6.9,123.5
2025-06-23,Nigeria,protest,67.7,-6.3,122.3
2025-06-23,Nigeria,crisis,75.1,-7.5,141.4
2025-06-23,Nigeria,negativity,68.8,-6.1,134.9
2025-06-24,Nigeria,protest,66.3,-5.7,127.2
2025-06-24,Nigeria,crisis,76.3,-6.6,133.4
2025-06-24,Nigeria,negativity,71.1,-6.3,140.6
2025-06-25,Nigeria,protest,69.1,-6.3,134.3
2025-06-25,Nigeria,crisis,78.3,-6.6,147.8
2025-06-25,Nigeria,negativity,74.2,-6.3,135.3
2025-06-26,Nigeria,protest,69.3,-5.9,130.8
2025-06-26,Nigeria,crisis,75.6,-7.5,130.5
2025-06-26,Nigeria,negativity,72.5,-6.5,142.7
2025-06-27,Nigeria,protest,69.8,-6.3,134.4
2025-06-27,Nigeria,crisis,77.7,-6.8,152.0
2025-06-27,Nigeria,negativity,73.1,-7.3,129.3
2025-06-28,Nigeria,protest,67.6,-6.0,119.4
2025-06-28,Nigeria,crisis,75.9,-7.2,144.9
2025-06-28,Nigeria,negativity,71.2,-6.1,122.4
2025-06-29,Nigeria,protest,66.2,-6.6,117.7
2025-06-29,Nigeria,crisis,74.0,-6.3,130.5
2025-06-29,Nigeria,negativity,70.6,-6.4,137.5
2025-06-30,Nigeria,protest,63.7,-5.4,126.3
2025-06-30,Nigeria,crisis,72.2,-6.6,137.4
2025-06-30,Nigeria,negativity,68.9,-6.6,117.2
2025-07-01,Nigeria,protest,66.8,-5.6,120.6
2025-07-01,Nigeria,crisis,75.6,-7.2,146.4
2025-07-01,Nigeria,negativity,72.8,-5.9,130.1
2025-07-02,Nigeria,protest,68.7,-5.8,119.6
2025-07-02,Nigeria,crisis,76.7,-6.3,132.9
2025-07-02,Nigeria,negativity,72.0,-6.3,135.5
2025-07-03,Nigeria,protest,67.9,-6.3,129.3
2025-07-03,Nigeria,crisis,75.7,-6.9,137.1
2025-07-03,Nigeria,negativity,73.5,-6.7,135.4
2025-07-04,Nigeria,protest,67.4,-5.8,123.1
2025-07-04,Nigeria,crisis,73.7,-6.8,130.6
2025-07-04,Nigeria,negativity,72.9,-6.3,132.6
2025-07-05,Nigeria,protest,68.0,-6.1,135.2
2025-07-05,Nigeria,crisis,74.1,-7.2,135.3
2025-07-05,Nigeria,negativity,68.7,-6.3,121.9
2025-07-06,Nigeria,protest,65.4,-6.0,110.8
2025-07-06,Nigeria,crisis,75.4,-7.2,147.6
2025-07-06,Nigeria,negativity,68.7,-5.7,124.8
2025-07-07,Nigeria,protest,65.4,-6.3,126.8
2025-07-07,Nigeria,crisis,71.9,-7.2,133.7
2025-07-07,Nigeria,negativity,67.9,-5.5,125.2
2025-07-08,Nigeria,protest,68.1,-6.0,128.0
2025-07-08,Nigeria,crisis,74.2,-6.5,128.8
2025-07-08,Nigeria,negativity,70.4,-6.1,135.6
2025-07-09,Nigeria,protest,68.6,-6.5,125.1
2025-07-09,Nigeria,crisis,77.3,-6.8,138.9
2025-07-09,Nigeria,negativity,73.7,-6.9,142.8
2025-07-10,Nigeria,protest,67.9,-6.5,134.8
2025-07-10,Nigeria,crisis,78.0,-7.4,132.5
2025-07-10,Nigeria,negativity,74.5,-6.5,134.0
2025-07-11,Nigeria,protest,70.4,-5.9,124.6
2025-07-11,Nigeria,crisis,76.9,-6.6,150.8
2025-07-11,Nigeria,negativity,71.1,-6.0,121.5
2025-07-12,Nigeria,protest,70.3,-6.3,118.9
2025-07-12,Nigeria,crisis,76.8,-7.6,143.7
2025-07-12,Nigeria,negativity,73.1,-7.2,143.9
2025-07-13,Nigeria,protest,68.8,-6.7,128.6
2025-07-13,Nigeria,crisis,75.3,-7.1,147.4
2025-07-13,Nigeria,negativity,70.0,-5.9,129.5
2025-07-14,Nigeria,protest,69.1,-5.8,134.5
2025-07-14,Nigeria,crisis,73.4,-6.7,126.6
2025-07-14,Nigeria,negativity,71.6,-7.1,138.7
2025-07-15,Nigeria,protest,68.8,-5.6,134.1
2025-07-15,Nigeria,crisis,77.6,-7.2,144.0
2025-07-15,Nigeria,negativity,71.4,-6.8,140.9
2025-07-16,Nigeria,protest,70.9,-6.7,140.6
2025-07-16,Nigeria,crisis,79.7,-7.8,135.2
2025-07-16,Nigeria,negativity,73.1,-6.3,142.6
2025-07-17,Nigeria,protest,69.8,-7.0,132.8
2025-07-17,Nigeria,crisis,78.1,-6.6,152.5
2025-07-17,Nigeria,negativity,73.7,-6.0,142.9
2025-07-18,Nigeria,protest,72.6,-7.2,122.6
2025-07-18,Nigeria,crisis,80.8,-8.0,144.1
2025-07-18,Nigeria,negativity,77.1,-7.1,146.9
2025-07-19,Nigeria,protest,72.1,-5.9,134.0
2025-07-19,Nigeria,crisis,76.5,-7.7,139.0
2025-07-19,Nigeria,negativity,71.7,-6.4,136.3
2025-07-20,Nigeria,protest,70.9,-7.1,138.4
2025-07-20,Nigeria,crisis,78.9,-6.5,149.4
2025-07-20,Nigeria,negativity,74.3,-7.4,138.5
2025-07-21,Nigeria,protest,68.3,-6.7,134.1
2025-07-21,Nigeria,crisis,80.1,-7.9,145.9
2025-07-21,Nigeria,negativity,72.6,-6.3,133.6
2025-07-22,Nigeria,protest,73.9,-6.7,144.2
2025-07-22,Nigeria,crisis,80.7,-6.8,142.4
2025-07-22,Nigeria,negativity,76.5,-7.4,146.7
2025-07-23,Nigeria,protest,75.4,-7.3,130.6
2025-07-23,Nigeria,crisis,82.7,-7.8,156.9
2025-07-23,Nigeria,negativity,76.9,-7.1,148.7
2025-07-24,Nigeria,protest,76.1,-6.7,138.4
2025-07-24,Nigeria,crisis,84.5,-8.3,151.9
2025-07-24,Nigeria,negativity,81.1,-7.1,149.7
2025-07-25,Nigeria,protest,75.2,-7.0,141.9
2025-07-25,Nigeria,crisis,83.0,-7.0,149.3
2025-07-25,Nigeria,negativity,77.5,-7.0,142.4
2025-07-26,Nigeria,protest,70.8,-6.5,130.2
2025-07-26,Nigeria,crisis,78.7,-7.6,146.5
2025-07-26,Nigeria,negativity,79.4,-7.6,152.3
2025-07-27,Nigeria,protest,74.0,-7.3,132.1
2025-07-27,Nigeria,crisis,80.2,-7.0,137.9
2025-07-27,Nigeria,negativity,78.0,-7.4,138.7
2025-07-28,Nigeria,protest,71.6,-7.0,141.1
2025-07-28,Nigeria,crisis,79.8,-7.4,149.9
2025-07-28,Nigeria,negativity,78.3,-7.7,144.1
2025-07-29,Nigeria,protest,74.8,-6.8,143.3
2025-07-29,Nigeria,crisis,84.5,-8.0,142.1
2025-07-29,Nigeria,negativity,81.6,-7.3,151.6
2025-07-30,Nigeria,protest,77.9,-7.6,137.4
2025-07-30,Nigeria,crisis,85.7,-8.0,153.2
2025-07-30,Nigeria,negativity,80.8,-7.7,147.3
2025-07-31,Nigeria,protest,76.6,-6.5,134.9
2025-07-31,Nigeria,crisis,87.4,-7.8,163.4
2025-07-31,Nigeria,negativity,81.6,-7.6,141.8
2025-08-01,Nigeria,protest,76.7,-7.5,140.2
2025-08-01,Nigeria,crisis,87.9,-7.4,158.0
2025-08-01,Nigeria,negativity,83.1,-7.5,154.0
2025-08-02,Nigeria,protest,78.6,-7.2,145.6
2025-08-02,Nigeria,crisis,82.5,-7.5,154.1
2025-08-02,Nigeria,negativity,79.6,-7.6,144.3
2025-08-03,Nigeria,protest,76.2,-7.1,143.0
2025-08-03,Nigeria,crisis,85.7,-7.4,157.0
2025-08-03,Nigeria,negativity,79.0,-7.1,154.1
2025-08-04,Nigeria,protest,76.5,-6.5,131.8
2025-08-04,Nigeria,crisis,84.7,-7.2,144.4
2025-08-04,Nigeria,negativity,80.8,-6.8,137.2
2025-08-05,Nigeria,protest,78.0,-6.9,134.6
2025-08-05,Nigeria,crisis,88.4,-8.1,159.7
2025-08-05,Nigeria,negativity,82.3,-8.1,150.7
2025-08-06,Nigeria,protest,81.8,-7.1,156.1
2025-08-06,Nigeria,crisis,90.9,-8.2,165.7
2025-08-06,Nigeria,negativity,85.7,-7.4,147.0
2025-08-07,Nigeria,protest,79.9,-7.6,143.5
2025-08-07,Nigeria,crisis,88.5,-8.1,166.7
2025-08-07,Nigeria,negativity,86.0,-8.4,155.7
2025-08-08,Nigeria,protest,82.2,-7.1,157.4
2025-08-08,Nigeria,crisis,89.9,-7.6,164.7
2025-08-08,Nigeria,negativity,86.0,-8.3,157.7
2025-08-09,Nigeria,protest,80.3,-7.0,136.9
2025-08-09,Nigeria,crisis,88.1,-8.3,151.3
2025-08-09,Nigeria,negativity,84.1,-8.1,145.0
2025-08-10,Nigeria,protest,78.2,-7.7,142.7
2025-08-10,Nigeria,crisis,87.2,-8.3,166.0
2025-08-10,Nigeria,negativity,81.9,-8.1,152.0
2025-08-11,Nigeria,protest,79.9,-7.0,146.7
2025-08-11,Nigeria,crisis,90.3,-8.3,161.2
2025-08-11,Nigeria,negativity,84.9,-8.4,157.6
2025-08-12,Nigeria,protest,82.2,-8.1,140.1
2025-08-12,Nigeria,crisis,93.8,-8.8,166.6
2025-08-12,Nigeria,negativity,88.0,-8.5,156.8
2025-08-13,Nigeria,protest,83.6,-7.6,153.5
2025-08-13,Nigeria,crisis,95.4,-8.4,159.9
2025-08-13,Nigeria,negativity,90.9,-8.2,157.0
2025-08-14,Nigeria,protest,85.6,-7.5,156.3
2025-08-14,Nigeria,crisis,94.0,-8.4,176.3
2025-08-14,Nigeria,negativity,88.9,-7.5,163.6
2025-08-15,Nigeria,protest,85.9,-8.5,157.7
2025-08-15,Nigeria,crisis,94.2,-8.4,160.6
2025-08-15,Nigeria,negativity,88.1,-7.8,152.8
2025-08-16,Nigeria,protest,82.9,-7.0,155.7
2025-08-16,Nigeria,crisis,91.2,-8.4,152.2
2025-08-16,Nigeria,negativity,87.0,-8.5,166.1
2025-08-17,Nigeria,protest,84.2,-8.3,160.4
2025-08-17,Nigeria,crisis,91.3,-8.9,156.5
2025-08-17,Nigeria,negativity,86.5,-7.9,147.4
2025-08-18,Nigeria,protest,84.5,-7.7,160.0
2025-08-18,Nigeria,crisis,93.4,-8.2,170.6
2025-08-18,Nigeria,negativity,87.8,-8.5,160.8
2025-08-19,Nigeria,protest,84.2,-7.3,144.4
2025-08-19,Nigeria,crisis,97.4,-9.0,165.4
2025-08-19,Nigeria,negativity,89.0,-7.9,149.9
2025-08-20,Nigeria,protest,86.2,-7.4,152.2
2025-08-20,Nigeria,crisis,99.0,-9.5,178.3
2025-08-20,Nigeria,negativity,94.6,-8.5,167.5
2025-08-21,Nigeria,protest,89.0,-7.5,167.5
2025-08-21,Nigeria,crisis,96.6,-8.1,179.6
2025-08-21,Nigeria,negativity,92.0,-7.7,173.0
2025-08-22,Nigeria,protest,89.0,-8.7,164.6
2025-08-22,Nigeria,crisis,98.7,-9.5,174.9
2025-08-22,Nigeria,negativity,94.4,-8.2,176.6
2025-08-23,Nigeria,protest,87.5,-8.1,151.5
2025-08-23,Nigeria,crisis,96.6,-9.3,169.8
2025-08-23,Nigeria,negativity,91.4,-8.3,161.1
2025-08-24,Nigeria,protest,86.2,-7.3,150.5
2025-08-24,Nigeria,crisis,96.9,-9.3,175.0
2025-08-24,Nigeria,negativity,88.8,-7.7,170.1
2025-08-25,Nigeria,protest,87.3,-7.8,149.3
2025-08-25,Nigeria,crisis,96.9,-9.3,179.3
2025-08-25,Nigeria,negativity,90.0,-8.5,171.5
2025-08-26,Nigeria,protest,90.8,-8.1,167.1
2025-08-26,Nigeria,crisis,97.6,-9.3,164.1
2025-08-26,Nigeria,negativity,93.4,-8.5,155.9
2025-08-27,Nigeria,protest,91.0,-7.9,170.3
2025-08-27,Nigeria,crisis,99.0,-9.3,171.4
2025-08-27,Nigeria,negativity,93.3,-8.2,167.3
2025-08-28,Nigeria,protest,92.0,-8.5,167.2
2025-08-28,Nigeria,crisis,99.0,-8.8,169.7
2025-08-28,Nigeria,negativity,94.9,-8.9,166.6
2025-08-29,Nigeria,protest,90.5,-8.0,167.2
2025-08-29,Nigeria,crisis,99.0,-9.1,169.1
2025-08-29,Nigeria,negativity,96.4,-8.8,170.9
2025-08-30,Nigeria,protest,86.3,-7.7,146.3
2025-08-30,Nigeria,crisis,99.0,-8.9,169.3
2025-08-30,Nigeria,negativity,91.7,-8.3,161.7
2025-08-31,Nigeria,protest,88.3,-8.3,157.3
2025-08-31,Nigeria,crisis,98.6,-9.2,174.1
2025-08-31,Nigeria,negativity,90.4,-8.4,165.5
2025-09-01,Nigeria,protest,87.9,-8.7,152.1
2025-09-01,Nigeria,crisis,99.0,-9.4,181.2
2025-09-01,Nigeria,negativity,92.0,-8.1,160.1
2025-09-02,Nigeria,protest,91.9,-8.2,171.0
2025-09-02,Nigeria,crisis,98.9,-8.3,184.5
2025-09-02,Nigeria,negativity,93.5,-9.2,159.3
2025-09-03,Nigeria,protest,92.1,-8.1,166.2
2025-09-03,Nigeria,crisis,97.9,-9.5,177.0
2025-09-03,Nigeria,negativity,93.7,-9.1,175.1
2025-09-04,Nigeria,protest,88.6,-8.1,168.1
2025-09-04,Nigeria,crisis,98.6,-9.3,170.9
2025-09-04,Nigeria,negativity,96.7,-8.4,164.1
2025-09-05,Nigeria,protest,91.2,-8.0,173.6
2025-09-05,Nigeria,crisis,99.0,-9.5,166.8
2025-09-05,Nigeria,negativity,94.8,-8.8,179.0
2025-09-06,Nigeria,protest,90.3,-8.7,167.7
2025-09-06,Nigeria,crisis,97.0,-8.9,174.0
2025-09-06,Nigeria,negativity,95.5,-9.3,176.3
2025-09-07,Nigeria,protest,85.8,-7.9,157.6
2025-09-07,Nigeria,crisis,97.5,-8.8,166.0
2025-09-07,Nigeria,negativity,93.0,-8.9,169.3
2025-09-08,Nigeria,protest,86.9,-7.7,158.1
2025-09-08,Nigeria,crisis,97.4,-8.5,173.1
2025-09-08,Nigeria,negativity,94.1,-8.1,175.1
2025-09-09,Nigeria,protest,87.6,-8.0,166.5
2025-09-09,Nigeria,crisis,99.0,-9.0,170.8
2025-09-09,Nigeria,negativity,94.1,-8.2,173.0
2025-09-10,Nigeria,protest,92.2,-7.7,158.3
2025-09-10,Nigeria,crisis,99.0,-8.9,186.1
2025-09-10,Nigeria,negativity,92.5,-8.2,157.5
2025-09-11,Nigeria,protest,90.7,-8.6,160.3
2025-09-11,Nigeria,crisis,99.0,-8.6,173.7
2025-09-11,Nigeria,negativity,96.9,-9.1,176.8
2025-09-12,Nigeria,protest,89.2,-7.6,169.0
2025-09-12,Nigeria,crisis,98.9,-9.4,180.9
2025-09-12,Nigeria,negativity,94.6,-8.1,174.1
2025-09-13,Nigeria,protest,85.6,-7.5,164.1
2025-09-13,Nigeria,crisis,98.0,-9.5,181.6
2025-09-13,Nigeria,negativity,89.7,-7.7,155.0
2025-09-14,Nigeria,protest,85.1,-7.3,163.9
2025-09-14,Nigeria,crisis,94.5,-8.1,167.3
2025-09-14,Nigeria,negativity,92.2,-8.0,173.1
2025-09-15,Nigeria,protest,87.0,-8.1,147.8
2025-09-15,Nigeria,crisis,92.5,-8.9,168.2
2025-09-15,Nigeria,negativity,89.1,-7.6,162.1
2025-09-16,Nigeria,protest,88.1,-8.0,155.0
2025-09-16,Nigeria,crisis,94.4,-8.1,168.0
2025-09-16,Nigeria,negativity,89.0,-7.6,158.7
2025-09-17,Nigeria,protest,86.0,-7.6,152.8
2025-09-17,Nigeria,crisis,98.1,-9.5,167.9
2025-09-17,Nigeria,negativity,91.5,-8.1,168.7
2025-09-18,Nigeria,protest,87.3,-7.8,159.7
2025-09-18,Nigeria,crisis,96.8,-9.3,166.8
2025-09-18,Nigeria,negativity,92.0,-7.8,170.6
2025-09-19,Nigeria,protest,87.3,-7.9,154.5
2025-09-19,Nigeria,crisis,96.4,-9.0,171.3
2025-09-19,Nigeria,negativity,92.0,-8.7,156.4
2025-09-20,Nigeria,protest,85.7,-7.1,150.4
2025-09-20,Nigeria,crisis,94.0,-8.1,171.6
2025-09-20,Nigeria,negativity,88.3,-7.6,156.5
2025-09-21,Nigeria,protest,80.3,-7.2,136.8
2025-09-21,Nigeria,crisis,92.2,-8.7,159.1
2025-09-21,Nigeria,negativity,85.9,-7.3,147.7
2025-09-22,Nigeria,protest,79.9,-7.6,135.3
2025-09-22,Nigeria,crisis,88.4,-8.5,151.7
2025-09-22,Nigeria,negativity,87.2,-7.7,156.6
2025-09-23,Nigeria,protest,82.4,-6.8,158.5
2025-09-23,Nigeria,crisis,91.8,-8.2,169.3
2025-09-23,Nigeria,negativity,87.3,-7.7,166.4
2025-09-24,Nigeria,protest,82.9,-7.4,140.0
2025-09-24,Nigeria,crisis,92.9,-8.1,155.8
2025-09-24,Nigeria,negativity,89.3,-7.8,153.1
2025-09-25,Nigeria,protest,83.6,-8.0,151.0
2025-09-25,Nigeria,crisis,93.9,-8.8,162.7
2025-09-25,Nigeria,negativity,87.3,-7.9,160.3
2025-09-26,Nigeria,protest,83.4,-8.3,159.6
2025-09-26,Nigeria,crisis,91.1,-8.7,164.9
2025-09-26,Nigeria,negativity,84.0,-7.1,144.1
2025-09-27,Nigeria,protest,79.4,-6.7,139.4
2025-09-27,Nigeria,crisis,88.8,-7.4,152.7
2025-09-27,Nigeria,negativity,84.5,-7.3,154.1
2025-09-28,Nigeria,protest,77.1,-7.0,143.4
2025-09-28,Nigeria,crisis,86.0,-7.9,148.8
2025-09-28,Nigeria,negativity,81.1,-7.8,147.5
2025-09-29,Nigeria,protest,77.5,-7.5,133.3
2025-09-29,Nigeria,crisis,85.1,-7.1,143.5
2025-09-29,Nigeria,negativity,82.0,-7.2,144.4
2025-09-30,Nigeria,protest,80.1,-7.4,145.0
2025-09-30,Nigeria,crisis,87.8,-8.4,157.7
2025-09-30,Nigeria,negativity,82.5,-7.5,149.6
2025-10-01,Nigeria,protest,80.0,-7.2,147.8
2025-10-01,Nigeria,crisis,89.5,-7.8,169.1
2025-10-01,Nigeria,negativity,82.0,-7.6,140.7
2025-10-02,Nigeria,protest,80.7,-7.5,149.7
2025-10-02,Nigeria,crisis,90.3,-7.7,158.6
2025-10-02,Nigeria,negativity,84.1,-8.0,152.6
2025-10-03,Nigeria,protest,76.7,-6.5,147.7
2025-10-03,Nigeria,crisis,86.4,-7.9,145.2
2025-10-03,Nigeria,negativity,82.1,-7.3,148.2
2025-10-04,Nigeria,protest,77.3,-6.9,129.8
2025-10-04,Nigeria,crisis,83.7,-7.2,149.1
2025-10-04,Nigeria,negativity,79.5,-7.8,143.0
2025-10-05,Nigeria,protest,76.3,-7.3,130.9
2025-10-05,Nigeria,crisis,82.3,-6.9,146.9
2025-10-05,Nigeria,negativity,79.1,-7.6,149.6
2025-10-06,Nigeria,protest,74.9,-7.5,131.5
2025-10-06,Nigeria,crisis,82.9,-7.9,139.0
2025-10-06,Nigeria,negativity,79.3,-7.1,139.4
2025-10-07,Nigeria,protest,77.1,-7.2,147.5
2025-10-07,Nigeria,crisis,85.3,-8.2,153.3
2025-10-07,Nigeria,negativity,77.6,-7.7,151.0
2025-10-08,Nigeria,protest,74.9,-7.5,139.1
2025-10-08,Nigeria,crisis,84.6,-7.9,146.5
2025-10-08,Nigeria,negativity,82.1,-7.2,154.2
2025-10-09,Nigeria,protest,75.2,-7.4,146.6
2025-10-09,Nigeria,crisis,87.0,-8.3,149.4
2025-10-09,Nigeria,negativity,79.1,-7.4,140.4
2025-10-10,Nigeria,protest,74.6,-6.3,143.6
2025-10-10,Nigeria,crisis,84.1,-7.7,154.0
2025-10-10,Nigeria,negativity,81.0,-7.2,152.0
2025-10-11,Nigeria,protest,73.2,-6.9,139.3
2025-10-11,Nigeria,crisis,81.6,-7.1,136.9
2025-10-11,Nigeria,negativity,79.6,-7.6,145.2
2025-10-12,Nigeria,protest,70.4,-5.8,124.1
2025-10-12,Nigeria,crisis,79.3,-7.1,142.8
2025-10-12,Nigeria,negativity,75.1,-6.4,138.3
2025-10-13,Nigeria,protest,73.2,-7.2,142.1
2025-10-13,Nigeria,crisis,82.0,-7.7,149.5
2025-10-13,Nigeria,negativity,74.3,-7.4,138.2
2025-10-14,Nigeria,protest,75.4,-7.0,148.2
2025-10-14,Nigeria,crisis,82.8,-7.9,156.2
2025-10-14,Nigeria,negativity,75.8,-6.5,147.8
2025-10-15,Nigeria,protest,73.1,-6.7,141.9
2025-10-15,Nigeria,crisis,85.6,-8.4,144.9
2025-10-15,Nigeria,negativity,78.8,-6.7,134.0
2025-10-16,Nigeria,protest,75.2,-6.3,130.2
2025-10-16,Nigeria,crisis,85.3,-7.5,153.5
2025-10-16,Nigeria,negativity,80.5,-7.8,150.4
2025-10-17,Nigeria,protest,74.9,-7.0,144.4
2025-10-17,Nigeria,crisis,80.5,-6.8,149.3
2025-10-17,Nigeria,negativity,77.4,-6.6,136.7
2025-10-18,Nigeria,protest,74.0,-6.1,143.3
2025-10-18,Nigeria,crisis,82.9,-8.2,149.3
2025-10-18,Nigeria,negativity,77.1,-6.6,145.0
2025-10-19,Nigeria,protest,73.2,-6.0,139.1
2025-10-19,Nigeria,crisis,81.1,-7.9,140.5
2025-10-19,Nigeria,negativity,74.5,-7.2,144.7
2025-10-20,Nigeria,protest,70.7,-6.9,137.1
2025-10-20,Nigeria,crisis,78.0,-6.7,148.8
2025-10-20,Nigeria,negativity,76.7,-7.6,129.4
2025-10-21,Nigeria,protest,73.6,-7.0,131.4
2025-10-21,Nigeria,crisis,80.7,-7.4,149.8
2025-10-21,Nigeria,negativity,77.0,-6.7,144.7
2025-10-22,Nigeria,protest,77.0,-6.7,136.2
2025-10-22,Nigeria,crisis,83.2,-7.6,150.8
2025-10-22,Nigeria,negativity,80.4,-6.7,134.6
2025-10-23,Nigeria,protest,76.7,-7.4,148.8
2025-10-23,Nigeria,crisis,82.4,-7.4,148.3
2025-10-23,Nigeria,negativity,80.5,-7.1,153.6
2025-10-24,Nigeria,protest,73.1,-7.3,130.7
2025-10-24,Nigeria,crisis,81.6,-7.8,156.6
2025-10-24,Nigeria,negativity,78.5,-7.5,152.5
2025-10-25,Nigeria,protest,74.4,-6.3,127.9
2025-10-25,Nigeria,crisis,82.8,-8.1,154.6
2025-10-25,Nigeria,negativity,76.4,-7.1,130.6
2025-10-26,Nigeria,protest,71.2,-5.9,137.7
2025-10-26,Nigeria,crisis,79.5,-7.7,139.8
2025-10-26,Nigeria,negativity,76.7,-6.6,145.7
2025-10-27,Nigeria,protest,72.8,-6.4,133.1
2025-10-27,Nigeria,crisis,80.5,-7.2,150.5
2025-10-27,Nigeria,negativity,74.7,-7.4,133.6
2025-10-28,Nigeria,protest,75.4,-6.4,143.1
2025-10-28,Nigeria,crisis,79.4,-7.3,140.6
2025-10-28,Nigeria,negativity,78.8,-6.6,152.7
2025-10-29,Nigeria,protest,77.5,-7.3,145.5
2025-10-29,Nigeria,crisis,81.2,-7.5,143.3
2025-10-29,Nigeria,negativity,77.2,-7.3,150.5
2025-10-30,Nigeria,protest,73.8,-6.1,140.4
2025-10-30,Nigeria,crisis,81.5,-8.1,145.2
2025-10-30,Nigeria,negativity,80.1,-7.4,146.1
2025-10-31,Nigeria,protest,73.1,-6.0,140.1
2025-10-31,Nigeria,crisis,83.3,-7.9,151.3
2025-10-31,Nigeria,negativity,77.5,-7.3,136.4
2025-11-01,Nigeria,protest,72.1,-6.5,123.0
2025-11-01,Nigeria,crisis,81.3,-7.3,150.5
2025-11-01,Nigeria,negativity,78.9,-6.8,138.2
2025-11-02,Nigeria,protest,73.5,-6.2,135.9
2025-11-02,Nigeria,crisis,78.0,-6.8,144.9
2025-11-02,Nigeria,negativity,78.5,-7.6,147.3
2025-11-03,Nigeria,protest,74.1,-6.5,125.1
2025-11-03,Nigeria,crisis,79.3,-6.9,140.3
2025-11-03,Nigeria,negativity,75.4,-6.8,147.5
2025-11-04,Nigeria,protest,72.1,-6.8,132.2
2025-11-04,Nigeria,crisis,83.1,-7.5,140.7
2025-11-04,Nigeria,negativity,79.5,-6.8,149.8
2025-11-05,Nigeria,protest,73.8,-6.2,141.6
2025-11-05,Nigeria,crisis,85.0,-7.1,153.4
2025-11-05,Nigeria,negativity,80.6,-7.0,139.2
2025-11-06,Nigeria,protest,78.3,-6.5,131.6
2025-11-06,Nigeria,crisis,82.2,-7.5,156.0
2025-11-06,Nigeria,negativity,79.6,-7.3,152.7
2025-11-07,Nigeria,protest,76.0,-7.3,139.7
2025-11-07,Nigeria,crisis,84.0,-7.5,155.4
2025-11-07,Nigeria,negativity,80.4,-6.7,149.8
2025-11-08,Nigeria,protest,75.2,-6.3,135.1
2025-11-08,Nigeria,crisis,79.4,-7.6,148.5
2025-11-08,Nigeria,negativity,77.9,-6.9,132.1
2025-11-09,Nigeria,protest,74.7,-6.2,138.1
2025-11-09,Nigeria,crisis,81.4,-7.1,149.7
2025-11-09,Nigeria,negativity,74.7,-6.9,146.5
2025-11-10,Nigeria,protest,73.6,-6.6,135.3
2025-11-10,Nigeria,crisis,78.9,-7.6,133.2
2025-11-10,Nigeria,negativity,78.2,-7.5,144.0
2025-11-11,Nigeria,protest,72.6,-6.3,141.7
2025-11-11,Nigeria,crisis,82.6,-8.1,139.0
2025-11-11,Nigeria,negativity,78.4,-7.8,131.6
2025-11-12,Nigeria,protest,78.2,-6.9,145.2
2025-11-12,Nigeria,crisis,85.8,-7.8,160.3
2025-11-12,Nigeria,negativity,78.3,-6.9,143.6
2025-11-13,Nigeria,protest,74.6,-6.6,140.8
2025-11-13,Nigeria,crisis,84.6,-7.7,161.9
2025-11-13,Nigeria,negativity,80.4,-7.5,136.8
2025-11-14,Nigeria,protest,74.7,-6.5,146.2
2025-11-14,Nigeria,crisis,81.4,-7.8,136.6
2025-11-14,Nigeria,negativity,81.1,-6.8,142.2
2025-11-15,Nigeria,protest,72.2,-6.0,122.9
2025-11-15,Nigeria,crisis,84.0,-7.8,156.8
2025-11-15,Nigeria,negativity,78.0,-7.0,134.9
2025-11-16,Nigeria,protest,73.3,-6.1,138.4
2025-11-16,Nigeria,crisis,83.0,-7.6,153.0
2025-11-16,Nigeria,negativity,76.4,-6.6,133.0
2025-11-17,Nigeria,protest,72.5,-6.3,143.8
2025-11-17,Nigeria,crisis,82.6,-7.8,144.2
2025-11-17,Nigeria,negativity,78.9,-6.8,146.4
2025-11-18,Nigeria,protest,76.8,-6.9,139.2
2025-11-18,Nigeria,crisis,81.7,-6.9,145.5
2025-11-18,Nigeria,negativity,79.4,-7.8,154.6
2025-11-19,Nigeria,protest,76.9,-7.4,133.0
2025-11-19,Nigeria,crisis,84.7,-8.3,149.2
2025-11-19,Nigeria,negativity,78.4,-7.0,152.7
2025-11-20,Nigeria,protest,75.3,-6.8,130.2
2025-11-20,Nigeria,crisis,82.2,-8.0,155.5
2025-11-20,Nigeria,negativity,78.3,-7.1,151.8
2025-11-21,Nigeria,protest,76.0,-7.5,132.0
2025-11-21,Nigeria,crisis,84.1,-7.3,158.6
2025-11-21,Nigeria,negativity,77.5,-7.3,145.3
2025-11-22,Nigeria,protest,75.0,-6.5,129.7
2025-11-22,Nigeria,crisis,83.2,-7.2,145.3
2025-11-22,Nigeria,negativity,76.0,-6.8,148.1
2025-11-23,Nigeria,protest,71.2,-6.7,141.3
2025-11-23,Nigeria,crisis,79.4,-6.9,148.5
2025-11-23,Nigeria,negativity,77.6,-7.3,136.3
2025-11-24,Nigeria,protest,71.8,-6.8,130.8
2025-11-24,Nigeria,crisis,81.4,-8.0,136.8
2025-11-24,Nigeria,negativity,74.2,-7.1,139.3
2025-11-25,Nigeria,protest,71.7,-6.9,121.4
2025-11-25,Nigeria,crisis,80.7,-7.9,140.5
2025-11-25,Nigeria,negativity,79.9,-7.6,138.3
2025-11-26,Nigeria,protest,73.5,-7.2,138.0
2025-11-26,Nigeria,crisis,83.0,-8.0,159.2
2025-11-26,Nigeria,negativity,81.2,-6.9,137.3
2025-11-27,Nigeria,protest,75.1,-7.1,129.7
2025-11-27,Nigeria,crisis,81.5,-7.6,147.5
2025-11-27,Nigeria,negativity,81.2,-7.5,140.3
2025-11-28,Nigeria,protest,75.2,-6.9,133.2
2025-11-28,Nigeria,crisis,84.6,-7.4,144.3
2025-11-28,Nigeria,negativity,80.6,-7.5,140.7
2025-11-29,Nigeria,protest,71.5,-5.9,128.4
2025-11-29,Nigeria,crisis,80.3,-6.7,152.0
2025-11-29,Nigeria,negativity,76.8,-6.4,141.4
2025-11-30,Nigeria,protest,73.3,-6.3,144.9
2025-11-30,Nigeria,crisis,78.0,-7.4,143.9
2025-11-30,Nigeria,negativity,75.1,-6.2,131.6
2025-12-01,Nigeria,protest,73.8,-6.3,141.0
2025-12-01,Nigeria,crisis,79.5,-7.5,147.0
2025-12-01,Nigeria,negativity,77.3,-7.6,131.7
2025-12-02,Nigeria,protest,75.0,-7.3,130.8
2025-12-02,Nigeria,crisis,79.8,-6.9,145.1
2025-12-02,Nigeria,negativity,75.4,-7.5,145.2
2025-12-03,Nigeria,protest,75.0,-7.4,134.7
2025-12-03,Nigeria,crisis,79.9,-7.7,136.5
2025-12-03,Nigeria,negativity,76.1,-6.8,140.1
2025-12-04,Nigeria,protest,74.8,-6.1,130.5
2025-12-04,Nigeria,crisis,83.1,-7.3,147.8
2025-12-04,Nigeria,negativity,80.1,-6.8,136.5
2025-12-05,Nigeria,protest,75.0,-6.6,141.7
2025-12-05,Nigeria,crisis,80.6,-7.2,139.3
2025-12-05,Nigeria,negativity,78.6,-7.6,135.3
2025-12-06,Nigeria,protest,71.3,-6.0,135.0
2025-12-06,Nigeria,crisis,77.1,-7.3,136.7
2025-12-06,Nigeria,negativity,75.2,-6.7,128.8
2025-12-07,Nigeria,protest,72.1,-6.8,125.9
2025-12-07,Nigeria,crisis,76.3,-6.7,147.2
2025-12-07,Nigeria,negativity,76.0,-7.0,134.7
2025-12-08,Nigeria,protest,71.6,-6.9,138.8
2025-12-08,Nigeria,crisis,79.6,-7.0,141.8
2025-12-08,Nigeria,negativity,73.8,-6.6,142.2
2025-12-09,Nigeria,protest,73.0,-6.7,129.7
2025-12-09,Nigeria,crisis,81.7,-6.8,143.5
2025-12-09,Nigeria,negativity,76.6,-7.3,149.2
2025-12-10,Nigeria,protest,71.8,-6.3,136.6
2025-12-10,Nigeria,crisis,81.2,-7.3,138.1
2025-12-10,Nigeria,negativity,77.6,-6.7,146.0
2025-12-11,Nigeria,protest,74.7,-6.9,138.2
2025-12-11,Nigeria,crisis,83.3,-7.4,140.0
2025-12-11,Nigeria,negativity,79.4,-7.2,141.0
2025-12-12,Nigeria,protest,72.0,-6.3,121.3
2025-12-12,Nigeria,crisis,80.2,-7.6,138.8
2025-12-12,Nigeria,negativity,73.8,-6.6,140.8
2025-12-13,Nigeria,protest,68.6,-5.7,133.5
2025-12-13,Nigeria,crisis,79.0,-6.6,140.5
2025-12-13,Nigeria,negativity,75.1,-6.2,138.3
2025-12-14,Nigeria,protest,67.4,-5.9,117.1
2025-12-14,Nigeria,crisis,79.2,-7.5,139.2
2025-12-14,Nigeria,negativity,71.5,-6.3,127.5
2025-12-15,Nigeria,protest,68.5,-6.6,120.2
2025-12-15,Nigeria,crisis,78.7,-7.4,143.4
2025-12-15,Nigeria,negativity,74.6,-7.2,126.4
2025-12-16,Nigeria,protest,70.1,-6.1,126.7
2025-12-16,Nigeria,crisis,79.7,-7.2,141.2
2025-12-16,Nigeria,negativity,73.3,-6.1,134.1
2025-12-17,Nigeria,protest,74.6,-6.6,146.2
2025-12-17,Nigeria,crisis,80.5,-7.0,144.2
2025-12-17,Nigeria,negativity,78.6,-7.0,147.9
2025-12-18,Nigeria,protest,70.9,-6.9,135.9
2025-12-18,Nigeria,crisis,82.1,-7.0,153.3
2025-12-18,Nigeria,negativity,74.9,-7.1,142.6
2025-12-19,Nigeria,protest,71.4,-6.3,139.8
2025-12-19,Nigeria,crisis,78.9,-7.1,134.0
2025-12-19,Nigeria,negativity,74.2,-6.1,142.7
2025-12-20,Nigeria,protest,71.5,-5.8,132.2
2025-12-20,Nigeria,crisis,78.9,-6.7,151.0
2025-12-20,Nigeria,negativity,75.3,-6.9,142.6
2025-12-21,Nigeria,protest,67.7,-6.8,116.3
2025-12-21,Nigeria,crisis,75.3,-7.2,144.6
2025-12-21,Nigeria,negativity,73.5,-6.9,126.4
2025-12-22,Nigeria,protest,70.8,-7.1,120.1
2025-12-22,Nigeria,crisis,76.9,-6.4,148.6
2025-12-22,Nigeria,negativity,75.5,-6.7,146.8
2025-12-23,Nigeria,protest,72.7,-7.2,144.2
2025-12-23,Nigeria,crisis,79.4,-7.8,145.8
2025-12-23,Nigeria,negativity,73.6,-6.0,131.6
2025-12-24,Nigeria,protest,73.7,-6.4,140.7
2025-12-24,Nigeria,crisis,79.4,-7.7,152.8
2025-12-24,Nigeria,negativity,76.6,-7.5,144.9
2025-12-25,Nigeria,protest,75.3,-7.1,145.7
2025-12-25,Nigeria,crisis,84.6,-8.3,142.3
2025-12-25,Nigeria,negativity,78.8,-7.7,135.5
2025-12-26,Nigeria,protest,73.3,-6.4,132.9
2025-12-26,Nigeria,crisis,82.0,-7.7,144.3
2025-12-26,Nigeria,negativity,79.9,-7.4,149.5
2025-12-27,Nigeria,protest,70.1,-6.5,124.0
2025-12-27,Nigeria,crisis,81.2,-6.9,143.3
2025-12-27,Nigeria,negativity,75.8,-6.8,146.0
2025-12-28,Nigeria,protest,70.0,-6.5,128.5
2025-12-28,Nigeria,crisis,81.8,-7.1,141.0
2025-12-28,Nigeria,negativity,76.4,-7.3,132.2
2025-12-29,Nigeria,protest,73.1,-6.7,133.6
2025-12-29,Nigeria,crisis,79.5,-7.2,137.1
2025-12-29,Nigeria,negativity,75.6,-6.9,127.5
2025-12-30,Nigeria,protest,72.5,-6.3,126.6
2025-12-30,Nigeria,crisis,82.8,-8.1,140.9
2025-12-30,Nigeria,negativity,77.2,-7.4,141.7
2025-12-31,Nigeria,protest,74.3,-6.7,142.5
2025-12-31,Nigeria,crisis,83.1,-7.2,139.6
2025-12-31,Nigeria,negativity,80.6,-6.9,151.3
2026-01-01,Nigeria,protest,76.5,-7.5,130.6
2026-01-01,Nigeria,crisis,87.6,-7.5,167.4
2026-01-01,Nigeria,negativity,80.2,-7.2,151.7
2026-01-02,Nigeria,protest,75.5,-7.1,144.5
2026-01-02,Nigeria,crisis,83.6,-8.1,151.7
2026-01-02,Nigeria,negativity,81.2,-8.0,136.0
2026-01-03,Nigeria,protest,75.8,-7.1,138.5
2026-01-03,Nigeria,crisis,82.9,-7.6,146.0
2026-01-03,Nigeria,negativity,80.1,-7.8,142.7
2026-01-04,Nigeria,protest,73.3,-6.4,132.4
2026-01-04,Nigeria,crisis,81.9,-7.0,151.5
2026-01-04,Nigeria,negativity,81.3,-7.5,151.8
2026-01-05,Nigeria,protest,76.2,-7.5,139.0
2026-01-05,Nigeria,crisis,84.0,-7.2,152.8
2026-01-05,Nigeria,negativity,82.7,-6.9,143.6
2026-01-06,Nigeria,protest,80.7,-7.3,155.5
2026-01-06,Nigeria,crisis,85.4,-7.6,148.3
2026-01-06,Nigeria,negativity,82.8,-7.2,159.9
2026-01-07,Nigeria,protest,78.8,-7.6,149.2
2026-01-07,Nigeria,crisis,87.4,-8.4,165.5
2026-01-07,Nigeria,negativity,85.3,-8.1,153.6
2026-01-08,Nigeria,protest,82.1,-8.1,142.5
2026-01-08,Nigeria,crisis,92.2,-8.0,168.5
2026-01-08,Nigeria,negativity,85.3,-7.7,151.3
2026-01-09,Nigeria,protest,82.9,-7.0,145.4
2026-01-09,Nigeria,crisis,90.0,-7.7,167.1
2026-01-09,Nigeria,negativity,87.1,-7.2,165.8
2026-01-10,Nigeria,protest,79.0,-6.8,145.3
2026-01-10,Nigeria,crisis,88.6,-8.2,166.2
2026-01-10,Nigeria,negativity,83.0,-7.3,140.5
2026-01-11,Nigeria,protest,81.6,-6.9,155.3
2026-01-11,Nigeria,crisis,88.8,-7.8,157.0
2026-01-11,Nigeria,negativity,84.9,-7.7,154.7
2026-01-12,Nigeria,protest,81.9,-7.1,145.7
2026-01-12,Nigeria,crisis,91.7,-8.6,160.2
2026-01-12,Nigeria,negativity,84.4,-7.9,142.9
2026-01-13,Nigeria,protest,83.7,-8.2,147.6
2026-01-13,Nigeria,crisis,92.8,-8.3,161.0
2026-01-13,Nigeria,negativity,86.9,-7.9,162.8
2026-01-14,Nigeria,protest,85.2,-7.5,151.1
2026-01-14,Nigeria,crisis,97.1,-9.2,176.4
2026-01-14,Nigeria,negativity,91.2,-7.9,159.6
2026-01-15,Nigeria,protest,88.7,-8.6,153.8
2026-01-15,Nigeria,crisis,96.3,-8.7,160.3
2026-01-15,Nigeria,negativity,90.3,-8.7,162.3
2026-01-16,Nigeria,protest,86.7,-7.4,161.0
2026-01-16,Nigeria,crisis,94.4,-9.1,172.9
2026-01-16,Nigeria,negativity,92.1,-9.0,158.7
2026-01-17,Nigeria,protest,83.8,-7.2,147.5
2026-01-17,Nigeria,crisis,95.5,-9.0,167.7
2026-01-17,Nigeria,negativity,90.1,-8.2,152.1
2026-01-18,Nigeria,protest,84.5,-7.6,163.0
2026-01-18,Nigeria,crisis,96.3,-9.0,167.1
2026-01-18,Nigeria,negativity,90.8,-8.3,162.9
2026-01-19,Nigeria,protest,86.2,-7.7,158.7
2026-01-19,Nigeria,crisis,98.0,-9.1,165.1
2026-01-19,Nigeria,negativity,92.9,-8.6,165.2
2026-01-20,Nigeria,protest,88.9,-7.7,153.5
2026-01-20,Nigeria,crisis,98.9,-9.0,166.9
2026-01-20,Nigeria,negativity,92.5,-8.4,163.2
2026-01-21,Nigeria,protest,92.4,-8.2,170.9
2026-01-21,Nigeria,crisis,99.0,-8.8,164.7
2026-01-21,Nigeria,negativity,96.0,-8.1,179.6
2026-01-22,Nigeria,protest,91.1,-8.4,152.3
2026-01-22,Nigeria,crisis,99.0,-9.4,165.7
2026-01-22,Nigeria,negativity,95.3,-8.8,176.4
2026-01-23,Nigeria,protest,88.0,-8.3,168.7
2026-01-23,Nigeria,crisis,99.0,-9.3,175.0
2026-01-23,Nigeria,negativity,93.4,-8.0,165.2
2026-01-24,Nigeria,protest,91.6,-8.6,154.1
2026-01-24,Nigeria,crisis,98.9,-8.8,167.3
2026-01-24,Nigeria,negativity,93.8,-9.1,170.7
2026-01-25,Nigeria,protest,88.5,-7.8,164.0
2026-01-25,Nigeria,crisis,99.0,-9.1,167.2
2026-01-25,Nigeria,negativity,96.6,-8.6,160.6
2026-01-26,Nigeria,protest,92.5,-8.9,170.0
2026-01-26,Nigeria,crisis,99.0,-8.5,175.3
2026-01-26,Nigeria,negativity,96.4,-8.6,176.2
2026-01-27,Nigeria,protest,87.9,-8.0,150.9
2026-01-27,Nigeria,crisis,99.0,-9.3,179.2
2026-01-27,Nigeria,negativity,95.9,-8.6,176.3
2026-01-28,Nigeria,protest,90.6,-8.9,162.4
2026-01-28,Nigeria,crisis,99.0,-8.5,169.4
2026-01-28,Nigeria,negativity,94.2,-9.0,177.4
2026-01-29,Nigeria,protest,88.1,-7.7,165.2
2026-01-29,Nigeria,crisis,98.6,-8.3,171.6
2026-01-29,Nigeria,negativity,93.0,-7.9,169.0
2026-01-30,Nigeria,protest,90.1,-7.5,154.6
2026-01-30,Nigeria,crisis,99.0,-8.5,167.4
2026-01-30,Nigeria,negativity,97.3,-8.3,174.6
2026-01-31,Nigeria,protest,92.5,-8.2,162.3
2026-01-31,Nigeria,crisis,97.9,-8.2,182.8
2026-01-31,Nigeria,negativity,94.0,-8.6,159.6
2026-02-01,Nigeria,protest,90.8,-8.7,166.8
2026-02-01,Nigeria,crisis,97.9,-9.0,165.4
2026-02-01,Nigeria,negativity,92.8,-8.5,167.5
2026-02-02,Nigeria,protest,90.2,-7.6,163.2
2026-02-02,Nigeria,crisis,99.0,-8.7,171.3
2026-02-02,Nigeria,negativity,94.8,-8.6,168.4
2026-02-03,Nigeria,protest,91.7,-8.3,166.7
2026-02-03,Nigeria,crisis,99.0,-9.1,186.0
2026-02-03,Nigeria,negativity,95.4,-8.6,172.2
2026-02-04,Nigeria,protest,90.0,-7.7,159.8
2026-02-04,Nigeria,crisis,98.7,-9.2,178.5
2026-02-04,Nigeria,negativity,94.6,-8.8,173.2
2026-02-05,Nigeria,protest,88.6,-7.7,161.8
2026-02-05,Nigeria,crisis,97.9,-8.4,172.2
2026-02-05,Nigeria,negativity,96.3,-8.9,168.7
2026-02-06,Nigeria,protest,89.5,-8.2,164.1
2026-02-06,Nigeria,crisis,99.0,-8.8,176.1
2026-02-06,Nigeria,negativity,94.6,-8.4,158.1
2026-02-07,Nigeria,protest,92.0,-8.7,165.0
2026-02-07,Nigeria,crisis,99.0,-9.5,165.0
2026-02-07,Nigeria,negativity,96.1,-9.2,161.7
2026-02-08,Nigeria,protest,92.1,-7.7,172.3
2026-02-08,Nigeria,crisis,98.2,-8.8,171.6
2026-02-08,Nigeria,negativity,97.2,-8.4,183.1
2026-02-09,Nigeria,protest,88.1,-7.6,163.1
2026-02-09,Nigeria,crisis,99.0,-9.2,184.4
2026-02-09,Nigeria,negativity,97.0,-9.3,170.4
2026-02-10,Nigeria,protest,89.6,-8.2,151.3
2026-02-10,Nigeria,crisis,99.0,-9.4,167.9
2026-02-10,Nigeria,negativity,97.4,-8.9,162.9
2026-02-11,Nigeria,protest,91.4,-8.9,167.7
2026-02-11,Nigeria,crisis,99.0,-8.8,164.5
2026-02-11,Nigeria,negativity,92.8,-8.8,170.8
2026-02-12,Nigeria,protest,91.0,-7.6,156.2
2026-02-12,Nigeria,crisis,99.0,-9.5,168.0
2026-02-12,Nigeria,negativity,96.3,-8.5,165.9
2026-02-13,Nigeria,protest,89.9,-7.6,165.4
2026-02-13,Nigeria,crisis,97.6,-8.3,171.5
2026-02-13,Nigeria,negativity,92.8,-8.9,158.8
2026-02-14,Nigeria,protest,89.0,-7.8,169.8
2026-02-14,Nigeria,crisis,99.0,-8.9,185.2
2026-02-14,Nigeria,negativity,93.7,-9.2,169.5
2026-02-15,Nigeria,protest,89.9,-8.1,161.3
2026-02-15,Nigeria,crisis,99.0,-9.4,170.6
2026-02-15,Nigeria,negativity,93.8,-8.7,158.0
2026-02-16,Nigeria,protest,91.3,-7.8,160.9
2026-02-16,Nigeria,crisis,99.0,-9.5,183.5
2026-02-16,Nigeria,negativity,96.6,-8.1,172.3
2026-02-17,Nigeria,protest,90.5,-8.5,165.3
2026-02-17,Nigeria,crisis,99.0,-9.5,178.9
2026-02-17,Nigeria,negativity,94.5,-8.6,161.9
2026-02-18,Nigeria,protest,89.2,-8.1,160.2
2026-02-18,Nigeria,crisis,99.0,-8.7,185.7
2026-02-18,Nigeria,negativity,92.9,-8.4,164.5
2026-02-19,Nigeria,protest,92.0,-8.7,161.8
2026-02-19,Nigeria,crisis,99.0,-8.6,180.2
2026-02-19,Nigeria,negativity,95.3,-9.0,171.5
2026-02-20,Nigeria,protest,89.7,-7.8,168.0
2026-02-20,Nigeria,crisis,99.0,-9.2,167.9
2026-02-20,Nigeria,negativity,93.8,-8.0,162.3
2026-02-21,Nigeria,protest,87.4,-8.0,159.3
2026-02-21,Nigeria,crisis,96.0,-8.0,177.9
2026-02-21,Nigeria,negativity,92.4,-8.4,157.0
2026-02-22,Nigeria,protest,85.4,-7.8,157.8
2026-02-22,Nigeria,crisis,96.8,-8.7,178.3
2026-02-22,Nigeria,negativity,88.9,-7.7,148.9
2026-02-23,Nigeria,protest,86.3,-8.1,147.2
2026-02-23,Nigeria,crisis,92.9,-8.6,167.9
2026-02-23,Nigeria,negativity,90.2,-8.6,170.6
2026-02-24,Nigeria,protest,85.6,-8.4,162.7
2026-02-24,Nigeria,crisis,98.3,-9.3,181.2
2026-02-24,Nigeria,negativity,89.4,-8.2,167.9
2026-02-25,Nigeria,protest,89.4,-7.6,160.3
2026-02-25,Nigeria,crisis,95.7,-9.2,172.6
2026-02-25,Nigeria,negativity,91.4,-7.7,171.0
2026-02-26,Nigeria,protest,85.5,-7.7,164.7
2026-02-26,Nigeria,crisis,95.0,-9.3,176.0
2026-02-26,Nigeria,negativity,93.0,-8.7,158.9
2026-02-27,Nigeria,protest,85.3,-7.5,150.8
2026-02-27,Nigeria,crisis,94.3,-8.0,172.0
2026-02-27,Nigeria,negativity,90.2,-8.3,151.2
2026-02-28,Nigeria,protest,84.0,-7.2,141.4
2026-02-28,Nigeria,crisis,90.2,-8.8,163.2
2026-02-28,Nigeria,negativity,87.1,-8.4,156.2
2026-03-01,Nigeria,protest,79.6,-7.2,147.6
2026-03-01,Nigeria,crisis,91.7,-8.3,164.0
2026-03-01,Nigeria,negativity,84.3,-7.5,141.2
2026-03-02,Nigeria,protest,81.6,-6.8,151.4
2026-03-02,Nigeria,crisis,91.3,-7.7,157.8
2026-03-02,Nigeria,negativity,86.8,-7.7,150.2
2026-03-03,Nigeria,protest,79.0,-7.4,136.7
2026-03-03,Nigeria,crisis,89.6,-8.5,166.9
2026-03-03,Nigeria,negativity,85.8,-7.8,147.0
2026-03-04,Nigeria,protest,79.7,-6.7,151.0
2026-03-04,Nigeria,crisis,91.9,-8.4,168.1
2026-03-04,Nigeria,negativity,84.4,-7.6,162.7
2026-03-05,Nigeria,protest,81.7,-7.8,137.3
2026-03-05,Nigeria,crisis,88.8,-7.5,165.3
2026-03-05,Nigeria,negativity,87.8,-8.1,151.8
2026-03-06,Nigeria,protest,81.0,-7.5,140.8
2026-03-06,Nigeria,crisis,90.1,-8.4,154.0
2026-03-06,Nigeria,negativity,85.6,-7.7,146.7
2026-03-07,Nigeria,protest,79.8,-7.6,138.6
2026-03-07,Nigeria,crisis,83.9,-8.3,152.0
2026-03-07,Nigeria,negativity,80.0,-7.5,144.3
2026-03-08,Nigeria,protest,78.1,-7.5,136.6
2026-03-08,Nigeria,crisis,84.9,-7.3,151.1
2026-03-08,Nigeria,negativity,79.3,-7.8,135.7
2026-03-09,Nigeria,protest,75.2,-6.2,133.5
2026-03-09,Nigeria,crisis,85.4,-8.1,154.4
2026-03-09,Nigeria,negativity,77.9,-7.6,131.5
2026-03-10,Nigeria,protest,74.4,-6.3,137.8
2026-03-10,Nigeria,crisis,85.0,-7.3,148.4
2026-03-10,Nigeria,negativity,79.9,-6.9,152.7
2026-03-11,Nigeria,protest,77.6,-6.5,151.9
2026-03-11,Nigeria,crisis,86.7,-7.4,145.7
2026-03-11,Nigeria,negativity,81.4,-7.5,142.1
2026-03-12,Nigeria,protest,76.6,-7.3,131.0
2026-03-12,Nigeria,crisis,86.1,-7.4,150.3
2026-03-12,Nigeria,negativity,81.5,-7.3,141.4
2026-03-13,Nigeria,protest,73.5,-7.1,135.1
2026-03-13,Nigeria,crisis,81.6,-7.6,153.1
2026-03-13,Nigeria,negativity,80.9,-7.9,144.3
2026-03-14,Nigeria,protest,72.8,-6.5,139.4
2026-03-14,Nigeria,crisis,83.0,-6.9,140.8
2026-03-14,Nigeria,negativity,78.5,-7.8,135.0
2026-03-15,Nigeria,protest,71.8,-6.4,121.5
2026-03-15,Nigeria,crisis,81.2,-7.2,152.7
2026-03-15,Nigeria,negativity,76.3,-6.3,139.4
2026-03-16,Nigeria,protest,72.3,-6.8,126.4
2026-03-16,Nigeria,crisis,81.0,-6.7,147.7
2026-03-16,Nigeria,negativity,75.0,-7.3,134.3
2026-03-17,Nigeria,protest,70.7,-5.9,125.5
2026-03-17,Nigeria,crisis,82.1,-7.1,150.0
2026-03-17,Nigeria,negativity,73.7,-7.2,145.3
2026-03-18,Nigeria,protest,71.2,-6.6,120.5
2026-03-18,Nigeria,crisis,82.4,-6.9,139.1
2026-03-18,Nigeria,negativity,75.7,-7.0,148.3
2026-03-19,Nigeria,protest,72.9,-6.2,122.8
2026-03-19,Nigeria,crisis,81.8,-7.9,143.6
2026-03-19,Nigeria,negativity,78.0,-6.5,147.6
2026-03-20,Nigeria,protest,73.2,-6.0,134.1
2026-03-20,Nigeria,crisis,77.3,-6.9,136.6
2026-03-20,Nigeria,negativity,75.0,-6.7,145.6
2026-03-21,Nigeria,protest,67.7,-6.4,134.4
2026-03-21,Nigeria,crisis,74.8,-6.5,140.3
2026-03-21,Nigeria,negativity,71.6,-7.0,124.5
2026-03-22,Nigeria,protest,68.5,-6.4,119.7
2026-03-22,Nigeria,crisis,75.2,-7.5,146.4
2026-03-22,Nigeria,negativity,73.8,-7.4,135.5
2026-03-23,Nigeria,protest,67.5,-5.8,123.7
2026-03-23,Nigeria,crisis,74.9,-6.3,126.6
2026-03-23,Nigeria,negativity,73.0,-7.3,142.3
2026-03-24,Nigeria,protest,70.3,-6.5,123.6
2026-03-24,Nigeria,crisis,79.2,-7.8,141.3
2026-03-24,Nigeria,negativity,75.3,-7.2,135.8
2026-03-25,Nigeria,protest,70.0,-6.5,126.7
2026-03-25,Nigeria,crisis,76.2,-6.4,141.7
2026-03-25,Nigeria,negativity,72.7,-6.2,137.1
2026-03-26,Nigeria,protest,71.4,-6.4,128.0
2026-03-26,Nigeria,crisis,79.0,-6.5,142.8
2026-03-26,Nigeria,negativity,72.4,-6.8,132.2
2026-03-27,Nigeria,protest,67.9,-6.4,116.5
2026-03-27,Nigeria,crisis,76.7,-6.9,149.8
2026-03-27,Nigeria,negativity,72.9,-7.2,143.1
2026-03-28,Nigeria,protest,67.3,-5.6,127.3
2026-03-28,Nigeria,crisis,72.9,-7.3,132.2
2026-03-28,Nigeria,negativity,73.1,-6.2,130.5
2026-03-29,Nigeria,protest,64.2,-5.6,118.3
2026-03-29,Nigeria,crisis,74.4,-6.9,131.1
2026-03-29,Nigeria,negativity,70.8,-5.8,129.8
2026-03-30,Nigeria,protest,65.1,-6.6,113.3
2026-03-30,Nigeria,crisis,75.9,-7.3,147.5
2026-03-30,Nigeria,negativity,71.1,-6.8,136.5
2026-03-31,Nigeria,protest,69.3,-6.5,130.8
2026-03-31,Nigeria,crisis,77.0,-6.9,137.6
2026-03-31,Nigeria,negativity,73.8,-6.8,129.1
2026-04-01,Nigeria,protest,70.5,-5.9,125.3
2026-04-01,Nigeria,crisis,76.5,-7.3,145.7
2026-04-01,Nigeria,negativity,73.2,-6.0,126.8
2026-04-02,Nigeria,protest,70.3,-6.2,119.3
2026-04-02,Nigeria,crisis,76.0,-7.5,140.9
2026-04-02,Nigeria,negativity,74.9,-6.7,146.8
2026-04-03,Nigeria,protest,70.4,-5.8,129.9
2026-04-03,Nigeria,crisis,77.6,-7.5,151.3
2026-04-03,Nigeria,negativity,74.3,-7.2,145.7
2026-04-04,Nigeria,protest,68.6,-6.1,128.6
2026-04-04,Nigeria,crisis,74.4,-7.1,137.6
2026-04-04,Nigeria,negativity,68.3,-5.6,125.1
2026-04-05,Nigeria,protest,66.4,-5.7,117.4
2026-04-05,Nigeria,crisis,70.8,-6.1,124.0
2026-04-05,Nigeria,negativity,67.0,-6.5,118.7
2026-04-06,Nigeria,protest,64.6,-6.0,123.9
2026-04-06,Nigeria,crisis,72.8,-7.0,131.6
2026-04-06,Nigeria,negativity,67.8,-5.7,118.6
2026-04-07,Nigeria,protest,65.5,-5.7,123.6
2026-04-07,Nigeria,crisis,75.8,-7.0,148.9
2026-04-07,Nigeria,negativity,72.5,-6.0,137.6
2026-04-08,Nigeria,protest,70.3,-6.0,134.9
2026-04-08,Nigeria,crisis,77.1,-6.6,133.9
2026-04-08,Nigeria,negativity,72.5,-7.2,131.3
2026-04-09,Nigeria,protest,68.5,-5.6,125.0
2026-04-09,Nigeria,crisis,75.1,-7.2,128.3
2026-04-09,Nigeria,negativity,74.2,-6.3,138.9
2026-04-10,Nigeria,protest,66.9,-5.5,123.2
2026-04-10,Nigeria,crisis,74.3,-6.6,142.5
2026-04-10,Nigeria,negativity,70.9,-5.8,122.6
2026-04-11,Nigeria,protest,68.9,-6.4,119.7
2026-04-11,Nigeria,crisis,74.6,-6.6,144.8
2026-04-11,Nigeria,negativity,69.6,-6.8,133.0
2026-04-12,Nigeria,protest,65.3,-5.7,128.7
2026-04-12,Nigeria,crisis,71.7,-7.1,131.6
2026-04-12,Nigeria,negativity,71.1,-6.1,138.0
