country,source_id,group,layer,period_label,target_period_start,target_period_end,native_period_start,native_period_end,normalized_value,raw_value,provenance,quality_completeness,age_days
China,unhcr,displacement,Displacement,2025-05,2025-05-01,2025-05-31,2025-05-01,2025-05-31,0.4387,0.472,UNHCR_snapshot_v43,0.91,0
China,gdelt_event,event,Event,2025-05,2025-05-01,2025-05-31,2025-05-01,2025-05-31,0.4539,0.6276,GDELT_event_monthly_2025-05,1.0,0
China,governance_input,governance,Governance,2025-05,2025-05-01,2025-05-31,2025-05-01,2025-05-31,0.4116,0.4761,GOVERNANCE_snapshot_v43,0.9,0
China,fao_ffpi,market_food,Market/Food,2025-05,2025-05-01,2025-05-31,2025-05-01,2025-05-31,0.3387,123.2,FAO_FFPI_snapshot_v43,0.95,0
China,fao_fpma,market_food,Market/Food,2025-05,2025-05-01,2025-05-31,2025-05-01,2025-05-31,0.1818,56.6,FAO_FPMA_snapshot_v43,0.91,0
China,narrative_input,narrative,Narrative,2025-05,2025-05-01,2025-05-31,2025-05-01,2025-05-31,0.3558,0.2517,NARRATIVE_snapshot_v43,0.765,0
China,gdacs,shock,Shock,2025-05,2025-05-01,2025-05-31,2025-05-01,2025-05-31,0.3865,0.2793,GDACS_snapshot_v43,0.9,0
China,un_comtrade,structural,Structural,2025-05,2025-05-01,2025-05-31,2024-01-01,2024-12-31,0.46,0.511,UN_COMTRADE_snapshot_v43,0.89,151
Germany,unhcr,displacement,Displacement,2025-05,2025-05-01,2025-05-31,2025-05-01,2025-05-31,0.3164,0.3873,UNHCR_snapshot_v43,0.91,0
Germany,gdelt_event,event,Event,2025-05,2025-05-01,2025-05-31,2025-05-01,2025-05-31,0.2736,0.5432,GDELT_event_monthly_2025-05,1.0,0
Germany,governance_input,governance,Governance,2025-05,2025-05-01,2025-05-31,2025-05-01,2025-05-31,0.303,0.3627,GOVERNANCE_snapshot_v43,0.9,0
Germany,fao_ffpi,market_food,Market/Food,2025-05,2025-05-01,2025-05-31,2025-05-01,2025-05-31,0.5853,113.7,FAO_FFPI_snapshot_v43,0.95,0
Germany,fao_fpma,market_food,Market/Food,2025-05,2025-05-01,2025-05-31,2025-05-01,2025-05-31,0.6364,42.9,FAO_FPMA_snapshot_v43,0.91,0
Germany,narrative_input,narrative,Narrative,2025-05,2025-05-01,2025-05-31,2025-05-01,2025-05-31,0.3252,0.202,NARRATIVE_snapshot_v43,0.72,0
Germany,gdacs,shock,Shock,2025-05,2025-05-01,2025-05-31,2025-05-01,2025-05-31,0.6132,0.1831,GDACS_snapshot_v43,0.9,0
Germany,un_comtrade,structural,Structural,2025-05,2025-05-01,2025-05-31,2024-01-01,2024-12-31,0.0714,0.375,UN_COMTRADE_snapshot_v43,0.89,151
Iran,unhcr,displacement,Displacement,2025-05,2025-05-01,2025-05-31,2025-05-01,2025-05-31,0.7074,0.6582,UNHCR_snapshot_v43,0.91,0
Iran,gdelt_event,event,Event,2025-05,2025-05-01,2025-05-31,2025-05-01,2025-05-31,0.691,0.7386,GDELT_event_monthly_2025-05,1.0,0
Iran,governance_input,governance,Governance,2025-05,2025-05-01,2025-05-31,2025-05-01,2025-05-31,0.6646,0.7405,GOVERNANCE_snapshot_v43,0.9,0
Iran,fao_ffpi,market_food,Market/Food,2025-05,2025-05-01,2025-05-31,2025-05-01,2025-05-31,0.3758,143.7,FAO_FFPI_snapshot_v43,0.95,0
Iran,fao_fpma,market_food,Market/Food,2025-05,2025-05-01,2025-05-31,2025-05-01,2025-05-31,0.3636,86.0,FAO_FPMA_snapshot_v43,0.91,0
Iran,narrative_input,narrative,Narrative,2025-05,2025-05-01,2025-05-31,2025-05-01,2025-05-31,0.6594,0.7448,NARRATIVE_snapshot_v43,0.861,0
Iran,gdacs,shock,Shock,2025-05,2025-05-01,2025-05-31,2025-05-01,2025-05-31,0.371,0.7862,GDACS_snapshot_v43,0.9,0
Iran,un_comtrade,structural,Structural,2025-05,2025-05-01,2025-05-31,2024-01-01,2024-12-31,1.0,0.703,UN_COMTRADE_snapshot_v43,0.89,151
Israel,unhcr,displacement,Displacement,2025-05,2025-05-01,2025-05-31,2025-05-01,2025-05-31,0.5576,0.5544,UNHCR_snapshot_v43,0.91,0
Israel,gdelt_event,event,Event,2025-05,2025-05-01,2025-05-31,2025-05-01,2025-05-31,0.5378,0.6669,GDELT_event_monthly_2025-05,1.0,0
Israel,governance_input,governance,Governance,2025-05,2025-05-01,2025-05-31,2025-05-01,2025-05-31,0.5195,0.5889,GOVERNANCE_snapshot_v43,0.9,0
Israel,fao_ffpi,market_food,Market/Food,2025-05,2025-05-01,2025-05-31,2025-05-01,2025-05-31,0.4394,132.2,FAO_FFPI_snapshot_v43,0.95,0
Israel,fao_fpma,market_food,Market/Food,2025-05,2025-05-01,2025-05-31,2025-05-01,2025-05-31,0.3636,69.5,FAO_FPMA_snapshot_v43,0.91,0
Israel,narrative_input,narrative,Narrative,2025-05,2025-05-01,2025-05-31,2025-05-01,2025-05-31,0.573,0.6044,NARRATIVE_snapshot_v43,0.807,0
Israel,gdacs,shock,Shock,2025-05,2025-05-01,2025-05-31,2025-05-01,2025-05-31,0.5009,0.5546,GDACS_snapshot_v43,0.9,0
Israel,un_comtrade,structural,Structural,2025-05,2025-05-01,2025-05-31,2024-01-01,2024-12-31,0.6543,0.579,UN_COMTRADE_snapshot_v43,0.89,151
Japan,unhcr,displacement,Displacement,2025-05,2025-05-01,2025-05-31,2025-05-01,2025-05-31,0.2121,0.315,UNHCR_snapshot_v43,0.91,0
Japan,gdelt_event,event,Event,2025-05,2025-05-01,2025-05-31,2025-05-01,2025-05-31,0.2365,0.5258,GDELT_event_monthly_2025-05,1.0,0
Japan,governance_input,governance,Governance,2025-05,2025-05-01,2025-05-31,2025-05-01,2025-05-31,0.2188,0.2747,GOVERNANCE_snapshot_v43,0.9,0
Japan,fao_ffpi,market_food,Market/Food,2025-05,2025-05-01,2025-05-31,2025-05-01,2025-05-31,0.4391,105.9,FAO_FFPI_snapshot_v43,0.95,0
Japan,fao_fpma,market_food,Market/Food,2025-05,2025-05-01,2025-05-31,2025-05-01,2025-05-31,0.3636,31.8,FAO_FPMA_snapshot_v43,0.91,0
Japan,narrative_input,narrative,Narrative,2025-05,2025-05-01,2025-05-31,2025-05-01,2025-05-31,0.2414,0.0659,NARRATIVE_snapshot_v43,0.684,0
Japan,gdacs,shock,Shock,2025-05,2025-05-01,2025-05-31,2025-05-01,2025-05-31,0.4338,0.0508,GDACS_snapshot_v43,0.9,0
Japan,un_comtrade,structural,Structural,2025-05,2025-05-01,2025-05-31,2024-01-01,2024-12-31,0.0,0.344,UN_COMTRADE_snapshot_v43,0.89,151
Nigeria,unhcr,displacement,Displacement,2025-05,2025-05-01,2025-05-31,2025-05-01,2025-05-31,0.6276,0.6029,UNHCR_snapshot_v43,0.91,0
Nigeria,gdelt_event,event,Event,2025-05,2025-05-01,2025-05-31,2025-05-01,2025-05-31,0.6216,0.7061,GDELT_event_monthly_2025-05,1.0,0
Nigeria,governance_input,governance,Governance,2025-05,2025-05-01,2025-05-31,2025-05-01,2025-05-31,0.5863,0.6587,GOVERNANCE_snapshot_v43,0.9,0
Nigeria,fao_ffpi,market_food,Market/Food,2025-05,2025-05-01,2025-05-31,2025-05-01,2025-05-31,0.3666,137.6,FAO_FFPI_snapshot_v43,0.95,0
Nigeria,fao_fpma,market_food,Market/Food,2025-05,2025-05-01,2025-05-31,2025-05-01,2025-05-31,0.2727,77.3,FAO_FPMA_snapshot_v43,0.91,0
Nigeria,narrative_input,narrative,Narrative,2025-05,2025-05-01,2025-05-31,2025-05-01,2025-05-31,0.6127,0.6689,NARRATIVE_snapshot_v43,0.832,0
Nigeria,gdacs,shock,Shock,2025-05,2025-05-01,2025-05-31,2025-05-01,2025-05-31,0.3646,0.6581,GDACS_snapshot_v43,0.9,0
Nigeria,un_comtrade,structural,Structural,2025-05,2025-05-01,2025-05-31,2024-01-01,2024-12-31,0.8486,0.647,UN_COMTRADE_snapshot_v43,0.89,151
Poland,unhcr,displacement,Displacement,2025-05,2025-05-01,2025-05-31,2025-05-01,2025-05-31,0.3708,0.425,UNHCR_snapshot_v43,0.91,0
Poland,gdelt_event,event,Event,2025-05,2025-05-01,2025-05-31,2025-05-01,2025-05-31,0.39,0.5977,GDELT_event_monthly_2025-05,1.0,0
Poland,governance_input,governance,Governance,2025-05,2025-05-01,2025-05-31,2025-05-01,2025-05-31,0.3525,0.4144,GOVERNANCE_snapshot_v43,0.9,0
Poland,fao_ffpi,market_food,Market/Food,2025-05,2025-05-01,2025-05-31,2025-05-01,2025-05-31,0.3114,118.1,FAO_FFPI_snapshot_v43,0.95,0
Poland,fao_fpma,market_food,Market/Food,2025-05,2025-05-01,2025-05-31,2025-05-01,2025-05-31,0.1818,49.2,FAO_FPMA_snapshot_v43,0.91,0
Poland,narrative_input,narrative,Narrative,2025-05,2025-05-01,2025-05-31,2025-05-01,2025-05-31,0.339,0.2245,NARRATIVE_snapshot_v43,0.741,0
Poland,gdacs,shock,Shock,2025-05,2025-05-01,2025-05-31,2025-05-01,2025-05-31,0.3113,0.2253,GDACS_snapshot_v43,0.9,0
Poland,un_comtrade,structural,Structural,2025-05,2025-05-01,2025-05-31,2024-01-01,2024-12-31,0.3171,0.461,UN_COMTRADE_snapshot_v43,0.89,151
Russia,unhcr,displacement,Displacement,2025-05,2025-05-01,2025-05-31,2025-05-01,2025-05-31,0.5997,0.5836,UNHCR_snapshot_v43,0.91,0
Russia,gdelt_event,event,Event,2025-05,2025-05-01,2025-05-31,2025-05-01,2025-05-31,0.603,0.6974,GDELT_event_monthly_2025-05,1.0,0
Russia,governance_input,governance,Governance,2025-05,2025-05-01,2025-05-31,2025-05-01,2025-05-31,0.5605,0.6317,GOVERNANCE_snapshot_v43,0.9,0
Russia,fao_ffpi,market_food,Market/Food,2025-05,2025-05-01,2025-05-31,2025-05-01,2025-05-31,0.3549,135.5,FAO_FFPI_snapshot_v43,0.95,0
Russia,fao_fpma,market_food,Market/Food,2025-05,2025-05-01,2025-05-31,2025-05-01,2025-05-31,0.2727,74.3,FAO_FPMA_snapshot_v43,0.91,0
Russia,narrative_input,narrative,Narrative,2025-05,2025-05-01,2025-05-31,2025-05-01,2025-05-31,0.5971,0.6436,NARRATIVE_snapshot_v43,0.823,0
Russia,gdacs,shock,Shock,2025-05,2025-05-01,2025-05-31,2025-05-01,2025-05-31,0.3554,0.6171,GDACS_snapshot_v43,0.9,0
Russia,un_comtrade,structural,Structural,2025-05,2025-05-01,2025-05-31,2024-01-01,2024-12-31,0.7971,0.629,UN_COMTRADE_snapshot_v43,0.89,151
Taiwan,unhcr,displacement,Displacement,2025-05,2025-05-01,2025-05-31,2025-05-01,2025-05-31,0.4805,0.501,UNHCR_snapshot_v43,0.91,0
Taiwan,gdelt_event,event,Event,2025-05,2025-05-01,2025-05-31,2025-05-01,2025-05-31,0.4917,0.6453,GDELT_event_monthly_2025-05,1.0,0
Taiwan,governance_input,governance,Governance,2025-05,2025-05-01,2025-05-31,2025-05-01,2025-05-31,0.4494,0.5156,GOVERNANCE_snapshot_v43,0.9,0
Taiwan,fao_ffpi,market_food,Market/Food,2025-05,2025-05-01,2025-05-31,2025-05-01,2025-05-31,0.2826,126.4,FAO_FFPI_snapshot_v43,0.95,0
Taiwan,fao_fpma,market_food,Market/Food,2025-05,2025-05-01,2025-05-31,2025-05-01,2025-05-31,0.0909,61.2,FAO_FPMA_snapshot_v43,0.91,0
Taiwan,narrative_input,narrative,Narrative,2025-05,2025-05-01,2025-05-31,2025-05-01,2025-05-31,0.3665,0.2691,NARRATIVE_snapshot_v43,0.78,0
Taiwan,gdacs,shock,Shock,2025-05,2025-05-01,2025-05-31,2025-05-01,2025-05-31,0.2666,0.316,GDACS_snapshot_v43,0.9,0
Taiwan,un_comtrade,structural,Structural,2025-05,2025-05-01,2025-05-31,2024-01-01,2024-12-31,0.5486,0.542,UN_COMTRADE_snapshot_v43,0.89,151
Ukraine,unhcr,displacement,Displacement,2025-05,2025-05-01,2025-05-31,2025-05-01,2025-05-31,0.6498,0.6183,UNHCR_snapshot_v43,0.91,0
Ukraine,gdelt_event,event,Event,2025-05,2025-05-01,2025-05-31,2025-05-01,2025-05-31,0.648,0.7185,GDELT_event_monthly_2025-05,1.0,0
Ukraine,governance_input,governance,Governance,2025-05,2025-05-01,2025-05-31,2025-05-01,2025-05-31,0.6081,0.6815,GOVERNANCE_snapshot_v43,0.9,0
Ukraine,fao_ffpi,market_food,Market/Food,2025-05,2025-05-01,2025-05-31,2025-05-01,2025-05-31,0.3316,139.3,FAO_FFPI_snapshot_v43,0.95,0
Ukraine,fao_fpma,market_food,Market/Food,2025-05,2025-05-01,2025-05-31,2025-05-01,2025-05-31,0.2727,79.7,FAO_FPMA_snapshot_v43,0.91,0
Ukraine,narrative_input,narrative,Narrative,2025-05,2025-05-01,2025-05-31,2025-05-01,2025-05-31,0.6254,0.6896,NARRATIVE_snapshot_v43,0.84,0
Ukraine,gdacs,shock,Shock,2025-05,2025-05-01,2025-05-31,2025-05-01,2025-05-31,0.3317,0.6929,GDACS_snapshot_v43,0.9,0
Ukraine,un_comtrade,structural,Structural,2025-05,2025-05-01,2025-05-31,2024-01-01,2024-12-31,0.9029,0.666,UN_COMTRADE_snapshot_v43,0.89,151
China,unhcr,displacement,Displacement,2025-06,2025-06-01,2025-06-30,2025-06-01,2025-06-30,0.4573,0.4849,UNHCR_snapshot_v43,0.91,0
China,gdelt_event,event,Event,2025-06,2025-06-01,2025-06-30,2025-06-01,2025-06-30,0.4086,0.6064,GDELT_event_monthly_2025-06,1.0,0
China,governance_input,governance,Governance,2025-06,2025-06-01,2025-06-30,2025-06-01,2025-06-30,0.4473,0.5135,GOVERNANCE_snapshot_v43,0.9,0
China,fao_ffpi,market_food,Market/Food,2025-06,2025-06-01,2025-06-30,2025-06-01,2025-06-30,0.5272,126.2,FAO_FFPI_snapshot_v43,0.95,0
China,fao_fpma,market_food,Market/Food,2025-06,2025-06-01,2025-06-30,2025-06-01,2025-06-30,0.6364,60.9,FAO_FPMA_snapshot_v43,0.91,0
China,narrative_input,narrative,Narrative,2025-06,2025-06-01,2025-06-30,2025-06-01,2025-06-30,0.3658,0.268,NARRATIVE_snapshot_v43,0.779,0
China,gdacs,shock,Shock,2025-06,2025-06-01,2025-06-30,2025-06-01,2025-06-30,0.4779,0.3136,GDACS_snapshot_v43,0.9,0
China,un_comtrade,structural,Structural,2025-06,2025-06-01,2025-06-30,2024-01-01,2024-12-31,0.46,0.511,UN_COMTRADE_snapshot_v43,0.89,181
Germany,unhcr,displacement,Displacement,2025-06,2025-06-01,2025-06-30,2025-06-01,2025-06-30,0.3365,0.4012,UNHCR_snapshot_v43,0.91,0
Germany,gdelt_event,event,Event,2025-06,2025-06-01,2025-06-30,2025-06-01,2025-06-30,0.2538,0.5339,GDELT_event_monthly_2025-06,1.0,0
Germany,governance_input,governance,Governance,2025-06,2025-06-01,2025-06-30,2025-06-01,2025-06-30,0.3423,0.4037,GOVERNANCE_snapshot_v43,0.9,0
Germany,fao_ffpi,market_food,Market/Food,2025-06,2025-06-01,2025-06-30,2025-06-01,2025-06-30,0.7191,117.2,FAO_FFPI_snapshot_v43,0.95,0
Germany,fao_fpma,market_food,Market/Food,2025-06,2025-06-01,2025-06-30,2025-06-01,2025-06-30,0.9091,48.0,FAO_FPMA_snapshot_v43,0.91,0
Germany,narrative_input,narrative,Narrative,2025-06,2025-06-01,2025-06-30,2025-06-01,2025-06-30,0.336,0.2196,NARRATIVE_snapshot_v43,0.737,0
Germany,gdacs,shock,Shock,2025-06,2025-06-01,2025-06-30,2025-06-01,2025-06-30,0.6909,0.2161,GDACS_snapshot_v43,0.9,0
Germany,un_comtrade,structural,Structural,2025-06,2025-06-01,2025-06-30,2024-01-01,2024-12-31,0.0714,0.375,UN_COMTRADE_snapshot_v43,0.89,181
Iran,unhcr,displacement,Displacement,2025-06,2025-06-01,2025-06-30,2025-06-01,2025-06-30,0.7608,0.6952,UNHCR_snapshot_v43,0.91,0
Iran,gdelt_event,event,Event,2025-06,2025-06-01,2025-06-30,2025-06-01,2025-06-30,0.6495,0.7192,GDELT_event_monthly_2025-06,1.0,0
Iran,governance_input,governance,Governance,2025-06,2025-06-01,2025-06-30,2025-06-01,2025-06-30,0.7581,0.8382,GOVERNANCE_snapshot_v43,0.9,0
Iran,fao_ffpi,market_food,Market/Food,2025-06,2025-06-01,2025-06-30,2025-06-01,2025-06-30,0.6688,150.7,FAO_FFPI_snapshot_v43,0.95,0
Iran,fao_fpma,market_food,Market/Food,2025-06,2025-06-01,2025-06-30,2025-06-01,2025-06-30,1.0,96.2,FAO_FPMA_snapshot_v43,0.91,0
Iran,narrative_input,narrative,Narrative,2025-06,2025-06-01,2025-06-30,2025-06-01,2025-06-30,0.7166,0.8377,NARRATIVE_snapshot_v43,0.894,0
Iran,gdacs,shock,Shock,2025-06,2025-06-01,2025-06-30,2025-06-01,2025-06-30,0.6699,0.9485,GDACS_snapshot_v43,0.9,0
Iran,un_comtrade,structural,Structural,2025-06,2025-06-01,2025-06-30,2024-01-01,2024-12-31,1.0,0.703,UN_COMTRADE_snapshot_v43,0.89,181
Israel,unhcr,displacement,Displacement,2025-06,2025-06-01,2025-06-30,2025-06-01,2025-06-30,0.6404,0.6118,UNHCR_snapshot_v43,0.91,0
Israel,gdelt_event,event,Event,2025-06,2025-06-01,2025-06-30,2025-06-01,2025-06-30,0.4964,0.6475,GDELT_event_monthly_2025-06,1.0,0
Israel,governance_input,governance,Governance,2025-06,2025-06-01,2025-06-30,2025-06-01,2025-06-30,0.6281,0.7024,GOVERNANCE_snapshot_v43,0.9,0
Israel,fao_ffpi,market_food,Market/Food,2025-06,2025-06-01,2025-06-30,2025-06-01,2025-06-30,0.6789,140.9,FAO_FFPI_snapshot_v43,0.95,0
Israel,fao_fpma,market_food,Market/Food,2025-06,2025-06-01,2025-06-30,2025-06-01,2025-06-30,0.7273,82.0,FAO_FPMA_snapshot_v43,0.91,0
Israel,narrative_input,narrative,Narrative,2025-06,2025-06-01,2025-06-30,2025-06-01,2025-06-30,0.6379,0.7098,NARRATIVE_snapshot_v43,0.848,0
Israel,gdacs,shock,Shock,2025-06,2025-06-01,2025-06-30,2025-06-01,2025-06-30,0.6649,0.7268,GDACS_snapshot_v43,0.9,0
Israel,un_comtrade,structural,Structural,2025-06,2025-06-01,2025-06-30,2024-01-01,2024-12-31,0.6543,0.579,UN_COMTRADE_snapshot_v43,0.89,181
Japan,unhcr,displacement,Displacement,2025-06,2025-06-01,2025-06-30,2025-06-01,2025-06-30,0.2435,0.3368,UNHCR_snapshot_v43,0.91,0
Japan,gdelt_event,event,Event,2025-06,2025-06-01,2025-06-30,2025-06-01,2025-06-30,0.1938,0.5058,GDELT_event_monthly_2025-06,1.0,0
Japan,governance_input,governance,Governance,2025-06,2025-06-01,2025-06-30,2025-06-01,2025-06-30,0.2485,0.3057,GOVERNANCE_snapshot_v43,0.9,0
Japan,fao_ffpi,market_food,Market/Food,2025-06,2025-06-01,2025-06-30,2025-06-01,2025-06-30,0.669,108.7,FAO_FFPI_snapshot_v43,0.95,0
Japan,fao_fpma,market_food,Market/Food,2025-06,2025-06-01,2025-06-30,2025-06-01,2025-06-30,0.9091,35.8,FAO_FPMA_snapshot_v43,0.91,0
Japan,narrative_input,narrative,Narrative,2025-06,2025-06-01,2025-06-30,2025-06-01,2025-06-30,0.2446,0.0711,NARRATIVE_snapshot_v43,0.697,0
Japan,gdacs,shock,Shock,2025-06,2025-06-01,2025-06-30,2025-06-01,2025-06-30,0.6714,0.0601,GDACS_snapshot_v43,0.9,0
Japan,un_comtrade,structural,Structural,2025-06,2025-06-01,2025-06-30,2024-01-01,2024-12-31,0.0,0.344,UN_COMTRADE_snapshot_v43,0.89,181
Nigeria,unhcr,displacement,Displacement,2025-06,2025-06-01,2025-06-30,2025-06-01,2025-06-30,0.6697,0.6321,UNHCR_snapshot_v43,0.91,0
Nigeria,gdelt_event,event,Event,2025-06,2025-06-01,2025-06-30,2025-06-01,2025-06-30,0.5818,0.6875,GDELT_event_monthly_2025-06,1.0,0
Nigeria,governance_input,governance,Governance,2025-06,2025-06-01,2025-06-30,2025-06-01,2025-06-30,0.6613,0.7371,GOVERNANCE_snapshot_v43,0.9,0
Nigeria,fao_ffpi,market_food,Market/Food,2025-06,2025-06-01,2025-06-30,2025-06-01,2025-06-30,0.5267,143.4,FAO_FFPI_snapshot_v43,0.95,0
Nigeria,fao_fpma,market_food,Market/Food,2025-06,2025-06-01,2025-06-30,2025-06-01,2025-06-30,0.5455,85.6,FAO_FPMA_snapshot_v43,0.91,0
Nigeria,narrative_input,narrative,Narrative,2025-06,2025-06-01,2025-06-30,2025-06-01,2025-06-30,0.6578,0.7422,NARRATIVE_snapshot_v43,0.86,0
Nigeria,gdacs,shock,Shock,2025-06,2025-06-01,2025-06-30,2025-06-01,2025-06-30,0.5197,0.7808,GDACS_snapshot_v43,0.9,0
Nigeria,un_comtrade,structural,Structural,2025-06,2025-06-01,2025-06-30,2024-01-01,2024-12-31,0.8486,0.647,UN_COMTRADE_snapshot_v43,0.89,181
Poland,unhcr,displacement,Displacement,2025-06,2025-06-01,2025-06-30,2025-06-01,2025-06-30,0.392,0.4397,UNHCR_snapshot_v43,0.91,0
Poland,gdelt_event,event,Event,2025-06,2025-06-01,2025-06-30,2025-06-01,2025-06-30,0.3465,0.5773,GDELT_event_monthly_2025-06,1.0,0
Poland,governance_input,governance,Governance,2025-06,2025-06-01,2025-06-30,2025-06-01,2025-06-30,0.3849,0.4483,GOVERNANCE_snapshot_v43,0.9,0
Poland,fao_ffpi,market_food,Market/Food,2025-06,2025-06-01,2025-06-30,2025-06-01,2025-06-30,0.541,120.9,FAO_FFPI_snapshot_v43,0.95,0
Poland,fao_fpma,market_food,Market/Food,2025-06,2025-06-01,2025-06-30,2025-06-01,2025-06-30,0.5455,53.3,FAO_FPMA_snapshot_v43,0.91,0
Poland,narrative_input,narrative,Narrative,2025-06,2025-06-01,2025-06-30,2025-06-01,2025-06-30,0.348,0.239,NARRATIVE_snapshot_v43,0.754,0
Poland,gdacs,shock,Shock,2025-06,2025-06-01,2025-06-30,2025-06-01,2025-06-30,0.5406,0.2547,GDACS_snapshot_v43,0.9,0
Poland,un_comtrade,structural,Structural,2025-06,2025-06-01,2025-06-30,2024-01-01,2024-12-31,0.3171,0.461,UN_COMTRADE_snapshot_v43,0.89,181
Russia,unhcr,displacement,Displacement,2025-06,2025-06-01,2025-06-30,2025-06-01,2025-06-30,0.6293,0.6041,UNHCR_snapshot_v43,0.91,0
Russia,gdelt_event,event,Event,2025-06,2025-06-01,2025-06-30,2025-06-01,2025-06-30,0.5568,0.6758,GDELT_event_monthly_2025-06,1.0,0
Russia,governance_input,governance,Governance,2025-06,2025-06-01,2025-06-30,2025-06-01,2025-06-30,0.6195,0.6934,GOVERNANCE_snapshot_v43,0.9,0
Russia,fao_ffpi,market_food,Market/Food,2025-06,2025-06-01,2025-06-30,2025-06-01,2025-06-30,0.5192,140.2,FAO_FFPI_snapshot_v43,0.95,0
Russia,fao_fpma,market_food,Market/Food,2025-06,2025-06-01,2025-06-30,2025-06-01,2025-06-30,0.6364,81.0,FAO_FPMA_snapshot_v43,0.91,0
Russia,narrative_input,narrative,Narrative,2025-06,2025-06-01,2025-06-30,2025-06-01,2025-06-30,0.6326,0.7013,NARRATIVE_snapshot_v43,0.845,0
Russia,gdacs,shock,Shock,2025-06,2025-06-01,2025-06-30,2025-06-01,2025-06-30,0.5128,0.7114,GDACS_snapshot_v43,0.9,0
Russia,un_comtrade,structural,Structural,2025-06,2025-06-01,2025-06-30,2024-01-01,2024-12-31,0.7971,0.629,UN_COMTRADE_snapshot_v43,0.89,181
Taiwan,unhcr,displacement,Displacement,2025-06,2025-06-01,2025-06-30,2025-06-01,2025-06-30,0.4951,0.5111,UNHCR_snapshot_v43,0.91,0
Taiwan,gdelt_event,event,Event,2025-06,2025-06-01,2025-06-30,2025-06-01,2025-06-30,0.4498,0.6257,GDELT_event_monthly_2025-06,1.0,0
Taiwan,governance_input,governance,Governance,2025-06,2025-06-01,2025-06-30,2025-06-01,2025-06-30,0.4847,0.5525,GOVERNANCE_snapshot_v43,0.9,0
Taiwan,fao_ffpi,market_food,Market/Food,2025-06,2025-06-01,2025-06-30,2025-06-01,2025-06-30,0.4922,129.3,FAO_FFPI_snapshot_v43,0.95,0
Taiwan,fao_fpma,market_food,Market/Food,2025-06,2025-06-01,2025-06-30,2025-06-01,2025-06-30,0.4545,65.4,FAO_FPMA_snapshot_v43,0.91,0
Taiwan,narrative_input,narrative,Narrative,2025-06,2025-06-01,2025-06-30,2025-06-01,2025-06-30,0.5528,0.5717,NARRATIVE_snapshot_v43,0.794,0
Taiwan,gdacs,shock,Shock,2025-06,2025-06-01,2025-06-30,2025-06-01,2025-06-30,0.5694,0.5017,GDACS_snapshot_v43,0.9,0
Taiwan,un_comtrade,structural,Structural,2025-06,2025-06-01,2025-06-30,2024-01-01,2024-12-31,0.5486,0.542,UN_COMTRADE_snapshot_v43,0.89,181
Ukraine,unhcr,displacement,Displacement,2025-06,2025-06-01,2025-06-30,2025-06-01,2025-06-30,0.6702,0.6324,UNHCR_snapshot_v43,0.91,0
Ukraine,gdelt_event,event,Event,2025-06,2025-06-01,2025-06-30,2025-06-01,2025-06-30,0.6043,0.698,GDELT_event_monthly_2025-06,1.0,0
Ukraine,governance_input,governance,Governance,2025-06,2025-06-01,2025-06-30,2025-06-01,2025-06-30,0.6631,0.7389,GOVERNANCE_snapshot_v43,0.9,0
Ukraine,fao_ffpi,market_food,Market/Food,2025-06,2025-06-01,2025-06-30,2025-06-01,2025-06-30,0.4822,143.6,FAO_FFPI_snapshot_v43,0.95,0
Ukraine,fao_fpma,market_food,Market/Food,2025-06,2025-06-01,2025-06-30,2025-06-01,2025-06-30,0.5455,85.9,FAO_FPMA_snapshot_v43,0.91,0
Ukraine,narrative_input,narrative,Narrative,2025-06,2025-06-01,2025-06-30,2025-06-01,2025-06-30,0.6583,0.743,NARRATIVE_snapshot_v43,0.86,0
Ukraine,gdacs,shock,Shock,2025-06,2025-06-01,2025-06-30,2025-06-01,2025-06-30,0.4747,0.7835,GDACS_snapshot_v43,0.9,0
Ukraine,un_comtrade,structural,Structural,2025-06,2025-06-01,2025-06-30,2024-01-01,2024-12-31,0.9029,0.666,UN_COMTRADE_snapshot_v43,0.89,181
China,unhcr,displacement,Displacement,2025-07,2025-07-01,2025-07-31,2025-07-01,2025-07-31,0.472,0.4951,UNHCR_snapshot_v43,0.91,0
China,gdelt_event,event,Event,2025-07,2025-07-01,2025-07-31,2025-07-01,2025-07-31,0.4178,0.6107,GDELT_event_monthly_2025-07,1.0,0
China,governance_input,governance,Governance,2025-07,2025-07-01,2025-07-31,2025-07-01,2025-07-31,0.4709,0.5381,GOVERNANCE_snapshot_v43,0.9,0
China,fao_ffpi,market_food,Market/Food,2025-07,2025-07-01,2025-07-31,2025-07-01,2025-07-31,0.6529,128.2,FAO_FFPI_snapshot_v43,0.95,0
China,fao_fpma,market_food,Market/Food,2025-07,2025-07-01,2025-07-31,2025-07-01,2025-07-31,0.7273,63.8,FAO_FPMA_snapshot_v43,0.91,0
China,narrative_input,narrative,Narrative,2025-07,2025-07-01,2025-07-31,2025-07-01,2025-07-31,0.5443,0.5579,NARRATIVE_snapshot_v43,0.788,0
China,gdacs,shock,Shock,2025-07,2025-07-01,2025-07-31,2025-07-01,2025-07-31,0.5411,0.3373,GDACS_snapshot_v43,0.9,0
China,un_comtrade,structural,Structural,2025-07,2025-07-01,2025-07-31,2024-01-01,2024-12-31,0.46,0.511,UN_COMTRADE_snapshot_v43,0.89,212
Germany,unhcr,displacement,Displacement,2025-07,2025-07-01,2025-07-31,2025-07-01,2025-07-31,0.2896,0.3687,UNHCR_snapshot_v43,0.91,0
Germany,gdelt_event,event,Event,2025-07,2025-07-01,2025-07-31,2025-07-01,2025-07-31,0.3061,0.5584,GDELT_event_monthly_2025-07,1.0,0
Germany,governance_input,governance,Governance,2025-07,2025-07-01,2025-07-31,2025-07-01,2025-07-31,0.304,0.3637,GOVERNANCE_snapshot_v43,0.9,0
Germany,fao_ffpi,market_food,Market/Food,2025-07,2025-07-01,2025-07-31,2025-07-01,2025-07-31,0.5892,113.8,FAO_FFPI_snapshot_v43,0.95,0
Germany,fao_fpma,market_food,Market/Food,2025-07,2025-07-01,2025-07-31,2025-07-01,2025-07-31,0.7273,43.0,FAO_FPMA_snapshot_v43,0.91,0
Germany,narrative_input,narrative,Narrative,2025-07,2025-07-01,2025-07-31,2025-07-01,2025-07-31,0.3255,0.2026,NARRATIVE_snapshot_v43,0.721,0
Germany,gdacs,shock,Shock,2025-07,2025-07-01,2025-07-31,2025-07-01,2025-07-31,0.6149,0.1838,GDACS_snapshot_v43,0.9,0
Germany,un_comtrade,structural,Structural,2025-07,2025-07-01,2025-07-31,2024-01-01,2024-12-31,0.0714,0.375,UN_COMTRADE_snapshot_v43,0.89,212
Iran,unhcr,displacement,Displacement,2025-07,2025-07-01,2025-07-31,2025-07-01,2025-07-31,0.7322,0.6754,UNHCR_snapshot_v43,0.91,0
Iran,gdelt_event,event,Event,2025-07,2025-07-01,2025-07-31,2025-07-01,2025-07-31,0.6758,0.7315,GDELT_event_monthly_2025-07,1.0,0
Iran,governance_input,governance,Governance,2025-07,2025-07-01,2025-07-31,2025-07-01,2025-07-31,0.7581,0.8382,GOVERNANCE_snapshot_v43,0.9,0
Iran,fao_ffpi,market_food,Market/Food,2025-07,2025-07-01,2025-07-31,2025-07-01,2025-07-31,0.6688,150.7,FAO_FFPI_snapshot_v43,0.95,0
Iran,fao_fpma,market_food,Market/Food,2025-07,2025-07-01,2025-07-31,2025-07-01,2025-07-31,1.0,96.2,FAO_FPMA_snapshot_v43,0.91,0
Iran,narrative_input,narrative,Narrative,2025-07,2025-07-01,2025-07-31,2025-07-01,2025-07-31,0.7166,0.8377,NARRATIVE_snapshot_v43,0.894,0
Iran,gdacs,shock,Shock,2025-07,2025-07-01,2025-07-31,2025-07-01,2025-07-31,0.6699,0.9485,GDACS_snapshot_v43,0.9,0
Iran,un_comtrade,structural,Structural,2025-07,2025-07-01,2025-07-31,2024-01-01,2024-12-31,1.0,0.703,UN_COMTRADE_snapshot_v43,0.89,212
Israel,unhcr,displacement,Displacement,2025-07,2025-07-01,2025-07-31,2025-07-01,2025-07-31,0.6283,0.6034,UNHCR_snapshot_v43,0.91,0
Israel,gdelt_event,event,Event,2025-07,2025-07-01,2025-07-31,2025-07-01,2025-07-31,0.546,0.6707,GDELT_event_monthly_2025-07,1.0,0
Israel,governance_input,governance,Governance,2025-07,2025-07-01,2025-07-31,2025-07-01,2025-07-31,0.6506,0.7259,GOVERNANCE_snapshot_v43,0.9,0
Israel,fao_ffpi,market_food,Market/Food,2025-07,2025-07-01,2025-07-31,2025-07-01,2025-07-31,0.7257,142.6,FAO_FFPI_snapshot_v43,0.95,0
Israel,fao_fpma,market_food,Market/Food,2025-07,2025-07-01,2025-07-31,2025-07-01,2025-07-31,0.8182,84.5,FAO_FPMA_snapshot_v43,0.91,0
Israel,narrative_input,narrative,Narrative,2025-07,2025-07-01,2025-07-31,2025-07-01,2025-07-31,0.6509,0.731,NARRATIVE_snapshot_v43,0.856,0
Israel,gdacs,shock,Shock,2025-07,2025-07-01,2025-07-31,2025-07-01,2025-07-31,0.6995,0.7632,GDACS_snapshot_v43,0.9,0
Israel,un_comtrade,structural,Structural,2025-07,2025-07-01,2025-07-31,2024-01-01,2024-12-31,0.6543,0.579,UN_COMTRADE_snapshot_v43,0.89,212
Japan,unhcr,displacement,Displacement,2025-07,2025-07-01,2025-07-31,2025-07-01,2025-07-31,0.2373,0.3325,UNHCR_snapshot_v43,0.91,0
Japan,gdelt_event,event,Event,2025-07,2025-07-01,2025-07-31,2025-07-01,2025-07-31,0.1993,0.5084,GDELT_event_monthly_2025-07,1.0,0
Japan,governance_input,governance,Governance,2025-07,2025-07-01,2025-07-31,2025-07-01,2025-07-31,0.2528,0.3102,GOVERNANCE_snapshot_v43,0.9,0
Japan,fao_ffpi,market_food,Market/Food,2025-07,2025-07-01,2025-07-31,2025-07-01,2025-07-31,0.7018,109.1,FAO_FFPI_snapshot_v43,0.95,0
Japan,fao_fpma,market_food,Market/Food,2025-07,2025-07-01,2025-07-31,2025-07-01,2025-07-31,1.0,36.3,FAO_FPMA_snapshot_v43,0.91,0
Japan,narrative_input,narrative,Narrative,2025-07,2025-07-01,2025-07-31,2025-07-01,2025-07-31,0.2451,0.0719,NARRATIVE_snapshot_v43,0.699,0
Japan,gdacs,shock,Shock,2025-07,2025-07-01,2025-07-31,2025-07-01,2025-07-31,0.7047,0.0614,GDACS_snapshot_v43,0.9,0
Japan,un_comtrade,structural,Structural,2025-07,2025-07-01,2025-07-31,2024-01-01,2024-12-31,0.0,0.344,UN_COMTRADE_snapshot_v43,0.89,212
Nigeria,unhcr,displacement,Displacement,2025-07,2025-07-01,2025-07-31,2025-07-01,2025-07-31,0.7478,0.6862,UNHCR_snapshot_v43,0.91,0
Nigeria,gdelt_event,event,Event,2025-07,2025-07-01,2025-07-31,2025-07-01,2025-07-31,0.6017,0.6968,GDELT_event_monthly_2025-07,1.0,0
Nigeria,governance_input,governance,Governance,2025-07,2025-07-01,2025-07-31,2025-07-01,2025-07-31,0.7581,0.8382,GOVERNANCE_snapshot_v43,0.9,0
Nigeria,fao_ffpi,market_food,Market/Food,2025-07,2025-07-01,2025-07-31,2025-07-01,2025-07-31,0.7281,150.7,FAO_FFPI_snapshot_v43,0.95,0
Nigeria,fao_fpma,market_food,Market/Food,2025-07,2025-07-01,2025-07-31,2025-07-01,2025-07-31,1.0,96.2,FAO_FPMA_snapshot_v43,0.91,0
Nigeria,narrative_input,narrative,Narrative,2025-07,2025-07-01,2025-07-31,2025-07-01,2025-07-31,0.7166,0.8377,NARRATIVE_snapshot_v43,0.894,0
Nigeria,gdacs,shock,Shock,2025-07,2025-07-01,2025-07-31,2025-07-01,2025-07-31,0.7318,0.9485,GDACS_snapshot_v43,0.9,0
Nigeria,un_comtrade,structural,Structural,2025-07,2025-07-01,2025-07-31,2024-01-01,2024-12-31,0.8486,0.647,UN_COMTRADE_snapshot_v43,0.89,212
Poland,unhcr,displacement,Displacement,2025-07,2025-07-01,2025-07-31,2025-07-01,2025-07-31,0.3928,0.4402,UNHCR_snapshot_v43,0.91,0
Poland,gdelt_event,event,Event,2025-07,2025-07-01,2025-07-31,2025-07-01,2025-07-31,0.3544,0.581,GDELT_event_monthly_2025-07,1.0,0
Poland,governance_input,governance,Governance,2025-07,2025-07-01,2025-07-31,2025-07-01,2025-07-31,0.3951,0.4589,GOVERNANCE_snapshot_v43,0.9,0
Poland,fao_ffpi,market_food,Market/Food,2025-07,2025-07-01,2025-07-31,2025-07-01,2025-07-31,0.6148,121.8,FAO_FFPI_snapshot_v43,0.95,0
Poland,fao_fpma,market_food,Market/Food,2025-07,2025-07-01,2025-07-31,2025-07-01,2025-07-31,0.7273,54.6,FAO_FPMA_snapshot_v43,0.91,0
Poland,narrative_input,narrative,Narrative,2025-07,2025-07-01,2025-07-31,2025-07-01,2025-07-31,0.3509,0.2437,NARRATIVE_snapshot_v43,0.758,0
Poland,gdacs,shock,Shock,2025-07,2025-07-01,2025-07-31,2025-07-01,2025-07-31,0.6115,0.2638,GDACS_snapshot_v43,0.9,0
Poland,un_comtrade,structural,Structural,2025-07,2025-07-01,2025-07-31,2024-01-01,2024-12-31,0.3171,0.461,UN_COMTRADE_snapshot_v43,0.89,212
Russia,unhcr,displacement,Displacement,2025-07,2025-07-01,2025-07-31,2025-07-01,2025-07-31,0.7002,0.6532,UNHCR_snapshot_v43,0.91,0
Russia,gdelt_event,event,Event,2025-07,2025-07-01,2025-07-31,2025-07-01,2025-07-31,0.5712,0.6825,GDELT_event_monthly_2025-07,1.0,0
Russia,governance_input,governance,Governance,2025-07,2025-07-01,2025-07-31,2025-07-01,2025-07-31,0.704,0.7817,GOVERNANCE_snapshot_v43,0.9,0
Russia,fao_ffpi,market_food,Market/Food,2025-07,2025-07-01,2025-07-31,2025-07-01,2025-07-31,0.7466,146.7,FAO_FFPI_snapshot_v43,0.95,0
Russia,fao_fpma,market_food,Market/Food,2025-07,2025-07-01,2025-07-31,2025-07-01,2025-07-31,1.0,90.3,FAO_FPMA_snapshot_v43,0.91,0
Russia,narrative_input,narrative,Narrative,2025-07,2025-07-01,2025-07-31,2025-07-01,2025-07-31,0.6836,0.784,NARRATIVE_snapshot_v43,0.875,0
Russia,gdacs,shock,Shock,2025-07,2025-07-01,2025-07-31,2025-07-01,2025-07-31,0.7498,0.8534,GDACS_snapshot_v43,0.9,0
Russia,un_comtrade,structural,Structural,2025-07,2025-07-01,2025-07-31,2024-01-01,2024-12-31,0.7971,0.629,UN_COMTRADE_snapshot_v43,0.89,212
Taiwan,unhcr,displacement,Displacement,2025-07,2025-07-01,2025-07-31,2025-07-01,2025-07-31,0.5063,0.5189,UNHCR_snapshot_v43,0.91,0
Taiwan,gdelt_event,event,Event,2025-07,2025-07-01,2025-07-31,2025-07-01,2025-07-31,0.4565,0.6288,GDELT_event_monthly_2025-07,1.0,0
Taiwan,governance_input,governance,Governance,2025-07,2025-07-01,2025-07-31,2025-07-01,2025-07-31,0.5054,0.5742,GOVERNANCE_snapshot_v43,0.9,0
Taiwan,fao_ffpi,market_food,Market/Food,2025-07,2025-07-01,2025-07-31,2025-07-01,2025-07-31,0.615,131.0,FAO_FFPI_snapshot_v43,0.95,0
Taiwan,fao_fpma,market_food,Market/Food,2025-07,2025-07-01,2025-07-31,2025-07-01,2025-07-31,0.7273,67.9,FAO_FPMA_snapshot_v43,0.91,0
Taiwan,narrative_input,narrative,Narrative,2025-07,2025-07-01,2025-07-31,2025-07-01,2025-07-31,0.5648,0.5911,NARRATIVE_snapshot_v43,0.802,0
Taiwan,gdacs,shock,Shock,2025-07,2025-07-01,2025-07-31,2025-07-01,2025-07-31,0.6191,0.5322,GDACS_snapshot_v43,0.9,0
Taiwan,un_comtrade,structural,Structural,2025-07,2025-07-01,2025-07-31,2024-01-01,2024-12-31,0.5486,0.542,UN_COMTRADE_snapshot_v43,0.89,212
Ukraine,unhcr,displacement,Displacement,2025-07,2025-07-01,2025-07-31,2025-07-01,2025-07-31,0.7485,0.6867,UNHCR_snapshot_v43,0.91,0
Ukraine,gdelt_event,event,Event,2025-07,2025-07-01,2025-07-31,2025-07-01,2025-07-31,0.6158,0.7034,GDELT_event_monthly_2025-07,1.0,0
Ukraine,governance_input,governance,Governance,2025-07,2025-07-01,2025-07-31,2025-07-01,2025-07-31,0.7554,0.8354,GOVERNANCE_snapshot_v43,0.9,0
Ukraine,fao_ffpi,market_food,Market/Food,2025-07,2025-07-01,2025-07-31,2025-07-01,2025-07-31,0.7239,150.5,FAO_FFPI_snapshot_v43,0.95,0
Ukraine,fao_fpma,market_food,Market/Food,2025-07,2025-07-01,2025-07-31,2025-07-01,2025-07-31,0.8182,95.9,FAO_FPMA_snapshot_v43,0.91,0
Ukraine,narrative_input,narrative,Narrative,2025-07,2025-07-01,2025-07-31,2025-07-01,2025-07-31,0.715,0.835,NARRATIVE_snapshot_v43,0.893,0
Ukraine,gdacs,shock,Shock,2025-07,2025-07-01,2025-07-31,2025-07-01,2025-07-31,0.7276,0.9437,GDACS_snapshot_v43,0.9,0
Ukraine,un_comtrade,structural,Structural,2025-07,2025-07-01,2025-07-31,2024-01-01,2024-12-31,0.9029,0.666,UN_COMTRADE_snapshot_v43,0.89,212
China,unhcr,displacement,Displacement,2025-08,2025-08-01,2025-08-31,2025-08-01,2025-08-31,0.4775,0.4989,UNHCR_snapshot_v43,0.91,0
China,gdelt_event,event,Event,2025-08,2025-08-01,2025-08-31,2025-08-01,2025-08-31,0.4656,0.6331,GDELT_event_monthly_2025-08,1.0,0
China,governance_input,governance,Governance,2025-08,2025-08-01,2025-08-31,2025-08-01,2025-08-31,0.4829,0.5506,GOVERNANCE_snapshot_v43,0.9,0
China,fao_ffpi,market_food,Market/Food,2025-08,2025-08-01,2025-08-31,2025-08-01,2025-08-31,0.7158,129.2,FAO_FFPI_snapshot_v43,0.95,0
China,fao_fpma,market_food,Market/Food,2025-08,2025-08-01,2025-08-31,2025-08-01,2025-08-31,0.9091,65.2,FAO_FPMA_snapshot_v43,0.91,0
China,narrative_input,narrative,Narrative,2025-08,2025-08-01,2025-08-31,2025-08-01,2025-08-31,0.5514,0.5694,NARRATIVE_snapshot_v43,0.793,0
China,gdacs,shock,Shock,2025-08,2025-08-01,2025-08-31,2025-08-01,2025-08-31,0.5742,0.3497,GDACS_snapshot_v43,0.9,0
China,un_comtrade,structural,Structural,2025-08,2025-08-01,2025-08-31,2024-01-01,2024-12-31,0.46,0.511,UN_COMTRADE_snapshot_v43,0.89,243
Germany,unhcr,displacement,Displacement,2025-08,2025-08-01,2025-08-31,2025-08-01,2025-08-31,0.2463,0.3387,UNHCR_snapshot_v43,0.91,0
Germany,gdelt_event,event,Event,2025-08,2025-08-01,2025-08-31,2025-08-01,2025-08-31,0.3206,0.5652,GDELT_event_monthly_2025-08,1.0,0
Germany,governance_input,governance,Governance,2025-08,2025-08-01,2025-08-31,2025-08-01,2025-08-31,0.2555,0.313,GOVERNANCE_snapshot_v43,0.9,0
Germany,fao_ffpi,market_food,Market/Food,2025-08,2025-08-01,2025-08-31,2025-08-01,2025-08-31,0.4172,109.3,FAO_FFPI_snapshot_v43,0.95,0
Germany,fao_fpma,market_food,Market/Food,2025-08,2025-08-01,2025-08-31,2025-08-01,2025-08-31,0.3636,36.6,FAO_FPMA_snapshot_v43,0.91,0
Germany,narrative_input,narrative,Narrative,2025-08,2025-08-01,2025-08-31,2025-08-01,2025-08-31,0.2454,0.0724,NARRATIVE_snapshot_v43,0.7,0
Germany,gdacs,shock,Shock,2025-08,2025-08-01,2025-08-31,2025-08-01,2025-08-31,0.3291,0.0624,GDACS_snapshot_v43,0.9,0
Germany,un_comtrade,structural,Structural,2025-08,2025-08-01,2025-08-31,2024-01-01,2024-12-31,0.0714,0.375,UN_COMTRADE_snapshot_v43,0.89,243
Iran,unhcr,displacement,Displacement,2025-08,2025-08-01,2025-08-31,2025-08-01,2025-08-31,0.7322,0.6754,UNHCR_snapshot_v43,0.91,0
Iran,gdelt_event,event,Event,2025-08,2025-08-01,2025-08-31,2025-08-01,2025-08-31,0.7512,0.7668,GDELT_event_monthly_2025-08,1.0,0
Iran,governance_input,governance,Governance,2025-08,2025-08-01,2025-08-31,2025-08-01,2025-08-31,0.7581,0.8382,GOVERNANCE_snapshot_v43,0.9,0
Iran,fao_ffpi,market_food,Market/Food,2025-08,2025-08-01,2025-08-31,2025-08-01,2025-08-31,0.6688,150.7,FAO_FFPI_snapshot_v43,0.95,0
Iran,fao_fpma,market_food,Market/Food,2025-08,2025-08-01,2025-08-31,2025-08-01,2025-08-31,1.0,96.2,FAO_FPMA_snapshot_v43,0.91,0
Iran,narrative_input,narrative,Narrative,2025-08,2025-08-01,2025-08-31,2025-08-01,2025-08-31,0.7166,0.8377,NARRATIVE_snapshot_v43,0.894,0
Iran,gdacs,shock,Shock,2025-08,2025-08-01,2025-08-31,2025-08-01,2025-08-31,0.6699,0.9485,GDACS_snapshot_v43,0.9,0
Iran,un_comtrade,structural,Structural,2025-08,2025-08-01,2025-08-31,2024-01-01,2024-12-31,1.0,0.703,UN_COMTRADE_snapshot_v43,0.89,243
Israel,unhcr,displacement,Displacement,2025-08,2025-08-01,2025-08-31,2025-08-01,2025-08-31,0.5358,0.5393,UNHCR_snapshot_v43,0.91,0
Israel,gdelt_event,event,Event,2025-08,2025-08-01,2025-08-31,2025-08-01,2025-08-31,0.6508,0.7198,GDELT_event_monthly_2025-08,1.0,0
Israel,governance_input,governance,Governance,2025-08,2025-08-01,2025-08-31,2025-08-01,2025-08-31,0.5392,0.6095,GOVERNANCE_snapshot_v43,0.9,0
Israel,fao_ffpi,market_food,Market/Food,2025-08,2025-08-01,2025-08-31,2025-08-01,2025-08-31,0.4835,133.8,FAO_FFPI_snapshot_v43,0.95,0
Israel,fao_fpma,market_food,Market/Food,2025-08,2025-08-01,2025-08-31,2025-08-01,2025-08-31,0.6364,71.8,FAO_FPMA_snapshot_v43,0.91,0
Israel,narrative_input,narrative,Narrative,2025-08,2025-08-01,2025-08-31,2025-08-01,2025-08-31,0.5847,0.6235,NARRATIVE_snapshot_v43,0.815,0
Israel,gdacs,shock,Shock,2025-08,2025-08-01,2025-08-31,2025-08-01,2025-08-31,0.5292,0.5843,GDACS_snapshot_v43,0.9,0
Israel,un_comtrade,structural,Structural,2025-08,2025-08-01,2025-08-31,2024-01-01,2024-12-31,0.6543,0.579,UN_COMTRADE_snapshot_v43,0.89,243
Japan,unhcr,displacement,Displacement,2025-08,2025-08-01,2025-08-31,2025-08-01,2025-08-31,0.2272,0.3255,UNHCR_snapshot_v43,0.91,0
Japan,gdelt_event,event,Event,2025-08,2025-08-01,2025-08-31,2025-08-01,2025-08-31,0.2395,0.5272,GDELT_event_monthly_2025-08,1.0,0
Japan,governance_input,governance,Governance,2025-08,2025-08-01,2025-08-31,2025-08-01,2025-08-31,0.2424,0.2994,GOVERNANCE_snapshot_v43,0.9,0
Japan,fao_ffpi,market_food,Market/Food,2025-08,2025-08-01,2025-08-31,2025-08-01,2025-08-31,0.6197,108.1,FAO_FFPI_snapshot_v43,0.95,0
Japan,fao_fpma,market_food,Market/Food,2025-08,2025-08-01,2025-08-31,2025-08-01,2025-08-31,0.6364,35.0,FAO_FPMA_snapshot_v43,0.91,0
Japan,narrative_input,narrative,Narrative,2025-08,2025-08-01,2025-08-31,2025-08-01,2025-08-31,0.244,0.0701,NARRATIVE_snapshot_v43,0.694,0
Japan,gdacs,shock,Shock,2025-08,2025-08-01,2025-08-31,2025-08-01,2025-08-31,0.6229,0.0582,GDACS_snapshot_v43,0.9,0
Japan,un_comtrade,structural,Structural,2025-08,2025-08-01,2025-08-31,2024-01-01,2024-12-31,0.0,0.344,UN_COMTRADE_snapshot_v43,0.89,243
Nigeria,unhcr,displacement,Displacement,2025-08,2025-08-01,2025-08-31,2025-08-01,2025-08-31,0.694,0.6489,UNHCR_snapshot_v43,0.91,0
Nigeria,gdelt_event,event,Event,2025-08,2025-08-01,2025-08-31,2025-08-01,2025-08-31,0.7121,0.7485,GDELT_event_monthly_2025-08,1.0,0
Nigeria,governance_input,governance,Governance,2025-08,2025-08-01,2025-08-31,2025-08-01,2025-08-31,0.7258,0.8045,GOVERNANCE_snapshot_v43,0.9,0
Nigeria,fao_ffpi,market_food,Market/Food,2025-08,2025-08-01,2025-08-31,2025-08-01,2025-08-31,0.6619,148.3,FAO_FFPI_snapshot_v43,0.95,0
Nigeria,fao_fpma,market_food,Market/Food,2025-08,2025-08-01,2025-08-31,2025-08-01,2025-08-31,0.7273,92.7,FAO_FPMA_snapshot_v43,0.91,0
Nigeria,narrative_input,narrative,Narrative,2025-08,2025-08-01,2025-08-31,2025-08-01,2025-08-31,0.6972,0.8062,NARRATIVE_snapshot_v43,0.883,0
Nigeria,gdacs,shock,Shock,2025-08,2025-08-01,2025-08-31,2025-08-01,2025-08-31,0.6601,0.8918,GDACS_snapshot_v43,0.9,0
Nigeria,un_comtrade,structural,Structural,2025-08,2025-08-01,2025-08-31,2024-01-01,2024-12-31,0.8486,0.647,UN_COMTRADE_snapshot_v43,0.89,243
Poland,unhcr,displacement,Displacement,2025-08,2025-08-01,2025-08-31,2025-08-01,2025-08-31,0.3952,0.4419,UNHCR_snapshot_v43,0.91,0
Poland,gdelt_event,event,Event,2025-08,2025-08-01,2025-08-31,2025-08-01,2025-08-31,0.3952,0.6001,GDELT_event_monthly_2025-08,1.0,0
Poland,governance_input,governance,Governance,2025-08,2025-08-01,2025-08-31,2025-08-01,2025-08-31,0.3999,0.4639,GOVERNANCE_snapshot_v43,0.9,0
Poland,fao_ffpi,market_food,Market/Food,2025-08,2025-08-01,2025-08-31,2025-08-01,2025-08-31,0.6476,122.2,FAO_FFPI_snapshot_v43,0.95,0
Poland,fao_fpma,market_food,Market/Food,2025-08,2025-08-01,2025-08-31,2025-08-01,2025-08-31,0.8182,55.2,FAO_FPMA_snapshot_v43,0.91,0
Poland,narrative_input,narrative,Narrative,2025-08,2025-08-01,2025-08-31,2025-08-01,2025-08-31,0.3522,0.2459,NARRATIVE_snapshot_v43,0.76,0
Poland,gdacs,shock,Shock,2025-08,2025-08-01,2025-08-31,2025-08-01,2025-08-31,0.6458,0.2682,GDACS_snapshot_v43,0.9,0
Poland,un_comtrade,structural,Structural,2025-08,2025-08-01,2025-08-31,2024-01-01,2024-12-31,0.3171,0.461,UN_COMTRADE_snapshot_v43,0.89,243
Russia,unhcr,displacement,Displacement,2025-08,2025-08-01,2025-08-31,2025-08-01,2025-08-31,0.6703,0.6325,UNHCR_snapshot_v43,0.91,0
Russia,gdelt_event,event,Event,2025-08,2025-08-01,2025-08-31,2025-08-01,2025-08-31,0.6615,0.7248,GDELT_event_monthly_2025-08,1.0,0
Russia,governance_input,governance,Governance,2025-08,2025-08-01,2025-08-31,2025-08-01,2025-08-31,0.6994,0.7769,GOVERNANCE_snapshot_v43,0.9,0
Russia,fao_ffpi,market_food,Market/Food,2025-08,2025-08-01,2025-08-31,2025-08-01,2025-08-31,0.7326,146.3,FAO_FFPI_snapshot_v43,0.95,0
Russia,fao_fpma,market_food,Market/Food,2025-08,2025-08-01,2025-08-31,2025-08-01,2025-08-31,0.9091,89.8,FAO_FPMA_snapshot_v43,0.91,0
Russia,narrative_input,narrative,Narrative,2025-08,2025-08-01,2025-08-31,2025-08-01,2025-08-31,0.6803,0.7787,NARRATIVE_snapshot_v43,0.873,0
Russia,gdacs,shock,Shock,2025-08,2025-08-01,2025-08-31,2025-08-01,2025-08-31,0.7374,0.846,GDACS_snapshot_v43,0.9,0
Russia,un_comtrade,structural,Structural,2025-08,2025-08-01,2025-08-31,2024-01-01,2024-12-31,0.7971,0.629,UN_COMTRADE_snapshot_v43,0.89,243
Taiwan,unhcr,displacement,Displacement,2025-08,2025-08-01,2025-08-31,2025-08-01,2025-08-31,0.525,0.5318,UNHCR_snapshot_v43,0.91,0
Taiwan,gdelt_event,event,Event,2025-08,2025-08-01,2025-08-31,2025-08-01,2025-08-31,0.5013,0.6498,GDELT_event_monthly_2025-08,1.0,0
Taiwan,governance_input,governance,Governance,2025-08,2025-08-01,2025-08-31,2025-08-01,2025-08-31,0.5279,0.5977,GOVERNANCE_snapshot_v43,0.9,0
Taiwan,fao_ffpi,market_food,Market/Food,2025-08,2025-08-01,2025-08-31,2025-08-01,2025-08-31,0.7451,132.8,FAO_FFPI_snapshot_v43,0.95,0
Taiwan,fao_fpma,market_food,Market/Food,2025-08,2025-08-01,2025-08-31,2025-08-01,2025-08-31,1.0,70.5,FAO_FPMA_snapshot_v43,0.91,0
Taiwan,narrative_input,narrative,Narrative,2025-08,2025-08-01,2025-08-31,2025-08-01,2025-08-31,0.5779,0.6124,NARRATIVE_snapshot_v43,0.81,0
Taiwan,gdacs,shock,Shock,2025-08,2025-08-01,2025-08-31,2025-08-01,2025-08-31,0.6753,0.5667,GDACS_snapshot_v43,0.9,0
Taiwan,un_comtrade,structural,Structural,2025-08,2025-08-01,2025-08-31,2024-01-01,2024-12-31,0.5486,0.542,UN_COMTRADE_snapshot_v43,0.89,243
Ukraine,unhcr,displacement,Displacement,2025-08,2025-08-01,2025-08-31,2025-08-01,2025-08-31,0.7237,0.6695,UNHCR_snapshot_v43,0.91,0
Ukraine,gdelt_event,event,Event,2025-08,2025-08-01,2025-08-31,2025-08-01,2025-08-31,0.7072,0.7462,GDELT_event_monthly_2025-08,1.0,0
Ukraine,governance_input,governance,Governance,2025-08,2025-08-01,2025-08-31,2025-08-01,2025-08-31,0.7581,0.8382,GOVERNANCE_snapshot_v43,0.9,0
Ukraine,fao_ffpi,market_food,Market/Food,2025-08,2025-08-01,2025-08-31,2025-08-01,2025-08-31,0.7309,150.7,FAO_FFPI_snapshot_v43,0.95,0
Ukraine,fao_fpma,market_food,Market/Food,2025-08,2025-08-01,2025-08-31,2025-08-01,2025-08-31,1.0,96.2,FAO_FPMA_snapshot_v43,0.91,0
Ukraine,narrative_input,narrative,Narrative,2025-08,2025-08-01,2025-08-31,2025-08-01,2025-08-31,0.7166,0.8377,NARRATIVE_snapshot_v43,0.894,0
Ukraine,gdacs,shock,Shock,2025-08,2025-08-01,2025-08-31,2025-08-01,2025-08-31,0.7352,0.9485,GDACS_snapshot_v43,0.9,0
Ukraine,un_comtrade,structural,Structural,2025-08,2025-08-01,2025-08-31,2024-01-01,2024-12-31,0.9029,0.666,UN_COMTRADE_snapshot_v43,0.89,243
China,unhcr,displacement,Displacement,2025-09,2025-09-01,2025-09-30,2025-09-01,2025-09-30,0.4363,0.4704,UNHCR_snapshot_v43,0.91,0
China,gdelt_event,event,Event,2025-09,2025-09-01,2025-09-30,2025-09-01,2025-09-30,0.4731,0.6366,GDELT_event_monthly_2025-09,1.0,0
China,governance_input,governance,Governance,2025-09,2025-09-01,2025-09-30,2025-09-01,2025-09-30,0.4367,0.5024,GOVERNANCE_snapshot_v43,0.9,0
China,fao_ffpi,market_food,Market/Food,2025-09,2025-09-01,2025-09-30,2025-09-01,2025-09-30,0.4707,125.3,FAO_FFPI_snapshot_v43,0.95,0
China,fao_fpma,market_food,Market/Food,2025-09,2025-09-01,2025-09-30,2025-09-01,2025-09-30,0.3636,59.7,FAO_FPMA_snapshot_v43,0.91,0
China,narrative_input,narrative,Narrative,2025-09,2025-09-01,2025-09-30,2025-09-01,2025-09-30,0.3628,0.2631,NARRATIVE_snapshot_v43,0.775,0
China,gdacs,shock,Shock,2025-09,2025-09-01,2025-09-30,2025-09-01,2025-09-30,0.4513,0.3036,GDACS_snapshot_v43,0.9,0
China,un_comtrade,structural,Structural,2025-09,2025-09-01,2025-09-30,2024-01-01,2024-12-31,0.46,0.511,UN_COMTRADE_snapshot_v43,0.89,273
Germany,unhcr,displacement,Displacement,2025-09,2025-09-01,2025-09-30,2025-09-01,2025-09-30,0.2177,0.3189,UNHCR_snapshot_v43,0.91,0
Germany,gdelt_event,event,Event,2025-09,2025-09-01,2025-09-30,2025-09-01,2025-09-30,0.2399,0.5274,GDELT_event_monthly_2025-09,1.0,0
Germany,governance_input,governance,Governance,2025-09,2025-09-01,2025-09-30,2025-09-01,2025-09-30,0.2238,0.2799,GOVERNANCE_snapshot_v43,0.9,0
Germany,fao_ffpi,market_food,Market/Food,2025-09,2025-09-01,2025-09-30,2025-09-01,2025-09-30,0.3064,106.4,FAO_FFPI_snapshot_v43,0.95,0
Germany,fao_fpma,market_food,Market/Food,2025-09,2025-09-01,2025-09-30,2025-09-01,2025-09-30,0.1818,32.4,FAO_FPMA_snapshot_v43,0.91,0
Germany,narrative_input,narrative,Narrative,2025-09,2025-09-01,2025-09-30,2025-09-01,2025-09-30,0.2419,0.0668,NARRATIVE_snapshot_v43,0.686,0
Germany,gdacs,shock,Shock,2025-09,2025-09-01,2025-09-30,2025-09-01,2025-09-30,0.3051,0.0522,GDACS_snapshot_v43,0.9,0
Germany,un_comtrade,structural,Structural,2025-09,2025-09-01,2025-09-30,2024-01-01,2024-12-31,0.0714,0.375,UN_COMTRADE_snapshot_v43,0.89,273
Iran,unhcr,displacement,Displacement,2025-09,2025-09-01,2025-09-30,2025-09-01,2025-09-30,0.6543,0.6214,UNHCR_snapshot_v43,0.91,0
Iran,gdelt_event,event,Event,2025-09,2025-09-01,2025-09-30,2025-09-01,2025-09-30,0.7508,0.7666,GDELT_event_monthly_2025-09,1.0,0
Iran,governance_input,governance,Governance,2025-09,2025-09-01,2025-09-30,2025-09-01,2025-09-30,0.6526,0.728,GOVERNANCE_snapshot_v43,0.9,0
Iran,fao_ffpi,market_food,Market/Food,2025-09,2025-09-01,2025-09-30,2025-09-01,2025-09-30,0.334,142.7,FAO_FFPI_snapshot_v43,0.95,0
Iran,fao_fpma,market_food,Market/Food,2025-09,2025-09-01,2025-09-30,2025-09-01,2025-09-30,0.1818,84.7,FAO_FPMA_snapshot_v43,0.91,0
Iran,narrative_input,narrative,Narrative,2025-09,2025-09-01,2025-09-30,2025-09-01,2025-09-30,0.6525,0.7336,NARRATIVE_snapshot_v43,0.857,0
Iran,gdacs,shock,Shock,2025-09,2025-09-01,2025-09-30,2025-09-01,2025-09-30,0.3351,0.7667,GDACS_snapshot_v43,0.9,0
Iran,un_comtrade,structural,Structural,2025-09,2025-09-01,2025-09-30,2024-01-01,2024-12-31,1.0,0.703,UN_COMTRADE_snapshot_v43,0.89,273
Israel,unhcr,displacement,Displacement,2025-09,2025-09-01,2025-09-30,2025-09-01,2025-09-30,0.4786,0.4997,UNHCR_snapshot_v43,0.91,0
Israel,gdelt_event,event,Event,2025-09,2025-09-01,2025-09-30,2025-09-01,2025-09-30,0.5554,0.6751,GDELT_event_monthly_2025-09,1.0,0
Israel,governance_input,governance,Governance,2025-09,2025-09-01,2025-09-30,2025-09-01,2025-09-30,0.467,0.534,GOVERNANCE_snapshot_v43,0.9,0
Israel,fao_ffpi,market_food,Market/Food,2025-09,2025-09-01,2025-09-30,2025-09-01,2025-09-30,0.3211,127.9,FAO_FFPI_snapshot_v43,0.95,0
Israel,fao_fpma,market_food,Market/Food,2025-09,2025-09-01,2025-09-30,2025-09-01,2025-09-30,0.2727,63.3,FAO_FPMA_snapshot_v43,0.91,0
Israel,narrative_input,narrative,Narrative,2025-09,2025-09-01,2025-09-30,2025-09-01,2025-09-30,0.5424,0.5548,NARRATIVE_snapshot_v43,0.787,0
Israel,gdacs,shock,Shock,2025-09,2025-09-01,2025-09-30,2025-09-01,2025-09-30,0.2906,0.3338,GDACS_snapshot_v43,0.9,0
Israel,un_comtrade,structural,Structural,2025-09,2025-09-01,2025-09-30,2024-01-01,2024-12-31,0.6543,0.579,UN_COMTRADE_snapshot_v43,0.89,273
Japan,unhcr,displacement,Displacement,2025-09,2025-09-01,2025-09-30,2025-09-01,2025-09-30,0.216,0.3177,UNHCR_snapshot_v43,0.91,0
Japan,gdelt_event,event,Event,2025-09,2025-09-01,2025-09-30,2025-09-01,2025-09-30,0.2158,0.5161,GDELT_event_monthly_2025-09,1.0,0
Japan,governance_input,governance,Governance,2025-09,2025-09-01,2025-09-30,2025-09-01,2025-09-30,0.2302,0.2866,GOVERNANCE_snapshot_v43,0.9,0
Japan,fao_ffpi,market_food,Market/Food,2025-09,2025-09-01,2025-09-30,2025-09-01,2025-09-30,0.5294,107.0,FAO_FFPI_snapshot_v43,0.95,0
Japan,fao_fpma,market_food,Market/Food,2025-09,2025-09-01,2025-09-30,2025-09-01,2025-09-30,0.5455,33.3,FAO_FPMA_snapshot_v43,0.91,0
Japan,narrative_input,narrative,Narrative,2025-09,2025-09-01,2025-09-30,2025-09-01,2025-09-30,0.2426,0.0679,NARRATIVE_snapshot_v43,0.689,0
Japan,gdacs,shock,Shock,2025-09,2025-09-01,2025-09-30,2025-09-01,2025-09-30,0.5232,0.0543,GDACS_snapshot_v43,0.9,0
Japan,un_comtrade,structural,Structural,2025-09,2025-09-01,2025-09-30,2024-01-01,2024-12-31,0.0,0.344,UN_COMTRADE_snapshot_v43,0.89,273
Nigeria,unhcr,displacement,Displacement,2025-09,2025-09-01,2025-09-30,2025-09-01,2025-09-30,0.5926,0.5787,UNHCR_snapshot_v43,0.91,0
Nigeria,gdelt_event,event,Event,2025-09,2025-09-01,2025-09-30,2025-09-01,2025-09-30,0.7181,0.7513,GDELT_event_monthly_2025-09,1.0,0
Nigeria,governance_input,governance,Governance,2025-09,2025-09-01,2025-09-30,2025-09-01,2025-09-30,0.5902,0.6628,GOVERNANCE_snapshot_v43,0.9,0
Nigeria,fao_ffpi,market_food,Market/Food,2025-09,2025-09-01,2025-09-30,2025-09-01,2025-09-30,0.3749,137.9,FAO_FFPI_snapshot_v43,0.95,0
Nigeria,fao_fpma,market_food,Market/Food,2025-09,2025-09-01,2025-09-30,2025-09-01,2025-09-30,0.3636,77.7,FAO_FPMA_snapshot_v43,0.91,0
Nigeria,narrative_input,narrative,Narrative,2025-09,2025-09-01,2025-09-30,2025-09-01,2025-09-30,0.6147,0.6722,NARRATIVE_snapshot_v43,0.834,0
Nigeria,gdacs,shock,Shock,2025-09,2025-09-01,2025-09-30,2025-09-01,2025-09-30,0.3719,0.6639,GDACS_snapshot_v43,0.9,0
Nigeria,un_comtrade,structural,Structural,2025-09,2025-09-01,2025-09-30,2024-01-01,2024-12-31,0.8486,0.647,UN_COMTRADE_snapshot_v43,0.89,273
Poland,unhcr,displacement,Displacement,2025-09,2025-09-01,2025-09-30,2025-09-01,2025-09-30,0.3805,0.4317,UNHCR_snapshot_v43,0.91,0
Poland,gdelt_event,event,Event,2025-09,2025-09-01,2025-09-30,2025-09-01,2025-09-30,0.3907,0.598,GDELT_event_monthly_2025-09,1.0,0
Poland,governance_input,governance,Governance,2025-09,2025-09-01,2025-09-30,2025-09-01,2025-09-30,0.3842,0.4475,GOVERNANCE_snapshot_v43,0.9,0
Poland,fao_ffpi,market_food,Market/Food,2025-09,2025-09-01,2025-09-30,2025-09-01,2025-09-30,0.541,120.9,FAO_FFPI_snapshot_v43,0.95,0
Poland,fao_fpma,market_food,Market/Food,2025-09,2025-09-01,2025-09-30,2025-09-01,2025-09-30,0.4545,53.2,FAO_FPMA_snapshot_v43,0.91,0
Poland,narrative_input,narrative,Narrative,2025-09,2025-09-01,2025-09-30,2025-09-01,2025-09-30,0.348,0.239,NARRATIVE_snapshot_v43,0.754,0
Poland,gdacs,shock,Shock,2025-09,2025-09-01,2025-09-30,2025-09-01,2025-09-30,0.5335,0.2538,GDACS_snapshot_v43,0.9,0
Poland,un_comtrade,structural,Structural,2025-09,2025-09-01,2025-09-30,2024-01-01,2024-12-31,0.3171,0.461,UN_COMTRADE_snapshot_v43,0.89,273
Russia,unhcr,displacement,Displacement,2025-09,2025-09-01,2025-09-30,2025-09-01,2025-09-30,0.5785,0.5689,UNHCR_snapshot_v43,0.91,0
Russia,gdelt_event,event,Event,2025-09,2025-09-01,2025-09-30,2025-09-01,2025-09-30,0.6897,0.738,GDELT_event_monthly_2025-09,1.0,0
Russia,governance_input,governance,Governance,2025-09,2025-09-01,2025-09-30,2025-09-01,2025-09-30,0.5773,0.6493,GOVERNANCE_snapshot_v43,0.9,0
Russia,fao_ffpi,market_food,Market/Food,2025-09,2025-09-01,2025-09-30,2025-09-01,2025-09-30,0.4038,136.9,FAO_FFPI_snapshot_v43,0.95,0
Russia,fao_fpma,market_food,Market/Food,2025-09,2025-09-01,2025-09-30,2025-09-01,2025-09-30,0.3636,76.2,FAO_FPMA_snapshot_v43,0.91,0
Russia,narrative_input,narrative,Narrative,2025-09,2025-09-01,2025-09-30,2025-09-01,2025-09-30,0.6071,0.6599,NARRATIVE_snapshot_v43,0.829,0
Russia,gdacs,shock,Shock,2025-09,2025-09-01,2025-09-30,2025-09-01,2025-09-30,0.3995,0.6435,GDACS_snapshot_v43,0.9,0
Russia,un_comtrade,structural,Structural,2025-09,2025-09-01,2025-09-30,2024-01-01,2024-12-31,0.7971,0.629,UN_COMTRADE_snapshot_v43,0.89,273
Taiwan,unhcr,displacement,Displacement,2025-09,2025-09-01,2025-09-30,2025-09-01,2025-09-30,0.4935,0.51,UNHCR_snapshot_v43,0.91,0
Taiwan,gdelt_event,event,Event,2025-09,2025-09-01,2025-09-30,2025-09-01,2025-09-30,0.5178,0.6575,GDELT_event_monthly_2025-09,1.0,0
Taiwan,governance_input,governance,Governance,2025-09,2025-09-01,2025-09-30,2025-09-01,2025-09-30,0.4976,0.566,GOVERNANCE_snapshot_v43,0.9,0
Taiwan,fao_ffpi,market_food,Market/Food,2025-09,2025-09-01,2025-09-30,2025-09-01,2025-09-30,0.5717,130.4,FAO_FFPI_snapshot_v43,0.95,0
Taiwan,fao_fpma,market_food,Market/Food,2025-09,2025-09-01,2025-09-30,2025-09-01,2025-09-30,0.6364,67.0,FAO_FPMA_snapshot_v43,0.91,0
Taiwan,narrative_input,narrative,Narrative,2025-09,2025-09-01,2025-09-30,2025-09-01,2025-09-30,0.5605,0.5841,NARRATIVE_snapshot_v43,0.799,0
Taiwan,gdacs,shock,Shock,2025-09,2025-09-01,2025-09-30,2025-09-01,2025-09-30,0.6012,0.5212,GDACS_snapshot_v43,0.9,0
Taiwan,un_comtrade,structural,Structural,2025-09,2025-09-01,2025-09-30,2024-01-01,2024-12-31,0.5486,0.542,UN_COMTRADE_snapshot_v43,0.89,273
Ukraine,unhcr,displacement,Displacement,2025-09,2025-09-01,2025-09-30,2025-09-01,2025-09-30,0.652,0.6198,UNHCR_snapshot_v43,0.91,0
Ukraine,gdelt_event,event,Event,2025-09,2025-09-01,2025-09-30,2025-09-01,2025-09-30,0.7506,0.7665,GDELT_event_monthly_2025-09,1.0,0
Ukraine,governance_input,governance,Governance,2025-09,2025-09-01,2025-09-30,2025-09-01,2025-09-30,0.6616,0.7374,GOVERNANCE_snapshot_v43,0.9,0
Ukraine,fao_ffpi,market_food,Market/Food,2025-09,2025-09-01,2025-09-30,2025-09-01,2025-09-30,0.4752,143.4,FAO_FFPI_snapshot_v43,0.95,0
Ukraine,fao_fpma,market_food,Market/Food,2025-09,2025-09-01,2025-09-30,2025-09-01,2025-09-30,0.4545,85.7,FAO_FPMA_snapshot_v43,0.91,0
Ukraine,narrative_input,narrative,Narrative,2025-09,2025-09-01,2025-09-30,2025-09-01,2025-09-30,0.6578,0.7422,NARRATIVE_snapshot_v43,0.86,0
Ukraine,gdacs,shock,Shock,2025-09,2025-09-01,2025-09-30,2025-09-01,2025-09-30,0.4719,0.7817,GDACS_snapshot_v43,0.9,0
Ukraine,un_comtrade,structural,Structural,2025-09,2025-09-01,2025-09-30,2024-01-01,2024-12-31,0.9029,0.666,UN_COMTRADE_snapshot_v43,0.89,273
China,unhcr,displacement,Displacement,2025-10,2025-10-01,2025-10-31,2025-10-01,2025-10-31,0.4008,0.4458,UNHCR_snapshot_v43,0.91,0
China,gdelt_event,event,Event,2025-10,2025-10-01,2025-10-31,2025-10-01,2025-10-31,0.4738,0.6369,GDELT_event_monthly_2025-10,1.0,0
China,governance_input,governance,Governance,2025-10,2025-10-01,2025-10-31,2025-10-01,2025-10-31,0.3934,0.4571,GOVERNANCE_snapshot_v43,0.9,0
China,fao_ffpi,market_food,Market/Food,2025-10,2025-10-01,2025-10-31,2025-10-01,2025-10-31,0.2444,121.7,FAO_FFPI_snapshot_v43,0.95,0
China,fao_fpma,market_food,Market/Food,2025-10,2025-10-01,2025-10-31,2025-10-01,2025-10-31,0.0,54.4,FAO_FPMA_snapshot_v43,0.91,0
China,narrative_input,narrative,Narrative,2025-10,2025-10-01,2025-10-31,2025-10-01,2025-10-31,0.3506,0.2433,NARRATIVE_snapshot_v43,0.758,0
China,gdacs,shock,Shock,2025-10,2025-10-01,2025-10-31,2025-10-01,2025-10-31,0.3417,0.2625,GDACS_snapshot_v43,0.9,0
China,un_comtrade,structural,Structural,2025-10,2025-10-01,2025-10-31,2024-01-01,2024-12-31,0.46,0.511,UN_COMTRADE_snapshot_v43,0.89,304
Germany,unhcr,displacement,Displacement,2025-10,2025-10-01,2025-10-31,2025-10-01,2025-10-31,0.2242,0.3234,UNHCR_snapshot_v43,0.91,0
Germany,gdelt_event,event,Event,2025-10,2025-10-01,2025-10-31,2025-10-01,2025-10-31,0.2422,0.5285,GDELT_event_monthly_2025-10,1.0,0
Germany,governance_input,governance,Governance,2025-10,2025-10-01,2025-10-31,2025-10-01,2025-10-31,0.229,0.2854,GOVERNANCE_snapshot_v43,0.9,0
Germany,fao_ffpi,market_food,Market/Food,2025-10,2025-10-01,2025-10-31,2025-10-01,2025-10-31,0.3255,106.9,FAO_FFPI_snapshot_v43,0.95,0
Germany,fao_fpma,market_food,Market/Food,2025-10,2025-10-01,2025-10-31,2025-10-01,2025-10-31,0.2727,33.1,FAO_FPMA_snapshot_v43,0.91,0
Germany,narrative_input,narrative,Narrative,2025-10,2025-10-01,2025-10-31,2025-10-01,2025-10-31,0.2425,0.0678,NARRATIVE_snapshot_v43,0.689,0
Germany,gdacs,shock,Shock,2025-10,2025-10-01,2025-10-31,2025-10-01,2025-10-31,0.3096,0.0541,GDACS_snapshot_v43,0.9,0
Germany,un_comtrade,structural,Structural,2025-10,2025-10-01,2025-10-31,2024-01-01,2024-12-31,0.0714,0.375,UN_COMTRADE_snapshot_v43,0.89,304
Iran,unhcr,displacement,Displacement,2025-10,2025-10-01,2025-10-31,2025-10-01,2025-10-31,0.6318,0.6058,UNHCR_snapshot_v43,0.91,0
Iran,gdelt_event,event,Event,2025-10,2025-10-01,2025-10-31,2025-10-01,2025-10-31,0.6923,0.7392,GDELT_event_monthly_2025-10,1.0,0
Iran,governance_input,governance,Governance,2025-10,2025-10-01,2025-10-31,2025-10-01,2025-10-31,0.6231,0.6971,GOVERNANCE_snapshot_v43,0.9,0
Iran,fao_ffpi,market_food,Market/Food,2025-10,2025-10-01,2025-10-31,2025-10-01,2025-10-31,0.2419,140.5,FAO_FFPI_snapshot_v43,0.95,0
Iran,fao_fpma,market_food,Market/Food,2025-10,2025-10-01,2025-10-31,2025-10-01,2025-10-31,0.0,81.4,FAO_FPMA_snapshot_v43,0.91,0
Iran,narrative_input,narrative,Narrative,2025-10,2025-10-01,2025-10-31,2025-10-01,2025-10-31,0.6347,0.7047,NARRATIVE_snapshot_v43,0.846,0
Iran,gdacs,shock,Shock,2025-10,2025-10-01,2025-10-31,2025-10-01,2025-10-31,0.2443,0.7174,GDACS_snapshot_v43,0.9,0
Iran,un_comtrade,structural,Structural,2025-10,2025-10-01,2025-10-31,2024-01-01,2024-12-31,1.0,0.703,UN_COMTRADE_snapshot_v43,0.89,304
Israel,unhcr,displacement,Displacement,2025-10,2025-10-01,2025-10-31,2025-10-01,2025-10-31,0.4769,0.4985,UNHCR_snapshot_v43,0.91,0
Israel,gdelt_event,event,Event,2025-10,2025-10-01,2025-10-31,2025-10-01,2025-10-31,0.5109,0.6543,GDELT_event_monthly_2025-10,1.0,0
Israel,governance_input,governance,Governance,2025-10,2025-10-01,2025-10-31,2025-10-01,2025-10-31,0.4657,0.5327,GOVERNANCE_snapshot_v43,0.9,0
Israel,fao_ffpi,market_food,Market/Food,2025-10,2025-10-01,2025-10-31,2025-10-01,2025-10-31,0.3183,127.8,FAO_FFPI_snapshot_v43,0.95,0
Israel,fao_fpma,market_food,Market/Food,2025-10,2025-10-01,2025-10-31,2025-10-01,2025-10-31,0.1818,63.2,FAO_FPMA_snapshot_v43,0.91,0
Israel,narrative_input,narrative,Narrative,2025-10,2025-10-01,2025-10-31,2025-10-01,2025-10-31,0.5415,0.5533,NARRATIVE_snapshot_v43,0.786,0
Israel,gdacs,shock,Shock,2025-10,2025-10-01,2025-10-31,2025-10-01,2025-10-31,0.2888,0.3319,GDACS_snapshot_v43,0.9,0
Israel,un_comtrade,structural,Structural,2025-10,2025-10-01,2025-10-31,2024-01-01,2024-12-31,0.6543,0.579,UN_COMTRADE_snapshot_v43,0.89,304
Japan,unhcr,displacement,Displacement,2025-10,2025-10-01,2025-10-31,2025-10-01,2025-10-31,0.1978,0.3051,UNHCR_snapshot_v43,0.91,0
Japan,gdelt_event,event,Event,2025-10,2025-10-01,2025-10-31,2025-10-01,2025-10-31,0.2463,0.5304,GDELT_event_monthly_2025-10,1.0,0
Japan,governance_input,governance,Governance,2025-10,2025-10-01,2025-10-31,2025-10-01,2025-10-31,0.2109,0.2664,GOVERNANCE_snapshot_v43,0.9,0
Japan,fao_ffpi,market_food,Market/Food,2025-10,2025-10-01,2025-10-31,2025-10-01,2025-10-31,0.3817,105.2,FAO_FFPI_snapshot_v43,0.95,0
Japan,fao_fpma,market_food,Market/Food,2025-10,2025-10-01,2025-10-31,2025-10-01,2025-10-31,0.1818,30.7,FAO_FPMA_snapshot_v43,0.91,0
Japan,narrative_input,narrative,Narrative,2025-10,2025-10-01,2025-10-31,2025-10-01,2025-10-31,0.2405,0.0645,NARRATIVE_snapshot_v43,0.68,0
Japan,gdacs,shock,Shock,2025-10,2025-10-01,2025-10-31,2025-10-01,2025-10-31,0.3699,0.0483,GDACS_snapshot_v43,0.9,0
Japan,un_comtrade,structural,Structural,2025-10,2025-10-01,2025-10-31,2024-01-01,2024-12-31,0.0,0.344,UN_COMTRADE_snapshot_v43,0.89,304
Nigeria,unhcr,displacement,Displacement,2025-10,2025-10-01,2025-10-31,2025-10-01,2025-10-31,0.5632,0.5583,UNHCR_snapshot_v43,0.91,0
Nigeria,gdelt_event,event,Event,2025-10,2025-10-01,2025-10-31,2025-10-01,2025-10-31,0.631,0.7105,GDELT_event_monthly_2025-10,1.0,0
Nigeria,governance_input,governance,Governance,2025-10,2025-10-01,2025-10-31,2025-10-01,2025-10-31,0.5519,0.6228,GOVERNANCE_snapshot_v43,0.9,0
Nigeria,fao_ffpi,market_food,Market/Food,2025-10,2025-10-01,2025-10-31,2025-10-01,2025-10-31,0.2894,134.8,FAO_FFPI_snapshot_v43,0.95,0
Nigeria,fao_fpma,market_food,Market/Food,2025-10,2025-10-01,2025-10-31,2025-10-01,2025-10-31,0.0,73.3,FAO_FPMA_snapshot_v43,0.91,0
Nigeria,narrative_input,narrative,Narrative,2025-10,2025-10-01,2025-10-31,2025-10-01,2025-10-31,0.5926,0.6363,NARRATIVE_snapshot_v43,0.82,0
Nigeria,gdacs,shock,Shock,2025-10,2025-10-01,2025-10-31,2025-10-01,2025-10-31,0.2968,0.6045,GDACS_snapshot_v43,0.9,0
Nigeria,un_comtrade,structural,Structural,2025-10,2025-10-01,2025-10-31,2024-01-01,2024-12-31,0.8486,0.647,UN_COMTRADE_snapshot_v43,0.89,304
Poland,unhcr,displacement,Displacement,2025-10,2025-10-01,2025-10-31,2025-10-01,2025-10-31,0.3484,0.4095,UNHCR_snapshot_v43,0.91,0
Poland,gdelt_event,event,Event,2025-10,2025-10-01,2025-10-31,2025-10-01,2025-10-31,0.417,0.6103,GDELT_event_monthly_2025-10,1.0,0
Poland,governance_input,governance,Governance,2025-10,2025-10-01,2025-10-31,2025-10-01,2025-10-31,0.347,0.4087,GOVERNANCE_snapshot_v43,0.9,0
Poland,fao_ffpi,market_food,Market/Food,2025-10,2025-10-01,2025-10-31,2025-10-01,2025-10-31,0.2704,117.6,FAO_FFPI_snapshot_v43,0.95,0
Poland,fao_fpma,market_food,Market/Food,2025-10,2025-10-01,2025-10-31,2025-10-01,2025-10-31,0.0909,48.5,FAO_FPMA_snapshot_v43,0.91,0
Poland,narrative_input,narrative,Narrative,2025-10,2025-10-01,2025-10-31,2025-10-01,2025-10-31,0.3373,0.2217,NARRATIVE_snapshot_v43,0.739,0
Poland,gdacs,shock,Shock,2025-10,2025-10-01,2025-10-31,2025-10-01,2025-10-31,0.2707,0.2201,GDACS_snapshot_v43,0.9,0
Poland,un_comtrade,structural,Structural,2025-10,2025-10-01,2025-10-31,2024-01-01,2024-12-31,0.3171,0.461,UN_COMTRADE_snapshot_v43,0.89,304
Russia,unhcr,displacement,Displacement,2025-10,2025-10-01,2025-10-31,2025-10-01,2025-10-31,0.5414,0.5432,UNHCR_snapshot_v43,0.91,0
Russia,gdelt_event,event,Event,2025-10,2025-10-01,2025-10-31,2025-10-01,2025-10-31,0.6164,0.7037,GDELT_event_monthly_2025-10,1.0,0
Russia,governance_input,governance,Governance,2025-10,2025-10-01,2025-10-31,2025-10-01,2025-10-31,0.5306,0.6005,GOVERNANCE_snapshot_v43,0.9,0
Russia,fao_ffpi,market_food,Market/Food,2025-10,2025-10-01,2025-10-31,2025-10-01,2025-10-31,0.2709,133.1,FAO_FFPI_snapshot_v43,0.95,0
Russia,fao_fpma,market_food,Market/Food,2025-10,2025-10-01,2025-10-31,2025-10-01,2025-10-31,0.0,70.8,FAO_FPMA_snapshot_v43,0.91,0
Russia,narrative_input,narrative,Narrative,2025-10,2025-10-01,2025-10-31,2025-10-01,2025-10-31,0.5793,0.6147,NARRATIVE_snapshot_v43,0.811,0
Russia,gdacs,shock,Shock,2025-10,2025-10-01,2025-10-31,2025-10-01,2025-10-31,0.2776,0.5705,GDACS_snapshot_v43,0.9,0
Russia,un_comtrade,structural,Structural,2025-10,2025-10-01,2025-10-31,2024-01-01,2024-12-31,0.7971,0.629,UN_COMTRADE_snapshot_v43,0.89,304
Taiwan,unhcr,displacement,Displacement,2025-10,2025-10-01,2025-10-31,2025-10-01,2025-10-31,0.4485,0.4788,UNHCR_snapshot_v43,0.91,0
Taiwan,gdelt_event,event,Event,2025-10,2025-10-01,2025-10-31,2025-10-01,2025-10-31,0.5325,0.6644,GDELT_event_monthly_2025-10,1.0,0
Taiwan,governance_input,governance,Governance,2025-10,2025-10-01,2025-10-31,2025-10-01,2025-10-31,0.4422,0.5081,GOVERNANCE_snapshot_v43,0.9,0
Taiwan,fao_ffpi,market_food,Market/Food,2025-10,2025-10-01,2025-10-31,2025-10-01,2025-10-31,0.2392,125.8,FAO_FFPI_snapshot_v43,0.95,0
Taiwan,fao_fpma,market_food,Market/Food,2025-10,2025-10-01,2025-10-31,2025-10-01,2025-10-31,0.0,60.3,FAO_FPMA_snapshot_v43,0.91,0
Taiwan,narrative_input,narrative,Narrative,2025-10,2025-10-01,2025-10-31,2025-10-01,2025-10-31,0.3644,0.2657,NARRATIVE_snapshot_v43,0.777,0
Taiwan,gdacs,shock,Shock,2025-10,2025-10-01,2025-10-31,2025-10-01,2025-10-31,0.2549,0.3088,GDACS_snapshot_v43,0.9,0
Taiwan,un_comtrade,structural,Structural,2025-10,2025-10-01,2025-10-31,2024-01-01,2024-12-31,0.5486,0.542,UN_COMTRADE_snapshot_v43,0.89,304
Ukraine,unhcr,displacement,Displacement,2025-10,2025-10-01,2025-10-31,2025-10-01,2025-10-31,0.5939,0.5796,UNHCR_snapshot_v43,0.91,0
Ukraine,gdelt_event,event,Event,2025-10,2025-10-01,2025-10-31,2025-10-01,2025-10-31,0.6899,0.7381,GDELT_event_monthly_2025-10,1.0,0
Ukraine,governance_input,governance,Governance,2025-10,2025-10-01,2025-10-31,2025-10-01,2025-10-31,0.5853,0.6576,GOVERNANCE_snapshot_v43,0.9,0
Ukraine,fao_ffpi,market_food,Market/Food,2025-10,2025-10-01,2025-10-31,2025-10-01,2025-10-31,0.2685,137.5,FAO_FFPI_snapshot_v43,0.95,0
Ukraine,fao_fpma,market_food,Market/Food,2025-10,2025-10-01,2025-10-31,2025-10-01,2025-10-31,0.0,77.1,FAO_FPMA_snapshot_v43,0.91,0
Ukraine,narrative_input,narrative,Narrative,2025-10,2025-10-01,2025-10-31,2025-10-01,2025-10-31,0.6122,0.6681,NARRATIVE_snapshot_v43,0.832,0
Ukraine,gdacs,shock,Shock,2025-10,2025-10-01,2025-10-31,2025-10-01,2025-10-31,0.2742,0.6565,GDACS_snapshot_v43,0.9,0
Ukraine,un_comtrade,structural,Structural,2025-10,2025-10-01,2025-10-31,2024-01-01,2024-12-31,0.9029,0.666,UN_COMTRADE_snapshot_v43,0.89,304
China,unhcr,displacement,Displacement,2025-11,2025-11-01,2025-11-30,2025-11-01,2025-11-30,0.4232,0.4613,UNHCR_snapshot_v43,0.91,0
China,gdelt_event,event,Event,2025-11,2025-11-01,2025-11-30,2025-11-01,2025-11-30,0.4618,0.6313,GDELT_event_monthly_2025-11,1.0,0
China,governance_input,governance,Governance,2025-11,2025-11-01,2025-11-30,2025-11-01,2025-11-30,0.4125,0.4771,GOVERNANCE_snapshot_v43,0.9,0
China,fao_ffpi,market_food,Market/Food,2025-11,2025-11-01,2025-11-30,2025-11-01,2025-11-30,0.345,123.3,FAO_FFPI_snapshot_v43,0.95,0
China,fao_fpma,market_food,Market/Food,2025-11,2025-11-01,2025-11-30,2025-11-01,2025-11-30,0.2727,56.7,FAO_FPMA_snapshot_v43,0.91,0
China,narrative_input,narrative,Narrative,2025-11,2025-11-01,2025-11-30,2025-11-01,2025-11-30,0.356,0.2521,NARRATIVE_snapshot_v43,0.765,0
China,gdacs,shock,Shock,2025-11,2025-11-01,2025-11-30,2025-11-01,2025-11-30,0.3889,0.2802,GDACS_snapshot_v43,0.9,0
China,un_comtrade,structural,Structural,2025-11,2025-11-01,2025-11-30,2024-01-01,2024-12-31,0.46,0.511,UN_COMTRADE_snapshot_v43,0.89,334
Germany,unhcr,displacement,Displacement,2025-11,2025-11-01,2025-11-30,2025-11-01,2025-11-30,0.3017,0.3771,UNHCR_snapshot_v43,0.91,0
Germany,gdelt_event,event,Event,2025-11,2025-11-01,2025-11-30,2025-11-01,2025-11-30,0.2948,0.5531,GDELT_event_monthly_2025-11,1.0,0
Germany,governance_input,governance,Governance,2025-11,2025-11-01,2025-11-30,2025-11-01,2025-11-30,0.2913,0.3505,GOVERNANCE_snapshot_v43,0.9,0
Germany,fao_ffpi,market_food,Market/Food,2025-11,2025-11-01,2025-11-30,2025-11-01,2025-11-30,0.5433,112.6,FAO_FFPI_snapshot_v43,0.95,0
Germany,fao_fpma,market_food,Market/Food,2025-11,2025-11-01,2025-11-30,2025-11-01,2025-11-30,0.5455,41.4,FAO_FPMA_snapshot_v43,0.91,0
Germany,narrative_input,narrative,Narrative,2025-11,2025-11-01,2025-11-30,2025-11-01,2025-11-30,0.3219,0.1966,NARRATIVE_snapshot_v43,0.715,0
Germany,gdacs,shock,Shock,2025-11,2025-11-01,2025-11-30,2025-11-01,2025-11-30,0.5909,0.1736,GDACS_snapshot_v43,0.9,0
Germany,un_comtrade,structural,Structural,2025-11,2025-11-01,2025-11-30,2024-01-01,2024-12-31,0.0714,0.375,UN_COMTRADE_snapshot_v43,0.89,334
Iran,unhcr,displacement,Displacement,2025-11,2025-11-01,2025-11-30,2025-11-01,2025-11-30,0.6699,0.6322,UNHCR_snapshot_v43,0.91,0
Iran,gdelt_event,event,Event,2025-11,2025-11-01,2025-11-30,2025-11-01,2025-11-30,0.695,0.7405,GDELT_event_monthly_2025-11,1.0,0
Iran,governance_input,governance,Governance,2025-11,2025-11-01,2025-11-30,2025-11-01,2025-11-30,0.659,0.7347,GOVERNANCE_snapshot_v43,0.9,0
Iran,fao_ffpi,market_food,Market/Food,2025-11,2025-11-01,2025-11-30,2025-11-01,2025-11-30,0.3549,143.2,FAO_FFPI_snapshot_v43,0.95,0
Iran,fao_fpma,market_food,Market/Food,2025-11,2025-11-01,2025-11-30,2025-11-01,2025-11-30,0.2727,85.4,FAO_FPMA_snapshot_v43,0.91,0
Iran,narrative_input,narrative,Narrative,2025-11,2025-11-01,2025-11-30,2025-11-01,2025-11-30,0.6562,0.7396,NARRATIVE_snapshot_v43,0.859,0
Iran,gdacs,shock,Shock,2025-11,2025-11-01,2025-11-30,2025-11-01,2025-11-30,0.3546,0.7773,GDACS_snapshot_v43,0.9,0
Iran,un_comtrade,structural,Structural,2025-11,2025-11-01,2025-11-30,2024-01-01,2024-12-31,1.0,0.703,UN_COMTRADE_snapshot_v43,0.89,334
Israel,unhcr,displacement,Displacement,2025-11,2025-11-01,2025-11-30,2025-11-01,2025-11-30,0.553,0.5512,UNHCR_snapshot_v43,0.91,0
Israel,gdelt_event,event,Event,2025-11,2025-11-01,2025-11-30,2025-11-01,2025-11-30,0.5524,0.6737,GDELT_event_monthly_2025-11,1.0,0
Israel,governance_input,governance,Governance,2025-11,2025-11-01,2025-11-30,2025-11-01,2025-11-30,0.5326,0.6026,GOVERNANCE_snapshot_v43,0.9,0
Israel,fao_ffpi,market_food,Market/Food,2025-11,2025-11-01,2025-11-30,2025-11-01,2025-11-30,0.4697,133.3,FAO_FFPI_snapshot_v43,0.95,0
Israel,fao_fpma,market_food,Market/Food,2025-11,2025-11-01,2025-11-30,2025-11-01,2025-11-30,0.5455,71.1,FAO_FPMA_snapshot_v43,0.91,0
Israel,narrative_input,narrative,Narrative,2025-11,2025-11-01,2025-11-30,2025-11-01,2025-11-30,0.5808,0.6171,NARRATIVE_snapshot_v43,0.812,0
Israel,gdacs,shock,Shock,2025-11,2025-11-01,2025-11-30,2025-11-01,2025-11-30,0.5189,0.5735,GDACS_snapshot_v43,0.9,0
Israel,un_comtrade,structural,Structural,2025-11,2025-11-01,2025-11-30,2024-01-01,2024-12-31,0.6543,0.579,UN_COMTRADE_snapshot_v43,0.89,334
Japan,unhcr,displacement,Displacement,2025-11,2025-11-01,2025-11-30,2025-11-01,2025-11-30,0.2125,0.3153,UNHCR_snapshot_v43,0.91,0
Japan,gdelt_event,event,Event,2025-11,2025-11-01,2025-11-30,2025-11-01,2025-11-30,0.2531,0.5336,GDELT_event_monthly_2025-11,1.0,0
Japan,governance_input,governance,Governance,2025-11,2025-11-01,2025-11-30,2025-11-01,2025-11-30,0.2222,0.2783,GOVERNANCE_snapshot_v43,0.9,0
Japan,fao_ffpi,market_food,Market/Food,2025-11,2025-11-01,2025-11-30,2025-11-01,2025-11-30,0.4637,106.2,FAO_FFPI_snapshot_v43,0.95,0
Japan,fao_fpma,market_food,Market/Food,2025-11,2025-11-01,2025-11-30,2025-11-01,2025-11-30,0.4545,32.2,FAO_FPMA_snapshot_v43,0.91,0
Japan,narrative_input,narrative,Narrative,2025-11,2025-11-01,2025-11-30,2025-11-01,2025-11-30,0.2417,0.0665,NARRATIVE_snapshot_v43,0.686,0
Japan,gdacs,shock,Shock,2025-11,2025-11-01,2025-11-30,2025-11-01,2025-11-30,0.4644,0.052,GDACS_snapshot_v43,0.9,0
Japan,un_comtrade,structural,Structural,2025-11,2025-11-01,2025-11-30,2024-01-01,2024-12-31,0.0,0.344,UN_COMTRADE_snapshot_v43,0.89,334
Nigeria,unhcr,displacement,Displacement,2025-11,2025-11-01,2025-11-30,2025-11-01,2025-11-30,0.6013,0.5847,UNHCR_snapshot_v43,0.91,0
Nigeria,gdelt_event,event,Event,2025-11,2025-11-01,2025-11-30,2025-11-01,2025-11-30,0.6252,0.7078,GDELT_event_monthly_2025-11,1.0,0
Nigeria,governance_input,governance,Governance,2025-11,2025-11-01,2025-11-30,2025-11-01,2025-11-30,0.5873,0.6597,GOVERNANCE_snapshot_v43,0.9,0
Nigeria,fao_ffpi,market_food,Market/Food,2025-11,2025-11-01,2025-11-30,2025-11-01,2025-11-30,0.3666,137.6,FAO_FFPI_snapshot_v43,0.95,0
Nigeria,fao_fpma,market_food,Market/Food,2025-11,2025-11-01,2025-11-30,2025-11-01,2025-11-30,0.2727,77.3,FAO_FPMA_snapshot_v43,0.91,0
Nigeria,narrative_input,narrative,Narrative,2025-11,2025-11-01,2025-11-30,2025-11-01,2025-11-30,0.6132,0.6697,NARRATIVE_snapshot_v43,0.833,0
Nigeria,gdacs,shock,Shock,2025-11,2025-11-01,2025-11-30,2025-11-01,2025-11-30,0.3657,0.659,GDACS_snapshot_v43,0.9,0
Nigeria,un_comtrade,structural,Structural,2025-11,2025-11-01,2025-11-30,2024-01-01,2024-12-31,0.8486,0.647,UN_COMTRADE_snapshot_v43,0.89,334
Poland,unhcr,displacement,Displacement,2025-11,2025-11-01,2025-11-30,2025-11-01,2025-11-30,0.3594,0.4171,UNHCR_snapshot_v43,0.91,0
Poland,gdelt_event,event,Event,2025-11,2025-11-01,2025-11-30,2025-11-01,2025-11-30,0.4061,0.6052,GDELT_event_monthly_2025-11,1.0,0
Poland,governance_input,governance,Governance,2025-11,2025-11-01,2025-11-30,2025-11-01,2025-11-30,0.3557,0.4177,GOVERNANCE_snapshot_v43,0.9,0
Poland,fao_ffpi,market_food,Market/Food,2025-11,2025-11-01,2025-11-30,2025-11-01,2025-11-30,0.336,118.4,FAO_FFPI_snapshot_v43,0.95,0
Poland,fao_fpma,market_food,Market/Food,2025-11,2025-11-01,2025-11-30,2025-11-01,2025-11-30,0.2727,49.7,FAO_FPMA_snapshot_v43,0.91,0
Poland,narrative_input,narrative,Narrative,2025-11,2025-11-01,2025-11-30,2025-11-01,2025-11-30,0.3397,0.2256,NARRATIVE_snapshot_v43,0.742,0
Poland,gdacs,shock,Shock,2025-11,2025-11-01,2025-11-30,2025-11-01,2025-11-30,0.3339,0.2282,GDACS_snapshot_v43,0.9,0
Poland,un_comtrade,structural,Structural,2025-11,2025-11-01,2025-11-30,2024-01-01,2024-12-31,0.3171,0.461,UN_COMTRADE_snapshot_v43,0.89,334
Russia,unhcr,displacement,Displacement,2025-11,2025-11-01,2025-11-30,2025-11-01,2025-11-30,0.5733,0.5653,UNHCR_snapshot_v43,0.91,0
Russia,gdelt_event,event,Event,2025-11,2025-11-01,2025-11-30,2025-11-01,2025-11-30,0.6051,0.6984,GDELT_event_monthly_2025-11,1.0,0
Russia,governance_input,governance,Governance,2025-11,2025-11-01,2025-11-30,2025-11-01,2025-11-30,0.5595,0.6307,GOVERNANCE_snapshot_v43,0.9,0
Russia,fao_ffpi,market_food,Market/Food,2025-11,2025-11-01,2025-11-30,2025-11-01,2025-11-30,0.3514,135.4,FAO_FFPI_snapshot_v43,0.95,0
Russia,fao_fpma,market_food,Market/Food,2025-11,2025-11-01,2025-11-30,2025-11-01,2025-11-30,0.1818,74.2,FAO_FPMA_snapshot_v43,0.91,0
Russia,narrative_input,narrative,Narrative,2025-11,2025-11-01,2025-11-30,2025-11-01,2025-11-30,0.5966,0.6428,NARRATIVE_snapshot_v43,0.822,0
Russia,gdacs,shock,Shock,2025-11,2025-11-01,2025-11-30,2025-11-01,2025-11-30,0.3527,0.6155,GDACS_snapshot_v43,0.9,0
Russia,un_comtrade,structural,Structural,2025-11,2025-11-01,2025-11-30,2024-01-01,2024-12-31,0.7971,0.629,UN_COMTRADE_snapshot_v43,0.89,334
Taiwan,unhcr,displacement,Displacement,2025-11,2025-11-01,2025-11-30,2025-11-01,2025-11-30,0.4594,0.4864,UNHCR_snapshot_v43,0.91,0
Taiwan,gdelt_event,event,Event,2025-11,2025-11-01,2025-11-30,2025-11-01,2025-11-30,0.5077,0.6528,GDELT_event_monthly_2025-11,1.0,0
Taiwan,governance_input,governance,Governance,2025-11,2025-11-01,2025-11-30,2025-11-01,2025-11-30,0.4519,0.5183,GOVERNANCE_snapshot_v43,0.9,0
Taiwan,fao_ffpi,market_food,Market/Food,2025-11,2025-11-01,2025-11-30,2025-11-01,2025-11-30,0.297,126.6,FAO_FFPI_snapshot_v43,0.95,0
Taiwan,fao_fpma,market_food,Market/Food,2025-11,2025-11-01,2025-11-30,2025-11-01,2025-11-30,0.1818,61.5,FAO_FPMA_snapshot_v43,0.91,0
Taiwan,narrative_input,narrative,Narrative,2025-11,2025-11-01,2025-11-30,2025-11-01,2025-11-30,0.3672,0.2702,NARRATIVE_snapshot_v43,0.781,0
Taiwan,gdacs,shock,Shock,2025-11,2025-11-01,2025-11-30,2025-11-01,2025-11-30,0.2705,0.3184,GDACS_snapshot_v43,0.9,0
Taiwan,un_comtrade,structural,Structural,2025-11,2025-11-01,2025-11-30,2024-01-01,2024-12-31,0.5486,0.542,UN_COMTRADE_snapshot_v43,0.89,334
Ukraine,unhcr,displacement,Displacement,2025-11,2025-11-01,2025-11-30,2025-11-01,2025-11-30,0.6185,0.5966,UNHCR_snapshot_v43,0.91,0
Ukraine,gdelt_event,event,Event,2025-11,2025-11-01,2025-11-30,2025-11-01,2025-11-30,0.6538,0.7212,GDELT_event_monthly_2025-11,1.0,0
Ukraine,governance_input,governance,Governance,2025-11,2025-11-01,2025-11-30,2025-11-01,2025-11-30,0.6081,0.6815,GOVERNANCE_snapshot_v43,0.9,0
Ukraine,fao_ffpi,market_food,Market/Food,2025-11,2025-11-01,2025-11-30,2025-11-01,2025-11-30,0.3316,139.3,FAO_FFPI_snapshot_v43,0.95,0
Ukraine,fao_fpma,market_food,Market/Food,2025-11,2025-11-01,2025-11-30,2025-11-01,2025-11-30,0.2727,79.7,FAO_FPMA_snapshot_v43,0.91,0
Ukraine,narrative_input,narrative,Narrative,2025-11,2025-11-01,2025-11-30,2025-11-01,2025-11-30,0.6254,0.6896,NARRATIVE_snapshot_v43,0.84,0
Ukraine,gdacs,shock,Shock,2025-11,2025-11-01,2025-11-30,2025-11-01,2025-11-30,0.3317,0.6929,GDACS_snapshot_v43,0.9,0
Ukraine,un_comtrade,structural,Structural,2025-11,2025-11-01,2025-11-30,2024-01-01,2024-12-31,0.9029,0.666,UN_COMTRADE_snapshot_v43,0.89,334
China,unhcr,displacement,Displacement,2025-12,2025-12-01,2025-12-31,2025-12-01,2025-12-31,0.4568,0.4846,UNHCR_snapshot_v43,0.91,0
China,gdelt_event,event,Event,2025-12,2025-12-01,2025-12-31,2025-12-01,2025-12-31,0.4142,0.609,GDELT_event_monthly_2025-12,1.0,0
China,governance_input,governance,Governance,2025-12,2025-12-01,2025-12-31,2025-12-01,2025-12-31,0.4473,0.5135,GOVERNANCE_snapshot_v43,0.9,0
China,fao_ffpi,market_food,Market/Food,2025-12,2025-12-01,2025-12-31,2025-12-01,2025-12-31,0.5272,126.2,FAO_FFPI_snapshot_v43,0.95,0
China,fao_fpma,market_food,Market/Food,2025-12,2025-12-01,2025-12-31,2025-12-01,2025-12-31,0.6364,60.9,FAO_FPMA_snapshot_v43,0.91,0
China,narrative_input,narrative,Narrative,2025-12,2025-12-01,2025-12-31,2025-12-01,2025-12-31,0.3658,0.268,NARRATIVE_snapshot_v43,0.779,0
China,gdacs,shock,Shock,2025-12,2025-12-01,2025-12-31,2025-12-01,2025-12-31,0.4779,0.3136,GDACS_snapshot_v43,0.9,0
China,un_comtrade,structural,Structural,2025-12,2025-12-01,2025-12-31,2025-01-01,2025-12-31,0.5171,0.531,UN_COMTRADE_snapshot_v43,0.89,0
Germany,unhcr,displacement,Displacement,2025-12,2025-12-01,2025-12-31,2025-12-01,2025-12-31,0.3653,0.4212,UNHCR_snapshot_v43,0.91,0
Germany,gdelt_event,event,Event,2025-12,2025-12-01,2025-12-31,2025-12-01,2025-12-31,0.3059,0.5583,GDELT_event_monthly_2025-12,1.0,0
Germany,governance_input,governance,Governance,2025-12,2025-12-01,2025-12-31,2025-12-01,2025-12-31,0.3618,0.4241,GOVERNANCE_snapshot_v43,0.9,0
Germany,fao_ffpi,market_food,Market/Food,2025-12,2025-12-01,2025-12-31,2025-12-01,2025-12-31,0.784,118.9,FAO_FFPI_snapshot_v43,0.95,0
Germany,fao_fpma,market_food,Market/Food,2025-12,2025-12-01,2025-12-31,2025-12-01,2025-12-31,1.0,50.4,FAO_FPMA_snapshot_v43,0.91,0
Germany,narrative_input,narrative,Narrative,2025-12,2025-12-01,2025-12-31,2025-12-01,2025-12-31,0.3416,0.2287,NARRATIVE_snapshot_v43,0.745,0
Germany,gdacs,shock,Shock,2025-12,2025-12-01,2025-12-31,2025-12-01,2025-12-31,0.7321,0.2336,GDACS_snapshot_v43,0.9,0
Germany,un_comtrade,structural,Structural,2025-12,2025-12-01,2025-12-31,2025-01-01,2025-12-31,0.1286,0.395,UN_COMTRADE_snapshot_v43,0.89,0
Iran,unhcr,displacement,Displacement,2025-12,2025-12-01,2025-12-31,2025-12-01,2025-12-31,0.7319,0.6752,UNHCR_snapshot_v43,0.91,0
Iran,gdelt_event,event,Event,2025-12,2025-12-01,2025-12-31,2025-12-01,2025-12-31,0.673,0.7302,GDELT_event_monthly_2025-12,1.0,0
Iran,governance_input,governance,Governance,2025-12,2025-12-01,2025-12-31,2025-12-01,2025-12-31,0.7284,0.8072,GOVERNANCE_snapshot_v43,0.9,0
Iran,fao_ffpi,market_food,Market/Food,2025-12,2025-12-01,2025-12-31,2025-12-01,2025-12-31,0.5767,148.5,FAO_FFPI_snapshot_v43,0.95,0
Iran,fao_fpma,market_food,Market/Food,2025-12,2025-12-01,2025-12-31,2025-12-01,2025-12-31,0.5455,93.0,FAO_FPMA_snapshot_v43,0.91,0
Iran,narrative_input,narrative,Narrative,2025-12,2025-12-01,2025-12-31,2025-12-01,2025-12-31,0.6983,0.808,NARRATIVE_snapshot_v43,0.884,0
Iran,gdacs,shock,Shock,2025-12,2025-12-01,2025-12-31,2025-12-01,2025-12-31,0.5743,0.8966,GDACS_snapshot_v43,0.9,0
Iran,un_comtrade,structural,Structural,2025-12,2025-12-01,2025-12-31,2025-01-01,2025-12-31,1.0,0.723,UN_COMTRADE_snapshot_v43,0.89,0
Israel,unhcr,displacement,Displacement,2025-12,2025-12-01,2025-12-31,2025-12-01,2025-12-31,0.6642,0.6283,UNHCR_snapshot_v43,0.91,0
Israel,gdelt_event,event,Event,2025-12,2025-12-01,2025-12-31,2025-12-01,2025-12-31,0.5844,0.6887,GDELT_event_monthly_2025-12,1.0,0
Israel,governance_input,governance,Governance,2025-12,2025-12-01,2025-12-31,2025-12-01,2025-12-31,0.6553,0.7308,GOVERNANCE_snapshot_v43,0.9,0
Israel,fao_ffpi,market_food,Market/Food,2025-12,2025-12-01,2025-12-31,2025-12-01,2025-12-31,0.734,142.9,FAO_FFPI_snapshot_v43,0.95,0
Israel,fao_fpma,market_food,Market/Food,2025-12,2025-12-01,2025-12-31,2025-12-01,2025-12-31,1.0,85.0,FAO_FPMA_snapshot_v43,0.91,0
Israel,narrative_input,narrative,Narrative,2025-12,2025-12-01,2025-12-31,2025-12-01,2025-12-31,0.6541,0.7362,NARRATIVE_snapshot_v43,0.858,0
Israel,gdacs,shock,Shock,2025-12,2025-12-01,2025-12-31,2025-12-01,2025-12-31,0.707,0.7711,GDACS_snapshot_v43,0.9,0
Israel,un_comtrade,structural,Structural,2025-12,2025-12-01,2025-12-31,2025-01-01,2025-12-31,0.7114,0.599,UN_COMTRADE_snapshot_v43,0.89,0
Japan,unhcr,displacement,Displacement,2025-12,2025-12-01,2025-12-31,2025-12-01,2025-12-31,0.2425,0.3361,UNHCR_snapshot_v43,0.91,0
Japan,gdelt_event,event,Event,2025-12,2025-12-01,2025-12-31,2025-12-01,2025-12-31,0.1972,0.5074,GDELT_event_monthly_2025-12,1.0,0
Japan,governance_input,governance,Governance,2025-12,2025-12-01,2025-12-31,2025-12-01,2025-12-31,0.2484,0.3056,GOVERNANCE_snapshot_v43,0.9,0
Japan,fao_ffpi,market_food,Market/Food,2025-12,2025-12-01,2025-12-31,2025-12-01,2025-12-31,0.669,108.7,FAO_FFPI_snapshot_v43,0.95,0
Japan,fao_fpma,market_food,Market/Food,2025-12,2025-12-01,2025-12-31,2025-12-01,2025-12-31,0.9091,35.8,FAO_FPMA_snapshot_v43,0.91,0
Japan,narrative_input,narrative,Narrative,2025-12,2025-12-01,2025-12-31,2025-12-01,2025-12-31,0.2446,0.0711,NARRATIVE_snapshot_v43,0.697,0
Japan,gdacs,shock,Shock,2025-12,2025-12-01,2025-12-31,2025-12-01,2025-12-31,0.6714,0.0601,GDACS_snapshot_v43,0.9,0
Japan,un_comtrade,structural,Structural,2025-12,2025-12-01,2025-12-31,2025-01-01,2025-12-31,0.04,0.364,UN_COMTRADE_snapshot_v43,0.89,0
Nigeria,unhcr,displacement,Displacement,2025-12,2025-12-01,2025-12-31,2025-12-01,2025-12-31,0.6755,0.6361,UNHCR_snapshot_v43,0.91,0
Nigeria,gdelt_event,event,Event,2025-12,2025-12-01,2025-12-31,2025-12-01,2025-12-31,0.6094,0.7004,GDELT_event_monthly_2025-12,1.0,0
Nigeria,governance_input,governance,Governance,2025-12,2025-12-01,2025-12-31,2025-12-01,2025-12-31,0.6662,0.7422,GOVERNANCE_snapshot_v43,0.9,0
Nigeria,fao_ffpi,market_food,Market/Food,2025-12,2025-12-01,2025-12-31,2025-12-01,2025-12-31,0.5377,143.8,FAO_FFPI_snapshot_v43,0.95,0
Nigeria,fao_fpma,market_food,Market/Food,2025-12,2025-12-01,2025-12-31,2025-12-01,2025-12-31,0.6364,86.2,FAO_FPMA_snapshot_v43,0.91,0
Nigeria,narrative_input,narrative,Narrative,2025-12,2025-12-01,2025-12-31,2025-12-01,2025-12-31,0.6605,0.7465,NARRATIVE_snapshot_v43,0.861,0
Nigeria,gdacs,shock,Shock,2025-12,2025-12-01,2025-12-31,2025-12-01,2025-12-31,0.5299,0.7888,GDACS_snapshot_v43,0.9,0
Nigeria,un_comtrade,structural,Structural,2025-12,2025-12-01,2025-12-31,2025-01-01,2025-12-31,0.9057,0.667,UN_COMTRADE_snapshot_v43,0.89,0
Poland,unhcr,displacement,Displacement,2025-12,2025-12-01,2025-12-31,2025-12-01,2025-12-31,0.3922,0.4398,UNHCR_snapshot_v43,0.91,0
Poland,gdelt_event,event,Event,2025-12,2025-12-01,2025-12-31,2025-12-01,2025-12-31,0.3507,0.5793,GDELT_event_monthly_2025-12,1.0,0
Poland,governance_input,governance,Governance,2025-12,2025-12-01,2025-12-31,2025-12-01,2025-12-31,0.3861,0.4495,GOVERNANCE_snapshot_v43,0.9,0
Poland,fao_ffpi,market_food,Market/Food,2025-12,2025-12-01,2025-12-31,2025-12-01,2025-12-31,0.5492,121.0,FAO_FFPI_snapshot_v43,0.95,0
Poland,fao_fpma,market_food,Market/Food,2025-12,2025-12-01,2025-12-31,2025-12-01,2025-12-31,0.6364,53.5,FAO_FPMA_snapshot_v43,0.91,0
Poland,narrative_input,narrative,Narrative,2025-12,2025-12-01,2025-12-31,2025-12-01,2025-12-31,0.3484,0.2397,NARRATIVE_snapshot_v43,0.755,0
Poland,gdacs,shock,Shock,2025-12,2025-12-01,2025-12-31,2025-12-01,2025-12-31,0.5468,0.2555,GDACS_snapshot_v43,0.9,0
Poland,un_comtrade,structural,Structural,2025-12,2025-12-01,2025-12-31,2025-01-01,2025-12-31,0.3743,0.481,UN_COMTRADE_snapshot_v43,0.89,0
Russia,unhcr,displacement,Displacement,2025-12,2025-12-01,2025-12-31,2025-12-01,2025-12-31,0.6129,0.5927,UNHCR_snapshot_v43,0.91,0
Russia,gdelt_event,event,Event,2025-12,2025-12-01,2025-12-31,2025-12-01,2025-12-31,0.5662,0.6802,GDELT_event_monthly_2025-12,1.0,0
Russia,governance_input,governance,Governance,2025-12,2025-12-01,2025-12-31,2025-12-01,2025-12-31,0.6039,0.6771,GOVERNANCE_snapshot_v43,0.9,0
Russia,fao_ffpi,market_food,Market/Food,2025-12,2025-12-01,2025-12-31,2025-12-01,2025-12-31,0.4773,139.0,FAO_FFPI_snapshot_v43,0.95,0
Russia,fao_fpma,market_food,Market/Food,2025-12,2025-12-01,2025-12-31,2025-12-01,2025-12-31,0.4545,79.2,FAO_FPMA_snapshot_v43,0.91,0
Russia,narrative_input,narrative,Narrative,2025-12,2025-12-01,2025-12-31,2025-12-01,2025-12-31,0.6229,0.6855,NARRATIVE_snapshot_v43,0.839,0
Russia,gdacs,shock,Shock,2025-12,2025-12-01,2025-12-31,2025-12-01,2025-12-31,0.4707,0.6862,GDACS_snapshot_v43,0.9,0
Russia,un_comtrade,structural,Structural,2025-12,2025-12-01,2025-12-31,2025-01-01,2025-12-31,0.8543,0.649,UN_COMTRADE_snapshot_v43,0.89,0
Taiwan,unhcr,displacement,Displacement,2025-12,2025-12-01,2025-12-31,2025-12-01,2025-12-31,0.4931,0.5097,UNHCR_snapshot_v43,0.91,0
Taiwan,gdelt_event,event,Event,2025-12,2025-12-01,2025-12-31,2025-12-01,2025-12-31,0.4539,0.6276,GDELT_event_monthly_2025-12,1.0,0
Taiwan,governance_input,governance,Governance,2025-12,2025-12-01,2025-12-31,2025-12-01,2025-12-31,0.4837,0.5515,GOVERNANCE_snapshot_v43,0.9,0
Taiwan,fao_ffpi,market_food,Market/Food,2025-12,2025-12-01,2025-12-31,2025-12-01,2025-12-31,0.4922,129.3,FAO_FFPI_snapshot_v43,0.95,0
Taiwan,fao_fpma,market_food,Market/Food,2025-12,2025-12-01,2025-12-31,2025-12-01,2025-12-31,0.3636,65.3,FAO_FPMA_snapshot_v43,0.91,0
Taiwan,narrative_input,narrative,Narrative,2025-12,2025-12-01,2025-12-31,2025-12-01,2025-12-31,0.5519,0.5702,NARRATIVE_snapshot_v43,0.793,0
Taiwan,gdacs,shock,Shock,2025-12,2025-12-01,2025-12-31,2025-12-01,2025-12-31,0.5671,0.5003,GDACS_snapshot_v43,0.9,0
Taiwan,un_comtrade,structural,Structural,2025-12,2025-12-01,2025-12-31,2025-01-01,2025-12-31,0.6057,0.562,UN_COMTRADE_snapshot_v43,0.89,0
Ukraine,unhcr,displacement,Displacement,2025-12,2025-12-01,2025-12-31,2025-12-01,2025-12-31,0.659,0.6247,UNHCR_snapshot_v43,0.91,0
Ukraine,gdelt_event,event,Event,2025-12,2025-12-01,2025-12-31,2025-12-01,2025-12-31,0.6119,0.7016,GDELT_event_monthly_2025-12,1.0,0
Ukraine,governance_input,governance,Governance,2025-12,2025-12-01,2025-12-31,2025-12-01,2025-12-31,0.6534,0.7288,GOVERNANCE_snapshot_v43,0.9,0
Ukraine,fao_ffpi,market_food,Market/Food,2025-12,2025-12-01,2025-12-31,2025-12-01,2025-12-31,0.4542,142.8,FAO_FFPI_snapshot_v43,0.95,0
Ukraine,fao_fpma,market_food,Market/Food,2025-12,2025-12-01,2025-12-31,2025-12-01,2025-12-31,0.3636,84.8,FAO_FPMA_snapshot_v43,0.91,0
Ukraine,narrative_input,narrative,Narrative,2025-12,2025-12-01,2025-12-31,2025-12-01,2025-12-31,0.653,0.7344,NARRATIVE_snapshot_v43,0.857,0
Ukraine,gdacs,shock,Shock,2025-12,2025-12-01,2025-12-31,2025-12-01,2025-12-31,0.4496,0.7676,GDACS_snapshot_v43,0.9,0
Ukraine,un_comtrade,structural,Structural,2025-12,2025-12-01,2025-12-31,2025-01-01,2025-12-31,0.96,0.686,UN_COMTRADE_snapshot_v43,0.89,0
China,unhcr,displacement,Displacement,2026-01,2026-01-01,2026-01-31,2026-01-01,2026-01-31,0.4731,0.4959,UNHCR_snapshot_v43,0.91,0
China,gdelt_event,event,Event,2026-01,2026-01-01,2026-01-31,2026-01-01,2026-01-31,0.4443,0.6231,GDELT_event_monthly_2026-01,1.0,0
China,governance_input,governance,Governance,2026-01,2026-01-01,2026-01-31,2026-01-01,2026-01-31,0.4716,0.5388,GOVERNANCE_snapshot_v43,0.9,0
China,fao_ffpi,market_food,Market/Food,2026-01,2026-01-01,2026-01-31,2026-01-01,2026-01-31,0.6592,128.3,FAO_FFPI_snapshot_v43,0.95,0
China,fao_fpma,market_food,Market/Food,2026-01,2026-01-01,2026-01-31,2026-01-01,2026-01-31,0.8182,63.9,FAO_FPMA_snapshot_v43,0.91,0
China,narrative_input,narrative,Narrative,2026-01,2026-01-01,2026-01-31,2026-01-01,2026-01-31,0.5453,0.5594,NARRATIVE_snapshot_v43,0.789,0
China,gdacs,shock,Shock,2026-01,2026-01-01,2026-01-31,2026-01-01,2026-01-31,0.5435,0.3382,GDACS_snapshot_v43,0.9,0
China,un_comtrade,structural,Structural,2026-01,2026-01-01,2026-01-31,2025-01-01,2025-12-31,0.5171,0.531,UN_COMTRADE_snapshot_v43,0.89,31
Germany,unhcr,displacement,Displacement,2026-01,2026-01-01,2026-01-31,2026-01-01,2026-01-31,0.3129,0.3849,UNHCR_snapshot_v43,0.91,0
Germany,gdelt_event,event,Event,2026-01,2026-01-01,2026-01-31,2026-01-01,2026-01-31,0.2982,0.5547,GDELT_event_monthly_2026-01,1.0,0
Germany,governance_input,governance,Governance,2026-01,2026-01-01,2026-01-31,2026-01-01,2026-01-31,0.3308,0.3917,GOVERNANCE_snapshot_v43,0.9,0
Germany,fao_ffpi,market_food,Market/Food,2026-01,2026-01-01,2026-01-31,2026-01-01,2026-01-31,0.6809,116.2,FAO_FFPI_snapshot_v43,0.95,0
Germany,fao_fpma,market_food,Market/Food,2026-01,2026-01-01,2026-01-31,2026-01-01,2026-01-31,0.8182,46.5,FAO_FPMA_snapshot_v43,0.91,0
Germany,narrative_input,narrative,Narrative,2026-01,2026-01-01,2026-01-31,2026-01-01,2026-01-31,0.3329,0.2145,NARRATIVE_snapshot_v43,0.732,0
Germany,gdacs,shock,Shock,2026-01,2026-01-01,2026-01-31,2026-01-01,2026-01-31,0.6678,0.2063,GDACS_snapshot_v43,0.9,0
Germany,un_comtrade,structural,Structural,2026-01,2026-01-01,2026-01-31,2025-01-01,2025-12-31,0.1286,0.395,UN_COMTRADE_snapshot_v43,0.89,31
Iran,unhcr,displacement,Displacement,2026-01,2026-01-01,2026-01-31,2026-01-01,2026-01-31,0.7413,0.6817,UNHCR_snapshot_v43,0.91,0
Iran,gdelt_event,event,Event,2026-01,2026-01-01,2026-01-31,2026-01-01,2026-01-31,0.7399,0.7615,GDELT_event_monthly_2026-01,1.0,0
Iran,governance_input,governance,Governance,2026-01,2026-01-01,2026-01-31,2026-01-01,2026-01-31,0.7581,0.8382,GOVERNANCE_snapshot_v43,0.9,0
Iran,fao_ffpi,market_food,Market/Food,2026-01,2026-01-01,2026-01-31,2026-01-01,2026-01-31,0.6688,150.7,FAO_FFPI_snapshot_v43,0.95,0
Iran,fao_fpma,market_food,Market/Food,2026-01,2026-01-01,2026-01-31,2026-01-01,2026-01-31,1.0,96.2,FAO_FPMA_snapshot_v43,0.91,0
Iran,narrative_input,narrative,Narrative,2026-01,2026-01-01,2026-01-31,2026-01-01,2026-01-31,0.7166,0.8377,NARRATIVE_snapshot_v43,0.894,0
Iran,gdacs,shock,Shock,2026-01,2026-01-01,2026-01-31,2026-01-01,2026-01-31,0.6699,0.9485,GDACS_snapshot_v43,0.9,0
Iran,un_comtrade,structural,Structural,2026-01,2026-01-01,2026-01-31,2025-01-01,2025-12-31,1.0,0.723,UN_COMTRADE_snapshot_v43,0.89,31
Israel,unhcr,displacement,Displacement,2026-01,2026-01-01,2026-01-31,2026-01-01,2026-01-31,0.6248,0.601,UNHCR_snapshot_v43,0.91,0
Israel,gdelt_event,event,Event,2026-01,2026-01-01,2026-01-31,2026-01-01,2026-01-31,0.6226,0.7066,GDELT_event_monthly_2026-01,1.0,0
Israel,governance_input,governance,Governance,2026-01,2026-01-01,2026-01-31,2026-01-01,2026-01-31,0.6553,0.7308,GOVERNANCE_snapshot_v43,0.9,0
Israel,fao_ffpi,market_food,Market/Food,2026-01,2026-01-01,2026-01-31,2026-01-01,2026-01-31,0.734,142.9,FAO_FFPI_snapshot_v43,0.95,0
Israel,fao_fpma,market_food,Market/Food,2026-01,2026-01-01,2026-01-31,2026-01-01,2026-01-31,1.0,85.0,FAO_FPMA_snapshot_v43,0.91,0
Israel,narrative_input,narrative,Narrative,2026-01,2026-01-01,2026-01-31,2026-01-01,2026-01-31,0.6541,0.7362,NARRATIVE_snapshot_v43,0.858,0
Israel,gdacs,shock,Shock,2026-01,2026-01-01,2026-01-31,2026-01-01,2026-01-31,0.707,0.7711,GDACS_snapshot_v43,0.9,0
Israel,un_comtrade,structural,Structural,2026-01,2026-01-01,2026-01-31,2025-01-01,2025-12-31,0.7114,0.599,UN_COMTRADE_snapshot_v43,0.89,31
Japan,unhcr,displacement,Displacement,2026-01,2026-01-01,2026-01-31,2026-01-01,2026-01-31,0.2324,0.3291,UNHCR_snapshot_v43,0.91,0
Japan,gdelt_event,event,Event,2026-01,2026-01-01,2026-01-31,2026-01-01,2026-01-31,0.2002,0.5088,GDELT_event_monthly_2026-01,1.0,0
Japan,governance_input,governance,Governance,2026-01,2026-01-01,2026-01-31,2026-01-01,2026-01-31,0.2484,0.3056,GOVERNANCE_snapshot_v43,0.9,0
Japan,fao_ffpi,market_food,Market/Food,2026-01,2026-01-01,2026-01-31,2026-01-01,2026-01-31,0.669,108.7,FAO_FFPI_snapshot_v43,0.95,0
Japan,fao_fpma,market_food,Market/Food,2026-01,2026-01-01,2026-01-31,2026-01-01,2026-01-31,0.7273,35.7,FAO_FPMA_snapshot_v43,0.91,0
Japan,narrative_input,narrative,Narrative,2026-01,2026-01-01,2026-01-31,2026-01-01,2026-01-31,0.2446,0.0711,NARRATIVE_snapshot_v43,0.697,0
Japan,gdacs,shock,Shock,2026-01,2026-01-01,2026-01-31,2026-01-01,2026-01-31,0.6714,0.0601,GDACS_snapshot_v43,0.9,0
Japan,un_comtrade,structural,Structural,2026-01,2026-01-01,2026-01-31,2025-01-01,2025-12-31,0.04,0.364,UN_COMTRADE_snapshot_v43,0.89,31
Nigeria,unhcr,displacement,Displacement,2026-01,2026-01-01,2026-01-31,2026-01-01,2026-01-31,0.7464,0.6852,UNHCR_snapshot_v43,0.91,0
Nigeria,gdelt_event,event,Event,2026-01,2026-01-01,2026-01-31,2026-01-01,2026-01-31,0.7164,0.7505,GDELT_event_monthly_2026-01,1.0,0
Nigeria,governance_input,governance,Governance,2026-01,2026-01-01,2026-01-31,2026-01-01,2026-01-31,0.7581,0.8382,GOVERNANCE_snapshot_v43,0.9,0
Nigeria,fao_ffpi,market_food,Market/Food,2026-01,2026-01-01,2026-01-31,2026-01-01,2026-01-31,0.7281,150.7,FAO_FFPI_snapshot_v43,0.95,0
Nigeria,fao_fpma,market_food,Market/Food,2026-01,2026-01-01,2026-01-31,2026-01-01,2026-01-31,1.0,96.2,FAO_FPMA_snapshot_v43,0.91,0
Nigeria,narrative_input,narrative,Narrative,2026-01,2026-01-01,2026-01-31,2026-01-01,2026-01-31,0.7166,0.8377,NARRATIVE_snapshot_v43,0.894,0
Nigeria,gdacs,shock,Shock,2026-01,2026-01-01,2026-01-31,2026-01-01,2026-01-31,0.7318,0.9485,GDACS_snapshot_v43,0.9,0
Nigeria,un_comtrade,structural,Structural,2026-01,2026-01-01,2026-01-31,2025-01-01,2025-12-31,0.9057,0.667,UN_COMTRADE_snapshot_v43,0.89,31
Poland,unhcr,displacement,Displacement,2026-01,2026-01-01,2026-01-31,2026-01-01,2026-01-31,0.4021,0.4467,UNHCR_snapshot_v43,0.91,0
Poland,gdelt_event,event,Event,2026-01,2026-01-01,2026-01-31,2026-01-01,2026-01-31,0.3742,0.5903,GDELT_event_monthly_2026-01,1.0,0
Poland,governance_input,governance,Governance,2026-01,2026-01-01,2026-01-31,2026-01-01,2026-01-31,0.4037,0.4679,GOVERNANCE_snapshot_v43,0.9,0
Poland,fao_ffpi,market_food,Market/Food,2026-01,2026-01-01,2026-01-31,2026-01-01,2026-01-31,0.6722,122.5,FAO_FFPI_snapshot_v43,0.95,0
Poland,fao_fpma,market_food,Market/Food,2026-01,2026-01-01,2026-01-31,2026-01-01,2026-01-31,0.9091,55.6,FAO_FPMA_snapshot_v43,0.91,0
Poland,narrative_input,narrative,Narrative,2026-01,2026-01-01,2026-01-31,2026-01-01,2026-01-31,0.3535,0.248,NARRATIVE_snapshot_v43,0.762,0
Poland,gdacs,shock,Shock,2026-01,2026-01-01,2026-01-31,2026-01-01,2026-01-31,0.677,0.2722,GDACS_snapshot_v43,0.9,0
Poland,un_comtrade,structural,Structural,2026-01,2026-01-01,2026-01-31,2025-01-01,2025-12-31,0.3743,0.481,UN_COMTRADE_snapshot_v43,0.89,31
Russia,unhcr,displacement,Displacement,2026-01,2026-01-01,2026-01-31,2026-01-01,2026-01-31,0.6624,0.627,UNHCR_snapshot_v43,0.91,0
Russia,gdelt_event,event,Event,2026-01,2026-01-01,2026-01-31,2026-01-01,2026-01-31,0.6254,0.7079,GDELT_event_monthly_2026-01,1.0,0
Russia,governance_input,governance,Governance,2026-01,2026-01-01,2026-01-31,2026-01-01,2026-01-31,0.6631,0.7389,GOVERNANCE_snapshot_v43,0.9,0
Russia,fao_ffpi,market_food,Market/Food,2026-01,2026-01-01,2026-01-31,2026-01-01,2026-01-31,0.6346,143.5,FAO_FFPI_snapshot_v43,0.95,0
Russia,fao_fpma,market_food,Market/Food,2026-01,2026-01-01,2026-01-31,2026-01-01,2026-01-31,0.7273,85.8,FAO_FPMA_snapshot_v43,0.91,0
Russia,narrative_input,narrative,Narrative,2026-01,2026-01-01,2026-01-31,2026-01-01,2026-01-31,0.6583,0.743,NARRATIVE_snapshot_v43,0.86,0
Russia,gdacs,shock,Shock,2026-01,2026-01-01,2026-01-31,2026-01-01,2026-01-31,0.6331,0.7835,GDACS_snapshot_v43,0.9,0
Russia,un_comtrade,structural,Structural,2026-01,2026-01-01,2026-01-31,2025-01-01,2025-12-31,0.8543,0.649,UN_COMTRADE_snapshot_v43,0.89,31
Taiwan,unhcr,displacement,Displacement,2026-01,2026-01-01,2026-01-31,2026-01-01,2026-01-31,0.4981,0.5132,UNHCR_snapshot_v43,0.91,0
Taiwan,gdelt_event,event,Event,2026-01,2026-01-01,2026-01-31,2026-01-01,2026-01-31,0.4725,0.6363,GDELT_event_monthly_2026-01,1.0,0
Taiwan,governance_input,governance,Governance,2026-01,2026-01-01,2026-01-31,2026-01-01,2026-01-31,0.4976,0.566,GOVERNANCE_snapshot_v43,0.9,0
Taiwan,fao_ffpi,market_food,Market/Food,2026-01,2026-01-01,2026-01-31,2026-01-01,2026-01-31,0.5717,130.4,FAO_FFPI_snapshot_v43,0.95,0
Taiwan,fao_fpma,market_food,Market/Food,2026-01,2026-01-01,2026-01-31,2026-01-01,2026-01-31,0.6364,67.0,FAO_FPMA_snapshot_v43,0.91,0
Taiwan,narrative_input,narrative,Narrative,2026-01,2026-01-01,2026-01-31,2026-01-01,2026-01-31,0.5605,0.5841,NARRATIVE_snapshot_v43,0.799,0
Taiwan,gdacs,shock,Shock,2026-01,2026-01-01,2026-01-31,2026-01-01,2026-01-31,0.6012,0.5212,GDACS_snapshot_v43,0.9,0
Taiwan,un_comtrade,structural,Structural,2026-01,2026-01-01,2026-01-31,2025-01-01,2025-12-31,0.6057,0.562,UN_COMTRADE_snapshot_v43,0.89,31
Ukraine,unhcr,displacement,Displacement,2026-01,2026-01-01,2026-01-31,2026-01-01,2026-01-31,0.7162,0.6643,UNHCR_snapshot_v43,0.91,0
Ukraine,gdelt_event,event,Event,2026-01,2026-01-01,2026-01-31,2026-01-01,2026-01-31,0.6794,0.7332,GDELT_event_monthly_2026-01,1.0,0
Ukraine,governance_input,governance,Governance,2026-01,2026-01-01,2026-01-31,2026-01-01,2026-01-31,0.7212,0.7996,GOVERNANCE_snapshot_v43,0.9,0
Ukraine,fao_ffpi,market_food,Market/Food,2026-01,2026-01-01,2026-01-31,2026-01-01,2026-01-31,0.6363,148.0,FAO_FFPI_snapshot_v43,0.95,0
Ukraine,fao_fpma,market_food,Market/Food,2026-01,2026-01-01,2026-01-31,2026-01-01,2026-01-31,0.7273,92.2,FAO_FPMA_snapshot_v43,0.91,0
Ukraine,narrative_input,narrative,Narrative,2026-01,2026-01-01,2026-01-31,2026-01-01,2026-01-31,0.6939,0.8008,NARRATIVE_snapshot_v43,0.881,0
Ukraine,gdacs,shock,Shock,2026-01,2026-01-01,2026-01-31,2026-01-01,2026-01-31,0.6322,0.8833,GDACS_snapshot_v43,0.9,0
Ukraine,un_comtrade,structural,Structural,2026-01,2026-01-01,2026-01-31,2025-01-01,2025-12-31,0.96,0.686,UN_COMTRADE_snapshot_v43,0.89,31
China,unhcr,displacement,Displacement,2026-02,2026-02-01,2026-02-28,2026-02-01,2026-02-28,0.4845,0.5038,UNHCR_snapshot_v43,0.91,0
China,gdelt_event,event,Event,2026-02,2026-02-01,2026-02-28,2026-02-01,2026-02-28,0.5342,0.6652,GDELT_event_monthly_2026-02,1.0,0
China,governance_input,governance,Governance,2026-02,2026-02-01,2026-02-28,2026-02-01,2026-02-28,0.4888,0.5568,GOVERNANCE_snapshot_v43,0.9,0
China,fao_ffpi,market_food,Market/Food,2026-02,2026-02-01,2026-02-28,2026-02-01,2026-02-28,0.7472,129.7,FAO_FFPI_snapshot_v43,0.95,0
China,fao_fpma,market_food,Market/Food,2026-02,2026-02-01,2026-02-28,2026-02-01,2026-02-28,1.0,65.9,FAO_FPMA_snapshot_v43,0.91,0
China,narrative_input,narrative,Narrative,2026-02,2026-02-01,2026-02-28,2026-02-01,2026-02-28,0.5547,0.5748,NARRATIVE_snapshot_v43,0.795,0
China,gdacs,shock,Shock,2026-02,2026-02-01,2026-02-28,2026-02-01,2026-02-28,0.9968,0.5082,GDACS_snapshot_v43,0.9,0
China,un_comtrade,structural,Structural,2026-02,2026-02-01,2026-02-28,2025-01-01,2025-12-31,0.5171,0.531,UN_COMTRADE_snapshot_v43,0.89,59
Germany,unhcr,displacement,Displacement,2026-02,2026-02-01,2026-02-28,2026-02-01,2026-02-28,0.2515,0.3423,UNHCR_snapshot_v43,0.91,0
Germany,gdelt_event,event,Event,2026-02,2026-02-01,2026-02-28,2026-02-01,2026-02-28,0.286,0.549,GDELT_event_monthly_2026-02,1.0,0
Germany,governance_input,governance,Governance,2026-02,2026-02-01,2026-02-28,2026-02-01,2026-02-28,0.2616,0.3194,GOVERNANCE_snapshot_v43,0.9,0
Germany,fao_ffpi,market_food,Market/Food,2026-02,2026-02-01,2026-02-28,2026-02-01,2026-02-28,0.4401,109.9,FAO_FFPI_snapshot_v43,0.95,0
Germany,fao_fpma,market_food,Market/Food,2026-02,2026-02-01,2026-02-28,2026-02-01,2026-02-28,0.4545,37.5,FAO_FPMA_snapshot_v43,0.91,0
Germany,narrative_input,narrative,Narrative,2026-02,2026-02-01,2026-02-28,2026-02-01,2026-02-28,0.246,0.0735,NARRATIVE_snapshot_v43,0.703,0
Germany,gdacs,shock,Shock,2026-02,2026-02-01,2026-02-28,2026-02-01,2026-02-28,0.5358,0.1502,GDACS_snapshot_v43,0.9,0
Germany,un_comtrade,structural,Structural,2026-02,2026-02-01,2026-02-28,2025-01-01,2025-12-31,0.1286,0.395,UN_COMTRADE_snapshot_v43,0.89,59
Iran,unhcr,displacement,Displacement,2026-02,2026-02-01,2026-02-28,2026-02-01,2026-02-28,0.7322,0.6754,UNHCR_snapshot_v43,0.91,0
Iran,gdelt_event,event,Event,2026-02,2026-02-01,2026-02-28,2026-02-01,2026-02-28,0.7585,0.7702,GDELT_event_monthly_2026-02,1.0,0
Iran,governance_input,governance,Governance,2026-02,2026-02-01,2026-02-28,2026-02-01,2026-02-28,0.7581,0.8382,GOVERNANCE_snapshot_v43,0.9,0
Iran,fao_ffpi,market_food,Market/Food,2026-02,2026-02-01,2026-02-28,2026-02-01,2026-02-28,0.6688,150.7,FAO_FFPI_snapshot_v43,0.95,0
Iran,fao_fpma,market_food,Market/Food,2026-02,2026-02-01,2026-02-28,2026-02-01,2026-02-28,1.0,96.2,FAO_FPMA_snapshot_v43,0.91,0
Iran,narrative_input,narrative,Narrative,2026-02,2026-02-01,2026-02-28,2026-02-01,2026-02-28,0.7166,0.8377,NARRATIVE_snapshot_v43,0.894,0
Iran,gdacs,shock,Shock,2026-02,2026-02-01,2026-02-28,2026-02-01,2026-02-28,0.6699,0.9485,GDACS_snapshot_v43,0.9,0
Iran,un_comtrade,structural,Structural,2026-02,2026-02-01,2026-02-28,2025-01-01,2025-12-31,1.0,0.723,UN_COMTRADE_snapshot_v43,0.89,59
Israel,unhcr,displacement,Displacement,2026-02,2026-02-01,2026-02-28,2026-02-01,2026-02-28,0.5304,0.5356,UNHCR_snapshot_v43,0.91,0
Israel,gdelt_event,event,Event,2026-02,2026-02-01,2026-02-28,2026-02-01,2026-02-28,0.5724,0.6831,GDELT_event_monthly_2026-02,1.0,0
Israel,governance_input,governance,Governance,2026-02,2026-02-01,2026-02-28,2026-02-01,2026-02-28,0.5326,0.6026,GOVERNANCE_snapshot_v43,0.9,0
Israel,fao_ffpi,market_food,Market/Food,2026-02,2026-02-01,2026-02-28,2026-02-01,2026-02-28,0.4697,133.3,FAO_FFPI_snapshot_v43,0.95,0
Israel,fao_fpma,market_food,Market/Food,2026-02,2026-02-01,2026-02-28,2026-02-01,2026-02-28,0.5455,71.1,FAO_FPMA_snapshot_v43,0.91,0
Israel,narrative_input,narrative,Narrative,2026-02,2026-02-01,2026-02-28,2026-02-01,2026-02-28,0.5808,0.6171,NARRATIVE_snapshot_v43,0.812,0
Israel,gdacs,shock,Shock,2026-02,2026-02-01,2026-02-28,2026-02-01,2026-02-28,0.5189,0.5735,GDACS_snapshot_v43,0.9,0
Israel,un_comtrade,structural,Structural,2026-02,2026-02-01,2026-02-28,2025-01-01,2025-12-31,0.7114,0.599,UN_COMTRADE_snapshot_v43,0.89,59
Japan,unhcr,displacement,Displacement,2026-02,2026-02-01,2026-02-28,2026-02-01,2026-02-28,0.2056,0.3105,UNHCR_snapshot_v43,0.91,0
Japan,gdelt_event,event,Event,2026-02,2026-02-01,2026-02-28,2026-02-01,2026-02-28,0.2399,0.5274,GDELT_event_monthly_2026-02,1.0,0
Japan,governance_input,governance,Governance,2026-02,2026-02-01,2026-02-28,2026-02-01,2026-02-28,0.2188,0.2747,GOVERNANCE_snapshot_v43,0.9,0
Japan,fao_ffpi,market_food,Market/Food,2026-02,2026-02-01,2026-02-28,2026-02-01,2026-02-28,0.4391,105.9,FAO_FFPI_snapshot_v43,0.95,0
Japan,fao_fpma,market_food,Market/Food,2026-02,2026-02-01,2026-02-28,2026-02-01,2026-02-28,0.3636,31.8,FAO_FPMA_snapshot_v43,0.91,0
Japan,narrative_input,narrative,Narrative,2026-02,2026-02-01,2026-02-28,2026-02-01,2026-02-28,0.2414,0.0659,NARRATIVE_snapshot_v43,0.684,0
Japan,gdacs,shock,Shock,2026-02,2026-02-01,2026-02-28,2026-02-01,2026-02-28,0.4338,0.0508,GDACS_snapshot_v43,0.9,0
Japan,un_comtrade,structural,Structural,2026-02,2026-02-01,2026-02-28,2025-01-01,2025-12-31,0.04,0.364,UN_COMTRADE_snapshot_v43,0.89,59
Nigeria,unhcr,displacement,Displacement,2026-02,2026-02-01,2026-02-28,2026-02-01,2026-02-28,0.7182,0.6657,UNHCR_snapshot_v43,0.91,0
Nigeria,gdelt_event,event,Event,2026-02,2026-02-01,2026-02-28,2026-02-01,2026-02-28,0.7461,0.7644,GDELT_event_monthly_2026-02,1.0,0
Nigeria,governance_input,governance,Governance,2026-02,2026-02-01,2026-02-28,2026-02-01,2026-02-28,0.7581,0.8382,GOVERNANCE_snapshot_v43,0.9,0
Nigeria,fao_ffpi,market_food,Market/Food,2026-02,2026-02-01,2026-02-28,2026-02-01,2026-02-28,0.7281,150.7,FAO_FFPI_snapshot_v43,0.95,0
Nigeria,fao_fpma,market_food,Market/Food,2026-02,2026-02-01,2026-02-28,2026-02-01,2026-02-28,1.0,96.2,FAO_FPMA_snapshot_v43,0.91,0
Nigeria,narrative_input,narrative,Narrative,2026-02,2026-02-01,2026-02-28,2026-02-01,2026-02-28,0.7166,0.8377,NARRATIVE_snapshot_v43,0.894,0
Nigeria,gdacs,shock,Shock,2026-02,2026-02-01,2026-02-28,2026-02-01,2026-02-28,0.7318,0.9485,GDACS_snapshot_v43,0.9,0
Nigeria,un_comtrade,structural,Structural,2026-02,2026-02-01,2026-02-28,2025-01-01,2025-12-31,0.9057,0.667,UN_COMTRADE_snapshot_v43,0.89,59
Poland,unhcr,displacement,Displacement,2026-02,2026-02-01,2026-02-28,2026-02-01,2026-02-28,0.4108,0.4527,UNHCR_snapshot_v43,0.91,0
Poland,gdelt_event,event,Event,2026-02,2026-02-01,2026-02-28,2026-02-01,2026-02-28,0.4622,0.6315,GDELT_event_monthly_2026-02,1.0,0
Poland,governance_input,governance,Governance,2026-02,2026-02-01,2026-02-28,2026-02-01,2026-02-28,0.4162,0.481,GOVERNANCE_snapshot_v43,0.9,0
Poland,fao_ffpi,market_food,Market/Food,2026-02,2026-02-01,2026-02-28,2026-02-01,2026-02-28,0.7624,123.6,FAO_FFPI_snapshot_v43,0.95,0
Poland,fao_fpma,market_food,Market/Food,2026-02,2026-02-01,2026-02-28,2026-02-01,2026-02-28,1.0,57.2,FAO_FPMA_snapshot_v43,0.91,0
Poland,narrative_input,narrative,Narrative,2026-02,2026-02-01,2026-02-28,2026-02-01,2026-02-28,0.3571,0.2539,NARRATIVE_snapshot_v43,0.767,0
Poland,gdacs,shock,Shock,2026-02,2026-02-01,2026-02-28,2026-02-01,2026-02-28,0.7683,0.2839,GDACS_snapshot_v43,0.9,0
Poland,un_comtrade,structural,Structural,2026-02,2026-02-01,2026-02-28,2025-01-01,2025-12-31,0.3743,0.481,UN_COMTRADE_snapshot_v43,0.89,59
Russia,unhcr,displacement,Displacement,2026-02,2026-02-01,2026-02-28,2026-02-01,2026-02-28,0.6803,0.6394,UNHCR_snapshot_v43,0.91,0
Russia,gdelt_event,event,Event,2026-02,2026-02-01,2026-02-28,2026-02-01,2026-02-28,0.7266,0.7553,GDELT_event_monthly_2026-02,1.0,0
Russia,governance_input,governance,Governance,2026-02,2026-02-01,2026-02-28,2026-02-01,2026-02-28,0.6979,0.7753,GOVERNANCE_snapshot_v43,0.9,0
Russia,fao_ffpi,market_food,Market/Food,2026-02,2026-02-01,2026-02-28,2026-02-01,2026-02-28,0.7291,146.2,FAO_FFPI_snapshot_v43,0.95,0
Russia,fao_fpma,market_food,Market/Food,2026-02,2026-02-01,2026-02-28,2026-02-01,2026-02-28,0.8182,89.7,FAO_FPMA_snapshot_v43,0.91,0
Russia,narrative_input,narrative,Narrative,2026-02,2026-02-01,2026-02-28,2026-02-01,2026-02-28,0.6797,0.7778,NARRATIVE_snapshot_v43,0.873,0
Russia,gdacs,shock,Shock,2026-02,2026-02-01,2026-02-28,2026-02-01,2026-02-28,0.7313,0.8423,GDACS_snapshot_v43,0.9,0
Russia,un_comtrade,structural,Structural,2026-02,2026-02-01,2026-02-28,2025-01-01,2025-12-31,0.8543,0.649,UN_COMTRADE_snapshot_v43,0.89,59
Taiwan,unhcr,displacement,Displacement,2026-02,2026-02-01,2026-02-28,2026-02-01,2026-02-28,0.5167,0.5261,UNHCR_snapshot_v43,0.91,0
Taiwan,gdelt_event,event,Event,2026-02,2026-02-01,2026-02-28,2026-02-01,2026-02-28,0.5686,0.6813,GDELT_event_monthly_2026-02,1.0,0
Taiwan,governance_input,governance,Governance,2026-02,2026-02-01,2026-02-28,2026-02-01,2026-02-28,0.5186,0.588,GOVERNANCE_snapshot_v43,0.9,0
Taiwan,fao_ffpi,market_food,Market/Food,2026-02,2026-02-01,2026-02-28,2026-02-01,2026-02-28,0.6945,132.1,FAO_FFPI_snapshot_v43,0.95,0
Taiwan,fao_fpma,market_food,Market/Food,2026-02,2026-02-01,2026-02-28,2026-02-01,2026-02-28,0.9091,69.4,FAO_FPMA_snapshot_v43,0.91,0
Taiwan,narrative_input,narrative,Narrative,2026-02,2026-02-01,2026-02-28,2026-02-01,2026-02-28,0.5725,0.6036,NARRATIVE_snapshot_v43,0.807,0
Taiwan,gdacs,shock,Shock,2026-02,2026-02-01,2026-02-28,2026-02-01,2026-02-28,0.6532,0.5531,GDACS_snapshot_v43,0.9,0
Taiwan,un_comtrade,structural,Structural,2026-02,2026-02-01,2026-02-28,2025-01-01,2025-12-31,0.6057,0.562,UN_COMTRADE_snapshot_v43,0.89,59
Ukraine,unhcr,displacement,Displacement,2026-02,2026-02-01,2026-02-28,2026-02-01,2026-02-28,0.7341,0.6767,UNHCR_snapshot_v43,0.91,0
Ukraine,gdelt_event,event,Event,2026-02,2026-02-01,2026-02-28,2026-02-01,2026-02-28,0.7576,0.7698,GDELT_event_monthly_2026-02,1.0,0
Ukraine,governance_input,governance,Governance,2026-02,2026-02-01,2026-02-28,2026-02-01,2026-02-28,0.7581,0.8382,GOVERNANCE_snapshot_v43,0.9,0
Ukraine,fao_ffpi,market_food,Market/Food,2026-02,2026-02-01,2026-02-28,2026-02-01,2026-02-28,0.7309,150.7,FAO_FFPI_snapshot_v43,0.95,0
Ukraine,fao_fpma,market_food,Market/Food,2026-02,2026-02-01,2026-02-28,2026-02-01,2026-02-28,1.0,96.2,FAO_FPMA_snapshot_v43,0.91,0
Ukraine,narrative_input,narrative,Narrative,2026-02,2026-02-01,2026-02-28,2026-02-01,2026-02-28,0.7166,0.8377,NARRATIVE_snapshot_v43,0.894,0
Ukraine,gdacs,shock,Shock,2026-02,2026-02-01,2026-02-28,2026-02-01,2026-02-28,0.7352,0.9485,GDACS_snapshot_v43,0.9,0
Ukraine,un_comtrade,structural,Structural,2026-02,2026-02-01,2026-02-28,2025-01-01,2025-12-31,0.96,0.686,UN_COMTRADE_snapshot_v43,0.89,59
China,unhcr,displacement,Displacement,2026-03,2026-03-01,2026-03-31,2026-03-01,2026-03-31,0.4433,0.4752,UNHCR_snapshot_v43,0.91,0
China,gdelt_event,event,Event,2026-03,2026-03-01,2026-03-31,2026-03-01,2026-03-31,0.4607,0.6308,GDELT_event_monthly_2026-03,1.0,0
China,governance_input,governance,Governance,2026-03,2026-03-01,2026-03-31,2026-03-01,2026-03-31,0.4446,0.5106,GOVERNANCE_snapshot_v43,0.9,0
China,fao_ffpi,market_food,Market/Food,2026-03,2026-03-01,2026-03-31,2026-03-01,2026-03-31,0.5147,126.0,FAO_FFPI_snapshot_v43,0.95,0
China,fao_fpma,market_food,Market/Food,2026-03,2026-03-01,2026-03-31,2026-03-01,2026-03-31,0.4545,60.6,FAO_FPMA_snapshot_v43,0.91,0
China,narrative_input,narrative,Narrative,2026-03,2026-03-01,2026-03-31,2026-03-01,2026-03-31,0.3651,0.2669,NARRATIVE_snapshot_v43,0.778,0
China,gdacs,shock,Shock,2026-03,2026-03-01,2026-03-31,2026-03-01,2026-03-31,0.4715,0.3112,GDACS_snapshot_v43,0.9,0
China,un_comtrade,structural,Structural,2026-03,2026-03-01,2026-03-31,2025-01-01,2025-12-31,0.5171,0.531,UN_COMTRADE_snapshot_v43,0.89,90
Germany,unhcr,displacement,Displacement,2026-03,2026-03-01,2026-03-31,2026-03-01,2026-03-31,0.2177,0.3189,UNHCR_snapshot_v43,0.91,0
Germany,gdelt_event,event,Event,2026-03,2026-03-01,2026-03-31,2026-03-01,2026-03-31,0.2382,0.5266,GDELT_event_monthly_2026-03,1.0,0
Germany,governance_input,governance,Governance,2026-03,2026-03-01,2026-03-31,2026-03-01,2026-03-31,0.224,0.2801,GOVERNANCE_snapshot_v43,0.9,0
Germany,fao_ffpi,market_food,Market/Food,2026-03,2026-03-01,2026-03-31,2026-03-01,2026-03-31,0.3064,106.4,FAO_FFPI_snapshot_v43,0.95,0
Germany,fao_fpma,market_food,Market/Food,2026-03,2026-03-01,2026-03-31,2026-03-01,2026-03-31,0.1818,32.4,FAO_FPMA_snapshot_v43,0.91,0
Germany,narrative_input,narrative,Narrative,2026-03,2026-03-01,2026-03-31,2026-03-01,2026-03-31,0.2419,0.0668,NARRATIVE_snapshot_v43,0.686,0
Germany,gdacs,shock,Shock,2026-03,2026-03-01,2026-03-31,2026-03-01,2026-03-31,0.3056,0.0524,GDACS_snapshot_v43,0.9,0
Germany,un_comtrade,structural,Structural,2026-03,2026-03-01,2026-03-31,2025-01-01,2025-12-31,0.1286,0.395,UN_COMTRADE_snapshot_v43,0.89,90
Iran,unhcr,displacement,Displacement,2026-03,2026-03-01,2026-03-31,2026-03-01,2026-03-31,0.6943,0.6491,UNHCR_snapshot_v43,0.91,0
Iran,gdelt_event,event,Event,2026-03,2026-03-01,2026-03-31,2026-03-01,2026-03-31,0.6974,0.7416,GDELT_event_monthly_2026-03,1.0,0
Iran,governance_input,governance,Governance,2026-03,2026-03-01,2026-03-31,2026-03-01,2026-03-31,0.7063,0.7841,GOVERNANCE_snapshot_v43,0.9,0
Iran,fao_ffpi,market_food,Market/Food,2026-03,2026-03-01,2026-03-31,2026-03-01,2026-03-31,0.5056,146.8,FAO_FFPI_snapshot_v43,0.95,0
Iran,fao_fpma,market_food,Market/Food,2026-03,2026-03-01,2026-03-31,2026-03-01,2026-03-31,0.4545,90.6,FAO_FPMA_snapshot_v43,0.91,0
Iran,narrative_input,narrative,Narrative,2026-03,2026-03-01,2026-03-31,2026-03-01,2026-03-31,0.6852,0.7866,NARRATIVE_snapshot_v43,0.876,0
Iran,gdacs,shock,Shock,2026-03,2026-03-01,2026-03-31,2026-03-01,2026-03-31,0.5016,0.8571,GDACS_snapshot_v43,0.9,0
Iran,un_comtrade,structural,Structural,2026-03,2026-03-01,2026-03-31,2025-01-01,2025-12-31,1.0,0.723,UN_COMTRADE_snapshot_v43,0.89,90
Israel,unhcr,displacement,Displacement,2026-03,2026-03-01,2026-03-31,2026-03-01,2026-03-31,0.4769,0.4985,UNHCR_snapshot_v43,0.91,0
Israel,gdelt_event,event,Event,2026-03,2026-03-01,2026-03-31,2026-03-01,2026-03-31,0.5007,0.6495,GDELT_event_monthly_2026-03,1.0,0
Israel,governance_input,governance,Governance,2026-03,2026-03-01,2026-03-31,2026-03-01,2026-03-31,0.4654,0.5324,GOVERNANCE_snapshot_v43,0.9,0
Israel,fao_ffpi,market_food,Market/Food,2026-03,2026-03-01,2026-03-31,2026-03-01,2026-03-31,0.3156,127.7,FAO_FFPI_snapshot_v43,0.95,0
Israel,fao_fpma,market_food,Market/Food,2026-03,2026-03-01,2026-03-31,2026-03-01,2026-03-31,0.0909,63.1,FAO_FPMA_snapshot_v43,0.91,0
Israel,narrative_input,narrative,Narrative,2026-03,2026-03-01,2026-03-31,2026-03-01,2026-03-31,0.5415,0.5533,NARRATIVE_snapshot_v43,0.786,0
Israel,gdacs,shock,Shock,2026-03,2026-03-01,2026-03-31,2026-03-01,2026-03-31,0.2888,0.3319,GDACS_snapshot_v43,0.9,0
Israel,un_comtrade,structural,Structural,2026-03,2026-03-01,2026-03-31,2025-01-01,2025-12-31,0.7114,0.599,UN_COMTRADE_snapshot_v43,0.89,90
Japan,unhcr,displacement,Displacement,2026-03,2026-03-01,2026-03-31,2026-03-01,2026-03-31,0.1779,0.2913,UNHCR_snapshot_v43,0.91,0
Japan,gdelt_event,event,Event,2026-03,2026-03-01,2026-03-31,2026-03-01,2026-03-31,0.1978,0.5077,GDELT_event_monthly_2026-03,1.0,0
Japan,governance_input,governance,Governance,2026-03,2026-03-01,2026-03-31,2026-03-01,2026-03-31,0.1899,0.2445,GOVERNANCE_snapshot_v43,0.9,0
Japan,fao_ffpi,market_food,Market/Food,2026-03,2026-03-01,2026-03-31,2026-03-01,2026-03-31,0.2093,103.1,FAO_FFPI_snapshot_v43,0.95,0
Japan,fao_fpma,market_food,Market/Food,2026-03,2026-03-01,2026-03-31,2026-03-01,2026-03-31,0.0909,27.8,FAO_FPMA_snapshot_v43,0.91,0
Japan,narrative_input,narrative,Narrative,2026-03,2026-03-01,2026-03-31,2026-03-01,2026-03-31,0.2383,0.0609,NARRATIVE_snapshot_v43,0.671,0
Japan,gdacs,shock,Shock,2026-03,2026-03-01,2026-03-31,2026-03-01,2026-03-31,0.2166,0.0423,GDACS_snapshot_v43,0.9,0
Japan,un_comtrade,structural,Structural,2026-03,2026-03-01,2026-03-31,2025-01-01,2025-12-31,0.04,0.364,UN_COMTRADE_snapshot_v43,0.89,90
Nigeria,unhcr,displacement,Displacement,2026-03,2026-03-01,2026-03-31,2026-03-01,2026-03-31,0.6022,0.5853,UNHCR_snapshot_v43,0.91,0
Nigeria,gdelt_event,event,Event,2026-03,2026-03-01,2026-03-31,2026-03-01,2026-03-31,0.6171,0.704,GDELT_event_monthly_2026-03,1.0,0
Nigeria,governance_input,governance,Governance,2026-03,2026-03-01,2026-03-31,2026-03-01,2026-03-31,0.6027,0.6758,GOVERNANCE_snapshot_v43,0.9,0
Nigeria,fao_ffpi,market_food,Market/Food,2026-03,2026-03-01,2026-03-31,2026-03-01,2026-03-31,0.3997,138.8,FAO_FFPI_snapshot_v43,0.95,0
Nigeria,fao_fpma,market_food,Market/Food,2026-03,2026-03-01,2026-03-31,2026-03-01,2026-03-31,0.4545,79.1,FAO_FPMA_snapshot_v43,0.91,0
Nigeria,narrative_input,narrative,Narrative,2026-03,2026-03-01,2026-03-31,2026-03-01,2026-03-31,0.6219,0.6838,NARRATIVE_snapshot_v43,0.838,0
Nigeria,gdacs,shock,Shock,2026-03,2026-03-01,2026-03-31,2026-03-01,2026-03-31,0.397,0.6837,GDACS_snapshot_v43,0.9,0
Nigeria,un_comtrade,structural,Structural,2026-03,2026-03-01,2026-03-31,2025-01-01,2025-12-31,0.9057,0.667,UN_COMTRADE_snapshot_v43,0.89,90
Poland,unhcr,displacement,Displacement,2026-03,2026-03-01,2026-03-31,2026-03-01,2026-03-31,0.3796,0.4311,UNHCR_snapshot_v43,0.91,0
Poland,gdelt_event,event,Event,2026-03,2026-03-01,2026-03-31,2026-03-01,2026-03-31,0.3994,0.6021,GDELT_event_monthly_2026-03,1.0,0
Poland,governance_input,governance,Governance,2026-03,2026-03-01,2026-03-31,2026-03-01,2026-03-31,0.384,0.4473,GOVERNANCE_snapshot_v43,0.9,0
Poland,fao_ffpi,market_food,Market/Food,2026-03,2026-03-01,2026-03-31,2026-03-01,2026-03-31,0.5328,120.8,FAO_FFPI_snapshot_v43,0.95,0
Poland,fao_fpma,market_food,Market/Food,2026-03,2026-03-01,2026-03-31,2026-03-01,2026-03-31,0.4545,53.2,FAO_FPMA_snapshot_v43,0.91,0
Poland,narrative_input,narrative,Narrative,2026-03,2026-03-01,2026-03-31,2026-03-01,2026-03-31,0.3477,0.2386,NARRATIVE_snapshot_v43,0.754,0
Poland,gdacs,shock,Shock,2026-03,2026-03-01,2026-03-31,2026-03-01,2026-03-31,0.5335,0.2538,GDACS_snapshot_v43,0.9,0
Poland,un_comtrade,structural,Structural,2026-03,2026-03-01,2026-03-31,2025-01-01,2025-12-31,0.3743,0.481,UN_COMTRADE_snapshot_v43,0.89,90
Russia,unhcr,displacement,Displacement,2026-03,2026-03-01,2026-03-31,2026-03-01,2026-03-31,0.6012,0.5846,UNHCR_snapshot_v43,0.91,0
Russia,gdelt_event,event,Event,2026-03,2026-03-01,2026-03-31,2026-03-01,2026-03-31,0.6173,0.7041,GDELT_event_monthly_2026-03,1.0,0
Russia,governance_input,governance,Governance,2026-03,2026-03-01,2026-03-31,2026-03-01,2026-03-31,0.6071,0.6804,GOVERNANCE_snapshot_v43,0.9,0
Russia,fao_ffpi,market_food,Market/Food,2026-03,2026-03-01,2026-03-31,2026-03-01,2026-03-31,0.4843,139.2,FAO_FFPI_snapshot_v43,0.95,0
Russia,fao_fpma,market_food,Market/Food,2026-03,2026-03-01,2026-03-31,2026-03-01,2026-03-31,0.5455,79.6,FAO_FPMA_snapshot_v43,0.91,0
Russia,narrative_input,narrative,Narrative,2026-03,2026-03-01,2026-03-31,2026-03-01,2026-03-31,0.6249,0.6888,NARRATIVE_snapshot_v43,0.84,0
Russia,gdacs,shock,Shock,2026-03,2026-03-01,2026-03-31,2026-03-01,2026-03-31,0.4791,0.6912,GDACS_snapshot_v43,0.9,0
Russia,un_comtrade,structural,Structural,2026-03,2026-03-01,2026-03-31,2025-01-01,2025-12-31,0.8543,0.649,UN_COMTRADE_snapshot_v43,0.89,90
Taiwan,unhcr,displacement,Displacement,2026-03,2026-03-01,2026-03-31,2026-03-01,2026-03-31,0.5065,0.519,UNHCR_snapshot_v43,0.91,0
Taiwan,gdelt_event,event,Event,2026-03,2026-03-01,2026-03-31,2026-03-01,2026-03-31,0.5348,0.6655,GDELT_event_monthly_2026-03,1.0,0
Taiwan,governance_input,governance,Governance,2026-03,2026-03-01,2026-03-31,2026-03-01,2026-03-31,0.5139,0.583,GOVERNANCE_snapshot_v43,0.9,0
Taiwan,fao_ffpi,market_food,Market/Food,2026-03,2026-03-01,2026-03-31,2026-03-01,2026-03-31,0.6656,131.7,FAO_FFPI_snapshot_v43,0.95,0
Taiwan,fao_fpma,market_food,Market/Food,2026-03,2026-03-01,2026-03-31,2026-03-01,2026-03-31,0.8182,68.9,FAO_FPMA_snapshot_v43,0.91,0
Taiwan,narrative_input,narrative,Narrative,2026-03,2026-03-01,2026-03-31,2026-03-01,2026-03-31,0.5696,0.5989,NARRATIVE_snapshot_v43,0.805,0
Taiwan,gdacs,shock,Shock,2026-03,2026-03-01,2026-03-31,2026-03-01,2026-03-31,0.6409,0.5456,GDACS_snapshot_v43,0.9,0
Taiwan,un_comtrade,structural,Structural,2026-03,2026-03-01,2026-03-31,2025-01-01,2025-12-31,0.6057,0.562,UN_COMTRADE_snapshot_v43,0.89,90
Ukraine,unhcr,displacement,Displacement,2026-03,2026-03-01,2026-03-31,2026-03-01,2026-03-31,0.6702,0.6324,UNHCR_snapshot_v43,0.91,0
Ukraine,gdelt_event,event,Event,2026-03,2026-03-01,2026-03-31,2026-03-01,2026-03-31,0.6807,0.7338,GDELT_event_monthly_2026-03,1.0,0
Ukraine,governance_input,governance,Governance,2026-03,2026-03-01,2026-03-31,2026-03-01,2026-03-31,0.6863,0.7632,GOVERNANCE_snapshot_v43,0.9,0
Ukraine,fao_ffpi,market_food,Market/Food,2026-03,2026-03-01,2026-03-31,2026-03-01,2026-03-31,0.5417,145.3,FAO_FFPI_snapshot_v43,0.95,0
Ukraine,fao_fpma,market_food,Market/Food,2026-03,2026-03-01,2026-03-31,2026-03-01,2026-03-31,0.6364,88.4,FAO_FPMA_snapshot_v43,0.91,0
Ukraine,narrative_input,narrative,Narrative,2026-03,2026-03-01,2026-03-31,2026-03-01,2026-03-31,0.6728,0.7665,NARRATIVE_snapshot_v43,0.869,0
Ukraine,gdacs,shock,Shock,2026-03,2026-03-01,2026-03-31,2026-03-01,2026-03-31,0.5372,0.8231,GDACS_snapshot_v43,0.9,0
Ukraine,un_comtrade,structural,Structural,2026-03,2026-03-01,2026-03-31,2025-01-01,2025-12-31,0.96,0.686,UN_COMTRADE_snapshot_v43,0.89,90
China,unhcr,displacement,Displacement,2026-04,2026-04-01,2026-04-13,2026-04-01,2026-04-12,0.4026,0.447,UNHCR_snapshot_v43,0.91,1
China,gdelt_event,event,Event,2026-04,2026-04-01,2026-04-13,2026-03-01,2026-03-31,0.4607,0.6308,GDELT_event_monthly_2026-03,1.0,13
China,governance_input,governance,Governance,2026-04,2026-04-01,2026-04-13,2026-04-01,2026-04-12,0.3962,0.4601,GOVERNANCE_snapshot_v43,0.9,1
China,fao_ffpi,market_food,Market/Food,2026-04,2026-04-01,2026-04-13,2026-04-01,2026-04-12,0.257,121.9,FAO_FFPI_snapshot_v43,0.95,1
China,fao_fpma,market_food,Market/Food,2026-04,2026-04-01,2026-04-13,2026-04-01,2026-04-12,0.0909,54.7,FAO_FPMA_snapshot_v43,0.91,1
China,narrative_input,narrative,Narrative,2026-04,2026-04-01,2026-04-13,2026-04-01,2026-04-12,0.3513,0.2444,NARRATIVE_snapshot_v43,0.759,1
China,gdacs,shock,Shock,2026-04,2026-04-01,2026-04-13,2026-04-01,2026-04-12,0.3486,0.2651,GDACS_snapshot_v43,0.9,1
China,un_comtrade,structural,Structural,2026-04,2026-04-01,2026-04-13,2025-01-01,2025-12-31,0.5171,0.531,UN_COMTRADE_snapshot_v43,0.89,103
Germany,unhcr,displacement,Displacement,2026-04,2026-04-01,2026-04-13,2026-04-01,2026-04-12,0.2168,0.3183,UNHCR_snapshot_v43,0.91,1
Germany,gdelt_event,event,Event,2026-04,2026-04-01,2026-04-13,2026-03-01,2026-03-31,0.2382,0.5266,GDELT_event_monthly_2026-03,1.0,13
Germany,governance_input,governance,Governance,2026-04,2026-04-01,2026-04-13,2026-04-01,2026-04-12,0.2235,0.2796,GOVERNANCE_snapshot_v43,0.9,1
Germany,fao_ffpi,market_food,Market/Food,2026-04,2026-04-01,2026-04-13,2026-04-01,2026-04-12,0.3026,106.3,FAO_FFPI_snapshot_v43,0.95,1
Germany,fao_fpma,market_food,Market/Food,2026-04,2026-04-01,2026-04-13,2026-04-01,2026-04-12,0.1818,32.4,FAO_FPMA_snapshot_v43,0.91,1
Germany,narrative_input,narrative,Narrative,2026-04,2026-04-01,2026-04-13,2026-04-01,2026-04-12,0.2419,0.0667,NARRATIVE_snapshot_v43,0.686,1
Germany,gdacs,shock,Shock,2026-04,2026-04-01,2026-04-13,2026-04-01,2026-04-12,0.3051,0.0522,GDACS_snapshot_v43,0.9,1
Germany,un_comtrade,structural,Structural,2026-04,2026-04-01,2026-04-13,2025-01-01,2025-12-31,0.1286,0.395,UN_COMTRADE_snapshot_v43,0.89,103
Iran,unhcr,displacement,Displacement,2026-04,2026-04-01,2026-04-13,2026-04-01,2026-04-12,0.6378,0.61,UNHCR_snapshot_v43,0.91,1
Iran,gdelt_event,event,Event,2026-04,2026-04-01,2026-04-13,2026-03-01,2026-03-31,0.6974,0.7416,GDELT_event_monthly_2026-03,1.0,13
Iran,governance_input,governance,Governance,2026-04,2026-04-01,2026-04-13,2026-04-01,2026-04-12,0.6313,0.7057,GOVERNANCE_snapshot_v43,0.9,1
Iran,fao_ffpi,market_food,Market/Food,2026-04,2026-04-01,2026-04-13,2026-04-01,2026-04-12,0.267,141.1,FAO_FFPI_snapshot_v43,0.95,1
Iran,fao_fpma,market_food,Market/Food,2026-04,2026-04-01,2026-04-13,2026-04-01,2026-04-12,0.0909,82.3,FAO_FPMA_snapshot_v43,0.91,1
Iran,narrative_input,narrative,Narrative,2026-04,2026-04-01,2026-04-13,2026-04-01,2026-04-12,0.6394,0.7123,NARRATIVE_snapshot_v43,0.849,1
Iran,gdacs,shock,Shock,2026-04,2026-04-01,2026-04-13,2026-04-01,2026-04-12,0.2695,0.7311,GDACS_snapshot_v43,0.9,1
Iran,un_comtrade,structural,Structural,2026-04,2026-04-01,2026-04-13,2025-01-01,2025-12-31,1.0,0.723,UN_COMTRADE_snapshot_v43,0.89,103
Israel,unhcr,displacement,Displacement,2026-04,2026-04-01,2026-04-13,2026-04-01,2026-04-12,0.4743,0.4967,UNHCR_snapshot_v43,0.91,1
Israel,gdelt_event,event,Event,2026-04,2026-04-01,2026-04-13,2026-03-01,2026-03-31,0.5007,0.6495,GDELT_event_monthly_2026-03,1.0,13
Israel,governance_input,governance,Governance,2026-04,2026-04-01,2026-04-13,2026-04-01,2026-04-12,0.462,0.5288,GOVERNANCE_snapshot_v43,0.9,1
Israel,fao_ffpi,market_food,Market/Food,2026-04,2026-04-01,2026-04-13,2026-04-01,2026-04-12,0.3101,127.5,FAO_FFPI_snapshot_v43,0.95,1
Israel,fao_fpma,market_food,Market/Food,2026-04,2026-04-01,2026-04-13,2026-04-01,2026-04-12,0.0,62.7,FAO_FPMA_snapshot_v43,0.91,1
Israel,narrative_input,narrative,Narrative,2026-04,2026-04-01,2026-04-13,2026-04-01,2026-04-12,0.3702,0.2751,NARRATIVE_snapshot_v43,0.785,1
Israel,gdacs,shock,Shock,2026-04,2026-04-01,2026-04-13,2026-04-01,2026-04-12,0.2856,0.3285,GDACS_snapshot_v43,0.9,1
Israel,un_comtrade,structural,Structural,2026-04,2026-04-01,2026-04-13,2025-01-01,2025-12-31,0.7114,0.599,UN_COMTRADE_snapshot_v43,0.89,103
Japan,unhcr,displacement,Displacement,2026-04,2026-04-01,2026-04-13,2026-04-01,2026-04-12,0.1779,0.2913,UNHCR_snapshot_v43,0.91,1
Japan,gdelt_event,event,Event,2026-04,2026-04-01,2026-04-13,2026-03-01,2026-03-31,0.1978,0.5077,GDELT_event_monthly_2026-03,1.0,13
Japan,governance_input,governance,Governance,2026-04,2026-04-01,2026-04-13,2026-04-01,2026-04-12,0.1899,0.2445,GOVERNANCE_snapshot_v43,0.9,1
Japan,fao_ffpi,market_food,Market/Food,2026-04,2026-04-01,2026-04-13,2026-04-01,2026-04-12,0.2093,103.1,FAO_FFPI_snapshot_v43,0.95,1
Japan,fao_fpma,market_food,Market/Food,2026-04,2026-04-01,2026-04-13,2026-04-01,2026-04-12,0.0909,27.8,FAO_FPMA_snapshot_v43,0.91,1
Japan,narrative_input,narrative,Narrative,2026-04,2026-04-01,2026-04-13,2026-04-01,2026-04-12,0.2383,0.0609,NARRATIVE_snapshot_v43,0.671,1
Japan,gdacs,shock,Shock,2026-04,2026-04-01,2026-04-13,2026-04-01,2026-04-12,0.2166,0.0423,GDACS_snapshot_v43,0.9,1
Japan,un_comtrade,structural,Structural,2026-04,2026-04-01,2026-04-13,2025-01-01,2025-12-31,0.04,0.364,UN_COMTRADE_snapshot_v43,0.89,103
Nigeria,unhcr,displacement,Displacement,2026-04,2026-04-01,2026-04-13,2026-04-01,2026-04-12,0.5641,0.5589,UNHCR_snapshot_v43,0.91,1
Nigeria,gdelt_event,event,Event,2026-04,2026-04-01,2026-04-13,2026-03-01,2026-03-31,0.6171,0.704,GDELT_event_monthly_2026-03,1.0,13
Nigeria,governance_input,governance,Governance,2026-04,2026-04-01,2026-04-13,2026-04-01,2026-04-12,0.5534,0.6243,GOVERNANCE_snapshot_v43,0.9,1
Nigeria,fao_ffpi,market_food,Market/Food,2026-04,2026-04-01,2026-04-13,2026-04-01,2026-04-12,0.2921,134.9,FAO_FFPI_snapshot_v43,0.95,1
Nigeria,fao_fpma,market_food,Market/Food,2026-04,2026-04-01,2026-04-13,2026-04-01,2026-04-12,0.0909,73.5,FAO_FPMA_snapshot_v43,0.91,1
Nigeria,narrative_input,narrative,Narrative,2026-04,2026-04-01,2026-04-13,2026-04-01,2026-04-12,0.5931,0.6371,NARRATIVE_snapshot_v43,0.82,1
Nigeria,gdacs,shock,Shock,2026-04,2026-04-01,2026-04-13,2026-04-01,2026-04-12,0.2988,0.6061,GDACS_snapshot_v43,0.9,1
Nigeria,un_comtrade,structural,Structural,2026-04,2026-04-01,2026-04-13,2025-01-01,2025-12-31,0.9057,0.667,UN_COMTRADE_snapshot_v43,0.89,103
Poland,unhcr,displacement,Displacement,2026-04,2026-04-01,2026-04-13,2026-04-01,2026-04-12,0.3424,0.4053,UNHCR_snapshot_v43,0.91,1
Poland,gdelt_event,event,Event,2026-04,2026-04-01,2026-04-13,2026-03-01,2026-03-31,0.3994,0.6021,GDELT_event_monthly_2026-03,1.0,13
Poland,governance_input,governance,Governance,2026-04,2026-04-01,2026-04-13,2026-04-01,2026-04-12,0.3399,0.4012,GOVERNANCE_snapshot_v43,0.9,1
Poland,fao_ffpi,market_food,Market/Food,2026-04,2026-04-01,2026-04-13,2026-04-01,2026-04-12,0.2212,117.0,FAO_FFPI_snapshot_v43,0.95,1
Poland,fao_fpma,market_food,Market/Food,2026-04,2026-04-01,2026-04-13,2026-04-01,2026-04-12,0.0,47.7,FAO_FPMA_snapshot_v43,0.91,1
Poland,narrative_input,narrative,Narrative,2026-04,2026-04-01,2026-04-13,2026-04-01,2026-04-12,0.3354,0.2186,NARRATIVE_snapshot_v43,0.736,1
Poland,gdacs,shock,Shock,2026-04,2026-04-01,2026-04-13,2026-04-01,2026-04-12,0.2271,0.2145,GDACS_snapshot_v43,0.9,1
Poland,un_comtrade,structural,Structural,2026-04,2026-04-01,2026-04-13,2025-01-01,2025-12-31,0.3743,0.481,UN_COMTRADE_snapshot_v43,0.89,103
Russia,unhcr,displacement,Displacement,2026-04,2026-04-01,2026-04-13,2026-04-01,2026-04-12,0.5482,0.5479,UNHCR_snapshot_v43,0.91,1
Russia,gdelt_event,event,Event,2026-04,2026-04-01,2026-04-13,2026-03-01,2026-03-31,0.6173,0.7041,GDELT_event_monthly_2026-03,1.0,13
Russia,governance_input,governance,Governance,2026-04,2026-04-01,2026-04-13,2026-04-01,2026-04-12,0.5394,0.6097,GOVERNANCE_snapshot_v43,0.9,1
Russia,fao_ffpi,market_food,Market/Food,2026-04,2026-04-01,2026-04-13,2026-04-01,2026-04-12,0.2954,133.8,FAO_FFPI_snapshot_v43,0.95,1
Russia,fao_fpma,market_food,Market/Food,2026-04,2026-04-01,2026-04-13,2026-04-01,2026-04-12,0.0909,71.9,FAO_FPMA_snapshot_v43,0.91,1
Russia,narrative_input,narrative,Narrative,2026-04,2026-04-01,2026-04-13,2026-04-01,2026-04-12,0.5847,0.6235,NARRATIVE_snapshot_v43,0.815,1
Russia,gdacs,shock,Shock,2026-04,2026-04-01,2026-04-13,2026-04-01,2026-04-12,0.3006,0.5843,GDACS_snapshot_v43,0.9,1
Russia,un_comtrade,structural,Structural,2026-04,2026-04-01,2026-04-13,2025-01-01,2025-12-31,0.8543,0.649,UN_COMTRADE_snapshot_v43,0.89,103
Taiwan,unhcr,displacement,Displacement,2026-04,2026-04-01,2026-04-13,2026-04-01,2026-04-12,0.4615,0.4878,UNHCR_snapshot_v43,0.91,1
Taiwan,gdelt_event,event,Event,2026-04,2026-04-01,2026-04-13,2026-03-01,2026-03-31,0.5348,0.6655,GDELT_event_monthly_2026-03,1.0,13
Taiwan,governance_input,governance,Governance,2026-04,2026-04-01,2026-04-13,2026-04-01,2026-04-12,0.458,0.5246,GOVERNANCE_snapshot_v43,0.9,1
Taiwan,fao_ffpi,market_food,Market/Food,2026-04,2026-04-01,2026-04-13,2026-04-01,2026-04-12,0.3332,127.1,FAO_FFPI_snapshot_v43,0.95,1
Taiwan,fao_fpma,market_food,Market/Food,2026-04,2026-04-01,2026-04-13,2026-04-01,2026-04-12,0.2727,62.2,FAO_FPMA_snapshot_v43,0.91,1
Taiwan,narrative_input,narrative,Narrative,2026-04,2026-04-01,2026-04-13,2026-04-01,2026-04-12,0.3688,0.2729,NARRATIVE_snapshot_v43,0.783,1
Taiwan,gdacs,shock,Shock,2026-04,2026-04-01,2026-04-13,2026-04-01,2026-04-12,0.2806,0.3246,GDACS_snapshot_v43,0.9,1
Taiwan,un_comtrade,structural,Structural,2026-04,2026-04-01,2026-04-13,2025-01-01,2025-12-31,0.6057,0.562,UN_COMTRADE_snapshot_v43,0.89,103
Ukraine,unhcr,displacement,Displacement,2026-04,2026-04-01,2026-04-13,2026-04-01,2026-04-12,0.6009,0.5844,UNHCR_snapshot_v43,0.91,1
Ukraine,gdelt_event,event,Event,2026-04,2026-04-01,2026-04-13,2026-03-01,2026-03-31,0.6807,0.7338,GDELT_event_monthly_2026-03,1.0,13
Ukraine,governance_input,governance,Governance,2026-04,2026-04-01,2026-04-13,2026-04-01,2026-04-12,0.5949,0.6677,GOVERNANCE_snapshot_v43,0.9,1
Ukraine,fao_ffpi,market_food,Market/Food,2026-04,2026-04-01,2026-04-13,2026-04-01,2026-04-12,0.293,138.2,FAO_FFPI_snapshot_v43,0.95,1
Ukraine,fao_fpma,market_food,Market/Food,2026-04,2026-04-01,2026-04-13,2026-04-01,2026-04-12,0.0909,78.2,FAO_FPMA_snapshot_v43,0.91,1
Ukraine,narrative_input,narrative,Narrative,2026-04,2026-04-01,2026-04-13,2026-04-01,2026-04-12,0.6178,0.6772,NARRATIVE_snapshot_v43,0.836,1
Ukraine,gdacs,shock,Shock,2026-04,2026-04-01,2026-04-13,2026-04-01,2026-04-12,0.2989,0.6721,GDACS_snapshot_v43,0.9,1
Ukraine,un_comtrade,structural,Structural,2026-04,2026-04-01,2026-04-13,2025-01-01,2025-12-31,0.96,0.686,UN_COMTRADE_snapshot_v43,0.89,103
