source_id,layer,signal_family,country,period_start,period_end,raw_value,normalized_value,unit,provenance,quality_completeness,native_periodicity,metadata
fao_ffpi,Market/Food,ffpi_price_index,China,2025-05-01,2025-05-31,123.2,0.3387,index_points,FAO_FFPI_snapshot_v43,0.95,monthly,{'dataset': 'FAO_FFPI'}
fao_ffpi,Market/Food,ffpi_price_index,China,2025-06-01,2025-06-30,126.2,0.5272,index_points,FAO_FFPI_snapshot_v43,0.95,monthly,{'dataset': 'FAO_FFPI'}
fao_ffpi,Market/Food,ffpi_price_index,China,2025-07-01,2025-07-31,128.2,0.6529,index_points,FAO_FFPI_snapshot_v43,0.95,monthly,{'dataset': 'FAO_FFPI'}
fao_ffpi,Market/Food,ffpi_price_index,China,2025-08-01,2025-08-31,129.2,0.7158,index_points,FAO_FFPI_snapshot_v43,0.95,monthly,{'dataset': 'FAO_FFPI'}
fao_ffpi,Market/Food,ffpi_price_index,China,2025-09-01,2025-09-30,125.3,0.4707,index_points,FAO_FFPI_snapshot_v43,0.95,monthly,{'dataset': 'FAO_FFPI'}
fao_ffpi,Market/Food,ffpi_price_index,China,2025-10-01,2025-10-31,121.7,0.2444,index_points,FAO_FFPI_snapshot_v43,0.95,monthly,{'dataset': 'FAO_FFPI'}
fao_ffpi,Market/Food,ffpi_price_index,China,2025-11-01,2025-11-30,123.3,0.345,index_points,FAO_FFPI_snapshot_v43,0.95,monthly,{'dataset': 'FAO_FFPI'}
fao_ffpi,Market/Food,ffpi_price_index,China,2025-12-01,2025-12-31,126.2,0.5272,index_points,FAO_FFPI_snapshot_v43,0.95,monthly,{'dataset': 'FAO_FFPI'}
fao_ffpi,Market/Food,ffpi_price_index,China,2026-01-01,2026-01-31,128.3,0.6592,index_points,FAO_FFPI_snapshot_v43,0.95,monthly,{'dataset': 'FAO_FFPI'}
fao_ffpi,Market/Food,ffpi_price_index,China,2026-02-01,2026-02-28,129.7,0.7472,index_points,FAO_FFPI_snapshot_v43,0.95,monthly,{'dataset': 'FAO_FFPI'}
fao_ffpi,Market/Food,ffpi_price_index,China,2026-03-01,2026-03-31,126.0,0.5147,index_points,FAO_FFPI_snapshot_v43,0.95,monthly,{'dataset': 'FAO_FFPI'}
fao_ffpi,Market/Food,ffpi_price_index,China,2026-04-01,2026-04-12,121.9,0.257,index_points,FAO_FFPI_snapshot_v43,0.95,monthly,{'dataset': 'FAO_FFPI'}
fao_ffpi,Market/Food,ffpi_price_index,Germany,2025-05-01,2025-05-31,113.7,0.5853,index_points,FAO_FFPI_snapshot_v43,0.95,monthly,{'dataset': 'FAO_FFPI'}
fao_ffpi,Market/Food,ffpi_price_index,Germany,2025-06-01,2025-06-30,117.2,0.7191,index_points,FAO_FFPI_snapshot_v43,0.95,monthly,{'dataset': 'FAO_FFPI'}
fao_ffpi,Market/Food,ffpi_price_index,Germany,2025-07-01,2025-07-31,113.8,0.5892,index_points,FAO_FFPI_snapshot_v43,0.95,monthly,{'dataset': 'FAO_FFPI'}
fao_ffpi,Market/Food,ffpi_price_index,Germany,2025-08-01,2025-08-31,109.3,0.4172,index_points,FAO_FFPI_snapshot_v43,0.95,monthly,{'dataset': 'FAO_FFPI'}
fao_ffpi,Market/Food,ffpi_price_index,Germany,2025-09-01,2025-09-30,106.4,0.3064,index_points,FAO_FFPI_snapshot_v43,0.95,monthly,{'dataset': 'FAO_FFPI'}
fao_ffpi,Market/Food,ffpi_price_index,Germany,2025-10-01,2025-10-31,106.9,0.3255,index_points,FAO_FFPI_snapshot_v43,0.95,monthly,{'dataset': 'FAO_FFPI'}
fao_ffpi,Market/Food,ffpi_price_index,Germany,2025-11-01,2025-11-30,112.6,0.5433,index_points,FAO_FFPI_snapshot_v43,0.95,monthly,{'dataset': 'FAO_FFPI'}
fao_ffpi,Market/Food,ffpi_price_index,Germany,2025-12-01,2025-12-31,118.9,0.784,index_points,FAO_FFPI_snapshot_v43,0.95,monthly,{'dataset': 'FAO_FFPI'}
fao_ffpi,Market/Food,ffpi_price_index,Germany,2026-01-01,2026-01-31,116.2,0.6809,index_points,FAO_FFPI_snapshot_v43,0.95,monthly,{'dataset': 'FAO_FFPI'}
fao_ffpi,Market/Food,ffpi_price_index,Germany,2026-02-01,2026-02-28,109.9,0.4401,index_points,FAO_FFPI_snapshot_v43,0.95,monthly,{'dataset': 'FAO_FFPI'}
fao_ffpi,Market/Food,ffpi_price_index,Germany,2026-03-01,2026-03-31,106.4,0.3064,index_points,FAO_FFPI_snapshot_v43,0.95,monthly,{'dataset': 'FAO_FFPI'}
fao_ffpi,Market/Food,ffpi_price_index,Germany,2026-04-01,2026-04-12,106.3,0.3026,index_points,FAO_FFPI_snapshot_v43,0.95,monthly,{'dataset': 'FAO_FFPI'}
fao_ffpi,Market/Food,ffpi_price_index,Iran,2025-05-01,2025-05-31,143.7,0.3758,index_points,FAO_FFPI_snapshot_v43,0.95,monthly,{'dataset': 'FAO_FFPI'}
fao_ffpi,Market/Food,ffpi_price_index,Iran,2025-06-01,2025-06-30,150.7,0.6688,index_points,FAO_FFPI_snapshot_v43,0.95,monthly,{'dataset': 'FAO_FFPI'}
fao_ffpi,Market/Food,ffpi_price_index,Iran,2025-07-01,2025-07-31,150.7,0.6688,index_points,FAO_FFPI_snapshot_v43,0.95,monthly,{'dataset': 'FAO_FFPI'}
fao_ffpi,Market/Food,ffpi_price_index,Iran,2025-08-01,2025-08-31,150.7,0.6688,index_points,FAO_FFPI_snapshot_v43,0.95,monthly,{'dataset': 'FAO_FFPI'}
fao_ffpi,Market/Food,ffpi_price_index,Iran,2025-09-01,2025-09-30,142.7,0.334,index_points,FAO_FFPI_snapshot_v43,0.95,monthly,{'dataset': 'FAO_FFPI'}
fao_ffpi,Market/Food,ffpi_price_index,Iran,2025-10-01,2025-10-31,140.5,0.2419,index_points,FAO_FFPI_snapshot_v43,0.95,monthly,{'dataset': 'FAO_FFPI'}
fao_ffpi,Market/Food,ffpi_price_index,Iran,2025-11-01,2025-11-30,143.2,0.3549,index_points,FAO_FFPI_snapshot_v43,0.95,monthly,{'dataset': 'FAO_FFPI'}
fao_ffpi,Market/Food,ffpi_price_index,Iran,2025-12-01,2025-12-31,148.5,0.5767,index_points,FAO_FFPI_snapshot_v43,0.95,monthly,{'dataset': 'FAO_FFPI'}
fao_ffpi,Market/Food,ffpi_price_index,Iran,2026-01-01,2026-01-31,150.7,0.6688,index_points,FAO_FFPI_snapshot_v43,0.95,monthly,{'dataset': 'FAO_FFPI'}
fao_ffpi,Market/Food,ffpi_price_index,Iran,2026-02-01,2026-02-28,150.7,0.6688,index_points,FAO_FFPI_snapshot_v43,0.95,monthly,{'dataset': 'FAO_FFPI'}
fao_ffpi,Market/Food,ffpi_price_index,Iran,2026-03-01,2026-03-31,146.8,0.5056,index_points,FAO_FFPI_snapshot_v43,0.95,monthly,{'dataset': 'FAO_FFPI'}
fao_ffpi,Market/Food,ffpi_price_index,Iran,2026-04-01,2026-04-12,141.1,0.267,index_points,FAO_FFPI_snapshot_v43,0.95,monthly,{'dataset': 'FAO_FFPI'}
fao_ffpi,Market/Food,ffpi_price_index,Israel,2025-05-01,2025-05-31,132.2,0.4394,index_points,FAO_FFPI_snapshot_v43,0.95,monthly,{'dataset': 'FAO_FFPI'}
fao_ffpi,Market/Food,ffpi_price_index,Israel,2025-06-01,2025-06-30,140.9,0.6789,index_points,FAO_FFPI_snapshot_v43,0.95,monthly,{'dataset': 'FAO_FFPI'}
fao_ffpi,Market/Food,ffpi_price_index,Israel,2025-07-01,2025-07-31,142.6,0.7257,index_points,FAO_FFPI_snapshot_v43,0.95,monthly,{'dataset': 'FAO_FFPI'}
fao_ffpi,Market/Food,ffpi_price_index,Israel,2025-08-01,2025-08-31,133.8,0.4835,index_points,FAO_FFPI_snapshot_v43,0.95,monthly,{'dataset': 'FAO_FFPI'}
fao_ffpi,Market/Food,ffpi_price_index,Israel,2025-09-01,2025-09-30,127.9,0.3211,index_points,FAO_FFPI_snapshot_v43,0.95,monthly,{'dataset': 'FAO_FFPI'}
fao_ffpi,Market/Food,ffpi_price_index,Israel,2025-10-01,2025-10-31,127.8,0.3183,index_points,FAO_FFPI_snapshot_v43,0.95,monthly,{'dataset': 'FAO_FFPI'}
fao_ffpi,Market/Food,ffpi_price_index,Israel,2025-11-01,2025-11-30,133.3,0.4697,index_points,FAO_FFPI_snapshot_v43,0.95,monthly,{'dataset': 'FAO_FFPI'}
fao_ffpi,Market/Food,ffpi_price_index,Israel,2025-12-01,2025-12-31,142.9,0.734,index_points,FAO_FFPI_snapshot_v43,0.95,monthly,{'dataset': 'FAO_FFPI'}
fao_ffpi,Market/Food,ffpi_price_index,Israel,2026-01-01,2026-01-31,142.9,0.734,index_points,FAO_FFPI_snapshot_v43,0.95,monthly,{'dataset': 'FAO_FFPI'}
fao_ffpi,Market/Food,ffpi_price_index,Israel,2026-02-01,2026-02-28,133.3,0.4697,index_points,FAO_FFPI_snapshot_v43,0.95,monthly,{'dataset': 'FAO_FFPI'}
fao_ffpi,Market/Food,ffpi_price_index,Israel,2026-03-01,2026-03-31,127.7,0.3156,index_points,FAO_FFPI_snapshot_v43,0.95,monthly,{'dataset': 'FAO_FFPI'}
fao_ffpi,Market/Food,ffpi_price_index,Israel,2026-04-01,2026-04-12,127.5,0.3101,index_points,FAO_FFPI_snapshot_v43,0.95,monthly,{'dataset': 'FAO_FFPI'}
fao_ffpi,Market/Food,ffpi_price_index,Japan,2025-05-01,2025-05-31,105.9,0.4391,index_points,FAO_FFPI_snapshot_v43,0.95,monthly,{'dataset': 'FAO_FFPI'}
fao_ffpi,Market/Food,ffpi_price_index,Japan,2025-06-01,2025-06-30,108.7,0.669,index_points,FAO_FFPI_snapshot_v43,0.95,monthly,{'dataset': 'FAO_FFPI'}
fao_ffpi,Market/Food,ffpi_price_index,Japan,2025-07-01,2025-07-31,109.1,0.7018,index_points,FAO_FFPI_snapshot_v43,0.95,monthly,{'dataset': 'FAO_FFPI'}
fao_ffpi,Market/Food,ffpi_price_index,Japan,2025-08-01,2025-08-31,108.1,0.6197,index_points,FAO_FFPI_snapshot_v43,0.95,monthly,{'dataset': 'FAO_FFPI'}
fao_ffpi,Market/Food,ffpi_price_index,Japan,2025-09-01,2025-09-30,107.0,0.5294,index_points,FAO_FFPI_snapshot_v43,0.95,monthly,{'dataset': 'FAO_FFPI'}
fao_ffpi,Market/Food,ffpi_price_index,Japan,2025-10-01,2025-10-31,105.2,0.3817,index_points,FAO_FFPI_snapshot_v43,0.95,monthly,{'dataset': 'FAO_FFPI'}
fao_ffpi,Market/Food,ffpi_price_index,Japan,2025-11-01,2025-11-30,106.2,0.4637,index_points,FAO_FFPI_snapshot_v43,0.95,monthly,{'dataset': 'FAO_FFPI'}
fao_ffpi,Market/Food,ffpi_price_index,Japan,2025-12-01,2025-12-31,108.7,0.669,index_points,FAO_FFPI_snapshot_v43,0.95,monthly,{'dataset': 'FAO_FFPI'}
fao_ffpi,Market/Food,ffpi_price_index,Japan,2026-01-01,2026-01-31,108.7,0.669,index_points,FAO_FFPI_snapshot_v43,0.95,monthly,{'dataset': 'FAO_FFPI'}
fao_ffpi,Market/Food,ffpi_price_index,Japan,2026-02-01,2026-02-28,105.9,0.4391,index_points,FAO_FFPI_snapshot_v43,0.95,monthly,{'dataset': 'FAO_FFPI'}
fao_ffpi,Market/Food,ffpi_price_index,Japan,2026-03-01,2026-03-31,103.1,0.2093,index_points,FAO_FFPI_snapshot_v43,0.95,monthly,{'dataset': 'FAO_FFPI'}
fao_ffpi,Market/Food,ffpi_price_index,Japan,2026-04-01,2026-04-12,103.1,0.2093,index_points,FAO_FFPI_snapshot_v43,0.95,monthly,{'dataset': 'FAO_FFPI'}
fao_ffpi,Market/Food,ffpi_price_index,Nigeria,2025-05-01,2025-05-31,137.6,0.3666,index_points,FAO_FFPI_snapshot_v43,0.95,monthly,{'dataset': 'FAO_FFPI'}
fao_ffpi,Market/Food,ffpi_price_index,Nigeria,2025-06-01,2025-06-30,143.4,0.5267,index_points,FAO_FFPI_snapshot_v43,0.95,monthly,{'dataset': 'FAO_FFPI'}
fao_ffpi,Market/Food,ffpi_price_index,Nigeria,2025-07-01,2025-07-31,150.7,0.7281,index_points,FAO_FFPI_snapshot_v43,0.95,monthly,{'dataset': 'FAO_FFPI'}
fao_ffpi,Market/Food,ffpi_price_index,Nigeria,2025-08-01,2025-08-31,148.3,0.6619,index_points,FAO_FFPI_snapshot_v43,0.95,monthly,{'dataset': 'FAO_FFPI'}
fao_ffpi,Market/Food,ffpi_price_index,Nigeria,2025-09-01,2025-09-30,137.9,0.3749,index_points,FAO_FFPI_snapshot_v43,0.95,monthly,{'dataset': 'FAO_FFPI'}
fao_ffpi,Market/Food,ffpi_price_index,Nigeria,2025-10-01,2025-10-31,134.8,0.2894,index_points,FAO_FFPI_snapshot_v43,0.95,monthly,{'dataset': 'FAO_FFPI'}
fao_ffpi,Market/Food,ffpi_price_index,Nigeria,2025-11-01,2025-11-30,137.6,0.3666,index_points,FAO_FFPI_snapshot_v43,0.95,monthly,{'dataset': 'FAO_FFPI'}
fao_ffpi,Market/Food,ffpi_price_index,Nigeria,2025-12-01,2025-12-31,143.8,0.5377,index_points,FAO_FFPI_snapshot_v43,0.95,monthly,{'dataset': 'FAO_FFPI'}
fao_ffpi,Market/Food,ffpi_price_index,Nigeria,2026-01-01,2026-01-31,150.7,0.7281,index_points,FAO_FFPI_snapshot_v43,0.95,monthly,{'dataset': 'FAO_FFPI'}
fao_ffpi,Market/Food,ffpi_price_index,Nigeria,2026-02-01,2026-02-28,150.7,0.7281,index_points,FAO_FFPI_snapshot_v43,0.95,monthly,{'dataset': 'FAO_FFPI'}
fao_ffpi,Market/Food,ffpi_price_index,Nigeria,2026-03-01,2026-03-31,138.8,0.3997,index_points,FAO_FFPI_snapshot_v43,0.95,monthly,{'dataset': 'FAO_FFPI'}
fao_ffpi,Market/Food,ffpi_price_index,Nigeria,2026-04-01,2026-04-12,134.9,0.2921,index_points,FAO_FFPI_snapshot_v43,0.95,monthly,{'dataset': 'FAO_FFPI'}
fao_ffpi,Market/Food,ffpi_price_index,Poland,2025-05-01,2025-05-31,118.1,0.3114,index_points,FAO_FFPI_snapshot_v43,0.95,monthly,{'dataset': 'FAO_FFPI'}
fao_ffpi,Market/Food,ffpi_price_index,Poland,2025-06-01,2025-06-30,120.9,0.541,index_points,FAO_FFPI_snapshot_v43,0.95,monthly,{'dataset': 'FAO_FFPI'}
fao_ffpi,Market/Food,ffpi_price_index,Poland,2025-07-01,2025-07-31,121.8,0.6148,index_points,FAO_FFPI_snapshot_v43,0.95,monthly,{'dataset': 'FAO_FFPI'}
fao_ffpi,Market/Food,ffpi_price_index,Poland,2025-08-01,2025-08-31,122.2,0.6476,index_points,FAO_FFPI_snapshot_v43,0.95,monthly,{'dataset': 'FAO_FFPI'}
fao_ffpi,Market/Food,ffpi_price_index,Poland,2025-09-01,2025-09-30,120.9,0.541,index_points,FAO_FFPI_snapshot_v43,0.95,monthly,{'dataset': 'FAO_FFPI'}
fao_ffpi,Market/Food,ffpi_price_index,Poland,2025-10-01,2025-10-31,117.6,0.2704,index_points,FAO_FFPI_snapshot_v43,0.95,monthly,{'dataset': 'FAO_FFPI'}
fao_ffpi,Market/Food,ffpi_price_index,Poland,2025-11-01,2025-11-30,118.4,0.336,index_points,FAO_FFPI_snapshot_v43,0.95,monthly,{'dataset': 'FAO_FFPI'}
fao_ffpi,Market/Food,ffpi_price_index,Poland,2025-12-01,2025-12-31,121.0,0.5492,index_points,FAO_FFPI_snapshot_v43,0.95,monthly,{'dataset': 'FAO_FFPI'}
fao_ffpi,Market/Food,ffpi_price_index,Poland,2026-01-01,2026-01-31,122.5,0.6722,index_points,FAO_FFPI_snapshot_v43,0.95,monthly,{'dataset': 'FAO_FFPI'}
fao_ffpi,Market/Food,ffpi_price_index,Poland,2026-02-01,2026-02-28,123.6,0.7624,index_points,FAO_FFPI_snapshot_v43,0.95,monthly,{'dataset': 'FAO_FFPI'}
fao_ffpi,Market/Food,ffpi_price_index,Poland,2026-03-01,2026-03-31,120.8,0.5328,index_points,FAO_FFPI_snapshot_v43,0.95,monthly,{'dataset': 'FAO_FFPI'}
fao_ffpi,Market/Food,ffpi_price_index,Poland,2026-04-01,2026-04-12,117.0,0.2212,index_points,FAO_FFPI_snapshot_v43,0.95,monthly,{'dataset': 'FAO_FFPI'}
fao_ffpi,Market/Food,ffpi_price_index,Russia,2025-05-01,2025-05-31,135.5,0.3549,index_points,FAO_FFPI_snapshot_v43,0.95,monthly,{'dataset': 'FAO_FFPI'}
fao_ffpi,Market/Food,ffpi_price_index,Russia,2025-06-01,2025-06-30,140.2,0.5192,index_points,FAO_FFPI_snapshot_v43,0.95,monthly,{'dataset': 'FAO_FFPI'}
fao_ffpi,Market/Food,ffpi_price_index,Russia,2025-07-01,2025-07-31,146.7,0.7466,index_points,FAO_FFPI_snapshot_v43,0.95,monthly,{'dataset': 'FAO_FFPI'}
fao_ffpi,Market/Food,ffpi_price_index,Russia,2025-08-01,2025-08-31,146.3,0.7326,index_points,FAO_FFPI_snapshot_v43,0.95,monthly,{'dataset': 'FAO_FFPI'}
fao_ffpi,Market/Food,ffpi_price_index,Russia,2025-09-01,2025-09-30,136.9,0.4038,index_points,FAO_FFPI_snapshot_v43,0.95,monthly,{'dataset': 'FAO_FFPI'}
fao_ffpi,Market/Food,ffpi_price_index,Russia,2025-10-01,2025-10-31,133.1,0.2709,index_points,FAO_FFPI_snapshot_v43,0.95,monthly,{'dataset': 'FAO_FFPI'}
fao_ffpi,Market/Food,ffpi_price_index,Russia,2025-11-01,2025-11-30,135.4,0.3514,index_points,FAO_FFPI_snapshot_v43,0.95,monthly,{'dataset': 'FAO_FFPI'}
fao_ffpi,Market/Food,ffpi_price_index,Russia,2025-12-01,2025-12-31,139.0,0.4773,index_points,FAO_FFPI_snapshot_v43,0.95,monthly,{'dataset': 'FAO_FFPI'}
fao_ffpi,Market/Food,ffpi_price_index,Russia,2026-01-01,2026-01-31,143.5,0.6346,index_points,FAO_FFPI_snapshot_v43,0.95,monthly,{'dataset': 'FAO_FFPI'}
fao_ffpi,Market/Food,ffpi_price_index,Russia,2026-02-01,2026-02-28,146.2,0.7291,index_points,FAO_FFPI_snapshot_v43,0.95,monthly,{'dataset': 'FAO_FFPI'}
fao_ffpi,Market/Food,ffpi_price_index,Russia,2026-03-01,2026-03-31,139.2,0.4843,index_points,FAO_FFPI_snapshot_v43,0.95,monthly,{'dataset': 'FAO_FFPI'}
fao_ffpi,Market/Food,ffpi_price_index,Russia,2026-04-01,2026-04-12,133.8,0.2954,index_points,FAO_FFPI_snapshot_v43,0.95,monthly,{'dataset': 'FAO_FFPI'}
fao_ffpi,Market/Food,ffpi_price_index,Taiwan,2025-05-01,2025-05-31,126.4,0.2826,index_points,FAO_FFPI_snapshot_v43,0.95,monthly,{'dataset': 'FAO_FFPI'}
fao_ffpi,Market/Food,ffpi_price_index,Taiwan,2025-06-01,2025-06-30,129.3,0.4922,index_points,FAO_FFPI_snapshot_v43,0.95,monthly,{'dataset': 'FAO_FFPI'}
fao_ffpi,Market/Food,ffpi_price_index,Taiwan,2025-07-01,2025-07-31,131.0,0.615,index_points,FAO_FFPI_snapshot_v43,0.95,monthly,{'dataset': 'FAO_FFPI'}
fao_ffpi,Market/Food,ffpi_price_index,Taiwan,2025-08-01,2025-08-31,132.8,0.7451,index_points,FAO_FFPI_snapshot_v43,0.95,monthly,{'dataset': 'FAO_FFPI'}
fao_ffpi,Market/Food,ffpi_price_index,Taiwan,2025-09-01,2025-09-30,130.4,0.5717,index_points,FAO_FFPI_snapshot_v43,0.95,monthly,{'dataset': 'FAO_FFPI'}
fao_ffpi,Market/Food,ffpi_price_index,Taiwan,2025-10-01,2025-10-31,125.8,0.2392,index_points,FAO_FFPI_snapshot_v43,0.95,monthly,{'dataset': 'FAO_FFPI'}
fao_ffpi,Market/Food,ffpi_price_index,Taiwan,2025-11-01,2025-11-30,126.6,0.297,index_points,FAO_FFPI_snapshot_v43,0.95,monthly,{'dataset': 'FAO_FFPI'}
fao_ffpi,Market/Food,ffpi_price_index,Taiwan,2025-12-01,2025-12-31,129.3,0.4922,index_points,FAO_FFPI_snapshot_v43,0.95,monthly,{'dataset': 'FAO_FFPI'}
fao_ffpi,Market/Food,ffpi_price_index,Taiwan,2026-01-01,2026-01-31,130.4,0.5717,index_points,FAO_FFPI_snapshot_v43,0.95,monthly,{'dataset': 'FAO_FFPI'}
fao_ffpi,Market/Food,ffpi_price_index,Taiwan,2026-02-01,2026-02-28,132.1,0.6945,index_points,FAO_FFPI_snapshot_v43,0.95,monthly,{'dataset': 'FAO_FFPI'}
fao_ffpi,Market/Food,ffpi_price_index,Taiwan,2026-03-01,2026-03-31,131.7,0.6656,index_points,FAO_FFPI_snapshot_v43,0.95,monthly,{'dataset': 'FAO_FFPI'}
fao_ffpi,Market/Food,ffpi_price_index,Taiwan,2026-04-01,2026-04-12,127.1,0.3332,index_points,FAO_FFPI_snapshot_v43,0.95,monthly,{'dataset': 'FAO_FFPI'}
fao_ffpi,Market/Food,ffpi_price_index,Ukraine,2025-05-01,2025-05-31,139.3,0.3316,index_points,FAO_FFPI_snapshot_v43,0.95,monthly,{'dataset': 'FAO_FFPI'}
fao_ffpi,Market/Food,ffpi_price_index,Ukraine,2025-06-01,2025-06-30,143.6,0.4822,index_points,FAO_FFPI_snapshot_v43,0.95,monthly,{'dataset': 'FAO_FFPI'}
fao_ffpi,Market/Food,ffpi_price_index,Ukraine,2025-07-01,2025-07-31,150.5,0.7239,index_points,FAO_FFPI_snapshot_v43,0.95,monthly,{'dataset': 'FAO_FFPI'}
fao_ffpi,Market/Food,ffpi_price_index,Ukraine,2025-08-01,2025-08-31,150.7,0.7309,index_points,FAO_FFPI_snapshot_v43,0.95,monthly,{'dataset': 'FAO_FFPI'}
fao_ffpi,Market/Food,ffpi_price_index,Ukraine,2025-09-01,2025-09-30,143.4,0.4752,index_points,FAO_FFPI_snapshot_v43,0.95,monthly,{'dataset': 'FAO_FFPI'}
fao_ffpi,Market/Food,ffpi_price_index,Ukraine,2025-10-01,2025-10-31,137.5,0.2685,index_points,FAO_FFPI_snapshot_v43,0.95,monthly,{'dataset': 'FAO_FFPI'}
fao_ffpi,Market/Food,ffpi_price_index,Ukraine,2025-11-01,2025-11-30,139.3,0.3316,index_points,FAO_FFPI_snapshot_v43,0.95,monthly,{'dataset': 'FAO_FFPI'}
fao_ffpi,Market/Food,ffpi_price_index,Ukraine,2025-12-01,2025-12-31,142.8,0.4542,index_points,FAO_FFPI_snapshot_v43,0.95,monthly,{'dataset': 'FAO_FFPI'}
fao_ffpi,Market/Food,ffpi_price_index,Ukraine,2026-01-01,2026-01-31,148.0,0.6363,index_points,FAO_FFPI_snapshot_v43,0.95,monthly,{'dataset': 'FAO_FFPI'}
fao_ffpi,Market/Food,ffpi_price_index,Ukraine,2026-02-01,2026-02-28,150.7,0.7309,index_points,FAO_FFPI_snapshot_v43,0.95,monthly,{'dataset': 'FAO_FFPI'}
fao_ffpi,Market/Food,ffpi_price_index,Ukraine,2026-03-01,2026-03-31,145.3,0.5417,index_points,FAO_FFPI_snapshot_v43,0.95,monthly,{'dataset': 'FAO_FFPI'}
fao_ffpi,Market/Food,ffpi_price_index,Ukraine,2026-04-01,2026-04-12,138.2,0.293,index_points,FAO_FFPI_snapshot_v43,0.95,monthly,{'dataset': 'FAO_FFPI'}
fao_fpma,Market/Food,fpma_food_warning_pressure,China,2025-05-01,2025-05-31,56.6,0.1818,warning_index,FAO_FPMA_snapshot_v43,0.91,monthly,{'dataset': 'FAO_FPMA'}
fao_fpma,Market/Food,fpma_food_warning_pressure,China,2025-06-01,2025-06-30,60.9,0.6364,warning_index,FAO_FPMA_snapshot_v43,0.91,monthly,{'dataset': 'FAO_FPMA'}
fao_fpma,Market/Food,fpma_food_warning_pressure,China,2025-07-01,2025-07-31,63.8,0.7273,warning_index,FAO_FPMA_snapshot_v43,0.91,monthly,{'dataset': 'FAO_FPMA'}
fao_fpma,Market/Food,fpma_food_warning_pressure,China,2025-08-01,2025-08-31,65.2,0.9091,warning_index,FAO_FPMA_snapshot_v43,0.91,monthly,{'dataset': 'FAO_FPMA'}
fao_fpma,Market/Food,fpma_food_warning_pressure,China,2025-09-01,2025-09-30,59.7,0.3636,warning_index,FAO_FPMA_snapshot_v43,0.91,monthly,{'dataset': 'FAO_FPMA'}
fao_fpma,Market/Food,fpma_food_warning_pressure,China,2025-10-01,2025-10-31,54.4,0.0,warning_index,FAO_FPMA_snapshot_v43,0.91,monthly,{'dataset': 'FAO_FPMA'}
fao_fpma,Market/Food,fpma_food_warning_pressure,China,2025-11-01,2025-11-30,56.7,0.2727,warning_index,FAO_FPMA_snapshot_v43,0.91,monthly,{'dataset': 'FAO_FPMA'}
fao_fpma,Market/Food,fpma_food_warning_pressure,China,2025-12-01,2025-12-31,60.9,0.6364,warning_index,FAO_FPMA_snapshot_v43,0.91,monthly,{'dataset': 'FAO_FPMA'}
fao_fpma,Market/Food,fpma_food_warning_pressure,China,2026-01-01,2026-01-31,63.9,0.8182,warning_index,FAO_FPMA_snapshot_v43,0.91,monthly,{'dataset': 'FAO_FPMA'}
fao_fpma,Market/Food,fpma_food_warning_pressure,China,2026-02-01,2026-02-28,65.9,1.0,warning_index,FAO_FPMA_snapshot_v43,0.91,monthly,{'dataset': 'FAO_FPMA'}
fao_fpma,Market/Food,fpma_food_warning_pressure,China,2026-03-01,2026-03-31,60.6,0.4545,warning_index,FAO_FPMA_snapshot_v43,0.91,monthly,{'dataset': 'FAO_FPMA'}
fao_fpma,Market/Food,fpma_food_warning_pressure,China,2026-04-01,2026-04-12,54.7,0.0909,warning_index,FAO_FPMA_snapshot_v43,0.91,monthly,{'dataset': 'FAO_FPMA'}
fao_fpma,Market/Food,fpma_food_warning_pressure,Germany,2025-05-01,2025-05-31,42.9,0.6364,warning_index,FAO_FPMA_snapshot_v43,0.91,monthly,{'dataset': 'FAO_FPMA'}
fao_fpma,Market/Food,fpma_food_warning_pressure,Germany,2025-06-01,2025-06-30,48.0,0.9091,warning_index,FAO_FPMA_snapshot_v43,0.91,monthly,{'dataset': 'FAO_FPMA'}
fao_fpma,Market/Food,fpma_food_warning_pressure,Germany,2025-07-01,2025-07-31,43.0,0.7273,warning_index,FAO_FPMA_snapshot_v43,0.91,monthly,{'dataset': 'FAO_FPMA'}
fao_fpma,Market/Food,fpma_food_warning_pressure,Germany,2025-08-01,2025-08-31,36.6,0.3636,warning_index,FAO_FPMA_snapshot_v43,0.91,monthly,{'dataset': 'FAO_FPMA'}
fao_fpma,Market/Food,fpma_food_warning_pressure,Germany,2025-09-01,2025-09-30,32.4,0.1818,warning_index,FAO_FPMA_snapshot_v43,0.91,monthly,{'dataset': 'FAO_FPMA'}
fao_fpma,Market/Food,fpma_food_warning_pressure,Germany,2025-10-01,2025-10-31,33.1,0.2727,warning_index,FAO_FPMA_snapshot_v43,0.91,monthly,{'dataset': 'FAO_FPMA'}
fao_fpma,Market/Food,fpma_food_warning_pressure,Germany,2025-11-01,2025-11-30,41.4,0.5455,warning_index,FAO_FPMA_snapshot_v43,0.91,monthly,{'dataset': 'FAO_FPMA'}
fao_fpma,Market/Food,fpma_food_warning_pressure,Germany,2025-12-01,2025-12-31,50.4,1.0,warning_index,FAO_FPMA_snapshot_v43,0.91,monthly,{'dataset': 'FAO_FPMA'}
fao_fpma,Market/Food,fpma_food_warning_pressure,Germany,2026-01-01,2026-01-31,46.5,0.8182,warning_index,FAO_FPMA_snapshot_v43,0.91,monthly,{'dataset': 'FAO_FPMA'}
fao_fpma,Market/Food,fpma_food_warning_pressure,Germany,2026-02-01,2026-02-28,37.5,0.4545,warning_index,FAO_FPMA_snapshot_v43,0.91,monthly,{'dataset': 'FAO_FPMA'}
fao_fpma,Market/Food,fpma_food_warning_pressure,Germany,2026-03-01,2026-03-31,32.4,0.1818,warning_index,FAO_FPMA_snapshot_v43,0.91,monthly,{'dataset': 'FAO_FPMA'}
fao_fpma,Market/Food,fpma_food_warning_pressure,Germany,2026-04-01,2026-04-12,32.4,0.1818,warning_index,FAO_FPMA_snapshot_v43,0.91,monthly,{'dataset': 'FAO_FPMA'}
fao_fpma,Market/Food,fpma_food_warning_pressure,Iran,2025-05-01,2025-05-31,86.0,0.3636,warning_index,FAO_FPMA_snapshot_v43,0.91,monthly,{'dataset': 'FAO_FPMA'}
fao_fpma,Market/Food,fpma_food_warning_pressure,Iran,2025-06-01,2025-06-30,96.2,1.0,warning_index,FAO_FPMA_snapshot_v43,0.91,monthly,{'dataset': 'FAO_FPMA'}
fao_fpma,Market/Food,fpma_food_warning_pressure,Iran,2025-07-01,2025-07-31,96.2,1.0,warning_index,FAO_FPMA_snapshot_v43,0.91,monthly,{'dataset': 'FAO_FPMA'}
fao_fpma,Market/Food,fpma_food_warning_pressure,Iran,2025-08-01,2025-08-31,96.2,1.0,warning_index,FAO_FPMA_snapshot_v43,0.91,monthly,{'dataset': 'FAO_FPMA'}
fao_fpma,Market/Food,fpma_food_warning_pressure,Iran,2025-09-01,2025-09-30,84.7,0.1818,warning_index,FAO_FPMA_snapshot_v43,0.91,monthly,{'dataset': 'FAO_FPMA'}
fao_fpma,Market/Food,fpma_food_warning_pressure,Iran,2025-10-01,2025-10-31,81.4,0.0,warning_index,FAO_FPMA_snapshot_v43,0.91,monthly,{'dataset': 'FAO_FPMA'}
fao_fpma,Market/Food,fpma_food_warning_pressure,Iran,2025-11-01,2025-11-30,85.4,0.2727,warning_index,FAO_FPMA_snapshot_v43,0.91,monthly,{'dataset': 'FAO_FPMA'}
fao_fpma,Market/Food,fpma_food_warning_pressure,Iran,2025-12-01,2025-12-31,93.0,0.5455,warning_index,FAO_FPMA_snapshot_v43,0.91,monthly,{'dataset': 'FAO_FPMA'}
fao_fpma,Market/Food,fpma_food_warning_pressure,Iran,2026-01-01,2026-01-31,96.2,1.0,warning_index,FAO_FPMA_snapshot_v43,0.91,monthly,{'dataset': 'FAO_FPMA'}
fao_fpma,Market/Food,fpma_food_warning_pressure,Iran,2026-02-01,2026-02-28,96.2,1.0,warning_index,FAO_FPMA_snapshot_v43,0.91,monthly,{'dataset': 'FAO_FPMA'}
fao_fpma,Market/Food,fpma_food_warning_pressure,Iran,2026-03-01,2026-03-31,90.6,0.4545,warning_index,FAO_FPMA_snapshot_v43,0.91,monthly,{'dataset': 'FAO_FPMA'}
fao_fpma,Market/Food,fpma_food_warning_pressure,Iran,2026-04-01,2026-04-12,82.3,0.0909,warning_index,FAO_FPMA_snapshot_v43,0.91,monthly,{'dataset': 'FAO_FPMA'}
fao_fpma,Market/Food,fpma_food_warning_pressure,Israel,2025-05-01,2025-05-31,69.5,0.3636,warning_index,FAO_FPMA_snapshot_v43,0.91,monthly,{'dataset': 'FAO_FPMA'}
fao_fpma,Market/Food,fpma_food_warning_pressure,Israel,2025-06-01,2025-06-30,82.0,0.7273,warning_index,FAO_FPMA_snapshot_v43,0.91,monthly,{'dataset': 'FAO_FPMA'}
fao_fpma,Market/Food,fpma_food_warning_pressure,Israel,2025-07-01,2025-07-31,84.5,0.8182,warning_index,FAO_FPMA_snapshot_v43,0.91,monthly,{'dataset': 'FAO_FPMA'}
fao_fpma,Market/Food,fpma_food_warning_pressure,Israel,2025-08-01,2025-08-31,71.8,0.6364,warning_index,FAO_FPMA_snapshot_v43,0.91,monthly,{'dataset': 'FAO_FPMA'}
fao_fpma,Market/Food,fpma_food_warning_pressure,Israel,2025-09-01,2025-09-30,63.3,0.2727,warning_index,FAO_FPMA_snapshot_v43,0.91,monthly,{'dataset': 'FAO_FPMA'}
fao_fpma,Market/Food,fpma_food_warning_pressure,Israel,2025-10-01,2025-10-31,63.2,0.1818,warning_index,FAO_FPMA_snapshot_v43,0.91,monthly,{'dataset': 'FAO_FPMA'}
fao_fpma,Market/Food,fpma_food_warning_pressure,Israel,2025-11-01,2025-11-30,71.1,0.5455,warning_index,FAO_FPMA_snapshot_v43,0.91,monthly,{'dataset': 'FAO_FPMA'}
fao_fpma,Market/Food,fpma_food_warning_pressure,Israel,2025-12-01,2025-12-31,85.0,1.0,warning_index,FAO_FPMA_snapshot_v43,0.91,monthly,{'dataset': 'FAO_FPMA'}
fao_fpma,Market/Food,fpma_food_warning_pressure,Israel,2026-01-01,2026-01-31,85.0,1.0,warning_index,FAO_FPMA_snapshot_v43,0.91,monthly,{'dataset': 'FAO_FPMA'}
fao_fpma,Market/Food,fpma_food_warning_pressure,Israel,2026-02-01,2026-02-28,71.1,0.5455,warning_index,FAO_FPMA_snapshot_v43,0.91,monthly,{'dataset': 'FAO_FPMA'}
fao_fpma,Market/Food,fpma_food_warning_pressure,Israel,2026-03-01,2026-03-31,63.1,0.0909,warning_index,FAO_FPMA_snapshot_v43,0.91,monthly,{'dataset': 'FAO_FPMA'}
fao_fpma,Market/Food,fpma_food_warning_pressure,Israel,2026-04-01,2026-04-12,62.7,0.0,warning_index,FAO_FPMA_snapshot_v43,0.91,monthly,{'dataset': 'FAO_FPMA'}
fao_fpma,Market/Food,fpma_food_warning_pressure,Japan,2025-05-01,2025-05-31,31.8,0.3636,warning_index,FAO_FPMA_snapshot_v43,0.91,monthly,{'dataset': 'FAO_FPMA'}
fao_fpma,Market/Food,fpma_food_warning_pressure,Japan,2025-06-01,2025-06-30,35.8,0.9091,warning_index,FAO_FPMA_snapshot_v43,0.91,monthly,{'dataset': 'FAO_FPMA'}
fao_fpma,Market/Food,fpma_food_warning_pressure,Japan,2025-07-01,2025-07-31,36.3,1.0,warning_index,FAO_FPMA_snapshot_v43,0.91,monthly,{'dataset': 'FAO_FPMA'}
fao_fpma,Market/Food,fpma_food_warning_pressure,Japan,2025-08-01,2025-08-31,35.0,0.6364,warning_index,FAO_FPMA_snapshot_v43,0.91,monthly,{'dataset': 'FAO_FPMA'}
fao_fpma,Market/Food,fpma_food_warning_pressure,Japan,2025-09-01,2025-09-30,33.3,0.5455,warning_index,FAO_FPMA_snapshot_v43,0.91,monthly,{'dataset': 'FAO_FPMA'}
fao_fpma,Market/Food,fpma_food_warning_pressure,Japan,2025-10-01,2025-10-31,30.7,0.1818,warning_index,FAO_FPMA_snapshot_v43,0.91,monthly,{'dataset': 'FAO_FPMA'}
fao_fpma,Market/Food,fpma_food_warning_pressure,Japan,2025-11-01,2025-11-30,32.2,0.4545,warning_index,FAO_FPMA_snapshot_v43,0.91,monthly,{'dataset': 'FAO_FPMA'}
fao_fpma,Market/Food,fpma_food_warning_pressure,Japan,2025-12-01,2025-12-31,35.8,0.9091,warning_index,FAO_FPMA_snapshot_v43,0.91,monthly,{'dataset': 'FAO_FPMA'}
fao_fpma,Market/Food,fpma_food_warning_pressure,Japan,2026-01-01,2026-01-31,35.7,0.7273,warning_index,FAO_FPMA_snapshot_v43,0.91,monthly,{'dataset': 'FAO_FPMA'}
fao_fpma,Market/Food,fpma_food_warning_pressure,Japan,2026-02-01,2026-02-28,31.8,0.3636,warning_index,FAO_FPMA_snapshot_v43,0.91,monthly,{'dataset': 'FAO_FPMA'}
fao_fpma,Market/Food,fpma_food_warning_pressure,Japan,2026-03-01,2026-03-31,27.8,0.0909,warning_index,FAO_FPMA_snapshot_v43,0.91,monthly,{'dataset': 'FAO_FPMA'}
fao_fpma,Market/Food,fpma_food_warning_pressure,Japan,2026-04-01,2026-04-12,27.8,0.0909,warning_index,FAO_FPMA_snapshot_v43,0.91,monthly,{'dataset': 'FAO_FPMA'}
fao_fpma,Market/Food,fpma_food_warning_pressure,Nigeria,2025-05-01,2025-05-31,77.3,0.2727,warning_index,FAO_FPMA_snapshot_v43,0.91,monthly,{'dataset': 'FAO_FPMA'}
fao_fpma,Market/Food,fpma_food_warning_pressure,Nigeria,2025-06-01,2025-06-30,85.6,0.5455,warning_index,FAO_FPMA_snapshot_v43,0.91,monthly,{'dataset': 'FAO_FPMA'}
fao_fpma,Market/Food,fpma_food_warning_pressure,Nigeria,2025-07-01,2025-07-31,96.2,1.0,warning_index,FAO_FPMA_snapshot_v43,0.91,monthly,{'dataset': 'FAO_FPMA'}
fao_fpma,Market/Food,fpma_food_warning_pressure,Nigeria,2025-08-01,2025-08-31,92.7,0.7273,warning_index,FAO_FPMA_snapshot_v43,0.91,monthly,{'dataset': 'FAO_FPMA'}
fao_fpma,Market/Food,fpma_food_warning_pressure,Nigeria,2025-09-01,2025-09-30,77.7,0.3636,warning_index,FAO_FPMA_snapshot_v43,0.91,monthly,{'dataset': 'FAO_FPMA'}
fao_fpma,Market/Food,fpma_food_warning_pressure,Nigeria,2025-10-01,2025-10-31,73.3,0.0,warning_index,FAO_FPMA_snapshot_v43,0.91,monthly,{'dataset': 'FAO_FPMA'}
fao_fpma,Market/Food,fpma_food_warning_pressure,Nigeria,2025-11-01,2025-11-30,77.3,0.2727,warning_index,FAO_FPMA_snapshot_v43,0.91,monthly,{'dataset': 'FAO_FPMA'}
fao_fpma,Market/Food,fpma_food_warning_pressure,Nigeria,2025-12-01,2025-12-31,86.2,0.6364,warning_index,FAO_FPMA_snapshot_v43,0.91,monthly,{'dataset': 'FAO_FPMA'}
fao_fpma,Market/Food,fpma_food_warning_pressure,Nigeria,2026-01-01,2026-01-31,96.2,1.0,warning_index,FAO_FPMA_snapshot_v43,0.91,monthly,{'dataset': 'FAO_FPMA'}
fao_fpma,Market/Food,fpma_food_warning_pressure,Nigeria,2026-02-01,2026-02-28,96.2,1.0,warning_index,FAO_FPMA_snapshot_v43,0.91,monthly,{'dataset': 'FAO_FPMA'}
fao_fpma,Market/Food,fpma_food_warning_pressure,Nigeria,2026-03-01,2026-03-31,79.1,0.4545,warning_index,FAO_FPMA_snapshot_v43,0.91,monthly,{'dataset': 'FAO_FPMA'}
fao_fpma,Market/Food,fpma_food_warning_pressure,Nigeria,2026-04-01,2026-04-12,73.5,0.0909,warning_index,FAO_FPMA_snapshot_v43,0.91,monthly,{'dataset': 'FAO_FPMA'}
fao_fpma,Market/Food,fpma_food_warning_pressure,Poland,2025-05-01,2025-05-31,49.2,0.1818,warning_index,FAO_FPMA_snapshot_v43,0.91,monthly,{'dataset': 'FAO_FPMA'}
fao_fpma,Market/Food,fpma_food_warning_pressure,Poland,2025-06-01,2025-06-30,53.3,0.5455,warning_index,FAO_FPMA_snapshot_v43,0.91,monthly,{'dataset': 'FAO_FPMA'}
fao_fpma,Market/Food,fpma_food_warning_pressure,Poland,2025-07-01,2025-07-31,54.6,0.7273,warning_index,FAO_FPMA_snapshot_v43,0.91,monthly,{'dataset': 'FAO_FPMA'}
fao_fpma,Market/Food,fpma_food_warning_pressure,Poland,2025-08-01,2025-08-31,55.2,0.8182,warning_index,FAO_FPMA_snapshot_v43,0.91,monthly,{'dataset': 'FAO_FPMA'}
fao_fpma,Market/Food,fpma_food_warning_pressure,Poland,2025-09-01,2025-09-30,53.2,0.4545,warning_index,FAO_FPMA_snapshot_v43,0.91,monthly,{'dataset': 'FAO_FPMA'}
fao_fpma,Market/Food,fpma_food_warning_pressure,Poland,2025-10-01,2025-10-31,48.5,0.0909,warning_index,FAO_FPMA_snapshot_v43,0.91,monthly,{'dataset': 'FAO_FPMA'}
fao_fpma,Market/Food,fpma_food_warning_pressure,Poland,2025-11-01,2025-11-30,49.7,0.2727,warning_index,FAO_FPMA_snapshot_v43,0.91,monthly,{'dataset': 'FAO_FPMA'}
fao_fpma,Market/Food,fpma_food_warning_pressure,Poland,2025-12-01,2025-12-31,53.5,0.6364,warning_index,FAO_FPMA_snapshot_v43,0.91,monthly,{'dataset': 'FAO_FPMA'}
fao_fpma,Market/Food,fpma_food_warning_pressure,Poland,2026-01-01,2026-01-31,55.6,0.9091,warning_index,FAO_FPMA_snapshot_v43,0.91,monthly,{'dataset': 'FAO_FPMA'}
fao_fpma,Market/Food,fpma_food_warning_pressure,Poland,2026-02-01,2026-02-28,57.2,1.0,warning_index,FAO_FPMA_snapshot_v43,0.91,monthly,{'dataset': 'FAO_FPMA'}
fao_fpma,Market/Food,fpma_food_warning_pressure,Poland,2026-03-01,2026-03-31,53.2,0.4545,warning_index,FAO_FPMA_snapshot_v43,0.91,monthly,{'dataset': 'FAO_FPMA'}
fao_fpma,Market/Food,fpma_food_warning_pressure,Poland,2026-04-01,2026-04-12,47.7,0.0,warning_index,FAO_FPMA_snapshot_v43,0.91,monthly,{'dataset': 'FAO_FPMA'}
fao_fpma,Market/Food,fpma_food_warning_pressure,Russia,2025-05-01,2025-05-31,74.3,0.2727,warning_index,FAO_FPMA_snapshot_v43,0.91,monthly,{'dataset': 'FAO_FPMA'}
fao_fpma,Market/Food,fpma_food_warning_pressure,Russia,2025-06-01,2025-06-30,81.0,0.6364,warning_index,FAO_FPMA_snapshot_v43,0.91,monthly,{'dataset': 'FAO_FPMA'}
fao_fpma,Market/Food,fpma_food_warning_pressure,Russia,2025-07-01,2025-07-31,90.3,1.0,warning_index,FAO_FPMA_snapshot_v43,0.91,monthly,{'dataset': 'FAO_FPMA'}
fao_fpma,Market/Food,fpma_food_warning_pressure,Russia,2025-08-01,2025-08-31,89.8,0.9091,warning_index,FAO_FPMA_snapshot_v43,0.91,monthly,{'dataset': 'FAO_FPMA'}
fao_fpma,Market/Food,fpma_food_warning_pressure,Russia,2025-09-01,2025-09-30,76.2,0.3636,warning_index,FAO_FPMA_snapshot_v43,0.91,monthly,{'dataset': 'FAO_FPMA'}
fao_fpma,Market/Food,fpma_food_warning_pressure,Russia,2025-10-01,2025-10-31,70.8,0.0,warning_index,FAO_FPMA_snapshot_v43,0.91,monthly,{'dataset': 'FAO_FPMA'}
fao_fpma,Market/Food,fpma_food_warning_pressure,Russia,2025-11-01,2025-11-30,74.2,0.1818,warning_index,FAO_FPMA_snapshot_v43,0.91,monthly,{'dataset': 'FAO_FPMA'}
fao_fpma,Market/Food,fpma_food_warning_pressure,Russia,2025-12-01,2025-12-31,79.2,0.4545,warning_index,FAO_FPMA_snapshot_v43,0.91,monthly,{'dataset': 'FAO_FPMA'}
fao_fpma,Market/Food,fpma_food_warning_pressure,Russia,2026-01-01,2026-01-31,85.8,0.7273,warning_index,FAO_FPMA_snapshot_v43,0.91,monthly,{'dataset': 'FAO_FPMA'}
fao_fpma,Market/Food,fpma_food_warning_pressure,Russia,2026-02-01,2026-02-28,89.7,0.8182,warning_index,FAO_FPMA_snapshot_v43,0.91,monthly,{'dataset': 'FAO_FPMA'}
fao_fpma,Market/Food,fpma_food_warning_pressure,Russia,2026-03-01,2026-03-31,79.6,0.5455,warning_index,FAO_FPMA_snapshot_v43,0.91,monthly,{'dataset': 'FAO_FPMA'}
fao_fpma,Market/Food,fpma_food_warning_pressure,Russia,2026-04-01,2026-04-12,71.9,0.0909,warning_index,FAO_FPMA_snapshot_v43,0.91,monthly,{'dataset': 'FAO_FPMA'}
fao_fpma,Market/Food,fpma_food_warning_pressure,Taiwan,2025-05-01,2025-05-31,61.2,0.0909,warning_index,FAO_FPMA_snapshot_v43,0.91,monthly,{'dataset': 'FAO_FPMA'}
fao_fpma,Market/Food,fpma_food_warning_pressure,Taiwan,2025-06-01,2025-06-30,65.4,0.4545,warning_index,FAO_FPMA_snapshot_v43,0.91,monthly,{'dataset': 'FAO_FPMA'}
fao_fpma,Market/Food,fpma_food_warning_pressure,Taiwan,2025-07-01,2025-07-31,67.9,0.7273,warning_index,FAO_FPMA_snapshot_v43,0.91,monthly,{'dataset': 'FAO_FPMA'}
fao_fpma,Market/Food,fpma_food_warning_pressure,Taiwan,2025-08-01,2025-08-31,70.5,1.0,warning_index,FAO_FPMA_snapshot_v43,0.91,monthly,{'dataset': 'FAO_FPMA'}
fao_fpma,Market/Food,fpma_food_warning_pressure,Taiwan,2025-09-01,2025-09-30,67.0,0.6364,warning_index,FAO_FPMA_snapshot_v43,0.91,monthly,{'dataset': 'FAO_FPMA'}
fao_fpma,Market/Food,fpma_food_warning_pressure,Taiwan,2025-10-01,2025-10-31,60.3,0.0,warning_index,FAO_FPMA_snapshot_v43,0.91,monthly,{'dataset': 'FAO_FPMA'}
fao_fpma,Market/Food,fpma_food_warning_pressure,Taiwan,2025-11-01,2025-11-30,61.5,0.1818,warning_index,FAO_FPMA_snapshot_v43,0.91,monthly,{'dataset': 'FAO_FPMA'}
fao_fpma,Market/Food,fpma_food_warning_pressure,Taiwan,2025-12-01,2025-12-31,65.3,0.3636,warning_index,FAO_FPMA_snapshot_v43,0.91,monthly,{'dataset': 'FAO_FPMA'}
fao_fpma,Market/Food,fpma_food_warning_pressure,Taiwan,2026-01-01,2026-01-31,67.0,0.6364,warning_index,FAO_FPMA_snapshot_v43,0.91,monthly,{'dataset': 'FAO_FPMA'}
fao_fpma,Market/Food,fpma_food_warning_pressure,Taiwan,2026-02-01,2026-02-28,69.4,0.9091,warning_index,FAO_FPMA_snapshot_v43,0.91,monthly,{'dataset': 'FAO_FPMA'}
fao_fpma,Market/Food,fpma_food_warning_pressure,Taiwan,2026-03-01,2026-03-31,68.9,0.8182,warning_index,FAO_FPMA_snapshot_v43,0.91,monthly,{'dataset': 'FAO_FPMA'}
fao_fpma,Market/Food,fpma_food_warning_pressure,Taiwan,2026-04-01,2026-04-12,62.2,0.2727,warning_index,FAO_FPMA_snapshot_v43,0.91,monthly,{'dataset': 'FAO_FPMA'}
fao_fpma,Market/Food,fpma_food_warning_pressure,Ukraine,2025-05-01,2025-05-31,79.7,0.2727,warning_index,FAO_FPMA_snapshot_v43,0.91,monthly,{'dataset': 'FAO_FPMA'}
fao_fpma,Market/Food,fpma_food_warning_pressure,Ukraine,2025-06-01,2025-06-30,85.9,0.5455,warning_index,FAO_FPMA_snapshot_v43,0.91,monthly,{'dataset': 'FAO_FPMA'}
fao_fpma,Market/Food,fpma_food_warning_pressure,Ukraine,2025-07-01,2025-07-31,95.9,0.8182,warning_index,FAO_FPMA_snapshot_v43,0.91,monthly,{'dataset': 'FAO_FPMA'}
fao_fpma,Market/Food,fpma_food_warning_pressure,Ukraine,2025-08-01,2025-08-31,96.2,1.0,warning_index,FAO_FPMA_snapshot_v43,0.91,monthly,{'dataset': 'FAO_FPMA'}
fao_fpma,Market/Food,fpma_food_warning_pressure,Ukraine,2025-09-01,2025-09-30,85.7,0.4545,warning_index,FAO_FPMA_snapshot_v43,0.91,monthly,{'dataset': 'FAO_FPMA'}
fao_fpma,Market/Food,fpma_food_warning_pressure,Ukraine,2025-10-01,2025-10-31,77.1,0.0,warning_index,FAO_FPMA_snapshot_v43,0.91,monthly,{'dataset': 'FAO_FPMA'}
fao_fpma,Market/Food,fpma_food_warning_pressure,Ukraine,2025-11-01,2025-11-30,79.7,0.2727,warning_index,FAO_FPMA_snapshot_v43,0.91,monthly,{'dataset': 'FAO_FPMA'}
fao_fpma,Market/Food,fpma_food_warning_pressure,Ukraine,2025-12-01,2025-12-31,84.8,0.3636,warning_index,FAO_FPMA_snapshot_v43,0.91,monthly,{'dataset': 'FAO_FPMA'}
fao_fpma,Market/Food,fpma_food_warning_pressure,Ukraine,2026-01-01,2026-01-31,92.2,0.7273,warning_index,FAO_FPMA_snapshot_v43,0.91,monthly,{'dataset': 'FAO_FPMA'}
fao_fpma,Market/Food,fpma_food_warning_pressure,Ukraine,2026-02-01,2026-02-28,96.2,1.0,warning_index,FAO_FPMA_snapshot_v43,0.91,monthly,{'dataset': 'FAO_FPMA'}
fao_fpma,Market/Food,fpma_food_warning_pressure,Ukraine,2026-03-01,2026-03-31,88.4,0.6364,warning_index,FAO_FPMA_snapshot_v43,0.91,monthly,{'dataset': 'FAO_FPMA'}
fao_fpma,Market/Food,fpma_food_warning_pressure,Ukraine,2026-04-01,2026-04-12,78.2,0.0909,warning_index,FAO_FPMA_snapshot_v43,0.91,monthly,{'dataset': 'FAO_FPMA'}
un_comtrade,Structural,trade_dependency_exposure,China,2024-01-01,2024-12-31,0.511,0.46,dependency_share,UN_COMTRADE_snapshot_v43,0.89,annual,{'dataset': 'UN_COMTRADE'}
un_comtrade,Structural,trade_dependency_exposure,China,2025-01-01,2025-12-31,0.531,0.5171,dependency_share,UN_COMTRADE_snapshot_v43,0.89,annual,{'dataset': 'UN_COMTRADE'}
un_comtrade,Structural,trade_dependency_exposure,Germany,2024-01-01,2024-12-31,0.375,0.0714,dependency_share,UN_COMTRADE_snapshot_v43,0.89,annual,{'dataset': 'UN_COMTRADE'}
un_comtrade,Structural,trade_dependency_exposure,Germany,2025-01-01,2025-12-31,0.395,0.1286,dependency_share,UN_COMTRADE_snapshot_v43,0.89,annual,{'dataset': 'UN_COMTRADE'}
un_comtrade,Structural,trade_dependency_exposure,Iran,2024-01-01,2024-12-31,0.703,1.0,dependency_share,UN_COMTRADE_snapshot_v43,0.89,annual,{'dataset': 'UN_COMTRADE'}
un_comtrade,Structural,trade_dependency_exposure,Iran,2025-01-01,2025-12-31,0.723,1.0,dependency_share,UN_COMTRADE_snapshot_v43,0.89,annual,{'dataset': 'UN_COMTRADE'}
un_comtrade,Structural,trade_dependency_exposure,Israel,2024-01-01,2024-12-31,0.579,0.6543,dependency_share,UN_COMTRADE_snapshot_v43,0.89,annual,{'dataset': 'UN_COMTRADE'}
un_comtrade,Structural,trade_dependency_exposure,Israel,2025-01-01,2025-12-31,0.599,0.7114,dependency_share,UN_COMTRADE_snapshot_v43,0.89,annual,{'dataset': 'UN_COMTRADE'}
un_comtrade,Structural,trade_dependency_exposure,Japan,2024-01-01,2024-12-31,0.344,0.0,dependency_share,UN_COMTRADE_snapshot_v43,0.89,annual,{'dataset': 'UN_COMTRADE'}
un_comtrade,Structural,trade_dependency_exposure,Japan,2025-01-01,2025-12-31,0.364,0.04,dependency_share,UN_COMTRADE_snapshot_v43,0.89,annual,{'dataset': 'UN_COMTRADE'}
un_comtrade,Structural,trade_dependency_exposure,Nigeria,2024-01-01,2024-12-31,0.647,0.8486,dependency_share,UN_COMTRADE_snapshot_v43,0.89,annual,{'dataset': 'UN_COMTRADE'}
un_comtrade,Structural,trade_dependency_exposure,Nigeria,2025-01-01,2025-12-31,0.667,0.9057,dependency_share,UN_COMTRADE_snapshot_v43,0.89,annual,{'dataset': 'UN_COMTRADE'}
un_comtrade,Structural,trade_dependency_exposure,Poland,2024-01-01,2024-12-31,0.461,0.3171,dependency_share,UN_COMTRADE_snapshot_v43,0.89,annual,{'dataset': 'UN_COMTRADE'}
un_comtrade,Structural,trade_dependency_exposure,Poland,2025-01-01,2025-12-31,0.481,0.3743,dependency_share,UN_COMTRADE_snapshot_v43,0.89,annual,{'dataset': 'UN_COMTRADE'}
un_comtrade,Structural,trade_dependency_exposure,Russia,2024-01-01,2024-12-31,0.629,0.7971,dependency_share,UN_COMTRADE_snapshot_v43,0.89,annual,{'dataset': 'UN_COMTRADE'}
un_comtrade,Structural,trade_dependency_exposure,Russia,2025-01-01,2025-12-31,0.649,0.8543,dependency_share,UN_COMTRADE_snapshot_v43,0.89,annual,{'dataset': 'UN_COMTRADE'}
un_comtrade,Structural,trade_dependency_exposure,Taiwan,2024-01-01,2024-12-31,0.542,0.5486,dependency_share,UN_COMTRADE_snapshot_v43,0.89,annual,{'dataset': 'UN_COMTRADE'}
un_comtrade,Structural,trade_dependency_exposure,Taiwan,2025-01-01,2025-12-31,0.562,0.6057,dependency_share,UN_COMTRADE_snapshot_v43,0.89,annual,{'dataset': 'UN_COMTRADE'}
un_comtrade,Structural,trade_dependency_exposure,Ukraine,2024-01-01,2024-12-31,0.666,0.9029,dependency_share,UN_COMTRADE_snapshot_v43,0.89,annual,{'dataset': 'UN_COMTRADE'}
un_comtrade,Structural,trade_dependency_exposure,Ukraine,2025-01-01,2025-12-31,0.686,0.96,dependency_share,UN_COMTRADE_snapshot_v43,0.89,annual,{'dataset': 'UN_COMTRADE'}
gdacs,Shock,disaster_shock_pressure,China,2025-05-01,2025-05-31,0.2793,0.3865,shock_index,GDACS_snapshot_v43,0.9,monthly,"{'severity': 0.575, 'alert_level': 'orange', 'relevance': 0.694, 'mapping': 'severity*alert_weight*relevance'}"
gdacs,Shock,disaster_shock_pressure,China,2025-06-01,2025-06-30,0.3136,0.4779,shock_index,GDACS_snapshot_v43,0.9,monthly,"{'severity': 0.617, 'alert_level': 'orange', 'relevance': 0.726, 'mapping': 'severity*alert_weight*relevance'}"
gdacs,Shock,disaster_shock_pressure,China,2025-07-01,2025-07-31,0.3373,0.5411,shock_index,GDACS_snapshot_v43,0.9,monthly,"{'severity': 0.645, 'alert_level': 'orange', 'relevance': 0.747, 'mapping': 'severity*alert_weight*relevance'}"
gdacs,Shock,disaster_shock_pressure,China,2025-08-01,2025-08-31,0.3497,0.5742,shock_index,GDACS_snapshot_v43,0.9,monthly,"{'severity': 0.659, 'alert_level': 'orange', 'relevance': 0.758, 'mapping': 'severity*alert_weight*relevance'}"
gdacs,Shock,disaster_shock_pressure,China,2025-09-01,2025-09-30,0.3036,0.4513,shock_index,GDACS_snapshot_v43,0.9,monthly,"{'severity': 0.605, 'alert_level': 'orange', 'relevance': 0.717, 'mapping': 'severity*alert_weight*relevance'}"
gdacs,Shock,disaster_shock_pressure,China,2025-10-01,2025-10-31,0.2625,0.3417,shock_index,GDACS_snapshot_v43,0.9,monthly,"{'severity': 0.553, 'alert_level': 'orange', 'relevance': 0.678, 'mapping': 'severity*alert_weight*relevance'}"
gdacs,Shock,disaster_shock_pressure,China,2025-11-01,2025-11-30,0.2802,0.3889,shock_index,GDACS_snapshot_v43,0.9,monthly,"{'severity': 0.576, 'alert_level': 'orange', 'relevance': 0.695, 'mapping': 'severity*alert_weight*relevance'}"
gdacs,Shock,disaster_shock_pressure,China,2025-12-01,2025-12-31,0.3136,0.4779,shock_index,GDACS_snapshot_v43,0.9,monthly,"{'severity': 0.617, 'alert_level': 'orange', 'relevance': 0.726, 'mapping': 'severity*alert_weight*relevance'}"
gdacs,Shock,disaster_shock_pressure,China,2026-01-01,2026-01-31,0.3382,0.5435,shock_index,GDACS_snapshot_v43,0.9,monthly,"{'severity': 0.646, 'alert_level': 'orange', 'relevance': 0.748, 'mapping': 'severity*alert_weight*relevance'}"
gdacs,Shock,disaster_shock_pressure,China,2026-02-01,2026-02-28,0.5082,0.9968,shock_index,GDACS_snapshot_v43,0.9,monthly,"{'severity': 0.666, 'alert_level': 'red', 'relevance': 0.763, 'mapping': 'severity*alert_weight*relevance'}"
gdacs,Shock,disaster_shock_pressure,China,2026-03-01,2026-03-31,0.3112,0.4715,shock_index,GDACS_snapshot_v43,0.9,monthly,"{'severity': 0.614, 'alert_level': 'orange', 'relevance': 0.724, 'mapping': 'severity*alert_weight*relevance'}"
gdacs,Shock,disaster_shock_pressure,China,2026-04-01,2026-04-12,0.2651,0.3486,shock_index,GDACS_snapshot_v43,0.9,monthly,"{'severity': 0.557, 'alert_level': 'orange', 'relevance': 0.68, 'mapping': 'severity*alert_weight*relevance'}"
gdacs,Shock,disaster_shock_pressure,Germany,2025-05-01,2025-05-31,0.1831,0.6132,shock_index,GDACS_snapshot_v43,0.9,monthly,"{'severity': 0.441, 'alert_level': 'orange', 'relevance': 0.593, 'mapping': 'severity*alert_weight*relevance'}"
gdacs,Shock,disaster_shock_pressure,Germany,2025-06-01,2025-06-30,0.2161,0.6909,shock_index,GDACS_snapshot_v43,0.9,monthly,"{'severity': 0.49, 'alert_level': 'orange', 'relevance': 0.63, 'mapping': 'severity*alert_weight*relevance'}"
gdacs,Shock,disaster_shock_pressure,Germany,2025-07-01,2025-07-31,0.1838,0.6149,shock_index,GDACS_snapshot_v43,0.9,monthly,"{'severity': 0.442, 'alert_level': 'orange', 'relevance': 0.594, 'mapping': 'severity*alert_weight*relevance'}"
gdacs,Shock,disaster_shock_pressure,Germany,2025-08-01,2025-08-31,0.0624,0.3291,shock_index,GDACS_snapshot_v43,0.9,monthly,"{'severity': 0.38, 'alert_level': 'green', 'relevance': 0.547, 'mapping': 'severity*alert_weight*relevance'}"
gdacs,Shock,disaster_shock_pressure,Germany,2025-09-01,2025-09-30,0.0522,0.3051,shock_index,GDACS_snapshot_v43,0.9,monthly,"{'severity': 0.338, 'alert_level': 'green', 'relevance': 0.515, 'mapping': 'severity*alert_weight*relevance'}"
gdacs,Shock,disaster_shock_pressure,Germany,2025-10-01,2025-10-31,0.0541,0.3096,shock_index,GDACS_snapshot_v43,0.9,monthly,"{'severity': 0.346, 'alert_level': 'green', 'relevance': 0.521, 'mapping': 'severity*alert_weight*relevance'}"
gdacs,Shock,disaster_shock_pressure,Germany,2025-11-01,2025-11-30,0.1736,0.5909,shock_index,GDACS_snapshot_v43,0.9,monthly,"{'severity': 0.426, 'alert_level': 'orange', 'relevance': 0.582, 'mapping': 'severity*alert_weight*relevance'}"
gdacs,Shock,disaster_shock_pressure,Germany,2025-12-01,2025-12-31,0.2336,0.7321,shock_index,GDACS_snapshot_v43,0.9,monthly,"{'severity': 0.515, 'alert_level': 'orange', 'relevance': 0.648, 'mapping': 'severity*alert_weight*relevance'}"
gdacs,Shock,disaster_shock_pressure,Germany,2026-01-01,2026-01-31,0.2063,0.6678,shock_index,GDACS_snapshot_v43,0.9,monthly,"{'severity': 0.476, 'alert_level': 'orange', 'relevance': 0.619, 'mapping': 'severity*alert_weight*relevance'}"
gdacs,Shock,disaster_shock_pressure,Germany,2026-02-01,2026-02-28,0.1502,0.5358,shock_index,GDACS_snapshot_v43,0.9,monthly,"{'severity': 0.388, 'alert_level': 'orange', 'relevance': 0.553, 'mapping': 'severity*alert_weight*relevance'}"
gdacs,Shock,disaster_shock_pressure,Germany,2026-03-01,2026-03-31,0.0524,0.3056,shock_index,GDACS_snapshot_v43,0.9,monthly,"{'severity': 0.339, 'alert_level': 'green', 'relevance': 0.515, 'mapping': 'severity*alert_weight*relevance'}"
gdacs,Shock,disaster_shock_pressure,Germany,2026-04-01,2026-04-12,0.0522,0.3051,shock_index,GDACS_snapshot_v43,0.9,monthly,"{'severity': 0.338, 'alert_level': 'green', 'relevance': 0.515, 'mapping': 'severity*alert_weight*relevance'}"
gdacs,Shock,disaster_shock_pressure,Iran,2025-05-01,2025-05-31,0.7862,0.371,shock_index,GDACS_snapshot_v43,0.9,monthly,"{'severity': 0.863, 'alert_level': 'red', 'relevance': 0.911, 'mapping': 'severity*alert_weight*relevance'}"
gdacs,Shock,disaster_shock_pressure,Iran,2025-06-01,2025-06-30,0.9485,0.6699,shock_index,GDACS_snapshot_v43,0.9,monthly,"{'severity': 0.962, 'alert_level': 'red', 'relevance': 0.986, 'mapping': 'severity*alert_weight*relevance'}"
gdacs,Shock,disaster_shock_pressure,Iran,2025-07-01,2025-07-31,0.9485,0.6699,shock_index,GDACS_snapshot_v43,0.9,monthly,"{'severity': 0.962, 'alert_level': 'red', 'relevance': 0.986, 'mapping': 'severity*alert_weight*relevance'}"
gdacs,Shock,disaster_shock_pressure,Iran,2025-08-01,2025-08-31,0.9485,0.6699,shock_index,GDACS_snapshot_v43,0.9,monthly,"{'severity': 0.962, 'alert_level': 'red', 'relevance': 0.986, 'mapping': 'severity*alert_weight*relevance'}"
gdacs,Shock,disaster_shock_pressure,Iran,2025-09-01,2025-09-30,0.7667,0.3351,shock_index,GDACS_snapshot_v43,0.9,monthly,"{'severity': 0.85, 'alert_level': 'red', 'relevance': 0.902, 'mapping': 'severity*alert_weight*relevance'}"
gdacs,Shock,disaster_shock_pressure,Iran,2025-10-01,2025-10-31,0.7174,0.2443,shock_index,GDACS_snapshot_v43,0.9,monthly,"{'severity': 0.818, 'alert_level': 'red', 'relevance': 0.877, 'mapping': 'severity*alert_weight*relevance'}"
gdacs,Shock,disaster_shock_pressure,Iran,2025-11-01,2025-11-30,0.7773,0.3546,shock_index,GDACS_snapshot_v43,0.9,monthly,"{'severity': 0.857, 'alert_level': 'red', 'relevance': 0.907, 'mapping': 'severity*alert_weight*relevance'}"
gdacs,Shock,disaster_shock_pressure,Iran,2025-12-01,2025-12-31,0.8966,0.5743,shock_index,GDACS_snapshot_v43,0.9,monthly,"{'severity': 0.931, 'alert_level': 'red', 'relevance': 0.963, 'mapping': 'severity*alert_weight*relevance'}"
gdacs,Shock,disaster_shock_pressure,Iran,2026-01-01,2026-01-31,0.9485,0.6699,shock_index,GDACS_snapshot_v43,0.9,monthly,"{'severity': 0.962, 'alert_level': 'red', 'relevance': 0.986, 'mapping': 'severity*alert_weight*relevance'}"
gdacs,Shock,disaster_shock_pressure,Iran,2026-02-01,2026-02-28,0.9485,0.6699,shock_index,GDACS_snapshot_v43,0.9,monthly,"{'severity': 0.962, 'alert_level': 'red', 'relevance': 0.986, 'mapping': 'severity*alert_weight*relevance'}"
gdacs,Shock,disaster_shock_pressure,Iran,2026-03-01,2026-03-31,0.8571,0.5016,shock_index,GDACS_snapshot_v43,0.9,monthly,"{'severity': 0.907, 'alert_level': 'red', 'relevance': 0.945, 'mapping': 'severity*alert_weight*relevance'}"
gdacs,Shock,disaster_shock_pressure,Iran,2026-04-01,2026-04-12,0.7311,0.2695,shock_index,GDACS_snapshot_v43,0.9,monthly,"{'severity': 0.827, 'alert_level': 'red', 'relevance': 0.884, 'mapping': 'severity*alert_weight*relevance'}"
gdacs,Shock,disaster_shock_pressure,Israel,2025-05-01,2025-05-31,0.5546,0.5009,shock_index,GDACS_snapshot_v43,0.9,monthly,"{'severity': 0.702, 'alert_level': 'red', 'relevance': 0.79, 'mapping': 'severity*alert_weight*relevance'}"
gdacs,Shock,disaster_shock_pressure,Israel,2025-06-01,2025-06-30,0.7268,0.6649,shock_index,GDACS_snapshot_v43,0.9,monthly,"{'severity': 0.824, 'alert_level': 'red', 'relevance': 0.882, 'mapping': 'severity*alert_weight*relevance'}"
gdacs,Shock,disaster_shock_pressure,Israel,2025-07-01,2025-07-31,0.7632,0.6995,shock_index,GDACS_snapshot_v43,0.9,monthly,"{'severity': 0.848, 'alert_level': 'red', 'relevance': 0.9, 'mapping': 'severity*alert_weight*relevance'}"
gdacs,Shock,disaster_shock_pressure,Israel,2025-08-01,2025-08-31,0.5843,0.5292,shock_index,GDACS_snapshot_v43,0.9,monthly,"{'severity': 0.724, 'alert_level': 'red', 'relevance': 0.807, 'mapping': 'severity*alert_weight*relevance'}"
gdacs,Shock,disaster_shock_pressure,Israel,2025-09-01,2025-09-30,0.3338,0.2906,shock_index,GDACS_snapshot_v43,0.9,monthly,"{'severity': 0.641, 'alert_level': 'orange', 'relevance': 0.744, 'mapping': 'severity*alert_weight*relevance'}"
gdacs,Shock,disaster_shock_pressure,Israel,2025-10-01,2025-10-31,0.3319,0.2888,shock_index,GDACS_snapshot_v43,0.9,monthly,"{'severity': 0.639, 'alert_level': 'orange', 'relevance': 0.742, 'mapping': 'severity*alert_weight*relevance'}"
gdacs,Shock,disaster_shock_pressure,Israel,2025-11-01,2025-11-30,0.5735,0.5189,shock_index,GDACS_snapshot_v43,0.9,monthly,"{'severity': 0.716, 'alert_level': 'red', 'relevance': 0.801, 'mapping': 'severity*alert_weight*relevance'}"
gdacs,Shock,disaster_shock_pressure,Israel,2025-12-01,2025-12-31,0.7711,0.707,shock_index,GDACS_snapshot_v43,0.9,monthly,"{'severity': 0.853, 'alert_level': 'red', 'relevance': 0.904, 'mapping': 'severity*alert_weight*relevance'}"
gdacs,Shock,disaster_shock_pressure,Israel,2026-01-01,2026-01-31,0.7711,0.707,shock_index,GDACS_snapshot_v43,0.9,monthly,"{'severity': 0.853, 'alert_level': 'red', 'relevance': 0.904, 'mapping': 'severity*alert_weight*relevance'}"
gdacs,Shock,disaster_shock_pressure,Israel,2026-02-01,2026-02-28,0.5735,0.5189,shock_index,GDACS_snapshot_v43,0.9,monthly,"{'severity': 0.716, 'alert_level': 'red', 'relevance': 0.801, 'mapping': 'severity*alert_weight*relevance'}"
gdacs,Shock,disaster_shock_pressure,Israel,2026-03-01,2026-03-31,0.3319,0.2888,shock_index,GDACS_snapshot_v43,0.9,monthly,"{'severity': 0.639, 'alert_level': 'orange', 'relevance': 0.742, 'mapping': 'severity*alert_weight*relevance'}"
gdacs,Shock,disaster_shock_pressure,Israel,2026-04-01,2026-04-12,0.3285,0.2856,shock_index,GDACS_snapshot_v43,0.9,monthly,"{'severity': 0.635, 'alert_level': 'orange', 'relevance': 0.739, 'mapping': 'severity*alert_weight*relevance'}"
gdacs,Shock,disaster_shock_pressure,Japan,2025-05-01,2025-05-31,0.0508,0.4338,shock_index,GDACS_snapshot_v43,0.9,monthly,"{'severity': 0.332, 'alert_level': 'green', 'relevance': 0.51, 'mapping': 'severity*alert_weight*relevance'}"
gdacs,Shock,disaster_shock_pressure,Japan,2025-06-01,2025-06-30,0.0601,0.6714,shock_index,GDACS_snapshot_v43,0.9,monthly,"{'severity': 0.371, 'alert_level': 'green', 'relevance': 0.54, 'mapping': 'severity*alert_weight*relevance'}"
gdacs,Shock,disaster_shock_pressure,Japan,2025-07-01,2025-07-31,0.0614,0.7047,shock_index,GDACS_snapshot_v43,0.9,monthly,"{'severity': 0.376, 'alert_level': 'green', 'relevance': 0.544, 'mapping': 'severity*alert_weight*relevance'}"
gdacs,Shock,disaster_shock_pressure,Japan,2025-08-01,2025-08-31,0.0582,0.6229,shock_index,GDACS_snapshot_v43,0.9,monthly,"{'severity': 0.363, 'alert_level': 'green', 'relevance': 0.534, 'mapping': 'severity*alert_weight*relevance'}"
gdacs,Shock,disaster_shock_pressure,Japan,2025-09-01,2025-09-30,0.0543,0.5232,shock_index,GDACS_snapshot_v43,0.9,monthly,"{'severity': 0.347, 'alert_level': 'green', 'relevance': 0.522, 'mapping': 'severity*alert_weight*relevance'}"
gdacs,Shock,disaster_shock_pressure,Japan,2025-10-01,2025-10-31,0.0483,0.3699,shock_index,GDACS_snapshot_v43,0.9,monthly,"{'severity': 0.321, 'alert_level': 'green', 'relevance': 0.502, 'mapping': 'severity*alert_weight*relevance'}"
gdacs,Shock,disaster_shock_pressure,Japan,2025-11-01,2025-11-30,0.052,0.4644,shock_index,GDACS_snapshot_v43,0.9,monthly,"{'severity': 0.337, 'alert_level': 'green', 'relevance': 0.514, 'mapping': 'severity*alert_weight*relevance'}"
gdacs,Shock,disaster_shock_pressure,Japan,2025-12-01,2025-12-31,0.0601,0.6714,shock_index,GDACS_snapshot_v43,0.9,monthly,"{'severity': 0.371, 'alert_level': 'green', 'relevance': 0.54, 'mapping': 'severity*alert_weight*relevance'}"
gdacs,Shock,disaster_shock_pressure,Japan,2026-01-01,2026-01-31,0.0601,0.6714,shock_index,GDACS_snapshot_v43,0.9,monthly,"{'severity': 0.371, 'alert_level': 'green', 'relevance': 0.54, 'mapping': 'severity*alert_weight*relevance'}"
gdacs,Shock,disaster_shock_pressure,Japan,2026-02-01,2026-02-28,0.0508,0.4338,shock_index,GDACS_snapshot_v43,0.9,monthly,"{'severity': 0.332, 'alert_level': 'green', 'relevance': 0.51, 'mapping': 'severity*alert_weight*relevance'}"
gdacs,Shock,disaster_shock_pressure,Japan,2026-03-01,2026-03-31,0.0423,0.2166,shock_index,GDACS_snapshot_v43,0.9,monthly,"{'severity': 0.293, 'alert_level': 'green', 'relevance': 0.481, 'mapping': 'severity*alert_weight*relevance'}"
gdacs,Shock,disaster_shock_pressure,Japan,2026-04-01,2026-04-12,0.0423,0.2166,shock_index,GDACS_snapshot_v43,0.9,monthly,"{'severity': 0.293, 'alert_level': 'green', 'relevance': 0.481, 'mapping': 'severity*alert_weight*relevance'}"
gdacs,Shock,disaster_shock_pressure,Nigeria,2025-05-01,2025-05-31,0.6581,0.3646,shock_index,GDACS_snapshot_v43,0.9,monthly,"{'severity': 0.777, 'alert_level': 'red', 'relevance': 0.847, 'mapping': 'severity*alert_weight*relevance'}"
gdacs,Shock,disaster_shock_pressure,Nigeria,2025-06-01,2025-06-30,0.7808,0.5197,shock_index,GDACS_snapshot_v43,0.9,monthly,"{'severity': 0.859, 'alert_level': 'red', 'relevance': 0.909, 'mapping': 'severity*alert_weight*relevance'}"
gdacs,Shock,disaster_shock_pressure,Nigeria,2025-07-01,2025-07-31,0.9485,0.7318,shock_index,GDACS_snapshot_v43,0.9,monthly,"{'severity': 0.962, 'alert_level': 'red', 'relevance': 0.986, 'mapping': 'severity*alert_weight*relevance'}"
gdacs,Shock,disaster_shock_pressure,Nigeria,2025-08-01,2025-08-31,0.8918,0.6601,shock_index,GDACS_snapshot_v43,0.9,monthly,"{'severity': 0.928, 'alert_level': 'red', 'relevance': 0.961, 'mapping': 'severity*alert_weight*relevance'}"
gdacs,Shock,disaster_shock_pressure,Nigeria,2025-09-01,2025-09-30,0.6639,0.3719,shock_index,GDACS_snapshot_v43,0.9,monthly,"{'severity': 0.781, 'alert_level': 'red', 'relevance': 0.85, 'mapping': 'severity*alert_weight*relevance'}"
gdacs,Shock,disaster_shock_pressure,Nigeria,2025-10-01,2025-10-31,0.6045,0.2968,shock_index,GDACS_snapshot_v43,0.9,monthly,"{'severity': 0.739, 'alert_level': 'red', 'relevance': 0.818, 'mapping': 'severity*alert_weight*relevance'}"
gdacs,Shock,disaster_shock_pressure,Nigeria,2025-11-01,2025-11-30,0.659,0.3657,shock_index,GDACS_snapshot_v43,0.9,monthly,"{'severity': 0.778, 'alert_level': 'red', 'relevance': 0.847, 'mapping': 'severity*alert_weight*relevance'}"
gdacs,Shock,disaster_shock_pressure,Nigeria,2025-12-01,2025-12-31,0.7888,0.5299,shock_index,GDACS_snapshot_v43,0.9,monthly,"{'severity': 0.864, 'alert_level': 'red', 'relevance': 0.913, 'mapping': 'severity*alert_weight*relevance'}"
gdacs,Shock,disaster_shock_pressure,Nigeria,2026-01-01,2026-01-31,0.9485,0.7318,shock_index,GDACS_snapshot_v43,0.9,monthly,"{'severity': 0.962, 'alert_level': 'red', 'relevance': 0.986, 'mapping': 'severity*alert_weight*relevance'}"
gdacs,Shock,disaster_shock_pressure,Nigeria,2026-02-01,2026-02-28,0.9485,0.7318,shock_index,GDACS_snapshot_v43,0.9,monthly,"{'severity': 0.962, 'alert_level': 'red', 'relevance': 0.986, 'mapping': 'severity*alert_weight*relevance'}"
gdacs,Shock,disaster_shock_pressure,Nigeria,2026-03-01,2026-03-31,0.6837,0.397,shock_index,GDACS_snapshot_v43,0.9,monthly,"{'severity': 0.795, 'alert_level': 'red', 'relevance': 0.86, 'mapping': 'severity*alert_weight*relevance'}"
gdacs,Shock,disaster_shock_pressure,Nigeria,2026-04-01,2026-04-12,0.6061,0.2988,shock_index,GDACS_snapshot_v43,0.9,monthly,"{'severity': 0.74, 'alert_level': 'red', 'relevance': 0.819, 'mapping': 'severity*alert_weight*relevance'}"
gdacs,Shock,disaster_shock_pressure,Poland,2025-05-01,2025-05-31,0.2253,0.3113,shock_index,GDACS_snapshot_v43,0.9,monthly,"{'severity': 0.503, 'alert_level': 'orange', 'relevance': 0.64, 'mapping': 'severity*alert_weight*relevance'}"
gdacs,Shock,disaster_shock_pressure,Poland,2025-06-01,2025-06-30,0.2547,0.5406,shock_index,GDACS_snapshot_v43,0.9,monthly,"{'severity': 0.543, 'alert_level': 'orange', 'relevance': 0.67, 'mapping': 'severity*alert_weight*relevance'}"
gdacs,Shock,disaster_shock_pressure,Poland,2025-07-01,2025-07-31,0.2638,0.6115,shock_index,GDACS_snapshot_v43,0.9,monthly,"{'severity': 0.555, 'alert_level': 'orange', 'relevance': 0.679, 'mapping': 'severity*alert_weight*relevance'}"
gdacs,Shock,disaster_shock_pressure,Poland,2025-08-01,2025-08-31,0.2682,0.6458,shock_index,GDACS_snapshot_v43,0.9,monthly,"{'severity': 0.561, 'alert_level': 'orange', 'relevance': 0.683, 'mapping': 'severity*alert_weight*relevance'}"
gdacs,Shock,disaster_shock_pressure,Poland,2025-09-01,2025-09-30,0.2538,0.5335,shock_index,GDACS_snapshot_v43,0.9,monthly,"{'severity': 0.542, 'alert_level': 'orange', 'relevance': 0.669, 'mapping': 'severity*alert_weight*relevance'}"
gdacs,Shock,disaster_shock_pressure,Poland,2025-10-01,2025-10-31,0.2201,0.2707,shock_index,GDACS_snapshot_v43,0.9,monthly,"{'severity': 0.496, 'alert_level': 'orange', 'relevance': 0.634, 'mapping': 'severity*alert_weight*relevance'}"
gdacs,Shock,disaster_shock_pressure,Poland,2025-11-01,2025-11-30,0.2282,0.3339,shock_index,GDACS_snapshot_v43,0.9,monthly,"{'severity': 0.507, 'alert_level': 'orange', 'relevance': 0.643, 'mapping': 'severity*alert_weight*relevance'}"
gdacs,Shock,disaster_shock_pressure,Poland,2025-12-01,2025-12-31,0.2555,0.5468,shock_index,GDACS_snapshot_v43,0.9,monthly,"{'severity': 0.544, 'alert_level': 'orange', 'relevance': 0.671, 'mapping': 'severity*alert_weight*relevance'}"
gdacs,Shock,disaster_shock_pressure,Poland,2026-01-01,2026-01-31,0.2722,0.677,shock_index,GDACS_snapshot_v43,0.9,monthly,"{'severity': 0.566, 'alert_level': 'orange', 'relevance': 0.687, 'mapping': 'severity*alert_weight*relevance'}"
gdacs,Shock,disaster_shock_pressure,Poland,2026-02-01,2026-02-28,0.2839,0.7683,shock_index,GDACS_snapshot_v43,0.9,monthly,"{'severity': 0.581, 'alert_level': 'orange', 'relevance': 0.698, 'mapping': 'severity*alert_weight*relevance'}"
gdacs,Shock,disaster_shock_pressure,Poland,2026-03-01,2026-03-31,0.2538,0.5335,shock_index,GDACS_snapshot_v43,0.9,monthly,"{'severity': 0.542, 'alert_level': 'orange', 'relevance': 0.669, 'mapping': 'severity*alert_weight*relevance'}"
gdacs,Shock,disaster_shock_pressure,Poland,2026-04-01,2026-04-12,0.2145,0.2271,shock_index,GDACS_snapshot_v43,0.9,monthly,"{'severity': 0.488, 'alert_level': 'orange', 'relevance': 0.628, 'mapping': 'severity*alert_weight*relevance'}"
gdacs,Shock,disaster_shock_pressure,Russia,2025-05-01,2025-05-31,0.6171,0.3554,shock_index,GDACS_snapshot_v43,0.9,monthly,"{'severity': 0.748, 'alert_level': 'red', 'relevance': 0.825, 'mapping': 'severity*alert_weight*relevance'}"
gdacs,Shock,disaster_shock_pressure,Russia,2025-06-01,2025-06-30,0.7114,0.5128,shock_index,GDACS_snapshot_v43,0.9,monthly,"{'severity': 0.814, 'alert_level': 'red', 'relevance': 0.874, 'mapping': 'severity*alert_weight*relevance'}"
gdacs,Shock,disaster_shock_pressure,Russia,2025-07-01,2025-07-31,0.8534,0.7498,shock_index,GDACS_snapshot_v43,0.9,monthly,"{'severity': 0.905, 'alert_level': 'red', 'relevance': 0.943, 'mapping': 'severity*alert_weight*relevance'}"
gdacs,Shock,disaster_shock_pressure,Russia,2025-08-01,2025-08-31,0.846,0.7374,shock_index,GDACS_snapshot_v43,0.9,monthly,"{'severity': 0.9, 'alert_level': 'red', 'relevance': 0.94, 'mapping': 'severity*alert_weight*relevance'}"
gdacs,Shock,disaster_shock_pressure,Russia,2025-09-01,2025-09-30,0.6435,0.3995,shock_index,GDACS_snapshot_v43,0.9,monthly,"{'severity': 0.767, 'alert_level': 'red', 'relevance': 0.839, 'mapping': 'severity*alert_weight*relevance'}"
gdacs,Shock,disaster_shock_pressure,Russia,2025-10-01,2025-10-31,0.5705,0.2776,shock_index,GDACS_snapshot_v43,0.9,monthly,"{'severity': 0.714, 'alert_level': 'red', 'relevance': 0.799, 'mapping': 'severity*alert_weight*relevance'}"
gdacs,Shock,disaster_shock_pressure,Russia,2025-11-01,2025-11-30,0.6155,0.3527,shock_index,GDACS_snapshot_v43,0.9,monthly,"{'severity': 0.747, 'alert_level': 'red', 'relevance': 0.824, 'mapping': 'severity*alert_weight*relevance'}"
gdacs,Shock,disaster_shock_pressure,Russia,2025-12-01,2025-12-31,0.6862,0.4707,shock_index,GDACS_snapshot_v43,0.9,monthly,"{'severity': 0.797, 'alert_level': 'red', 'relevance': 0.861, 'mapping': 'severity*alert_weight*relevance'}"
gdacs,Shock,disaster_shock_pressure,Russia,2026-01-01,2026-01-31,0.7835,0.6331,shock_index,GDACS_snapshot_v43,0.9,monthly,"{'severity': 0.861, 'alert_level': 'red', 'relevance': 0.91, 'mapping': 'severity*alert_weight*relevance'}"
gdacs,Shock,disaster_shock_pressure,Russia,2026-02-01,2026-02-28,0.8423,0.7313,shock_index,GDACS_snapshot_v43,0.9,monthly,"{'severity': 0.898, 'alert_level': 'red', 'relevance': 0.938, 'mapping': 'severity*alert_weight*relevance'}"
gdacs,Shock,disaster_shock_pressure,Russia,2026-03-01,2026-03-31,0.6912,0.4791,shock_index,GDACS_snapshot_v43,0.9,monthly,"{'severity': 0.8, 'alert_level': 'red', 'relevance': 0.864, 'mapping': 'severity*alert_weight*relevance'}"
gdacs,Shock,disaster_shock_pressure,Russia,2026-04-01,2026-04-12,0.5843,0.3006,shock_index,GDACS_snapshot_v43,0.9,monthly,"{'severity': 0.724, 'alert_level': 'red', 'relevance': 0.807, 'mapping': 'severity*alert_weight*relevance'}"
gdacs,Shock,disaster_shock_pressure,Taiwan,2025-05-01,2025-05-31,0.316,0.2666,shock_index,GDACS_snapshot_v43,0.9,monthly,"{'severity': 0.62, 'alert_level': 'orange', 'relevance': 0.728, 'mapping': 'severity*alert_weight*relevance'}"
gdacs,Shock,disaster_shock_pressure,Taiwan,2025-06-01,2025-06-30,0.5017,0.5694,shock_index,GDACS_snapshot_v43,0.9,monthly,"{'severity': 0.661, 'alert_level': 'red', 'relevance': 0.759, 'mapping': 'severity*alert_weight*relevance'}"
gdacs,Shock,disaster_shock_pressure,Taiwan,2025-07-01,2025-07-31,0.5322,0.6191,shock_index,GDACS_snapshot_v43,0.9,monthly,"{'severity': 0.685, 'alert_level': 'red', 'relevance': 0.777, 'mapping': 'severity*alert_weight*relevance'}"
gdacs,Shock,disaster_shock_pressure,Taiwan,2025-08-01,2025-08-31,0.5667,0.6753,shock_index,GDACS_snapshot_v43,0.9,monthly,"{'severity': 0.711, 'alert_level': 'red', 'relevance': 0.797, 'mapping': 'severity*alert_weight*relevance'}"
gdacs,Shock,disaster_shock_pressure,Taiwan,2025-09-01,2025-09-30,0.5212,0.6012,shock_index,GDACS_snapshot_v43,0.9,monthly,"{'severity': 0.676, 'alert_level': 'red', 'relevance': 0.771, 'mapping': 'severity*alert_weight*relevance'}"
gdacs,Shock,disaster_shock_pressure,Taiwan,2025-10-01,2025-10-31,0.3088,0.2549,shock_index,GDACS_snapshot_v43,0.9,monthly,"{'severity': 0.611, 'alert_level': 'orange', 'relevance': 0.722, 'mapping': 'severity*alert_weight*relevance'}"
gdacs,Shock,disaster_shock_pressure,Taiwan,2025-11-01,2025-11-30,0.3184,0.2705,shock_index,GDACS_snapshot_v43,0.9,monthly,"{'severity': 0.623, 'alert_level': 'orange', 'relevance': 0.73, 'mapping': 'severity*alert_weight*relevance'}"
gdacs,Shock,disaster_shock_pressure,Taiwan,2025-12-01,2025-12-31,0.5003,0.5671,shock_index,GDACS_snapshot_v43,0.9,monthly,"{'severity': 0.66, 'alert_level': 'red', 'relevance': 0.758, 'mapping': 'severity*alert_weight*relevance'}"
gdacs,Shock,disaster_shock_pressure,Taiwan,2026-01-01,2026-01-31,0.5212,0.6012,shock_index,GDACS_snapshot_v43,0.9,monthly,"{'severity': 0.676, 'alert_level': 'red', 'relevance': 0.771, 'mapping': 'severity*alert_weight*relevance'}"
gdacs,Shock,disaster_shock_pressure,Taiwan,2026-02-01,2026-02-28,0.5531,0.6532,shock_index,GDACS_snapshot_v43,0.9,monthly,"{'severity': 0.701, 'alert_level': 'red', 'relevance': 0.789, 'mapping': 'severity*alert_weight*relevance'}"
gdacs,Shock,disaster_shock_pressure,Taiwan,2026-03-01,2026-03-31,0.5456,0.6409,shock_index,GDACS_snapshot_v43,0.9,monthly,"{'severity': 0.695, 'alert_level': 'red', 'relevance': 0.785, 'mapping': 'severity*alert_weight*relevance'}"
gdacs,Shock,disaster_shock_pressure,Taiwan,2026-04-01,2026-04-12,0.3246,0.2806,shock_index,GDACS_snapshot_v43,0.9,monthly,"{'severity': 0.63, 'alert_level': 'orange', 'relevance': 0.736, 'mapping': 'severity*alert_weight*relevance'}"
gdacs,Shock,disaster_shock_pressure,Ukraine,2025-05-01,2025-05-31,0.6929,0.3317,shock_index,GDACS_snapshot_v43,0.9,monthly,"{'severity': 0.801, 'alert_level': 'red', 'relevance': 0.865, 'mapping': 'severity*alert_weight*relevance'}"
gdacs,Shock,disaster_shock_pressure,Ukraine,2025-06-01,2025-06-30,0.7835,0.4747,shock_index,GDACS_snapshot_v43,0.9,monthly,"{'severity': 0.861, 'alert_level': 'red', 'relevance': 0.91, 'mapping': 'severity*alert_weight*relevance'}"
gdacs,Shock,disaster_shock_pressure,Ukraine,2025-07-01,2025-07-31,0.9437,0.7276,shock_index,GDACS_snapshot_v43,0.9,monthly,"{'severity': 0.959, 'alert_level': 'red', 'relevance': 0.984, 'mapping': 'severity*alert_weight*relevance'}"
gdacs,Shock,disaster_shock_pressure,Ukraine,2025-08-01,2025-08-31,0.9485,0.7352,shock_index,GDACS_snapshot_v43,0.9,monthly,"{'severity': 0.962, 'alert_level': 'red', 'relevance': 0.986, 'mapping': 'severity*alert_weight*relevance'}"
gdacs,Shock,disaster_shock_pressure,Ukraine,2025-09-01,2025-09-30,0.7817,0.4719,shock_index,GDACS_snapshot_v43,0.9,monthly,"{'severity': 0.86, 'alert_level': 'red', 'relevance': 0.909, 'mapping': 'severity*alert_weight*relevance'}"
gdacs,Shock,disaster_shock_pressure,Ukraine,2025-10-01,2025-10-31,0.6565,0.2742,shock_index,GDACS_snapshot_v43,0.9,monthly,"{'severity': 0.776, 'alert_level': 'red', 'relevance': 0.846, 'mapping': 'severity*alert_weight*relevance'}"
gdacs,Shock,disaster_shock_pressure,Ukraine,2025-11-01,2025-11-30,0.6929,0.3317,shock_index,GDACS_snapshot_v43,0.9,monthly,"{'severity': 0.801, 'alert_level': 'red', 'relevance': 0.865, 'mapping': 'severity*alert_weight*relevance'}"
gdacs,Shock,disaster_shock_pressure,Ukraine,2025-12-01,2025-12-31,0.7676,0.4496,shock_index,GDACS_snapshot_v43,0.9,monthly,"{'severity': 0.851, 'alert_level': 'red', 'relevance': 0.902, 'mapping': 'severity*alert_weight*relevance'}"
gdacs,Shock,disaster_shock_pressure,Ukraine,2026-01-01,2026-01-31,0.8833,0.6322,shock_index,GDACS_snapshot_v43,0.9,monthly,"{'severity': 0.923, 'alert_level': 'red', 'relevance': 0.957, 'mapping': 'severity*alert_weight*relevance'}"
gdacs,Shock,disaster_shock_pressure,Ukraine,2026-02-01,2026-02-28,0.9485,0.7352,shock_index,GDACS_snapshot_v43,0.9,monthly,"{'severity': 0.962, 'alert_level': 'red', 'relevance': 0.986, 'mapping': 'severity*alert_weight*relevance'}"
gdacs,Shock,disaster_shock_pressure,Ukraine,2026-03-01,2026-03-31,0.8231,0.5372,shock_index,GDACS_snapshot_v43,0.9,monthly,"{'severity': 0.886, 'alert_level': 'red', 'relevance': 0.929, 'mapping': 'severity*alert_weight*relevance'}"
gdacs,Shock,disaster_shock_pressure,Ukraine,2026-04-01,2026-04-12,0.6721,0.2989,shock_index,GDACS_snapshot_v43,0.9,monthly,"{'severity': 0.787, 'alert_level': 'red', 'relevance': 0.854, 'mapping': 'severity*alert_weight*relevance'}"
unhcr,Displacement,displacement_pressure_index,China,2025-05-01,2025-05-31,0.472,0.4387,displacement_index,UNHCR_snapshot_v43,0.91,monthly,"{'displacement_pressure': 0.616, 'delta_pressure': 0.064, 'exposure': 0.576, 'normalization_scope': 'global', 'mapping': '0.6*pressure + 0.25*positive_delta + 0.15*exposure'}"
unhcr,Displacement,displacement_pressure_index,China,2025-06-01,2025-06-30,0.4849,0.4573,displacement_index,UNHCR_snapshot_v43,0.91,monthly,"{'displacement_pressure': 0.65, 'delta_pressure': 0.034, 'exposure': 0.576, 'normalization_scope': 'global', 'mapping': '0.6*pressure + 0.25*positive_delta + 0.15*exposure'}"
unhcr,Displacement,displacement_pressure_index,China,2025-07-01,2025-07-31,0.4951,0.472,displacement_index,UNHCR_snapshot_v43,0.91,monthly,"{'displacement_pressure': 0.672, 'delta_pressure': 0.022, 'exposure': 0.576, 'normalization_scope': 'global', 'mapping': '0.6*pressure + 0.25*positive_delta + 0.15*exposure'}"
unhcr,Displacement,displacement_pressure_index,China,2025-08-01,2025-08-31,0.4989,0.4775,displacement_index,UNHCR_snapshot_v43,0.91,monthly,"{'displacement_pressure': 0.683, 'delta_pressure': 0.011, 'exposure': 0.576, 'normalization_scope': 'global', 'mapping': '0.6*pressure + 0.25*positive_delta + 0.15*exposure'}"
unhcr,Displacement,displacement_pressure_index,China,2025-09-01,2025-09-30,0.4704,0.4363,displacement_index,UNHCR_snapshot_v43,0.91,monthly,"{'displacement_pressure': 0.64, 'delta_pressure': -0.043, 'exposure': 0.576, 'normalization_scope': 'global', 'mapping': '0.6*pressure + 0.25*positive_delta + 0.15*exposure'}"
unhcr,Displacement,displacement_pressure_index,China,2025-10-01,2025-10-31,0.4458,0.4008,displacement_index,UNHCR_snapshot_v43,0.91,monthly,"{'displacement_pressure': 0.599, 'delta_pressure': -0.041, 'exposure': 0.576, 'normalization_scope': 'global', 'mapping': '0.6*pressure + 0.25*positive_delta + 0.15*exposure'}"
unhcr,Displacement,displacement_pressure_index,China,2025-11-01,2025-11-30,0.4613,0.4232,displacement_index,UNHCR_snapshot_v43,0.91,monthly,"{'displacement_pressure': 0.617, 'delta_pressure': 0.019, 'exposure': 0.576, 'normalization_scope': 'global', 'mapping': '0.6*pressure + 0.25*positive_delta + 0.15*exposure'}"
unhcr,Displacement,displacement_pressure_index,China,2025-12-01,2025-12-31,0.4846,0.4568,displacement_index,UNHCR_snapshot_v43,0.91,monthly,"{'displacement_pressure': 0.65, 'delta_pressure': 0.033, 'exposure': 0.576, 'normalization_scope': 'global', 'mapping': '0.6*pressure + 0.25*positive_delta + 0.15*exposure'}"
unhcr,Displacement,displacement_pressure_index,China,2026-01-01,2026-01-31,0.4959,0.4731,displacement_index,UNHCR_snapshot_v43,0.91,monthly,"{'displacement_pressure': 0.673, 'delta_pressure': 0.023, 'exposure': 0.576, 'normalization_scope': 'global', 'mapping': '0.6*pressure + 0.25*positive_delta + 0.15*exposure'}"
unhcr,Displacement,displacement_pressure_index,China,2026-02-01,2026-02-28,0.5038,0.4845,displacement_index,UNHCR_snapshot_v43,0.91,monthly,"{'displacement_pressure': 0.689, 'delta_pressure': 0.016, 'exposure': 0.576, 'normalization_scope': 'global', 'mapping': '0.6*pressure + 0.25*positive_delta + 0.15*exposure'}"
unhcr,Displacement,displacement_pressure_index,China,2026-03-01,2026-03-31,0.4752,0.4433,displacement_index,UNHCR_snapshot_v43,0.91,monthly,"{'displacement_pressure': 0.648, 'delta_pressure': -0.041, 'exposure': 0.576, 'normalization_scope': 'global', 'mapping': '0.6*pressure + 0.25*positive_delta + 0.15*exposure'}"
unhcr,Displacement,displacement_pressure_index,China,2026-04-01,2026-04-12,0.447,0.4026,displacement_index,UNHCR_snapshot_v43,0.91,monthly,"{'displacement_pressure': 0.601, 'delta_pressure': -0.046, 'exposure': 0.576, 'normalization_scope': 'global', 'mapping': '0.6*pressure + 0.25*positive_delta + 0.15*exposure'}"
unhcr,Displacement,displacement_pressure_index,Germany,2025-05-01,2025-05-31,0.3873,0.3164,displacement_index,UNHCR_snapshot_v43,0.91,monthly,"{'displacement_pressure': 0.509, 'delta_pressure': 0.077, 'exposure': 0.418, 'normalization_scope': 'global', 'mapping': '0.6*pressure + 0.25*positive_delta + 0.15*exposure'}"
unhcr,Displacement,displacement_pressure_index,Germany,2025-06-01,2025-06-30,0.4012,0.3365,displacement_index,UNHCR_snapshot_v43,0.91,monthly,"{'displacement_pressure': 0.548, 'delta_pressure': 0.039, 'exposure': 0.418, 'normalization_scope': 'global', 'mapping': '0.6*pressure + 0.25*positive_delta + 0.15*exposure'}"
unhcr,Displacement,displacement_pressure_index,Germany,2025-07-01,2025-07-31,0.3687,0.2896,displacement_index,UNHCR_snapshot_v43,0.91,monthly,"{'displacement_pressure': 0.51, 'delta_pressure': -0.039, 'exposure': 0.418, 'normalization_scope': 'global', 'mapping': '0.6*pressure + 0.25*positive_delta + 0.15*exposure'}"
unhcr,Displacement,displacement_pressure_index,Germany,2025-08-01,2025-08-31,0.3387,0.2463,displacement_index,UNHCR_snapshot_v43,0.91,monthly,"{'displacement_pressure': 0.46, 'delta_pressure': -0.05, 'exposure': 0.418, 'normalization_scope': 'global', 'mapping': '0.6*pressure + 0.25*positive_delta + 0.15*exposure'}"
unhcr,Displacement,displacement_pressure_index,Germany,2025-09-01,2025-09-30,0.3189,0.2177,displacement_index,UNHCR_snapshot_v43,0.91,monthly,"{'displacement_pressure': 0.427, 'delta_pressure': -0.033, 'exposure': 0.418, 'normalization_scope': 'global', 'mapping': '0.6*pressure + 0.25*positive_delta + 0.15*exposure'}"
unhcr,Displacement,displacement_pressure_index,Germany,2025-10-01,2025-10-31,0.3234,0.2242,displacement_index,UNHCR_snapshot_v43,0.91,monthly,"{'displacement_pressure': 0.432, 'delta_pressure': 0.006, 'exposure': 0.418, 'normalization_scope': 'global', 'mapping': '0.6*pressure + 0.25*positive_delta + 0.15*exposure'}"
unhcr,Displacement,displacement_pressure_index,Germany,2025-11-01,2025-11-30,0.3771,0.3017,displacement_index,UNHCR_snapshot_v43,0.91,monthly,"{'displacement_pressure': 0.497, 'delta_pressure': 0.065, 'exposure': 0.418, 'normalization_scope': 'global', 'mapping': '0.6*pressure + 0.25*positive_delta + 0.15*exposure'}"
unhcr,Displacement,displacement_pressure_index,Germany,2025-12-01,2025-12-31,0.4212,0.3653,displacement_index,UNHCR_snapshot_v43,0.91,monthly,"{'displacement_pressure': 0.568, 'delta_pressure': 0.071, 'exposure': 0.418, 'normalization_scope': 'global', 'mapping': '0.6*pressure + 0.25*positive_delta + 0.15*exposure'}"
unhcr,Displacement,displacement_pressure_index,Germany,2026-01-01,2026-01-31,0.3849,0.3129,displacement_index,UNHCR_snapshot_v43,0.91,monthly,"{'displacement_pressure': 0.537, 'delta_pressure': -0.031, 'exposure': 0.418, 'normalization_scope': 'global', 'mapping': '0.6*pressure + 0.25*positive_delta + 0.15*exposure'}"
unhcr,Displacement,displacement_pressure_index,Germany,2026-02-01,2026-02-28,0.3423,0.2515,displacement_index,UNHCR_snapshot_v43,0.91,monthly,"{'displacement_pressure': 0.466, 'delta_pressure': -0.07, 'exposure': 0.418, 'normalization_scope': 'global', 'mapping': '0.6*pressure + 0.25*positive_delta + 0.15*exposure'}"
unhcr,Displacement,displacement_pressure_index,Germany,2026-03-01,2026-03-31,0.3189,0.2177,displacement_index,UNHCR_snapshot_v43,0.91,monthly,"{'displacement_pressure': 0.427, 'delta_pressure': -0.04, 'exposure': 0.418, 'normalization_scope': 'global', 'mapping': '0.6*pressure + 0.25*positive_delta + 0.15*exposure'}"
unhcr,Displacement,displacement_pressure_index,Germany,2026-04-01,2026-04-12,0.3183,0.2168,displacement_index,UNHCR_snapshot_v43,0.91,monthly,"{'displacement_pressure': 0.426, 'delta_pressure': -0.0, 'exposure': 0.418, 'normalization_scope': 'global', 'mapping': '0.6*pressure + 0.25*positive_delta + 0.15*exposure'}"
unhcr,Displacement,displacement_pressure_index,Iran,2025-05-01,2025-05-31,0.6582,0.7074,displacement_index,UNHCR_snapshot_v43,0.91,monthly,"{'displacement_pressure': 0.846, 'delta_pressure': 0.123, 'exposure': 0.799, 'normalization_scope': 'global', 'mapping': '0.6*pressure + 0.25*positive_delta + 0.15*exposure'}"
unhcr,Displacement,displacement_pressure_index,Iran,2025-06-01,2025-06-30,0.6952,0.7608,displacement_index,UNHCR_snapshot_v43,0.91,monthly,"{'displacement_pressure': 0.926, 'delta_pressure': 0.079, 'exposure': 0.799, 'normalization_scope': 'global', 'mapping': '0.6*pressure + 0.25*positive_delta + 0.15*exposure'}"
unhcr,Displacement,displacement_pressure_index,Iran,2025-07-01,2025-07-31,0.6754,0.7322,displacement_index,UNHCR_snapshot_v43,0.91,monthly,"{'displacement_pressure': 0.926, 'delta_pressure': 0.0, 'exposure': 0.799, 'normalization_scope': 'global', 'mapping': '0.6*pressure + 0.25*positive_delta + 0.15*exposure'}"
unhcr,Displacement,displacement_pressure_index,Iran,2025-08-01,2025-08-31,0.6754,0.7322,displacement_index,UNHCR_snapshot_v43,0.91,monthly,"{'displacement_pressure': 0.926, 'delta_pressure': 0.0, 'exposure': 0.799, 'normalization_scope': 'global', 'mapping': '0.6*pressure + 0.25*positive_delta + 0.15*exposure'}"
unhcr,Displacement,displacement_pressure_index,Iran,2025-09-01,2025-09-30,0.6214,0.6543,displacement_index,UNHCR_snapshot_v43,0.91,monthly,"{'displacement_pressure': 0.836, 'delta_pressure': -0.09, 'exposure': 0.799, 'normalization_scope': 'global', 'mapping': '0.6*pressure + 0.25*positive_delta + 0.15*exposure'}"
unhcr,Displacement,displacement_pressure_index,Iran,2025-10-01,2025-10-31,0.6058,0.6318,displacement_index,UNHCR_snapshot_v43,0.91,monthly,"{'displacement_pressure': 0.81, 'delta_pressure': -0.026, 'exposure': 0.799, 'normalization_scope': 'global', 'mapping': '0.6*pressure + 0.25*positive_delta + 0.15*exposure'}"
unhcr,Displacement,displacement_pressure_index,Iran,2025-11-01,2025-11-30,0.6322,0.6699,displacement_index,UNHCR_snapshot_v43,0.91,monthly,"{'displacement_pressure': 0.841, 'delta_pressure': 0.031, 'exposure': 0.799, 'normalization_scope': 'global', 'mapping': '0.6*pressure + 0.25*positive_delta + 0.15*exposure'}"
unhcr,Displacement,displacement_pressure_index,Iran,2025-12-01,2025-12-31,0.6752,0.7319,displacement_index,UNHCR_snapshot_v43,0.91,monthly,"{'displacement_pressure': 0.901, 'delta_pressure': 0.059, 'exposure': 0.799, 'normalization_scope': 'global', 'mapping': '0.6*pressure + 0.25*positive_delta + 0.15*exposure'}"
unhcr,Displacement,displacement_pressure_index,Iran,2026-01-01,2026-01-31,0.6817,0.7413,displacement_index,UNHCR_snapshot_v43,0.91,monthly,"{'displacement_pressure': 0.926, 'delta_pressure': 0.025, 'exposure': 0.799, 'normalization_scope': 'global', 'mapping': '0.6*pressure + 0.25*positive_delta + 0.15*exposure'}"
unhcr,Displacement,displacement_pressure_index,Iran,2026-02-01,2026-02-28,0.6754,0.7322,displacement_index,UNHCR_snapshot_v43,0.91,monthly,"{'displacement_pressure': 0.926, 'delta_pressure': 0.0, 'exposure': 0.799, 'normalization_scope': 'global', 'mapping': '0.6*pressure + 0.25*positive_delta + 0.15*exposure'}"
unhcr,Displacement,displacement_pressure_index,Iran,2026-03-01,2026-03-31,0.6491,0.6943,displacement_index,UNHCR_snapshot_v43,0.91,monthly,"{'displacement_pressure': 0.882, 'delta_pressure': -0.044, 'exposure': 0.799, 'normalization_scope': 'global', 'mapping': '0.6*pressure + 0.25*positive_delta + 0.15*exposure'}"
unhcr,Displacement,displacement_pressure_index,Iran,2026-04-01,2026-04-12,0.61,0.6378,displacement_index,UNHCR_snapshot_v43,0.91,monthly,"{'displacement_pressure': 0.817, 'delta_pressure': -0.065, 'exposure': 0.799, 'normalization_scope': 'global', 'mapping': '0.6*pressure + 0.25*positive_delta + 0.15*exposure'}"
unhcr,Displacement,displacement_pressure_index,Israel,2025-05-01,2025-05-31,0.5544,0.5576,displacement_index,UNHCR_snapshot_v43,0.91,monthly,"{'displacement_pressure': 0.717, 'delta_pressure': 0.104, 'exposure': 0.655, 'normalization_scope': 'global', 'mapping': '0.6*pressure + 0.25*positive_delta + 0.15*exposure'}"
unhcr,Displacement,displacement_pressure_index,Israel,2025-06-01,2025-06-30,0.6118,0.6404,displacement_index,UNHCR_snapshot_v43,0.91,monthly,"{'displacement_pressure': 0.815, 'delta_pressure': 0.098, 'exposure': 0.655, 'normalization_scope': 'global', 'mapping': '0.6*pressure + 0.25*positive_delta + 0.15*exposure'}"
unhcr,Displacement,displacement_pressure_index,Israel,2025-07-01,2025-07-31,0.6034,0.6283,displacement_index,UNHCR_snapshot_v43,0.91,monthly,"{'displacement_pressure': 0.834, 'delta_pressure': 0.019, 'exposure': 0.655, 'normalization_scope': 'global', 'mapping': '0.6*pressure + 0.25*positive_delta + 0.15*exposure'}"
unhcr,Displacement,displacement_pressure_index,Israel,2025-08-01,2025-08-31,0.5393,0.5358,displacement_index,UNHCR_snapshot_v43,0.91,monthly,"{'displacement_pressure': 0.735, 'delta_pressure': -0.099, 'exposure': 0.655, 'normalization_scope': 'global', 'mapping': '0.6*pressure + 0.25*positive_delta + 0.15*exposure'}"
unhcr,Displacement,displacement_pressure_index,Israel,2025-09-01,2025-09-30,0.4997,0.4786,displacement_index,UNHCR_snapshot_v43,0.91,monthly,"{'displacement_pressure': 0.669, 'delta_pressure': -0.067, 'exposure': 0.655, 'normalization_scope': 'global', 'mapping': '0.6*pressure + 0.25*positive_delta + 0.15*exposure'}"
unhcr,Displacement,displacement_pressure_index,Israel,2025-10-01,2025-10-31,0.4985,0.4769,displacement_index,UNHCR_snapshot_v43,0.91,monthly,"{'displacement_pressure': 0.667, 'delta_pressure': -0.001, 'exposure': 0.655, 'normalization_scope': 'global', 'mapping': '0.6*pressure + 0.25*positive_delta + 0.15*exposure'}"
unhcr,Displacement,displacement_pressure_index,Israel,2025-11-01,2025-11-30,0.5512,0.553,displacement_index,UNHCR_snapshot_v43,0.91,monthly,"{'displacement_pressure': 0.729, 'delta_pressure': 0.062, 'exposure': 0.655, 'normalization_scope': 'global', 'mapping': '0.6*pressure + 0.25*positive_delta + 0.15*exposure'}"
unhcr,Displacement,displacement_pressure_index,Israel,2025-12-01,2025-12-31,0.6283,0.6642,displacement_index,UNHCR_snapshot_v43,0.91,monthly,"{'displacement_pressure': 0.838, 'delta_pressure': 0.109, 'exposure': 0.655, 'normalization_scope': 'global', 'mapping': '0.6*pressure + 0.25*positive_delta + 0.15*exposure'}"
unhcr,Displacement,displacement_pressure_index,Israel,2026-01-01,2026-01-31,0.601,0.6248,displacement_index,UNHCR_snapshot_v43,0.91,monthly,"{'displacement_pressure': 0.838, 'delta_pressure': -0.0, 'exposure': 0.655, 'normalization_scope': 'global', 'mapping': '0.6*pressure + 0.25*positive_delta + 0.15*exposure'}"
unhcr,Displacement,displacement_pressure_index,Israel,2026-02-01,2026-02-28,0.5356,0.5304,displacement_index,UNHCR_snapshot_v43,0.91,monthly,"{'displacement_pressure': 0.729, 'delta_pressure': -0.109, 'exposure': 0.655, 'normalization_scope': 'global', 'mapping': '0.6*pressure + 0.25*positive_delta + 0.15*exposure'}"
unhcr,Displacement,displacement_pressure_index,Israel,2026-03-01,2026-03-31,0.4985,0.4769,displacement_index,UNHCR_snapshot_v43,0.91,monthly,"{'displacement_pressure': 0.667, 'delta_pressure': -0.062, 'exposure': 0.655, 'normalization_scope': 'global', 'mapping': '0.6*pressure + 0.25*positive_delta + 0.15*exposure'}"
unhcr,Displacement,displacement_pressure_index,Israel,2026-04-01,2026-04-12,0.4967,0.4743,displacement_index,UNHCR_snapshot_v43,0.91,monthly,"{'displacement_pressure': 0.664, 'delta_pressure': -0.003, 'exposure': 0.655, 'normalization_scope': 'global', 'mapping': '0.6*pressure + 0.25*positive_delta + 0.15*exposure'}"
unhcr,Displacement,displacement_pressure_index,Japan,2025-05-01,2025-05-31,0.315,0.2121,displacement_index,UNHCR_snapshot_v43,0.91,monthly,"{'displacement_pressure': 0.422, 'delta_pressure': 0.018, 'exposure': 0.382, 'normalization_scope': 'global', 'mapping': '0.6*pressure + 0.25*positive_delta + 0.15*exposure'}"
unhcr,Displacement,displacement_pressure_index,Japan,2025-06-01,2025-06-30,0.3368,0.2435,displacement_index,UNHCR_snapshot_v43,0.91,monthly,"{'displacement_pressure': 0.453, 'delta_pressure': 0.031, 'exposure': 0.382, 'normalization_scope': 'global', 'mapping': '0.6*pressure + 0.25*positive_delta + 0.15*exposure'}"
unhcr,Displacement,displacement_pressure_index,Japan,2025-07-01,2025-07-31,0.3325,0.2373,displacement_index,UNHCR_snapshot_v43,0.91,monthly,"{'displacement_pressure': 0.457, 'delta_pressure': 0.004, 'exposure': 0.382, 'normalization_scope': 'global', 'mapping': '0.6*pressure + 0.25*positive_delta + 0.15*exposure'}"
unhcr,Displacement,displacement_pressure_index,Japan,2025-08-01,2025-08-31,0.3255,0.2272,displacement_index,UNHCR_snapshot_v43,0.91,monthly,"{'displacement_pressure': 0.447, 'delta_pressure': -0.011, 'exposure': 0.382, 'normalization_scope': 'global', 'mapping': '0.6*pressure + 0.25*positive_delta + 0.15*exposure'}"
unhcr,Displacement,displacement_pressure_index,Japan,2025-09-01,2025-09-30,0.3177,0.216,displacement_index,UNHCR_snapshot_v43,0.91,monthly,"{'displacement_pressure': 0.434, 'delta_pressure': -0.013, 'exposure': 0.382, 'normalization_scope': 'global', 'mapping': '0.6*pressure + 0.25*positive_delta + 0.15*exposure'}"
unhcr,Displacement,displacement_pressure_index,Japan,2025-10-01,2025-10-31,0.3051,0.1978,displacement_index,UNHCR_snapshot_v43,0.91,monthly,"{'displacement_pressure': 0.413, 'delta_pressure': -0.021, 'exposure': 0.382, 'normalization_scope': 'global', 'mapping': '0.6*pressure + 0.25*positive_delta + 0.15*exposure'}"
unhcr,Displacement,displacement_pressure_index,Japan,2025-11-01,2025-11-30,0.3153,0.2125,displacement_index,UNHCR_snapshot_v43,0.91,monthly,"{'displacement_pressure': 0.425, 'delta_pressure': 0.012, 'exposure': 0.382, 'normalization_scope': 'global', 'mapping': '0.6*pressure + 0.25*positive_delta + 0.15*exposure'}"
unhcr,Displacement,displacement_pressure_index,Japan,2025-12-01,2025-12-31,0.3361,0.2425,displacement_index,UNHCR_snapshot_v43,0.91,monthly,"{'displacement_pressure': 0.453, 'delta_pressure': 0.028, 'exposure': 0.382, 'normalization_scope': 'global', 'mapping': '0.6*pressure + 0.25*positive_delta + 0.15*exposure'}"
unhcr,Displacement,displacement_pressure_index,Japan,2026-01-01,2026-01-31,0.3291,0.2324,displacement_index,UNHCR_snapshot_v43,0.91,monthly,"{'displacement_pressure': 0.453, 'delta_pressure': -0.0, 'exposure': 0.382, 'normalization_scope': 'global', 'mapping': '0.6*pressure + 0.25*positive_delta + 0.15*exposure'}"
unhcr,Displacement,displacement_pressure_index,Japan,2026-02-01,2026-02-28,0.3105,0.2056,displacement_index,UNHCR_snapshot_v43,0.91,monthly,"{'displacement_pressure': 0.422, 'delta_pressure': -0.031, 'exposure': 0.382, 'normalization_scope': 'global', 'mapping': '0.6*pressure + 0.25*positive_delta + 0.15*exposure'}"
unhcr,Displacement,displacement_pressure_index,Japan,2026-03-01,2026-03-31,0.2913,0.1779,displacement_index,UNHCR_snapshot_v43,0.91,monthly,"{'displacement_pressure': 0.39, 'delta_pressure': -0.031, 'exposure': 0.382, 'normalization_scope': 'global', 'mapping': '0.6*pressure + 0.25*positive_delta + 0.15*exposure'}"
unhcr,Displacement,displacement_pressure_index,Japan,2026-04-01,2026-04-12,0.2913,0.1779,displacement_index,UNHCR_snapshot_v43,0.91,monthly,"{'displacement_pressure': 0.39, 'delta_pressure': -0.0, 'exposure': 0.382, 'normalization_scope': 'global', 'mapping': '0.6*pressure + 0.25*positive_delta + 0.15*exposure'}"
unhcr,Displacement,displacement_pressure_index,Nigeria,2025-05-01,2025-05-31,0.6029,0.6276,displacement_index,UNHCR_snapshot_v43,0.91,monthly,"{'displacement_pressure': 0.778, 'delta_pressure': 0.104, 'exposure': 0.734, 'normalization_scope': 'global', 'mapping': '0.6*pressure + 0.25*positive_delta + 0.15*exposure'}"
unhcr,Displacement,displacement_pressure_index,Nigeria,2025-06-01,2025-06-30,0.6321,0.6697,displacement_index,UNHCR_snapshot_v43,0.91,monthly,"{'displacement_pressure': 0.843, 'delta_pressure': 0.065, 'exposure': 0.734, 'normalization_scope': 'global', 'mapping': '0.6*pressure + 0.25*positive_delta + 0.15*exposure'}"
unhcr,Displacement,displacement_pressure_index,Nigeria,2025-07-01,2025-07-31,0.6862,0.7478,displacement_index,UNHCR_snapshot_v43,0.91,monthly,"{'displacement_pressure': 0.926, 'delta_pressure': 0.082, 'exposure': 0.734, 'normalization_scope': 'global', 'mapping': '0.6*pressure + 0.25*positive_delta + 0.15*exposure'}"
unhcr,Displacement,displacement_pressure_index,Nigeria,2025-08-01,2025-08-31,0.6489,0.694,displacement_index,UNHCR_snapshot_v43,0.91,monthly,"{'displacement_pressure': 0.898, 'delta_pressure': -0.027, 'exposure': 0.734, 'normalization_scope': 'global', 'mapping': '0.6*pressure + 0.25*positive_delta + 0.15*exposure'}"
unhcr,Displacement,displacement_pressure_index,Nigeria,2025-09-01,2025-09-30,0.5787,0.5926,displacement_index,UNHCR_snapshot_v43,0.91,monthly,"{'displacement_pressure': 0.781, 'delta_pressure': -0.118, 'exposure': 0.734, 'normalization_scope': 'global', 'mapping': '0.6*pressure + 0.25*positive_delta + 0.15*exposure'}"
unhcr,Displacement,displacement_pressure_index,Nigeria,2025-10-01,2025-10-31,0.5583,0.5632,displacement_index,UNHCR_snapshot_v43,0.91,monthly,"{'displacement_pressure': 0.747, 'delta_pressure': -0.034, 'exposure': 0.734, 'normalization_scope': 'global', 'mapping': '0.6*pressure + 0.25*positive_delta + 0.15*exposure'}"
unhcr,Displacement,displacement_pressure_index,Nigeria,2025-11-01,2025-11-30,0.5847,0.6013,displacement_index,UNHCR_snapshot_v43,0.91,monthly,"{'displacement_pressure': 0.778, 'delta_pressure': 0.031, 'exposure': 0.734, 'normalization_scope': 'global', 'mapping': '0.6*pressure + 0.25*positive_delta + 0.15*exposure'}"
unhcr,Displacement,displacement_pressure_index,Nigeria,2025-12-01,2025-12-31,0.6361,0.6755,displacement_index,UNHCR_snapshot_v43,0.91,monthly,"{'displacement_pressure': 0.848, 'delta_pressure': 0.069, 'exposure': 0.734, 'normalization_scope': 'global', 'mapping': '0.6*pressure + 0.25*positive_delta + 0.15*exposure'}"
unhcr,Displacement,displacement_pressure_index,Nigeria,2026-01-01,2026-01-31,0.6852,0.7464,displacement_index,UNHCR_snapshot_v43,0.91,monthly,"{'displacement_pressure': 0.926, 'delta_pressure': 0.078, 'exposure': 0.734, 'normalization_scope': 'global', 'mapping': '0.6*pressure + 0.25*positive_delta + 0.15*exposure'}"
unhcr,Displacement,displacement_pressure_index,Nigeria,2026-02-01,2026-02-28,0.6657,0.7182,displacement_index,UNHCR_snapshot_v43,0.91,monthly,"{'displacement_pressure': 0.926, 'delta_pressure': 0.0, 'exposure': 0.734, 'normalization_scope': 'global', 'mapping': '0.6*pressure + 0.25*positive_delta + 0.15*exposure'}"
unhcr,Displacement,displacement_pressure_index,Nigeria,2026-03-01,2026-03-31,0.5853,0.6022,displacement_index,UNHCR_snapshot_v43,0.91,monthly,"{'displacement_pressure': 0.792, 'delta_pressure': -0.134, 'exposure': 0.734, 'normalization_scope': 'global', 'mapping': '0.6*pressure + 0.25*positive_delta + 0.15*exposure'}"
unhcr,Displacement,displacement_pressure_index,Nigeria,2026-04-01,2026-04-12,0.5589,0.5641,displacement_index,UNHCR_snapshot_v43,0.91,monthly,"{'displacement_pressure': 0.748, 'delta_pressure': -0.044, 'exposure': 0.734, 'normalization_scope': 'global', 'mapping': '0.6*pressure + 0.25*positive_delta + 0.15*exposure'}"
unhcr,Displacement,displacement_pressure_index,Poland,2025-05-01,2025-05-31,0.425,0.3708,displacement_index,UNHCR_snapshot_v43,0.91,monthly,"{'displacement_pressure': 0.558, 'delta_pressure': 0.05, 'exposure': 0.518, 'normalization_scope': 'global', 'mapping': '0.6*pressure + 0.25*positive_delta + 0.15*exposure'}"
unhcr,Displacement,displacement_pressure_index,Poland,2025-06-01,2025-06-30,0.4397,0.392,displacement_index,UNHCR_snapshot_v43,0.91,monthly,"{'displacement_pressure': 0.59, 'delta_pressure': 0.032, 'exposure': 0.518, 'normalization_scope': 'global', 'mapping': '0.6*pressure + 0.25*positive_delta + 0.15*exposure'}"
unhcr,Displacement,displacement_pressure_index,Poland,2025-07-01,2025-07-31,0.4402,0.3928,displacement_index,UNHCR_snapshot_v43,0.91,monthly,"{'displacement_pressure': 0.6, 'delta_pressure': 0.01, 'exposure': 0.518, 'normalization_scope': 'global', 'mapping': '0.6*pressure + 0.25*positive_delta + 0.15*exposure'}"
unhcr,Displacement,displacement_pressure_index,Poland,2025-08-01,2025-08-31,0.4419,0.3952,displacement_index,UNHCR_snapshot_v43,0.91,monthly,"{'displacement_pressure': 0.605, 'delta_pressure': 0.005, 'exposure': 0.518, 'normalization_scope': 'global', 'mapping': '0.6*pressure + 0.25*positive_delta + 0.15*exposure'}"
unhcr,Displacement,displacement_pressure_index,Poland,2025-09-01,2025-09-30,0.4317,0.3805,displacement_index,UNHCR_snapshot_v43,0.91,monthly,"{'displacement_pressure': 0.59, 'delta_pressure': -0.015, 'exposure': 0.518, 'normalization_scope': 'global', 'mapping': '0.6*pressure + 0.25*positive_delta + 0.15*exposure'}"
unhcr,Displacement,displacement_pressure_index,Poland,2025-10-01,2025-10-31,0.4095,0.3484,displacement_index,UNHCR_snapshot_v43,0.91,monthly,"{'displacement_pressure': 0.553, 'delta_pressure': -0.037, 'exposure': 0.518, 'normalization_scope': 'global', 'mapping': '0.6*pressure + 0.25*positive_delta + 0.15*exposure'}"
unhcr,Displacement,displacement_pressure_index,Poland,2025-11-01,2025-11-30,0.4171,0.3594,displacement_index,UNHCR_snapshot_v43,0.91,monthly,"{'displacement_pressure': 0.562, 'delta_pressure': 0.009, 'exposure': 0.518, 'normalization_scope': 'global', 'mapping': '0.6*pressure + 0.25*positive_delta + 0.15*exposure'}"
unhcr,Displacement,displacement_pressure_index,Poland,2025-12-01,2025-12-31,0.4398,0.3922,displacement_index,UNHCR_snapshot_v43,0.91,monthly,"{'displacement_pressure': 0.591, 'delta_pressure': 0.03, 'exposure': 0.518, 'normalization_scope': 'global', 'mapping': '0.6*pressure + 0.25*positive_delta + 0.15*exposure'}"
unhcr,Displacement,displacement_pressure_index,Poland,2026-01-01,2026-01-31,0.4467,0.4021,displacement_index,UNHCR_snapshot_v43,0.91,monthly,"{'displacement_pressure': 0.608, 'delta_pressure': 0.017, 'exposure': 0.518, 'normalization_scope': 'global', 'mapping': '0.6*pressure + 0.25*positive_delta + 0.15*exposure'}"
unhcr,Displacement,displacement_pressure_index,Poland,2026-02-01,2026-02-28,0.4527,0.4108,displacement_index,UNHCR_snapshot_v43,0.91,monthly,"{'displacement_pressure': 0.62, 'delta_pressure': 0.012, 'exposure': 0.518, 'normalization_scope': 'global', 'mapping': '0.6*pressure + 0.25*positive_delta + 0.15*exposure'}"
unhcr,Displacement,displacement_pressure_index,Poland,2026-03-01,2026-03-31,0.4311,0.3796,displacement_index,UNHCR_snapshot_v43,0.91,monthly,"{'displacement_pressure': 0.589, 'delta_pressure': -0.031, 'exposure': 0.518, 'normalization_scope': 'global', 'mapping': '0.6*pressure + 0.25*positive_delta + 0.15*exposure'}"
unhcr,Displacement,displacement_pressure_index,Poland,2026-04-01,2026-04-12,0.4053,0.3424,displacement_index,UNHCR_snapshot_v43,0.91,monthly,"{'displacement_pressure': 0.546, 'delta_pressure': -0.043, 'exposure': 0.518, 'normalization_scope': 'global', 'mapping': '0.6*pressure + 0.25*positive_delta + 0.15*exposure'}"
unhcr,Displacement,displacement_pressure_index,Russia,2025-05-01,2025-05-31,0.5836,0.5997,displacement_index,UNHCR_snapshot_v43,0.91,monthly,"{'displacement_pressure': 0.754, 'delta_pressure': 0.097, 'exposure': 0.713, 'normalization_scope': 'global', 'mapping': '0.6*pressure + 0.25*positive_delta + 0.15*exposure'}"
unhcr,Displacement,displacement_pressure_index,Russia,2025-06-01,2025-06-30,0.6041,0.6293,displacement_index,UNHCR_snapshot_v43,0.91,monthly,"{'displacement_pressure': 0.807, 'delta_pressure': 0.052, 'exposure': 0.713, 'normalization_scope': 'global', 'mapping': '0.6*pressure + 0.25*positive_delta + 0.15*exposure'}"
unhcr,Displacement,displacement_pressure_index,Russia,2025-07-01,2025-07-31,0.6532,0.7002,displacement_index,UNHCR_snapshot_v43,0.91,monthly,"{'displacement_pressure': 0.88, 'delta_pressure': 0.073, 'exposure': 0.713, 'normalization_scope': 'global', 'mapping': '0.6*pressure + 0.25*positive_delta + 0.15*exposure'}"
unhcr,Displacement,displacement_pressure_index,Russia,2025-08-01,2025-08-31,0.6325,0.6703,displacement_index,UNHCR_snapshot_v43,0.91,monthly,"{'displacement_pressure': 0.876, 'delta_pressure': -0.004, 'exposure': 0.713, 'normalization_scope': 'global', 'mapping': '0.6*pressure + 0.25*positive_delta + 0.15*exposure'}"
unhcr,Displacement,displacement_pressure_index,Russia,2025-09-01,2025-09-30,0.5689,0.5785,displacement_index,UNHCR_snapshot_v43,0.91,monthly,"{'displacement_pressure': 0.77, 'delta_pressure': -0.106, 'exposure': 0.713, 'normalization_scope': 'global', 'mapping': '0.6*pressure + 0.25*positive_delta + 0.15*exposure'}"
unhcr,Displacement,displacement_pressure_index,Russia,2025-10-01,2025-10-31,0.5432,0.5414,displacement_index,UNHCR_snapshot_v43,0.91,monthly,"{'displacement_pressure': 0.727, 'delta_pressure': -0.042, 'exposure': 0.713, 'normalization_scope': 'global', 'mapping': '0.6*pressure + 0.25*positive_delta + 0.15*exposure'}"
unhcr,Displacement,displacement_pressure_index,Russia,2025-11-01,2025-11-30,0.5653,0.5733,displacement_index,UNHCR_snapshot_v43,0.91,monthly,"{'displacement_pressure': 0.753, 'delta_pressure': 0.026, 'exposure': 0.713, 'normalization_scope': 'global', 'mapping': '0.6*pressure + 0.25*positive_delta + 0.15*exposure'}"
unhcr,Displacement,displacement_pressure_index,Russia,2025-12-01,2025-12-31,0.5927,0.6129,displacement_index,UNHCR_snapshot_v43,0.91,monthly,"{'displacement_pressure': 0.793, 'delta_pressure': 0.04, 'exposure': 0.713, 'normalization_scope': 'global', 'mapping': '0.6*pressure + 0.25*positive_delta + 0.15*exposure'}"
unhcr,Displacement,displacement_pressure_index,Russia,2026-01-01,2026-01-31,0.627,0.6624,displacement_index,UNHCR_snapshot_v43,0.91,monthly,"{'displacement_pressure': 0.845, 'delta_pressure': 0.052, 'exposure': 0.713, 'normalization_scope': 'global', 'mapping': '0.6*pressure + 0.25*positive_delta + 0.15*exposure'}"
unhcr,Displacement,displacement_pressure_index,Russia,2026-02-01,2026-02-28,0.6394,0.6803,displacement_index,UNHCR_snapshot_v43,0.91,monthly,"{'displacement_pressure': 0.875, 'delta_pressure': 0.03, 'exposure': 0.713, 'normalization_scope': 'global', 'mapping': '0.6*pressure + 0.25*positive_delta + 0.15*exposure'}"
unhcr,Displacement,displacement_pressure_index,Russia,2026-03-01,2026-03-31,0.5846,0.6012,displacement_index,UNHCR_snapshot_v43,0.91,monthly,"{'displacement_pressure': 0.796, 'delta_pressure': -0.079, 'exposure': 0.713, 'normalization_scope': 'global', 'mapping': '0.6*pressure + 0.25*positive_delta + 0.15*exposure'}"
unhcr,Displacement,displacement_pressure_index,Russia,2026-04-01,2026-04-12,0.5479,0.5482,displacement_index,UNHCR_snapshot_v43,0.91,monthly,"{'displacement_pressure': 0.735, 'delta_pressure': -0.06, 'exposure': 0.713, 'normalization_scope': 'global', 'mapping': '0.6*pressure + 0.25*positive_delta + 0.15*exposure'}"
unhcr,Displacement,displacement_pressure_index,Taiwan,2025-05-01,2025-05-31,0.501,0.4805,displacement_index,UNHCR_snapshot_v43,0.91,monthly,"{'displacement_pressure': 0.652, 'delta_pressure': 0.072, 'exposure': 0.612, 'normalization_scope': 'global', 'mapping': '0.6*pressure + 0.25*positive_delta + 0.15*exposure'}"
unhcr,Displacement,displacement_pressure_index,Taiwan,2025-06-01,2025-06-30,0.5111,0.4951,displacement_index,UNHCR_snapshot_v43,0.91,monthly,"{'displacement_pressure': 0.685, 'delta_pressure': 0.033, 'exposure': 0.612, 'normalization_scope': 'global', 'mapping': '0.6*pressure + 0.25*positive_delta + 0.15*exposure'}"
unhcr,Displacement,displacement_pressure_index,Taiwan,2025-07-01,2025-07-31,0.5189,0.5063,displacement_index,UNHCR_snapshot_v43,0.91,monthly,"{'displacement_pressure': 0.704, 'delta_pressure': 0.019, 'exposure': 0.612, 'normalization_scope': 'global', 'mapping': '0.6*pressure + 0.25*positive_delta + 0.15*exposure'}"
unhcr,Displacement,displacement_pressure_index,Taiwan,2025-08-01,2025-08-31,0.5318,0.525,displacement_index,UNHCR_snapshot_v43,0.91,monthly,"{'displacement_pressure': 0.725, 'delta_pressure': 0.02, 'exposure': 0.612, 'normalization_scope': 'global', 'mapping': '0.6*pressure + 0.25*positive_delta + 0.15*exposure'}"
unhcr,Displacement,displacement_pressure_index,Taiwan,2025-09-01,2025-09-30,0.51,0.4935,displacement_index,UNHCR_snapshot_v43,0.91,monthly,"{'displacement_pressure': 0.697, 'delta_pressure': -0.027, 'exposure': 0.612, 'normalization_scope': 'global', 'mapping': '0.6*pressure + 0.25*positive_delta + 0.15*exposure'}"
unhcr,Displacement,displacement_pressure_index,Taiwan,2025-10-01,2025-10-31,0.4788,0.4485,displacement_index,UNHCR_snapshot_v43,0.91,monthly,"{'displacement_pressure': 0.645, 'delta_pressure': -0.052, 'exposure': 0.612, 'normalization_scope': 'global', 'mapping': '0.6*pressure + 0.25*positive_delta + 0.15*exposure'}"
unhcr,Displacement,displacement_pressure_index,Taiwan,2025-11-01,2025-11-30,0.4864,0.4594,displacement_index,UNHCR_snapshot_v43,0.91,monthly,"{'displacement_pressure': 0.654, 'delta_pressure': 0.009, 'exposure': 0.612, 'normalization_scope': 'global', 'mapping': '0.6*pressure + 0.25*positive_delta + 0.15*exposure'}"
unhcr,Displacement,displacement_pressure_index,Taiwan,2025-12-01,2025-12-31,0.5097,0.4931,displacement_index,UNHCR_snapshot_v43,0.91,monthly,"{'displacement_pressure': 0.684, 'delta_pressure': 0.03, 'exposure': 0.612, 'normalization_scope': 'global', 'mapping': '0.6*pressure + 0.25*positive_delta + 0.15*exposure'}"
unhcr,Displacement,displacement_pressure_index,Taiwan,2026-01-01,2026-01-31,0.5132,0.4981,displacement_index,UNHCR_snapshot_v43,0.91,monthly,"{'displacement_pressure': 0.697, 'delta_pressure': 0.013, 'exposure': 0.612, 'normalization_scope': 'global', 'mapping': '0.6*pressure + 0.25*positive_delta + 0.15*exposure'}"
unhcr,Displacement,displacement_pressure_index,Taiwan,2026-02-01,2026-02-28,0.5261,0.5167,displacement_index,UNHCR_snapshot_v43,0.91,monthly,"{'displacement_pressure': 0.716, 'delta_pressure': 0.019, 'exposure': 0.612, 'normalization_scope': 'global', 'mapping': '0.6*pressure + 0.25*positive_delta + 0.15*exposure'}"
unhcr,Displacement,displacement_pressure_index,Taiwan,2026-03-01,2026-03-31,0.519,0.5065,displacement_index,UNHCR_snapshot_v43,0.91,monthly,"{'displacement_pressure': 0.712, 'delta_pressure': -0.004, 'exposure': 0.612, 'normalization_scope': 'global', 'mapping': '0.6*pressure + 0.25*positive_delta + 0.15*exposure'}"
unhcr,Displacement,displacement_pressure_index,Taiwan,2026-04-01,2026-04-12,0.4878,0.4615,displacement_index,UNHCR_snapshot_v43,0.91,monthly,"{'displacement_pressure': 0.66, 'delta_pressure': -0.052, 'exposure': 0.612, 'normalization_scope': 'global', 'mapping': '0.6*pressure + 0.25*positive_delta + 0.15*exposure'}"
unhcr,Displacement,displacement_pressure_index,Ukraine,2025-05-01,2025-05-31,0.6183,0.6498,displacement_index,UNHCR_snapshot_v43,0.91,monthly,"{'displacement_pressure': 0.797, 'delta_pressure': 0.107, 'exposure': 0.756, 'normalization_scope': 'global', 'mapping': '0.6*pressure + 0.25*positive_delta + 0.15*exposure'}"
unhcr,Displacement,displacement_pressure_index,Ukraine,2025-06-01,2025-06-30,0.6324,0.6702,displacement_index,UNHCR_snapshot_v43,0.91,monthly,"{'displacement_pressure': 0.845, 'delta_pressure': 0.048, 'exposure': 0.756, 'normalization_scope': 'global', 'mapping': '0.6*pressure + 0.25*positive_delta + 0.15*exposure'}"
unhcr,Displacement,displacement_pressure_index,Ukraine,2025-07-01,2025-07-31,0.6867,0.7485,displacement_index,UNHCR_snapshot_v43,0.91,monthly,"{'displacement_pressure': 0.923, 'delta_pressure': 0.078, 'exposure': 0.756, 'normalization_scope': 'global', 'mapping': '0.6*pressure + 0.25*positive_delta + 0.15*exposure'}"
unhcr,Displacement,displacement_pressure_index,Ukraine,2025-08-01,2025-08-31,0.6695,0.7237,displacement_index,UNHCR_snapshot_v43,0.91,monthly,"{'displacement_pressure': 0.926, 'delta_pressure': 0.002, 'exposure': 0.756, 'normalization_scope': 'global', 'mapping': '0.6*pressure + 0.25*positive_delta + 0.15*exposure'}"
unhcr,Displacement,displacement_pressure_index,Ukraine,2025-09-01,2025-09-30,0.6198,0.652,displacement_index,UNHCR_snapshot_v43,0.91,monthly,"{'displacement_pressure': 0.844, 'delta_pressure': -0.082, 'exposure': 0.756, 'normalization_scope': 'global', 'mapping': '0.6*pressure + 0.25*positive_delta + 0.15*exposure'}"
unhcr,Displacement,displacement_pressure_index,Ukraine,2025-10-01,2025-10-31,0.5796,0.5939,displacement_index,UNHCR_snapshot_v43,0.91,monthly,"{'displacement_pressure': 0.777, 'delta_pressure': -0.067, 'exposure': 0.756, 'normalization_scope': 'global', 'mapping': '0.6*pressure + 0.25*positive_delta + 0.15*exposure'}"
unhcr,Displacement,displacement_pressure_index,Ukraine,2025-11-01,2025-11-30,0.5966,0.6185,displacement_index,UNHCR_snapshot_v43,0.91,monthly,"{'displacement_pressure': 0.797, 'delta_pressure': 0.02, 'exposure': 0.756, 'normalization_scope': 'global', 'mapping': '0.6*pressure + 0.25*positive_delta + 0.15*exposure'}"
unhcr,Displacement,displacement_pressure_index,Ukraine,2025-12-01,2025-12-31,0.6247,0.659,displacement_index,UNHCR_snapshot_v43,0.91,monthly,"{'displacement_pressure': 0.836, 'delta_pressure': 0.039, 'exposure': 0.756, 'normalization_scope': 'global', 'mapping': '0.6*pressure + 0.25*positive_delta + 0.15*exposure'}"
unhcr,Displacement,displacement_pressure_index,Ukraine,2026-01-01,2026-01-31,0.6643,0.7162,displacement_index,UNHCR_snapshot_v43,0.91,monthly,"{'displacement_pressure': 0.894, 'delta_pressure': 0.058, 'exposure': 0.756, 'normalization_scope': 'global', 'mapping': '0.6*pressure + 0.25*positive_delta + 0.15*exposure'}"
unhcr,Displacement,displacement_pressure_index,Ukraine,2026-02-01,2026-02-28,0.6767,0.7341,displacement_index,UNHCR_snapshot_v43,0.91,monthly,"{'displacement_pressure': 0.926, 'delta_pressure': 0.031, 'exposure': 0.756, 'normalization_scope': 'global', 'mapping': '0.6*pressure + 0.25*positive_delta + 0.15*exposure'}"
unhcr,Displacement,displacement_pressure_index,Ukraine,2026-03-01,2026-03-31,0.6324,0.6702,displacement_index,UNHCR_snapshot_v43,0.91,monthly,"{'displacement_pressure': 0.865, 'delta_pressure': -0.061, 'exposure': 0.756, 'normalization_scope': 'global', 'mapping': '0.6*pressure + 0.25*positive_delta + 0.15*exposure'}"
unhcr,Displacement,displacement_pressure_index,Ukraine,2026-04-01,2026-04-12,0.5844,0.6009,displacement_index,UNHCR_snapshot_v43,0.91,monthly,"{'displacement_pressure': 0.785, 'delta_pressure': -0.08, 'exposure': 0.756, 'normalization_scope': 'global', 'mapping': '0.6*pressure + 0.25*positive_delta + 0.15*exposure'}"
narrative_input,Narrative,narrative_pressure_index,China,2025-05-01,2025-05-31,0.2517,0.3558,narrative_index,NARRATIVE_snapshot_v43,0.765,monthly,"{'input_source_id': 'regional_expert_brief', 'topic': 'governance_contestation', 'narrative_direction': 'neutral', 'relevance': 0.658, 'confidence': 0.765, 'normalization_scope': 'global', 'mapping': 'direction_weight*relevance*confidence'}"
narrative_input,Narrative,narrative_pressure_index,China,2025-06-01,2025-06-30,0.268,0.3658,narrative_index,NARRATIVE_snapshot_v43,0.779,monthly,"{'input_source_id': 'regional_expert_brief', 'topic': 'societal_stress', 'narrative_direction': 'neutral', 'relevance': 0.688, 'confidence': 0.779, 'normalization_scope': 'global', 'mapping': 'direction_weight*relevance*confidence'}"
narrative_input,Narrative,narrative_pressure_index,China,2025-07-01,2025-07-31,0.5579,0.5443,narrative_index,NARRATIVE_snapshot_v43,0.788,monthly,"{'input_source_id': 'regional_expert_brief', 'topic': 'societal_stress', 'narrative_direction': 'escalatory', 'relevance': 0.708, 'confidence': 0.788, 'normalization_scope': 'global', 'mapping': 'direction_weight*relevance*confidence'}"
narrative_input,Narrative,narrative_pressure_index,China,2025-08-01,2025-08-31,0.5694,0.5514,narrative_index,NARRATIVE_snapshot_v43,0.793,monthly,"{'input_source_id': 'regional_expert_brief', 'topic': 'governance_contestation', 'narrative_direction': 'escalatory', 'relevance': 0.718, 'confidence': 0.793, 'normalization_scope': 'global', 'mapping': 'direction_weight*relevance*confidence'}"
narrative_input,Narrative,narrative_pressure_index,China,2025-09-01,2025-09-30,0.2631,0.3628,narrative_index,NARRATIVE_snapshot_v43,0.775,monthly,"{'input_source_id': 'regional_expert_brief', 'topic': 'societal_stress', 'narrative_direction': 'neutral', 'relevance': 0.679, 'confidence': 0.775, 'normalization_scope': 'global', 'mapping': 'direction_weight*relevance*confidence'}"
narrative_input,Narrative,narrative_pressure_index,China,2025-10-01,2025-10-31,0.2433,0.3506,narrative_index,NARRATIVE_snapshot_v43,0.758,monthly,"{'input_source_id': 'regional_expert_brief', 'topic': 'societal_stress', 'narrative_direction': 'neutral', 'relevance': 0.642, 'confidence': 0.758, 'normalization_scope': 'global', 'mapping': 'direction_weight*relevance*confidence'}"
narrative_input,Narrative,narrative_pressure_index,China,2025-11-01,2025-11-30,0.2521,0.356,narrative_index,NARRATIVE_snapshot_v43,0.765,monthly,"{'input_source_id': 'regional_expert_brief', 'topic': 'governance_contestation', 'narrative_direction': 'neutral', 'relevance': 0.659, 'confidence': 0.765, 'normalization_scope': 'global', 'mapping': 'direction_weight*relevance*confidence'}"
narrative_input,Narrative,narrative_pressure_index,China,2025-12-01,2025-12-31,0.268,0.3658,narrative_index,NARRATIVE_snapshot_v43,0.779,monthly,"{'input_source_id': 'regional_expert_brief', 'topic': 'societal_stress', 'narrative_direction': 'neutral', 'relevance': 0.688, 'confidence': 0.779, 'normalization_scope': 'global', 'mapping': 'direction_weight*relevance*confidence'}"
narrative_input,Narrative,narrative_pressure_index,China,2026-01-01,2026-01-31,0.5594,0.5453,narrative_index,NARRATIVE_snapshot_v43,0.789,monthly,"{'input_source_id': 'regional_expert_brief', 'topic': 'societal_stress', 'narrative_direction': 'escalatory', 'relevance': 0.709, 'confidence': 0.789, 'normalization_scope': 'global', 'mapping': 'direction_weight*relevance*confidence'}"
narrative_input,Narrative,narrative_pressure_index,China,2026-02-01,2026-02-28,0.5748,0.5547,narrative_index,NARRATIVE_snapshot_v43,0.795,monthly,"{'input_source_id': 'regional_expert_brief', 'topic': 'governance_contestation', 'narrative_direction': 'escalatory', 'relevance': 0.723, 'confidence': 0.795, 'normalization_scope': 'global', 'mapping': 'direction_weight*relevance*confidence'}"
narrative_input,Narrative,narrative_pressure_index,China,2026-03-01,2026-03-31,0.2669,0.3651,narrative_index,NARRATIVE_snapshot_v43,0.778,monthly,"{'input_source_id': 'regional_expert_brief', 'topic': 'societal_stress', 'narrative_direction': 'neutral', 'relevance': 0.686, 'confidence': 0.778, 'normalization_scope': 'global', 'mapping': 'direction_weight*relevance*confidence'}"
narrative_input,Narrative,narrative_pressure_index,China,2026-04-01,2026-04-12,0.2444,0.3513,narrative_index,NARRATIVE_snapshot_v43,0.759,monthly,"{'input_source_id': 'regional_expert_brief', 'topic': 'societal_stress', 'narrative_direction': 'neutral', 'relevance': 0.644, 'confidence': 0.759, 'normalization_scope': 'global', 'mapping': 'direction_weight*relevance*confidence'}"
narrative_input,Narrative,narrative_pressure_index,Germany,2025-05-01,2025-05-31,0.202,0.3252,narrative_index,NARRATIVE_snapshot_v43,0.72,monthly,"{'input_source_id': 'regional_expert_brief', 'topic': 'governance_contestation', 'narrative_direction': 'neutral', 'relevance': 0.561, 'confidence': 0.72, 'normalization_scope': 'global', 'mapping': 'direction_weight*relevance*confidence'}"
narrative_input,Narrative,narrative_pressure_index,Germany,2025-06-01,2025-06-30,0.2196,0.336,narrative_index,NARRATIVE_snapshot_v43,0.737,monthly,"{'input_source_id': 'regional_expert_brief', 'topic': 'societal_stress', 'narrative_direction': 'neutral', 'relevance': 0.596, 'confidence': 0.737, 'normalization_scope': 'global', 'mapping': 'direction_weight*relevance*confidence'}"
narrative_input,Narrative,narrative_pressure_index,Germany,2025-07-01,2025-07-31,0.2026,0.3255,narrative_index,NARRATIVE_snapshot_v43,0.721,monthly,"{'input_source_id': 'regional_expert_brief', 'topic': 'societal_stress', 'narrative_direction': 'neutral', 'relevance': 0.562, 'confidence': 0.721, 'normalization_scope': 'global', 'mapping': 'direction_weight*relevance*confidence'}"
narrative_input,Narrative,narrative_pressure_index,Germany,2025-08-01,2025-08-31,0.0724,0.2454,narrative_index,NARRATIVE_snapshot_v43,0.7,monthly,"{'input_source_id': 'regional_expert_brief', 'topic': 'governance_contestation', 'narrative_direction': 'deescalatory', 'relevance': 0.517, 'confidence': 0.7, 'normalization_scope': 'global', 'mapping': 'direction_weight*relevance*confidence'}"
narrative_input,Narrative,narrative_pressure_index,Germany,2025-09-01,2025-09-30,0.0668,0.2419,narrative_index,NARRATIVE_snapshot_v43,0.686,monthly,"{'input_source_id': 'regional_expert_brief', 'topic': 'societal_stress', 'narrative_direction': 'deescalatory', 'relevance': 0.487, 'confidence': 0.686, 'normalization_scope': 'global', 'mapping': 'direction_weight*relevance*confidence'}"
narrative_input,Narrative,narrative_pressure_index,Germany,2025-10-01,2025-10-31,0.0678,0.2425,narrative_index,NARRATIVE_snapshot_v43,0.689,monthly,"{'input_source_id': 'regional_expert_brief', 'topic': 'societal_stress', 'narrative_direction': 'deescalatory', 'relevance': 0.492, 'confidence': 0.689, 'normalization_scope': 'global', 'mapping': 'direction_weight*relevance*confidence'}"
narrative_input,Narrative,narrative_pressure_index,Germany,2025-11-01,2025-11-30,0.1966,0.3219,narrative_index,NARRATIVE_snapshot_v43,0.715,monthly,"{'input_source_id': 'regional_expert_brief', 'topic': 'governance_contestation', 'narrative_direction': 'neutral', 'relevance': 0.55, 'confidence': 0.715, 'normalization_scope': 'global', 'mapping': 'direction_weight*relevance*confidence'}"
narrative_input,Narrative,narrative_pressure_index,Germany,2025-12-01,2025-12-31,0.2287,0.3416,narrative_index,NARRATIVE_snapshot_v43,0.745,monthly,"{'input_source_id': 'regional_expert_brief', 'topic': 'societal_stress', 'narrative_direction': 'neutral', 'relevance': 0.614, 'confidence': 0.745, 'normalization_scope': 'global', 'mapping': 'direction_weight*relevance*confidence'}"
narrative_input,Narrative,narrative_pressure_index,Germany,2026-01-01,2026-01-31,0.2145,0.3329,narrative_index,NARRATIVE_snapshot_v43,0.732,monthly,"{'input_source_id': 'regional_expert_brief', 'topic': 'societal_stress', 'narrative_direction': 'neutral', 'relevance': 0.586, 'confidence': 0.732, 'normalization_scope': 'global', 'mapping': 'direction_weight*relevance*confidence'}"
narrative_input,Narrative,narrative_pressure_index,Germany,2026-02-01,2026-02-28,0.0735,0.246,narrative_index,NARRATIVE_snapshot_v43,0.703,monthly,"{'input_source_id': 'regional_expert_brief', 'topic': 'governance_contestation', 'narrative_direction': 'deescalatory', 'relevance': 0.523, 'confidence': 0.703, 'normalization_scope': 'global', 'mapping': 'direction_weight*relevance*confidence'}"
narrative_input,Narrative,narrative_pressure_index,Germany,2026-03-01,2026-03-31,0.0668,0.2419,narrative_index,NARRATIVE_snapshot_v43,0.686,monthly,"{'input_source_id': 'regional_expert_brief', 'topic': 'societal_stress', 'narrative_direction': 'deescalatory', 'relevance': 0.487, 'confidence': 0.686, 'normalization_scope': 'global', 'mapping': 'direction_weight*relevance*confidence'}"
narrative_input,Narrative,narrative_pressure_index,Germany,2026-04-01,2026-04-12,0.0667,0.2419,narrative_index,NARRATIVE_snapshot_v43,0.686,monthly,"{'input_source_id': 'regional_expert_brief', 'topic': 'societal_stress', 'narrative_direction': 'deescalatory', 'relevance': 0.486, 'confidence': 0.686, 'normalization_scope': 'global', 'mapping': 'direction_weight*relevance*confidence'}"
narrative_input,Narrative,narrative_pressure_index,Iran,2025-05-01,2025-05-31,0.7448,0.6594,narrative_index,NARRATIVE_snapshot_v43,0.861,monthly,"{'input_source_id': 'regional_expert_brief', 'topic': 'governance_contestation', 'narrative_direction': 'escalatory', 'relevance': 0.865, 'confidence': 0.861, 'normalization_scope': 'global', 'mapping': 'direction_weight*relevance*confidence'}"
narrative_input,Narrative,narrative_pressure_index,Iran,2025-06-01,2025-06-30,0.8377,0.7166,narrative_index,NARRATIVE_snapshot_v43,0.894,monthly,"{'input_source_id': 'regional_expert_brief', 'topic': 'societal_stress', 'narrative_direction': 'escalatory', 'relevance': 0.937, 'confidence': 0.894, 'normalization_scope': 'global', 'mapping': 'direction_weight*relevance*confidence'}"
narrative_input,Narrative,narrative_pressure_index,Iran,2025-07-01,2025-07-31,0.8377,0.7166,narrative_index,NARRATIVE_snapshot_v43,0.894,monthly,"{'input_source_id': 'regional_expert_brief', 'topic': 'societal_stress', 'narrative_direction': 'escalatory', 'relevance': 0.937, 'confidence': 0.894, 'normalization_scope': 'global', 'mapping': 'direction_weight*relevance*confidence'}"
narrative_input,Narrative,narrative_pressure_index,Iran,2025-08-01,2025-08-31,0.8377,0.7166,narrative_index,NARRATIVE_snapshot_v43,0.894,monthly,"{'input_source_id': 'regional_expert_brief', 'topic': 'governance_contestation', 'narrative_direction': 'escalatory', 'relevance': 0.937, 'confidence': 0.894, 'normalization_scope': 'global', 'mapping': 'direction_weight*relevance*confidence'}"
narrative_input,Narrative,narrative_pressure_index,Iran,2025-09-01,2025-09-30,0.7336,0.6525,narrative_index,NARRATIVE_snapshot_v43,0.857,monthly,"{'input_source_id': 'regional_expert_brief', 'topic': 'societal_stress', 'narrative_direction': 'escalatory', 'relevance': 0.856, 'confidence': 0.857, 'normalization_scope': 'global', 'mapping': 'direction_weight*relevance*confidence'}"
narrative_input,Narrative,narrative_pressure_index,Iran,2025-10-01,2025-10-31,0.7047,0.6347,narrative_index,NARRATIVE_snapshot_v43,0.846,monthly,"{'input_source_id': 'regional_expert_brief', 'topic': 'societal_stress', 'narrative_direction': 'escalatory', 'relevance': 0.833, 'confidence': 0.846, 'normalization_scope': 'global', 'mapping': 'direction_weight*relevance*confidence'}"
narrative_input,Narrative,narrative_pressure_index,Iran,2025-11-01,2025-11-30,0.7396,0.6562,narrative_index,NARRATIVE_snapshot_v43,0.859,monthly,"{'input_source_id': 'regional_expert_brief', 'topic': 'governance_contestation', 'narrative_direction': 'escalatory', 'relevance': 0.861, 'confidence': 0.859, 'normalization_scope': 'global', 'mapping': 'direction_weight*relevance*confidence'}"
narrative_input,Narrative,narrative_pressure_index,Iran,2025-12-01,2025-12-31,0.808,0.6983,narrative_index,NARRATIVE_snapshot_v43,0.884,monthly,"{'input_source_id': 'regional_expert_brief', 'topic': 'societal_stress', 'narrative_direction': 'escalatory', 'relevance': 0.914, 'confidence': 0.884, 'normalization_scope': 'global', 'mapping': 'direction_weight*relevance*confidence'}"
narrative_input,Narrative,narrative_pressure_index,Iran,2026-01-01,2026-01-31,0.8377,0.7166,narrative_index,NARRATIVE_snapshot_v43,0.894,monthly,"{'input_source_id': 'regional_expert_brief', 'topic': 'societal_stress', 'narrative_direction': 'escalatory', 'relevance': 0.937, 'confidence': 0.894, 'normalization_scope': 'global', 'mapping': 'direction_weight*relevance*confidence'}"
narrative_input,Narrative,narrative_pressure_index,Iran,2026-02-01,2026-02-28,0.8377,0.7166,narrative_index,NARRATIVE_snapshot_v43,0.894,monthly,"{'input_source_id': 'regional_expert_brief', 'topic': 'governance_contestation', 'narrative_direction': 'escalatory', 'relevance': 0.937, 'confidence': 0.894, 'normalization_scope': 'global', 'mapping': 'direction_weight*relevance*confidence'}"
narrative_input,Narrative,narrative_pressure_index,Iran,2026-03-01,2026-03-31,0.7866,0.6852,narrative_index,NARRATIVE_snapshot_v43,0.876,monthly,"{'input_source_id': 'regional_expert_brief', 'topic': 'societal_stress', 'narrative_direction': 'escalatory', 'relevance': 0.898, 'confidence': 0.876, 'normalization_scope': 'global', 'mapping': 'direction_weight*relevance*confidence'}"
narrative_input,Narrative,narrative_pressure_index,Iran,2026-04-01,2026-04-12,0.7123,0.6394,narrative_index,NARRATIVE_snapshot_v43,0.849,monthly,"{'input_source_id': 'regional_expert_brief', 'topic': 'societal_stress', 'narrative_direction': 'escalatory', 'relevance': 0.839, 'confidence': 0.849, 'normalization_scope': 'global', 'mapping': 'direction_weight*relevance*confidence'}"
narrative_input,Narrative,narrative_pressure_index,Israel,2025-05-01,2025-05-31,0.6044,0.573,narrative_index,NARRATIVE_snapshot_v43,0.807,monthly,"{'input_source_id': 'regional_expert_brief', 'topic': 'governance_contestation', 'narrative_direction': 'escalatory', 'relevance': 0.749, 'confidence': 0.807, 'normalization_scope': 'global', 'mapping': 'direction_weight*relevance*confidence'}"
narrative_input,Narrative,narrative_pressure_index,Israel,2025-06-01,2025-06-30,0.7098,0.6379,narrative_index,NARRATIVE_snapshot_v43,0.848,monthly,"{'input_source_id': 'regional_expert_brief', 'topic': 'societal_stress', 'narrative_direction': 'escalatory', 'relevance': 0.837, 'confidence': 0.848, 'normalization_scope': 'global', 'mapping': 'direction_weight*relevance*confidence'}"
narrative_input,Narrative,narrative_pressure_index,Israel,2025-07-01,2025-07-31,0.731,0.6509,narrative_index,NARRATIVE_snapshot_v43,0.856,monthly,"{'input_source_id': 'regional_expert_brief', 'topic': 'societal_stress', 'narrative_direction': 'escalatory', 'relevance': 0.854, 'confidence': 0.856, 'normalization_scope': 'global', 'mapping': 'direction_weight*relevance*confidence'}"
narrative_input,Narrative,narrative_pressure_index,Israel,2025-08-01,2025-08-31,0.6235,0.5847,narrative_index,NARRATIVE_snapshot_v43,0.815,monthly,"{'input_source_id': 'regional_expert_brief', 'topic': 'governance_contestation', 'narrative_direction': 'escalatory', 'relevance': 0.765, 'confidence': 0.815, 'normalization_scope': 'global', 'mapping': 'direction_weight*relevance*confidence'}"
narrative_input,Narrative,narrative_pressure_index,Israel,2025-09-01,2025-09-30,0.5548,0.5424,narrative_index,NARRATIVE_snapshot_v43,0.787,monthly,"{'input_source_id': 'regional_expert_brief', 'topic': 'societal_stress', 'narrative_direction': 'escalatory', 'relevance': 0.705, 'confidence': 0.787, 'normalization_scope': 'global', 'mapping': 'direction_weight*relevance*confidence'}"
narrative_input,Narrative,narrative_pressure_index,Israel,2025-10-01,2025-10-31,0.5533,0.5415,narrative_index,NARRATIVE_snapshot_v43,0.786,monthly,"{'input_source_id': 'regional_expert_brief', 'topic': 'societal_stress', 'narrative_direction': 'escalatory', 'relevance': 0.704, 'confidence': 0.786, 'normalization_scope': 'global', 'mapping': 'direction_weight*relevance*confidence'}"
narrative_input,Narrative,narrative_pressure_index,Israel,2025-11-01,2025-11-30,0.6171,0.5808,narrative_index,NARRATIVE_snapshot_v43,0.812,monthly,"{'input_source_id': 'regional_expert_brief', 'topic': 'governance_contestation', 'narrative_direction': 'escalatory', 'relevance': 0.76, 'confidence': 0.812, 'normalization_scope': 'global', 'mapping': 'direction_weight*relevance*confidence'}"
narrative_input,Narrative,narrative_pressure_index,Israel,2025-12-01,2025-12-31,0.7362,0.6541,narrative_index,NARRATIVE_snapshot_v43,0.858,monthly,"{'input_source_id': 'regional_expert_brief', 'topic': 'societal_stress', 'narrative_direction': 'escalatory', 'relevance': 0.858, 'confidence': 0.858, 'normalization_scope': 'global', 'mapping': 'direction_weight*relevance*confidence'}"
narrative_input,Narrative,narrative_pressure_index,Israel,2026-01-01,2026-01-31,0.7362,0.6541,narrative_index,NARRATIVE_snapshot_v43,0.858,monthly,"{'input_source_id': 'regional_expert_brief', 'topic': 'societal_stress', 'narrative_direction': 'escalatory', 'relevance': 0.858, 'confidence': 0.858, 'normalization_scope': 'global', 'mapping': 'direction_weight*relevance*confidence'}"
narrative_input,Narrative,narrative_pressure_index,Israel,2026-02-01,2026-02-28,0.6171,0.5808,narrative_index,NARRATIVE_snapshot_v43,0.812,monthly,"{'input_source_id': 'regional_expert_brief', 'topic': 'governance_contestation', 'narrative_direction': 'escalatory', 'relevance': 0.76, 'confidence': 0.812, 'normalization_scope': 'global', 'mapping': 'direction_weight*relevance*confidence'}"
narrative_input,Narrative,narrative_pressure_index,Israel,2026-03-01,2026-03-31,0.5533,0.5415,narrative_index,NARRATIVE_snapshot_v43,0.786,monthly,"{'input_source_id': 'regional_expert_brief', 'topic': 'societal_stress', 'narrative_direction': 'escalatory', 'relevance': 0.704, 'confidence': 0.786, 'normalization_scope': 'global', 'mapping': 'direction_weight*relevance*confidence'}"
narrative_input,Narrative,narrative_pressure_index,Israel,2026-04-01,2026-04-12,0.2751,0.3702,narrative_index,NARRATIVE_snapshot_v43,0.785,monthly,"{'input_source_id': 'regional_expert_brief', 'topic': 'societal_stress', 'narrative_direction': 'neutral', 'relevance': 0.701, 'confidence': 0.785, 'normalization_scope': 'global', 'mapping': 'direction_weight*relevance*confidence'}"
narrative_input,Narrative,narrative_pressure_index,Japan,2025-05-01,2025-05-31,0.0659,0.2414,narrative_index,NARRATIVE_snapshot_v43,0.684,monthly,"{'input_source_id': 'regional_expert_brief', 'topic': 'governance_contestation', 'narrative_direction': 'deescalatory', 'relevance': 0.482, 'confidence': 0.684, 'normalization_scope': 'global', 'mapping': 'direction_weight*relevance*confidence'}"
narrative_input,Narrative,narrative_pressure_index,Japan,2025-06-01,2025-06-30,0.0711,0.2446,narrative_index,NARRATIVE_snapshot_v43,0.697,monthly,"{'input_source_id': 'regional_expert_brief', 'topic': 'societal_stress', 'narrative_direction': 'deescalatory', 'relevance': 0.51, 'confidence': 0.697, 'normalization_scope': 'global', 'mapping': 'direction_weight*relevance*confidence'}"
narrative_input,Narrative,narrative_pressure_index,Japan,2025-07-01,2025-07-31,0.0719,0.2451,narrative_index,NARRATIVE_snapshot_v43,0.699,monthly,"{'input_source_id': 'regional_expert_brief', 'topic': 'societal_stress', 'narrative_direction': 'deescalatory', 'relevance': 0.514, 'confidence': 0.699, 'normalization_scope': 'global', 'mapping': 'direction_weight*relevance*confidence'}"
narrative_input,Narrative,narrative_pressure_index,Japan,2025-08-01,2025-08-31,0.0701,0.244,narrative_index,NARRATIVE_snapshot_v43,0.694,monthly,"{'input_source_id': 'regional_expert_brief', 'topic': 'governance_contestation', 'narrative_direction': 'deescalatory', 'relevance': 0.505, 'confidence': 0.694, 'normalization_scope': 'global', 'mapping': 'direction_weight*relevance*confidence'}"
narrative_input,Narrative,narrative_pressure_index,Japan,2025-09-01,2025-09-30,0.0679,0.2426,narrative_index,NARRATIVE_snapshot_v43,0.689,monthly,"{'input_source_id': 'regional_expert_brief', 'topic': 'societal_stress', 'narrative_direction': 'deescalatory', 'relevance': 0.493, 'confidence': 0.689, 'normalization_scope': 'global', 'mapping': 'direction_weight*relevance*confidence'}"
narrative_input,Narrative,narrative_pressure_index,Japan,2025-10-01,2025-10-31,0.0645,0.2405,narrative_index,NARRATIVE_snapshot_v43,0.68,monthly,"{'input_source_id': 'regional_expert_brief', 'topic': 'societal_stress', 'narrative_direction': 'deescalatory', 'relevance': 0.474, 'confidence': 0.68, 'normalization_scope': 'global', 'mapping': 'direction_weight*relevance*confidence'}"
narrative_input,Narrative,narrative_pressure_index,Japan,2025-11-01,2025-11-30,0.0665,0.2417,narrative_index,NARRATIVE_snapshot_v43,0.686,monthly,"{'input_source_id': 'regional_expert_brief', 'topic': 'governance_contestation', 'narrative_direction': 'deescalatory', 'relevance': 0.485, 'confidence': 0.686, 'normalization_scope': 'global', 'mapping': 'direction_weight*relevance*confidence'}"
narrative_input,Narrative,narrative_pressure_index,Japan,2025-12-01,2025-12-31,0.0711,0.2446,narrative_index,NARRATIVE_snapshot_v43,0.697,monthly,"{'input_source_id': 'regional_expert_brief', 'topic': 'societal_stress', 'narrative_direction': 'deescalatory', 'relevance': 0.51, 'confidence': 0.697, 'normalization_scope': 'global', 'mapping': 'direction_weight*relevance*confidence'}"
narrative_input,Narrative,narrative_pressure_index,Japan,2026-01-01,2026-01-31,0.0711,0.2446,narrative_index,NARRATIVE_snapshot_v43,0.697,monthly,"{'input_source_id': 'regional_expert_brief', 'topic': 'societal_stress', 'narrative_direction': 'deescalatory', 'relevance': 0.51, 'confidence': 0.697, 'normalization_scope': 'global', 'mapping': 'direction_weight*relevance*confidence'}"
narrative_input,Narrative,narrative_pressure_index,Japan,2026-02-01,2026-02-28,0.0659,0.2414,narrative_index,NARRATIVE_snapshot_v43,0.684,monthly,"{'input_source_id': 'regional_expert_brief', 'topic': 'governance_contestation', 'narrative_direction': 'deescalatory', 'relevance': 0.482, 'confidence': 0.684, 'normalization_scope': 'global', 'mapping': 'direction_weight*relevance*confidence'}"
narrative_input,Narrative,narrative_pressure_index,Japan,2026-03-01,2026-03-31,0.0609,0.2383,narrative_index,NARRATIVE_snapshot_v43,0.671,monthly,"{'input_source_id': 'regional_expert_brief', 'topic': 'societal_stress', 'narrative_direction': 'deescalatory', 'relevance': 0.454, 'confidence': 0.671, 'normalization_scope': 'global', 'mapping': 'direction_weight*relevance*confidence'}"
narrative_input,Narrative,narrative_pressure_index,Japan,2026-04-01,2026-04-12,0.0609,0.2383,narrative_index,NARRATIVE_snapshot_v43,0.671,monthly,"{'input_source_id': 'regional_expert_brief', 'topic': 'societal_stress', 'narrative_direction': 'deescalatory', 'relevance': 0.454, 'confidence': 0.671, 'normalization_scope': 'global', 'mapping': 'direction_weight*relevance*confidence'}"
narrative_input,Narrative,narrative_pressure_index,Nigeria,2025-05-01,2025-05-31,0.6689,0.6127,narrative_index,NARRATIVE_snapshot_v43,0.832,monthly,"{'input_source_id': 'regional_expert_brief', 'topic': 'governance_contestation', 'narrative_direction': 'escalatory', 'relevance': 0.804, 'confidence': 0.832, 'normalization_scope': 'global', 'mapping': 'direction_weight*relevance*confidence'}"
narrative_input,Narrative,narrative_pressure_index,Nigeria,2025-06-01,2025-06-30,0.7422,0.6578,narrative_index,NARRATIVE_snapshot_v43,0.86,monthly,"{'input_source_id': 'regional_expert_brief', 'topic': 'societal_stress', 'narrative_direction': 'escalatory', 'relevance': 0.863, 'confidence': 0.86, 'normalization_scope': 'global', 'mapping': 'direction_weight*relevance*confidence'}"
narrative_input,Narrative,narrative_pressure_index,Nigeria,2025-07-01,2025-07-31,0.8377,0.7166,narrative_index,NARRATIVE_snapshot_v43,0.894,monthly,"{'input_source_id': 'regional_expert_brief', 'topic': 'societal_stress', 'narrative_direction': 'escalatory', 'relevance': 0.937, 'confidence': 0.894, 'normalization_scope': 'global', 'mapping': 'direction_weight*relevance*confidence'}"
narrative_input,Narrative,narrative_pressure_index,Nigeria,2025-08-01,2025-08-31,0.8062,0.6972,narrative_index,NARRATIVE_snapshot_v43,0.883,monthly,"{'input_source_id': 'regional_expert_brief', 'topic': 'governance_contestation', 'narrative_direction': 'escalatory', 'relevance': 0.913, 'confidence': 0.883, 'normalization_scope': 'global', 'mapping': 'direction_weight*relevance*confidence'}"
narrative_input,Narrative,narrative_pressure_index,Nigeria,2025-09-01,2025-09-30,0.6722,0.6147,narrative_index,NARRATIVE_snapshot_v43,0.834,monthly,"{'input_source_id': 'regional_expert_brief', 'topic': 'societal_stress', 'narrative_direction': 'escalatory', 'relevance': 0.806, 'confidence': 0.834, 'normalization_scope': 'global', 'mapping': 'direction_weight*relevance*confidence'}"
narrative_input,Narrative,narrative_pressure_index,Nigeria,2025-10-01,2025-10-31,0.6363,0.5926,narrative_index,NARRATIVE_snapshot_v43,0.82,monthly,"{'input_source_id': 'regional_expert_brief', 'topic': 'societal_stress', 'narrative_direction': 'escalatory', 'relevance': 0.776, 'confidence': 0.82, 'normalization_scope': 'global', 'mapping': 'direction_weight*relevance*confidence'}"
narrative_input,Narrative,narrative_pressure_index,Nigeria,2025-11-01,2025-11-30,0.6697,0.6132,narrative_index,NARRATIVE_snapshot_v43,0.833,monthly,"{'input_source_id': 'regional_expert_brief', 'topic': 'governance_contestation', 'narrative_direction': 'escalatory', 'relevance': 0.804, 'confidence': 0.833, 'normalization_scope': 'global', 'mapping': 'direction_weight*relevance*confidence'}"
narrative_input,Narrative,narrative_pressure_index,Nigeria,2025-12-01,2025-12-31,0.7465,0.6605,narrative_index,NARRATIVE_snapshot_v43,0.861,monthly,"{'input_source_id': 'regional_expert_brief', 'topic': 'societal_stress', 'narrative_direction': 'escalatory', 'relevance': 0.867, 'confidence': 0.861, 'normalization_scope': 'global', 'mapping': 'direction_weight*relevance*confidence'}"
narrative_input,Narrative,narrative_pressure_index,Nigeria,2026-01-01,2026-01-31,0.8377,0.7166,narrative_index,NARRATIVE_snapshot_v43,0.894,monthly,"{'input_source_id': 'regional_expert_brief', 'topic': 'societal_stress', 'narrative_direction': 'escalatory', 'relevance': 0.937, 'confidence': 0.894, 'normalization_scope': 'global', 'mapping': 'direction_weight*relevance*confidence'}"
narrative_input,Narrative,narrative_pressure_index,Nigeria,2026-02-01,2026-02-28,0.8377,0.7166,narrative_index,NARRATIVE_snapshot_v43,0.894,monthly,"{'input_source_id': 'regional_expert_brief', 'topic': 'governance_contestation', 'narrative_direction': 'escalatory', 'relevance': 0.937, 'confidence': 0.894, 'normalization_scope': 'global', 'mapping': 'direction_weight*relevance*confidence'}"
narrative_input,Narrative,narrative_pressure_index,Nigeria,2026-03-01,2026-03-31,0.6838,0.6219,narrative_index,NARRATIVE_snapshot_v43,0.838,monthly,"{'input_source_id': 'regional_expert_brief', 'topic': 'societal_stress', 'narrative_direction': 'escalatory', 'relevance': 0.816, 'confidence': 0.838, 'normalization_scope': 'global', 'mapping': 'direction_weight*relevance*confidence'}"
narrative_input,Narrative,narrative_pressure_index,Nigeria,2026-04-01,2026-04-12,0.6371,0.5931,narrative_index,NARRATIVE_snapshot_v43,0.82,monthly,"{'input_source_id': 'regional_expert_brief', 'topic': 'societal_stress', 'narrative_direction': 'escalatory', 'relevance': 0.777, 'confidence': 0.82, 'normalization_scope': 'global', 'mapping': 'direction_weight*relevance*confidence'}"
narrative_input,Narrative,narrative_pressure_index,Poland,2025-05-01,2025-05-31,0.2245,0.339,narrative_index,NARRATIVE_snapshot_v43,0.741,monthly,"{'input_source_id': 'regional_expert_brief', 'topic': 'governance_contestation', 'narrative_direction': 'neutral', 'relevance': 0.606, 'confidence': 0.741, 'normalization_scope': 'global', 'mapping': 'direction_weight*relevance*confidence'}"
narrative_input,Narrative,narrative_pressure_index,Poland,2025-06-01,2025-06-30,0.239,0.348,narrative_index,NARRATIVE_snapshot_v43,0.754,monthly,"{'input_source_id': 'regional_expert_brief', 'topic': 'societal_stress', 'narrative_direction': 'neutral', 'relevance': 0.634, 'confidence': 0.754, 'normalization_scope': 'global', 'mapping': 'direction_weight*relevance*confidence'}"
narrative_input,Narrative,narrative_pressure_index,Poland,2025-07-01,2025-07-31,0.2437,0.3509,narrative_index,NARRATIVE_snapshot_v43,0.758,monthly,"{'input_source_id': 'regional_expert_brief', 'topic': 'societal_stress', 'narrative_direction': 'neutral', 'relevance': 0.643, 'confidence': 0.758, 'normalization_scope': 'global', 'mapping': 'direction_weight*relevance*confidence'}"
narrative_input,Narrative,narrative_pressure_index,Poland,2025-08-01,2025-08-31,0.2459,0.3522,narrative_index,NARRATIVE_snapshot_v43,0.76,monthly,"{'input_source_id': 'regional_expert_brief', 'topic': 'governance_contestation', 'narrative_direction': 'neutral', 'relevance': 0.647, 'confidence': 0.76, 'normalization_scope': 'global', 'mapping': 'direction_weight*relevance*confidence'}"
narrative_input,Narrative,narrative_pressure_index,Poland,2025-09-01,2025-09-30,0.239,0.348,narrative_index,NARRATIVE_snapshot_v43,0.754,monthly,"{'input_source_id': 'regional_expert_brief', 'topic': 'societal_stress', 'narrative_direction': 'neutral', 'relevance': 0.634, 'confidence': 0.754, 'normalization_scope': 'global', 'mapping': 'direction_weight*relevance*confidence'}"
narrative_input,Narrative,narrative_pressure_index,Poland,2025-10-01,2025-10-31,0.2217,0.3373,narrative_index,NARRATIVE_snapshot_v43,0.739,monthly,"{'input_source_id': 'regional_expert_brief', 'topic': 'societal_stress', 'narrative_direction': 'neutral', 'relevance': 0.6, 'confidence': 0.739, 'normalization_scope': 'global', 'mapping': 'direction_weight*relevance*confidence'}"
narrative_input,Narrative,narrative_pressure_index,Poland,2025-11-01,2025-11-30,0.2256,0.3397,narrative_index,NARRATIVE_snapshot_v43,0.742,monthly,"{'input_source_id': 'regional_expert_brief', 'topic': 'governance_contestation', 'narrative_direction': 'neutral', 'relevance': 0.608, 'confidence': 0.742, 'normalization_scope': 'global', 'mapping': 'direction_weight*relevance*confidence'}"
narrative_input,Narrative,narrative_pressure_index,Poland,2025-12-01,2025-12-31,0.2397,0.3484,narrative_index,NARRATIVE_snapshot_v43,0.755,monthly,"{'input_source_id': 'regional_expert_brief', 'topic': 'societal_stress', 'narrative_direction': 'neutral', 'relevance': 0.635, 'confidence': 0.755, 'normalization_scope': 'global', 'mapping': 'direction_weight*relevance*confidence'}"
narrative_input,Narrative,narrative_pressure_index,Poland,2026-01-01,2026-01-31,0.248,0.3535,narrative_index,NARRATIVE_snapshot_v43,0.762,monthly,"{'input_source_id': 'regional_expert_brief', 'topic': 'societal_stress', 'narrative_direction': 'neutral', 'relevance': 0.651, 'confidence': 0.762, 'normalization_scope': 'global', 'mapping': 'direction_weight*relevance*confidence'}"
narrative_input,Narrative,narrative_pressure_index,Poland,2026-02-01,2026-02-28,0.2539,0.3571,narrative_index,NARRATIVE_snapshot_v43,0.767,monthly,"{'input_source_id': 'regional_expert_brief', 'topic': 'governance_contestation', 'narrative_direction': 'neutral', 'relevance': 0.662, 'confidence': 0.767, 'normalization_scope': 'global', 'mapping': 'direction_weight*relevance*confidence'}"
narrative_input,Narrative,narrative_pressure_index,Poland,2026-03-01,2026-03-31,0.2386,0.3477,narrative_index,NARRATIVE_snapshot_v43,0.754,monthly,"{'input_source_id': 'regional_expert_brief', 'topic': 'societal_stress', 'narrative_direction': 'neutral', 'relevance': 0.633, 'confidence': 0.754, 'normalization_scope': 'global', 'mapping': 'direction_weight*relevance*confidence'}"
narrative_input,Narrative,narrative_pressure_index,Poland,2026-04-01,2026-04-12,0.2186,0.3354,narrative_index,NARRATIVE_snapshot_v43,0.736,monthly,"{'input_source_id': 'regional_expert_brief', 'topic': 'societal_stress', 'narrative_direction': 'neutral', 'relevance': 0.594, 'confidence': 0.736, 'normalization_scope': 'global', 'mapping': 'direction_weight*relevance*confidence'}"
narrative_input,Narrative,narrative_pressure_index,Russia,2025-05-01,2025-05-31,0.6436,0.5971,narrative_index,NARRATIVE_snapshot_v43,0.823,monthly,"{'input_source_id': 'regional_expert_brief', 'topic': 'governance_contestation', 'narrative_direction': 'escalatory', 'relevance': 0.782, 'confidence': 0.823, 'normalization_scope': 'global', 'mapping': 'direction_weight*relevance*confidence'}"
narrative_input,Narrative,narrative_pressure_index,Russia,2025-06-01,2025-06-30,0.7013,0.6326,narrative_index,NARRATIVE_snapshot_v43,0.845,monthly,"{'input_source_id': 'regional_expert_brief', 'topic': 'societal_stress', 'narrative_direction': 'escalatory', 'relevance': 0.83, 'confidence': 0.845, 'normalization_scope': 'global', 'mapping': 'direction_weight*relevance*confidence'}"
narrative_input,Narrative,narrative_pressure_index,Russia,2025-07-01,2025-07-31,0.784,0.6836,narrative_index,NARRATIVE_snapshot_v43,0.875,monthly,"{'input_source_id': 'regional_expert_brief', 'topic': 'societal_stress', 'narrative_direction': 'escalatory', 'relevance': 0.896, 'confidence': 0.875, 'normalization_scope': 'global', 'mapping': 'direction_weight*relevance*confidence'}"
narrative_input,Narrative,narrative_pressure_index,Russia,2025-08-01,2025-08-31,0.7787,0.6803,narrative_index,NARRATIVE_snapshot_v43,0.873,monthly,"{'input_source_id': 'regional_expert_brief', 'topic': 'governance_contestation', 'narrative_direction': 'escalatory', 'relevance': 0.892, 'confidence': 0.873, 'normalization_scope': 'global', 'mapping': 'direction_weight*relevance*confidence'}"
narrative_input,Narrative,narrative_pressure_index,Russia,2025-09-01,2025-09-30,0.6599,0.6071,narrative_index,NARRATIVE_snapshot_v43,0.829,monthly,"{'input_source_id': 'regional_expert_brief', 'topic': 'societal_stress', 'narrative_direction': 'escalatory', 'relevance': 0.796, 'confidence': 0.829, 'normalization_scope': 'global', 'mapping': 'direction_weight*relevance*confidence'}"
narrative_input,Narrative,narrative_pressure_index,Russia,2025-10-01,2025-10-31,0.6147,0.5793,narrative_index,NARRATIVE_snapshot_v43,0.811,monthly,"{'input_source_id': 'regional_expert_brief', 'topic': 'societal_stress', 'narrative_direction': 'escalatory', 'relevance': 0.758, 'confidence': 0.811, 'normalization_scope': 'global', 'mapping': 'direction_weight*relevance*confidence'}"
narrative_input,Narrative,narrative_pressure_index,Russia,2025-11-01,2025-11-30,0.6428,0.5966,narrative_index,NARRATIVE_snapshot_v43,0.822,monthly,"{'input_source_id': 'regional_expert_brief', 'topic': 'governance_contestation', 'narrative_direction': 'escalatory', 'relevance': 0.782, 'confidence': 0.822, 'normalization_scope': 'global', 'mapping': 'direction_weight*relevance*confidence'}"
narrative_input,Narrative,narrative_pressure_index,Russia,2025-12-01,2025-12-31,0.6855,0.6229,narrative_index,NARRATIVE_snapshot_v43,0.839,monthly,"{'input_source_id': 'regional_expert_brief', 'topic': 'societal_stress', 'narrative_direction': 'escalatory', 'relevance': 0.817, 'confidence': 0.839, 'normalization_scope': 'global', 'mapping': 'direction_weight*relevance*confidence'}"
narrative_input,Narrative,narrative_pressure_index,Russia,2026-01-01,2026-01-31,0.743,0.6583,narrative_index,NARRATIVE_snapshot_v43,0.86,monthly,"{'input_source_id': 'regional_expert_brief', 'topic': 'societal_stress', 'narrative_direction': 'escalatory', 'relevance': 0.864, 'confidence': 0.86, 'normalization_scope': 'global', 'mapping': 'direction_weight*relevance*confidence'}"
narrative_input,Narrative,narrative_pressure_index,Russia,2026-02-01,2026-02-28,0.7778,0.6797,narrative_index,NARRATIVE_snapshot_v43,0.873,monthly,"{'input_source_id': 'regional_expert_brief', 'topic': 'governance_contestation', 'narrative_direction': 'escalatory', 'relevance': 0.891, 'confidence': 0.873, 'normalization_scope': 'global', 'mapping': 'direction_weight*relevance*confidence'}"
narrative_input,Narrative,narrative_pressure_index,Russia,2026-03-01,2026-03-31,0.6888,0.6249,narrative_index,NARRATIVE_snapshot_v43,0.84,monthly,"{'input_source_id': 'regional_expert_brief', 'topic': 'societal_stress', 'narrative_direction': 'escalatory', 'relevance': 0.82, 'confidence': 0.84, 'normalization_scope': 'global', 'mapping': 'direction_weight*relevance*confidence'}"
narrative_input,Narrative,narrative_pressure_index,Russia,2026-04-01,2026-04-12,0.6235,0.5847,narrative_index,NARRATIVE_snapshot_v43,0.815,monthly,"{'input_source_id': 'regional_expert_brief', 'topic': 'societal_stress', 'narrative_direction': 'escalatory', 'relevance': 0.765, 'confidence': 0.815, 'normalization_scope': 'global', 'mapping': 'direction_weight*relevance*confidence'}"
narrative_input,Narrative,narrative_pressure_index,Taiwan,2025-05-01,2025-05-31,0.2691,0.3665,narrative_index,NARRATIVE_snapshot_v43,0.78,monthly,"{'input_source_id': 'regional_expert_brief', 'topic': 'governance_contestation', 'narrative_direction': 'neutral', 'relevance': 0.69, 'confidence': 0.78, 'normalization_scope': 'global', 'mapping': 'direction_weight*relevance*confidence'}"
narrative_input,Narrative,narrative_pressure_index,Taiwan,2025-06-01,2025-06-30,0.5717,0.5528,narrative_index,NARRATIVE_snapshot_v43,0.794,monthly,"{'input_source_id': 'regional_expert_brief', 'topic': 'societal_stress', 'narrative_direction': 'escalatory', 'relevance': 0.72, 'confidence': 0.794, 'normalization_scope': 'global', 'mapping': 'direction_weight*relevance*confidence'}"
narrative_input,Narrative,narrative_pressure_index,Taiwan,2025-07-01,2025-07-31,0.5911,0.5648,narrative_index,NARRATIVE_snapshot_v43,0.802,monthly,"{'input_source_id': 'regional_expert_brief', 'topic': 'societal_stress', 'narrative_direction': 'escalatory', 'relevance': 0.737, 'confidence': 0.802, 'normalization_scope': 'global', 'mapping': 'direction_weight*relevance*confidence'}"
narrative_input,Narrative,narrative_pressure_index,Taiwan,2025-08-01,2025-08-31,0.6124,0.5779,narrative_index,NARRATIVE_snapshot_v43,0.81,monthly,"{'input_source_id': 'regional_expert_brief', 'topic': 'governance_contestation', 'narrative_direction': 'escalatory', 'relevance': 0.756, 'confidence': 0.81, 'normalization_scope': 'global', 'mapping': 'direction_weight*relevance*confidence'}"
narrative_input,Narrative,narrative_pressure_index,Taiwan,2025-09-01,2025-09-30,0.5841,0.5605,narrative_index,NARRATIVE_snapshot_v43,0.799,monthly,"{'input_source_id': 'regional_expert_brief', 'topic': 'societal_stress', 'narrative_direction': 'escalatory', 'relevance': 0.731, 'confidence': 0.799, 'normalization_scope': 'global', 'mapping': 'direction_weight*relevance*confidence'}"
narrative_input,Narrative,narrative_pressure_index,Taiwan,2025-10-01,2025-10-31,0.2657,0.3644,narrative_index,NARRATIVE_snapshot_v43,0.777,monthly,"{'input_source_id': 'regional_expert_brief', 'topic': 'societal_stress', 'narrative_direction': 'neutral', 'relevance': 0.684, 'confidence': 0.777, 'normalization_scope': 'global', 'mapping': 'direction_weight*relevance*confidence'}"
narrative_input,Narrative,narrative_pressure_index,Taiwan,2025-11-01,2025-11-30,0.2702,0.3672,narrative_index,NARRATIVE_snapshot_v43,0.781,monthly,"{'input_source_id': 'regional_expert_brief', 'topic': 'governance_contestation', 'narrative_direction': 'neutral', 'relevance': 0.692, 'confidence': 0.781, 'normalization_scope': 'global', 'mapping': 'direction_weight*relevance*confidence'}"
narrative_input,Narrative,narrative_pressure_index,Taiwan,2025-12-01,2025-12-31,0.5702,0.5519,narrative_index,NARRATIVE_snapshot_v43,0.793,monthly,"{'input_source_id': 'regional_expert_brief', 'topic': 'societal_stress', 'narrative_direction': 'escalatory', 'relevance': 0.719, 'confidence': 0.793, 'normalization_scope': 'global', 'mapping': 'direction_weight*relevance*confidence'}"
narrative_input,Narrative,narrative_pressure_index,Taiwan,2026-01-01,2026-01-31,0.5841,0.5605,narrative_index,NARRATIVE_snapshot_v43,0.799,monthly,"{'input_source_id': 'regional_expert_brief', 'topic': 'societal_stress', 'narrative_direction': 'escalatory', 'relevance': 0.731, 'confidence': 0.799, 'normalization_scope': 'global', 'mapping': 'direction_weight*relevance*confidence'}"
narrative_input,Narrative,narrative_pressure_index,Taiwan,2026-02-01,2026-02-28,0.6036,0.5725,narrative_index,NARRATIVE_snapshot_v43,0.807,monthly,"{'input_source_id': 'regional_expert_brief', 'topic': 'governance_contestation', 'narrative_direction': 'escalatory', 'relevance': 0.748, 'confidence': 0.807, 'normalization_scope': 'global', 'mapping': 'direction_weight*relevance*confidence'}"
narrative_input,Narrative,narrative_pressure_index,Taiwan,2026-03-01,2026-03-31,0.5989,0.5696,narrative_index,NARRATIVE_snapshot_v43,0.805,monthly,"{'input_source_id': 'regional_expert_brief', 'topic': 'societal_stress', 'narrative_direction': 'escalatory', 'relevance': 0.744, 'confidence': 0.805, 'normalization_scope': 'global', 'mapping': 'direction_weight*relevance*confidence'}"
narrative_input,Narrative,narrative_pressure_index,Taiwan,2026-04-01,2026-04-12,0.2729,0.3688,narrative_index,NARRATIVE_snapshot_v43,0.783,monthly,"{'input_source_id': 'regional_expert_brief', 'topic': 'societal_stress', 'narrative_direction': 'neutral', 'relevance': 0.697, 'confidence': 0.783, 'normalization_scope': 'global', 'mapping': 'direction_weight*relevance*confidence'}"
narrative_input,Narrative,narrative_pressure_index,Ukraine,2025-05-01,2025-05-31,0.6896,0.6254,narrative_index,NARRATIVE_snapshot_v43,0.84,monthly,"{'input_source_id': 'regional_expert_brief', 'topic': 'governance_contestation', 'narrative_direction': 'escalatory', 'relevance': 0.821, 'confidence': 0.84, 'normalization_scope': 'global', 'mapping': 'direction_weight*relevance*confidence'}"
narrative_input,Narrative,narrative_pressure_index,Ukraine,2025-06-01,2025-06-30,0.743,0.6583,narrative_index,NARRATIVE_snapshot_v43,0.86,monthly,"{'input_source_id': 'regional_expert_brief', 'topic': 'societal_stress', 'narrative_direction': 'escalatory', 'relevance': 0.864, 'confidence': 0.86, 'normalization_scope': 'global', 'mapping': 'direction_weight*relevance*confidence'}"
narrative_input,Narrative,narrative_pressure_index,Ukraine,2025-07-01,2025-07-31,0.835,0.715,narrative_index,NARRATIVE_snapshot_v43,0.893,monthly,"{'input_source_id': 'regional_expert_brief', 'topic': 'societal_stress', 'narrative_direction': 'escalatory', 'relevance': 0.935, 'confidence': 0.893, 'normalization_scope': 'global', 'mapping': 'direction_weight*relevance*confidence'}"
narrative_input,Narrative,narrative_pressure_index,Ukraine,2025-08-01,2025-08-31,0.8377,0.7166,narrative_index,NARRATIVE_snapshot_v43,0.894,monthly,"{'input_source_id': 'regional_expert_brief', 'topic': 'governance_contestation', 'narrative_direction': 'escalatory', 'relevance': 0.937, 'confidence': 0.894, 'normalization_scope': 'global', 'mapping': 'direction_weight*relevance*confidence'}"
narrative_input,Narrative,narrative_pressure_index,Ukraine,2025-09-01,2025-09-30,0.7422,0.6578,narrative_index,NARRATIVE_snapshot_v43,0.86,monthly,"{'input_source_id': 'regional_expert_brief', 'topic': 'societal_stress', 'narrative_direction': 'escalatory', 'relevance': 0.863, 'confidence': 0.86, 'normalization_scope': 'global', 'mapping': 'direction_weight*relevance*confidence'}"
narrative_input,Narrative,narrative_pressure_index,Ukraine,2025-10-01,2025-10-31,0.6681,0.6122,narrative_index,NARRATIVE_snapshot_v43,0.832,monthly,"{'input_source_id': 'regional_expert_brief', 'topic': 'societal_stress', 'narrative_direction': 'escalatory', 'relevance': 0.803, 'confidence': 0.832, 'normalization_scope': 'global', 'mapping': 'direction_weight*relevance*confidence'}"
narrative_input,Narrative,narrative_pressure_index,Ukraine,2025-11-01,2025-11-30,0.6896,0.6254,narrative_index,NARRATIVE_snapshot_v43,0.84,monthly,"{'input_source_id': 'regional_expert_brief', 'topic': 'governance_contestation', 'narrative_direction': 'escalatory', 'relevance': 0.821, 'confidence': 0.84, 'normalization_scope': 'global', 'mapping': 'direction_weight*relevance*confidence'}"
narrative_input,Narrative,narrative_pressure_index,Ukraine,2025-12-01,2025-12-31,0.7344,0.653,narrative_index,NARRATIVE_snapshot_v43,0.857,monthly,"{'input_source_id': 'regional_expert_brief', 'topic': 'societal_stress', 'narrative_direction': 'escalatory', 'relevance': 0.857, 'confidence': 0.857, 'normalization_scope': 'global', 'mapping': 'direction_weight*relevance*confidence'}"
narrative_input,Narrative,narrative_pressure_index,Ukraine,2026-01-01,2026-01-31,0.8008,0.6939,narrative_index,NARRATIVE_snapshot_v43,0.881,monthly,"{'input_source_id': 'regional_expert_brief', 'topic': 'societal_stress', 'narrative_direction': 'escalatory', 'relevance': 0.909, 'confidence': 0.881, 'normalization_scope': 'global', 'mapping': 'direction_weight*relevance*confidence'}"
narrative_input,Narrative,narrative_pressure_index,Ukraine,2026-02-01,2026-02-28,0.8377,0.7166,narrative_index,NARRATIVE_snapshot_v43,0.894,monthly,"{'input_source_id': 'regional_expert_brief', 'topic': 'governance_contestation', 'narrative_direction': 'escalatory', 'relevance': 0.937, 'confidence': 0.894, 'normalization_scope': 'global', 'mapping': 'direction_weight*relevance*confidence'}"
narrative_input,Narrative,narrative_pressure_index,Ukraine,2026-03-01,2026-03-31,0.7665,0.6728,narrative_index,NARRATIVE_snapshot_v43,0.869,monthly,"{'input_source_id': 'regional_expert_brief', 'topic': 'societal_stress', 'narrative_direction': 'escalatory', 'relevance': 0.882, 'confidence': 0.869, 'normalization_scope': 'global', 'mapping': 'direction_weight*relevance*confidence'}"
narrative_input,Narrative,narrative_pressure_index,Ukraine,2026-04-01,2026-04-12,0.6772,0.6178,narrative_index,NARRATIVE_snapshot_v43,0.836,monthly,"{'input_source_id': 'regional_expert_brief', 'topic': 'societal_stress', 'narrative_direction': 'escalatory', 'relevance': 0.81, 'confidence': 0.836, 'normalization_scope': 'global', 'mapping': 'direction_weight*relevance*confidence'}"
governance_input,Governance,governance_instability_pressure,China,2025-05-01,2025-05-31,0.4761,0.4116,governance_instability_index,GOVERNANCE_snapshot_v43,0.9,monthly,"{'government_effectiveness': 0.471, 'institutional_trust': 0.473, 'political_polarization': 0.571, 'protest_pressure': 0.573, 'policy_blockage': 0.58, 'resilience_buffer': 0.515, 'normalization_scope': 'global', 'mapping': 'instability=(0.60*institutional_erosion+0.40*contention_pressure)*resilience_dampener'}"
governance_input,Governance,governance_instability_pressure,China,2025-06-01,2025-06-30,0.5135,0.4473,governance_instability_index,GOVERNANCE_snapshot_v43,0.9,monthly,"{'government_effectiveness': 0.434, 'institutional_trust': 0.438, 'political_polarization': 0.61, 'protest_pressure': 0.614, 'policy_blockage': 0.618, 'resilience_buffer': 0.482, 'normalization_scope': 'global', 'mapping': 'instability=(0.60*institutional_erosion+0.40*contention_pressure)*resilience_dampener'}"
governance_input,Governance,governance_instability_pressure,China,2025-07-01,2025-07-31,0.5381,0.4709,governance_instability_index,GOVERNANCE_snapshot_v43,0.9,monthly,"{'government_effectiveness': 0.41, 'institutional_trust': 0.415, 'political_polarization': 0.635, 'protest_pressure': 0.64, 'policy_blockage': 0.642, 'resilience_buffer': 0.46, 'normalization_scope': 'global', 'mapping': 'instability=(0.60*institutional_erosion+0.40*contention_pressure)*resilience_dampener'}"
governance_input,Governance,governance_instability_pressure,China,2025-08-01,2025-08-31,0.5506,0.4829,governance_instability_index,GOVERNANCE_snapshot_v43,0.9,monthly,"{'government_effectiveness': 0.398, 'institutional_trust': 0.404, 'political_polarization': 0.648, 'protest_pressure': 0.653, 'policy_blockage': 0.655, 'resilience_buffer': 0.449, 'normalization_scope': 'global', 'mapping': 'instability=(0.60*institutional_erosion+0.40*contention_pressure)*resilience_dampener'}"
governance_input,Governance,governance_instability_pressure,China,2025-09-01,2025-09-30,0.5024,0.4367,governance_instability_index,GOVERNANCE_snapshot_v43,0.9,monthly,"{'government_effectiveness': 0.445, 'institutional_trust': 0.448, 'political_polarization': 0.598, 'protest_pressure': 0.602, 'policy_blockage': 0.607, 'resilience_buffer': 0.492, 'normalization_scope': 'global', 'mapping': 'instability=(0.60*institutional_erosion+0.40*contention_pressure)*resilience_dampener'}"
governance_input,Governance,governance_instability_pressure,China,2025-10-01,2025-10-31,0.4571,0.3934,governance_instability_index,GOVERNANCE_snapshot_v43,0.9,monthly,"{'government_effectiveness': 0.49, 'institutional_trust': 0.491, 'political_polarization': 0.551, 'protest_pressure': 0.552, 'policy_blockage': 0.561, 'resilience_buffer': 0.532, 'normalization_scope': 'global', 'mapping': 'instability=(0.60*institutional_erosion+0.40*contention_pressure)*resilience_dampener'}"
governance_input,Governance,governance_instability_pressure,China,2025-11-01,2025-11-30,0.4771,0.4125,governance_instability_index,GOVERNANCE_snapshot_v43,0.9,monthly,"{'government_effectiveness': 0.47, 'institutional_trust': 0.472, 'political_polarization': 0.572, 'protest_pressure': 0.574, 'policy_blockage': 0.581, 'resilience_buffer': 0.514, 'normalization_scope': 'global', 'mapping': 'instability=(0.60*institutional_erosion+0.40*contention_pressure)*resilience_dampener'}"
governance_input,Governance,governance_instability_pressure,China,2025-12-01,2025-12-31,0.5135,0.4473,governance_instability_index,GOVERNANCE_snapshot_v43,0.9,monthly,"{'government_effectiveness': 0.434, 'institutional_trust': 0.438, 'political_polarization': 0.61, 'protest_pressure': 0.614, 'policy_blockage': 0.618, 'resilience_buffer': 0.482, 'normalization_scope': 'global', 'mapping': 'instability=(0.60*institutional_erosion+0.40*contention_pressure)*resilience_dampener'}"
governance_input,Governance,governance_instability_pressure,China,2026-01-01,2026-01-31,0.5388,0.4716,governance_instability_index,GOVERNANCE_snapshot_v43,0.9,monthly,"{'government_effectiveness': 0.409, 'institutional_trust': 0.415, 'political_polarization': 0.636, 'protest_pressure': 0.641, 'policy_blockage': 0.643, 'resilience_buffer': 0.46, 'normalization_scope': 'global', 'mapping': 'instability=(0.60*institutional_erosion+0.40*contention_pressure)*resilience_dampener'}"
governance_input,Governance,governance_instability_pressure,China,2026-02-01,2026-02-28,0.5568,0.4888,governance_instability_index,GOVERNANCE_snapshot_v43,0.9,monthly,"{'government_effectiveness': 0.392, 'institutional_trust': 0.398, 'political_polarization': 0.654, 'protest_pressure': 0.66, 'policy_blockage': 0.661, 'resilience_buffer': 0.444, 'normalization_scope': 'global', 'mapping': 'instability=(0.60*institutional_erosion+0.40*contention_pressure)*resilience_dampener'}"
governance_input,Governance,governance_instability_pressure,China,2026-03-01,2026-03-31,0.5106,0.4446,governance_instability_index,GOVERNANCE_snapshot_v43,0.9,monthly,"{'government_effectiveness': 0.437, 'institutional_trust': 0.441, 'political_polarization': 0.607, 'protest_pressure': 0.611, 'policy_blockage': 0.615, 'resilience_buffer': 0.484, 'normalization_scope': 'global', 'mapping': 'instability=(0.60*institutional_erosion+0.40*contention_pressure)*resilience_dampener'}"
governance_input,Governance,governance_instability_pressure,China,2026-04-01,2026-04-12,0.4601,0.3962,governance_instability_index,GOVERNANCE_snapshot_v43,0.9,monthly,"{'government_effectiveness': 0.487, 'institutional_trust': 0.488, 'political_polarization': 0.554, 'protest_pressure': 0.555, 'policy_blockage': 0.564, 'resilience_buffer': 0.529, 'normalization_scope': 'global', 'mapping': 'instability=(0.60*institutional_erosion+0.40*contention_pressure)*resilience_dampener'}"
governance_input,Governance,governance_instability_pressure,Germany,2025-05-01,2025-05-31,0.3627,0.303,governance_instability_index,GOVERNANCE_snapshot_v43,0.9,monthly,"{'government_effectiveness': 0.587, 'institutional_trust': 0.583, 'political_polarization': 0.449, 'protest_pressure': 0.445, 'policy_blockage': 0.461, 'resilience_buffer': 0.619, 'normalization_scope': 'global', 'mapping': 'instability=(0.60*institutional_erosion+0.40*contention_pressure)*resilience_dampener'}"
governance_input,Governance,governance_instability_pressure,Germany,2025-06-01,2025-06-30,0.4037,0.3423,governance_instability_index,GOVERNANCE_snapshot_v43,0.9,monthly,"{'government_effectiveness': 0.544, 'institutional_trust': 0.543, 'political_polarization': 0.494, 'protest_pressure': 0.492, 'policy_blockage': 0.505, 'resilience_buffer': 0.581, 'normalization_scope': 'global', 'mapping': 'instability=(0.60*institutional_erosion+0.40*contention_pressure)*resilience_dampener'}"
governance_input,Governance,governance_instability_pressure,Germany,2025-07-01,2025-07-31,0.3637,0.304,governance_instability_index,GOVERNANCE_snapshot_v43,0.9,monthly,"{'government_effectiveness': 0.586, 'institutional_trust': 0.582, 'political_polarization': 0.45, 'protest_pressure': 0.446, 'policy_blockage': 0.462, 'resilience_buffer': 0.618, 'normalization_scope': 'global', 'mapping': 'instability=(0.60*institutional_erosion+0.40*contention_pressure)*resilience_dampener'}"
governance_input,Governance,governance_instability_pressure,Germany,2025-08-01,2025-08-31,0.313,0.2555,governance_instability_index,GOVERNANCE_snapshot_v43,0.9,monthly,"{'government_effectiveness': 0.64, 'institutional_trust': 0.633, 'political_polarization': 0.393, 'protest_pressure': 0.387, 'policy_blockage': 0.407, 'resilience_buffer': 0.667, 'normalization_scope': 'global', 'mapping': 'instability=(0.60*institutional_erosion+0.40*contention_pressure)*resilience_dampener'}"
governance_input,Governance,governance_instability_pressure,Germany,2025-09-01,2025-09-30,0.2799,0.2238,governance_instability_index,GOVERNANCE_snapshot_v43,0.9,monthly,"{'government_effectiveness': 0.676, 'institutional_trust': 0.667, 'political_polarization': 0.355, 'protest_pressure': 0.347, 'policy_blockage': 0.37, 'resilience_buffer': 0.699, 'normalization_scope': 'global', 'mapping': 'instability=(0.60*institutional_erosion+0.40*contention_pressure)*resilience_dampener'}"
governance_input,Governance,governance_instability_pressure,Germany,2025-10-01,2025-10-31,0.2854,0.229,governance_instability_index,GOVERNANCE_snapshot_v43,0.9,monthly,"{'government_effectiveness': 0.67, 'institutional_trust': 0.662, 'political_polarization': 0.362, 'protest_pressure': 0.354, 'policy_blockage': 0.376, 'resilience_buffer': 0.693, 'normalization_scope': 'global', 'mapping': 'instability=(0.60*institutional_erosion+0.40*contention_pressure)*resilience_dampener'}"
governance_input,Governance,governance_instability_pressure,Germany,2025-11-01,2025-11-30,0.3505,0.2913,governance_instability_index,GOVERNANCE_snapshot_v43,0.9,monthly,"{'government_effectiveness': 0.6, 'institutional_trust': 0.595, 'political_polarization': 0.435, 'protest_pressure': 0.431, 'policy_blockage': 0.448, 'resilience_buffer': 0.631, 'normalization_scope': 'global', 'mapping': 'instability=(0.60*institutional_erosion+0.40*contention_pressure)*resilience_dampener'}"
governance_input,Governance,governance_instability_pressure,Germany,2025-12-01,2025-12-31,0.4241,0.3618,governance_instability_index,GOVERNANCE_snapshot_v43,0.9,monthly,"{'government_effectiveness': 0.523, 'institutional_trust': 0.523, 'political_polarization': 0.516, 'protest_pressure': 0.515, 'policy_blockage': 0.526, 'resilience_buffer': 0.562, 'normalization_scope': 'global', 'mapping': 'instability=(0.60*institutional_erosion+0.40*contention_pressure)*resilience_dampener'}"
governance_input,Governance,governance_instability_pressure,Germany,2026-01-01,2026-01-31,0.3917,0.3308,governance_instability_index,GOVERNANCE_snapshot_v43,0.9,monthly,"{'government_effectiveness': 0.557, 'institutional_trust': 0.554, 'political_polarization': 0.481, 'protest_pressure': 0.478, 'policy_blockage': 0.492, 'resilience_buffer': 0.592, 'normalization_scope': 'global', 'mapping': 'instability=(0.60*institutional_erosion+0.40*contention_pressure)*resilience_dampener'}"
governance_input,Governance,governance_instability_pressure,Germany,2026-02-01,2026-02-28,0.3194,0.2616,governance_instability_index,GOVERNANCE_snapshot_v43,0.9,monthly,"{'government_effectiveness': 0.633, 'institutional_trust': 0.627, 'political_polarization': 0.401, 'protest_pressure': 0.394, 'policy_blockage': 0.414, 'resilience_buffer': 0.66, 'normalization_scope': 'global', 'mapping': 'instability=(0.60*institutional_erosion+0.40*contention_pressure)*resilience_dampener'}"
governance_input,Governance,governance_instability_pressure,Germany,2026-03-01,2026-03-31,0.2801,0.224,governance_instability_index,GOVERNANCE_snapshot_v43,0.9,monthly,"{'government_effectiveness': 0.676, 'institutional_trust': 0.667, 'political_polarization': 0.356, 'protest_pressure': 0.347, 'policy_blockage': 0.37, 'resilience_buffer': 0.699, 'normalization_scope': 'global', 'mapping': 'instability=(0.60*institutional_erosion+0.40*contention_pressure)*resilience_dampener'}"
governance_input,Governance,governance_instability_pressure,Germany,2026-04-01,2026-04-12,0.2796,0.2235,governance_instability_index,GOVERNANCE_snapshot_v43,0.9,monthly,"{'government_effectiveness': 0.676, 'institutional_trust': 0.668, 'political_polarization': 0.355, 'protest_pressure': 0.347, 'policy_blockage': 0.369, 'resilience_buffer': 0.699, 'normalization_scope': 'global', 'mapping': 'instability=(0.60*institutional_erosion+0.40*contention_pressure)*resilience_dampener'}"
governance_input,Governance,governance_instability_pressure,Iran,2025-05-01,2025-05-31,0.7405,0.6646,governance_instability_index,GOVERNANCE_snapshot_v43,0.9,monthly,"{'government_effectiveness': 0.222, 'institutional_trust': 0.236, 'political_polarization': 0.833, 'protest_pressure': 0.848, 'policy_blockage': 0.836, 'resilience_buffer': 0.291, 'normalization_scope': 'global', 'mapping': 'instability=(0.60*institutional_erosion+0.40*contention_pressure)*resilience_dampener'}"
governance_input,Governance,governance_instability_pressure,Iran,2025-06-01,2025-06-30,0.8382,0.7581,governance_instability_index,GOVERNANCE_snapshot_v43,0.9,monthly,"{'government_effectiveness': 0.136, 'institutional_trust': 0.155, 'political_polarization': 0.924, 'protest_pressure': 0.943, 'policy_blockage': 0.924, 'resilience_buffer': 0.214, 'normalization_scope': 'global', 'mapping': 'instability=(0.60*institutional_erosion+0.40*contention_pressure)*resilience_dampener'}"
governance_input,Governance,governance_instability_pressure,Iran,2025-07-01,2025-07-31,0.8382,0.7581,governance_instability_index,GOVERNANCE_snapshot_v43,0.9,monthly,"{'government_effectiveness': 0.136, 'institutional_trust': 0.155, 'political_polarization': 0.924, 'protest_pressure': 0.943, 'policy_blockage': 0.924, 'resilience_buffer': 0.214, 'normalization_scope': 'global', 'mapping': 'instability=(0.60*institutional_erosion+0.40*contention_pressure)*resilience_dampener'}"
governance_input,Governance,governance_instability_pressure,Iran,2025-08-01,2025-08-31,0.8382,0.7581,governance_instability_index,GOVERNANCE_snapshot_v43,0.9,monthly,"{'government_effectiveness': 0.136, 'institutional_trust': 0.155, 'political_polarization': 0.924, 'protest_pressure': 0.943, 'policy_blockage': 0.924, 'resilience_buffer': 0.214, 'normalization_scope': 'global', 'mapping': 'instability=(0.60*institutional_erosion+0.40*contention_pressure)*resilience_dampener'}"
governance_input,Governance,governance_instability_pressure,Iran,2025-09-01,2025-09-30,0.728,0.6526,governance_instability_index,GOVERNANCE_snapshot_v43,0.9,monthly,"{'government_effectiveness': 0.233, 'institutional_trust': 0.247, 'political_polarization': 0.821, 'protest_pressure': 0.836, 'policy_blockage': 0.824, 'resilience_buffer': 0.301, 'normalization_scope': 'global', 'mapping': 'instability=(0.60*institutional_erosion+0.40*contention_pressure)*resilience_dampener'}"
governance_input,Governance,governance_instability_pressure,Iran,2025-10-01,2025-10-31,0.6971,0.6231,governance_instability_index,GOVERNANCE_snapshot_v43,0.9,monthly,"{'government_effectiveness': 0.261, 'institutional_trust': 0.274, 'political_polarization': 0.792, 'protest_pressure': 0.805, 'policy_blockage': 0.796, 'resilience_buffer': 0.326, 'normalization_scope': 'global', 'mapping': 'instability=(0.60*institutional_erosion+0.40*contention_pressure)*resilience_dampener'}"
governance_input,Governance,governance_instability_pressure,Iran,2025-11-01,2025-11-30,0.7347,0.659,governance_instability_index,GOVERNANCE_snapshot_v43,0.9,monthly,"{'government_effectiveness': 0.227, 'institutional_trust': 0.241, 'political_polarization': 0.828, 'protest_pressure': 0.842, 'policy_blockage': 0.83, 'resilience_buffer': 0.296, 'normalization_scope': 'global', 'mapping': 'instability=(0.60*institutional_erosion+0.40*contention_pressure)*resilience_dampener'}"
governance_input,Governance,governance_instability_pressure,Iran,2025-12-01,2025-12-31,0.8072,0.7284,governance_instability_index,GOVERNANCE_snapshot_v43,0.9,monthly,"{'government_effectiveness': 0.163, 'institutional_trust': 0.18, 'political_polarization': 0.895, 'protest_pressure': 0.913, 'policy_blockage': 0.896, 'resilience_buffer': 0.238, 'normalization_scope': 'global', 'mapping': 'instability=(0.60*institutional_erosion+0.40*contention_pressure)*resilience_dampener'}"
governance_input,Governance,governance_instability_pressure,Iran,2026-01-01,2026-01-31,0.8382,0.7581,governance_instability_index,GOVERNANCE_snapshot_v43,0.9,monthly,"{'government_effectiveness': 0.136, 'institutional_trust': 0.155, 'political_polarization': 0.924, 'protest_pressure': 0.943, 'policy_blockage': 0.924, 'resilience_buffer': 0.214, 'normalization_scope': 'global', 'mapping': 'instability=(0.60*institutional_erosion+0.40*contention_pressure)*resilience_dampener'}"
governance_input,Governance,governance_instability_pressure,Iran,2026-02-01,2026-02-28,0.8382,0.7581,governance_instability_index,GOVERNANCE_snapshot_v43,0.9,monthly,"{'government_effectiveness': 0.136, 'institutional_trust': 0.155, 'political_polarization': 0.924, 'protest_pressure': 0.943, 'policy_blockage': 0.924, 'resilience_buffer': 0.214, 'normalization_scope': 'global', 'mapping': 'instability=(0.60*institutional_erosion+0.40*contention_pressure)*resilience_dampener'}"
governance_input,Governance,governance_instability_pressure,Iran,2026-03-01,2026-03-31,0.7841,0.7063,governance_instability_index,GOVERNANCE_snapshot_v43,0.9,monthly,"{'government_effectiveness': 0.183, 'institutional_trust': 0.2, 'political_polarization': 0.874, 'protest_pressure': 0.891, 'policy_blockage': 0.875, 'resilience_buffer': 0.256, 'normalization_scope': 'global', 'mapping': 'instability=(0.60*institutional_erosion+0.40*contention_pressure)*resilience_dampener'}"
governance_input,Governance,governance_instability_pressure,Iran,2026-04-01,2026-04-12,0.7057,0.6313,governance_instability_index,GOVERNANCE_snapshot_v43,0.9,monthly,"{'government_effectiveness': 0.253, 'institutional_trust': 0.266, 'political_polarization': 0.8, 'protest_pressure': 0.813, 'policy_blockage': 0.804, 'resilience_buffer': 0.319, 'normalization_scope': 'global', 'mapping': 'instability=(0.60*institutional_erosion+0.40*contention_pressure)*resilience_dampener'}"
governance_input,Governance,governance_instability_pressure,Israel,2025-05-01,2025-05-31,0.5889,0.5195,governance_instability_index,GOVERNANCE_snapshot_v43,0.9,monthly,"{'government_effectiveness': 0.361, 'institutional_trust': 0.369, 'political_polarization': 0.686, 'protest_pressure': 0.694, 'policy_blockage': 0.693, 'resilience_buffer': 0.417, 'normalization_scope': 'global', 'mapping': 'instability=(0.60*institutional_erosion+0.40*contention_pressure)*resilience_dampener'}"
governance_input,Governance,governance_instability_pressure,Israel,2025-06-01,2025-06-30,0.7024,0.6281,governance_instability_index,GOVERNANCE_snapshot_v43,0.9,monthly,"{'government_effectiveness': 0.256, 'institutional_trust': 0.269, 'political_polarization': 0.797, 'protest_pressure': 0.81, 'policy_blockage': 0.801, 'resilience_buffer': 0.322, 'normalization_scope': 'global', 'mapping': 'instability=(0.60*institutional_erosion+0.40*contention_pressure)*resilience_dampener'}"
governance_input,Governance,governance_instability_pressure,Israel,2025-07-01,2025-07-31,0.7259,0.6506,governance_instability_index,GOVERNANCE_snapshot_v43,0.9,monthly,"{'government_effectiveness': 0.235, 'institutional_trust': 0.249, 'political_polarization': 0.82, 'protest_pressure': 0.834, 'policy_blockage': 0.822, 'resilience_buffer': 0.303, 'normalization_scope': 'global', 'mapping': 'instability=(0.60*institutional_erosion+0.40*contention_pressure)*resilience_dampener'}"
governance_input,Governance,governance_instability_pressure,Israel,2025-08-01,2025-08-31,0.6095,0.5392,governance_instability_index,GOVERNANCE_snapshot_v43,0.9,monthly,"{'government_effectiveness': 0.342, 'institutional_trust': 0.35, 'political_polarization': 0.707, 'protest_pressure': 0.715, 'policy_blockage': 0.712, 'resilience_buffer': 0.399, 'normalization_scope': 'global', 'mapping': 'instability=(0.60*institutional_erosion+0.40*contention_pressure)*resilience_dampener'}"
governance_input,Governance,governance_instability_pressure,Israel,2025-09-01,2025-09-30,0.534,0.467,governance_instability_index,GOVERNANCE_snapshot_v43,0.9,monthly,"{'government_effectiveness': 0.414, 'institutional_trust': 0.419, 'political_polarization': 0.631, 'protest_pressure': 0.636, 'policy_blockage': 0.638, 'resilience_buffer': 0.464, 'normalization_scope': 'global', 'mapping': 'instability=(0.60*institutional_erosion+0.40*contention_pressure)*resilience_dampener'}"
governance_input,Governance,governance_instability_pressure,Israel,2025-10-01,2025-10-31,0.5327,0.4657,governance_instability_index,GOVERNANCE_snapshot_v43,0.9,monthly,"{'government_effectiveness': 0.415, 'institutional_trust': 0.42, 'political_polarization': 0.629, 'protest_pressure': 0.634, 'policy_blockage': 0.637, 'resilience_buffer': 0.465, 'normalization_scope': 'global', 'mapping': 'instability=(0.60*institutional_erosion+0.40*contention_pressure)*resilience_dampener'}"
governance_input,Governance,governance_instability_pressure,Israel,2025-11-01,2025-11-30,0.6026,0.5326,governance_instability_index,GOVERNANCE_snapshot_v43,0.9,monthly,"{'government_effectiveness': 0.348, 'institutional_trust': 0.357, 'political_polarization': 0.7, 'protest_pressure': 0.708, 'policy_blockage': 0.706, 'resilience_buffer': 0.405, 'normalization_scope': 'global', 'mapping': 'instability=(0.60*institutional_erosion+0.40*contention_pressure)*resilience_dampener'}"
governance_input,Governance,governance_instability_pressure,Israel,2025-12-01,2025-12-31,0.7308,0.6553,governance_instability_index,GOVERNANCE_snapshot_v43,0.9,monthly,"{'government_effectiveness': 0.23, 'institutional_trust': 0.245, 'political_polarization': 0.824, 'protest_pressure': 0.838, 'policy_blockage': 0.827, 'resilience_buffer': 0.299, 'normalization_scope': 'global', 'mapping': 'instability=(0.60*institutional_erosion+0.40*contention_pressure)*resilience_dampener'}"
governance_input,Governance,governance_instability_pressure,Israel,2026-01-01,2026-01-31,0.7308,0.6553,governance_instability_index,GOVERNANCE_snapshot_v43,0.9,monthly,"{'government_effectiveness': 0.23, 'institutional_trust': 0.245, 'political_polarization': 0.824, 'protest_pressure': 0.838, 'policy_blockage': 0.827, 'resilience_buffer': 0.299, 'normalization_scope': 'global', 'mapping': 'instability=(0.60*institutional_erosion+0.40*contention_pressure)*resilience_dampener'}"
governance_input,Governance,governance_instability_pressure,Israel,2026-02-01,2026-02-28,0.6026,0.5326,governance_instability_index,GOVERNANCE_snapshot_v43,0.9,monthly,"{'government_effectiveness': 0.348, 'institutional_trust': 0.357, 'political_polarization': 0.7, 'protest_pressure': 0.708, 'policy_blockage': 0.706, 'resilience_buffer': 0.405, 'normalization_scope': 'global', 'mapping': 'instability=(0.60*institutional_erosion+0.40*contention_pressure)*resilience_dampener'}"
governance_input,Governance,governance_instability_pressure,Israel,2026-03-01,2026-03-31,0.5324,0.4654,governance_instability_index,GOVERNANCE_snapshot_v43,0.9,monthly,"{'government_effectiveness': 0.416, 'institutional_trust': 0.42, 'political_polarization': 0.629, 'protest_pressure': 0.634, 'policy_blockage': 0.637, 'resilience_buffer': 0.465, 'normalization_scope': 'global', 'mapping': 'instability=(0.60*institutional_erosion+0.40*contention_pressure)*resilience_dampener'}"
governance_input,Governance,governance_instability_pressure,Israel,2026-04-01,2026-04-12,0.5288,0.462,governance_instability_index,GOVERNANCE_snapshot_v43,0.9,monthly,"{'government_effectiveness': 0.419, 'institutional_trust': 0.424, 'political_polarization': 0.626, 'protest_pressure': 0.63, 'policy_blockage': 0.633, 'resilience_buffer': 0.468, 'normalization_scope': 'global', 'mapping': 'instability=(0.60*institutional_erosion+0.40*contention_pressure)*resilience_dampener'}"
governance_input,Governance,governance_instability_pressure,Japan,2025-05-01,2025-05-31,0.2747,0.2188,governance_instability_index,GOVERNANCE_snapshot_v43,0.9,monthly,"{'government_effectiveness': 0.682, 'institutional_trust': 0.673, 'political_polarization': 0.35, 'protest_pressure': 0.341, 'policy_blockage': 0.364, 'resilience_buffer': 0.704, 'normalization_scope': 'global', 'mapping': 'instability=(0.60*institutional_erosion+0.40*contention_pressure)*resilience_dampener'}"
governance_input,Governance,governance_instability_pressure,Japan,2025-06-01,2025-06-30,0.3057,0.2485,governance_instability_index,GOVERNANCE_snapshot_v43,0.9,monthly,"{'government_effectiveness': 0.648, 'institutional_trust': 0.641, 'political_polarization': 0.385, 'protest_pressure': 0.378, 'policy_blockage': 0.399, 'resilience_buffer': 0.673, 'normalization_scope': 'global', 'mapping': 'instability=(0.60*institutional_erosion+0.40*contention_pressure)*resilience_dampener'}"
governance_input,Governance,governance_instability_pressure,Japan,2025-07-01,2025-07-31,0.3102,0.2528,governance_instability_index,GOVERNANCE_snapshot_v43,0.9,monthly,"{'government_effectiveness': 0.643, 'institutional_trust': 0.636, 'political_polarization': 0.39, 'protest_pressure': 0.383, 'policy_blockage': 0.404, 'resilience_buffer': 0.669, 'normalization_scope': 'global', 'mapping': 'instability=(0.60*institutional_erosion+0.40*contention_pressure)*resilience_dampener'}"
governance_input,Governance,governance_instability_pressure,Japan,2025-08-01,2025-08-31,0.2994,0.2424,governance_instability_index,GOVERNANCE_snapshot_v43,0.9,monthly,"{'government_effectiveness': 0.655, 'institutional_trust': 0.647, 'political_polarization': 0.378, 'protest_pressure': 0.371, 'policy_blockage': 0.392, 'resilience_buffer': 0.68, 'normalization_scope': 'global', 'mapping': 'instability=(0.60*institutional_erosion+0.40*contention_pressure)*resilience_dampener'}"
governance_input,Governance,governance_instability_pressure,Japan,2025-09-01,2025-09-30,0.2866,0.2302,governance_instability_index,GOVERNANCE_snapshot_v43,0.9,monthly,"{'government_effectiveness': 0.669, 'institutional_trust': 0.66, 'political_polarization': 0.363, 'protest_pressure': 0.355, 'policy_blockage': 0.377, 'resilience_buffer': 0.692, 'normalization_scope': 'global', 'mapping': 'instability=(0.60*institutional_erosion+0.40*contention_pressure)*resilience_dampener'}"
governance_input,Governance,governance_instability_pressure,Japan,2025-10-01,2025-10-31,0.2664,0.2109,governance_instability_index,GOVERNANCE_snapshot_v43,0.9,monthly,"{'government_effectiveness': 0.691, 'institutional_trust': 0.682, 'political_polarization': 0.34, 'protest_pressure': 0.331, 'policy_blockage': 0.355, 'resilience_buffer': 0.712, 'normalization_scope': 'global', 'mapping': 'instability=(0.60*institutional_erosion+0.40*contention_pressure)*resilience_dampener'}"
governance_input,Governance,governance_instability_pressure,Japan,2025-11-01,2025-11-30,0.2783,0.2222,governance_instability_index,GOVERNANCE_snapshot_v43,0.9,monthly,"{'government_effectiveness': 0.678, 'institutional_trust': 0.669, 'political_polarization': 0.354, 'protest_pressure': 0.345, 'policy_blockage': 0.368, 'resilience_buffer': 0.7, 'normalization_scope': 'global', 'mapping': 'instability=(0.60*institutional_erosion+0.40*contention_pressure)*resilience_dampener'}"
governance_input,Governance,governance_instability_pressure,Japan,2025-12-01,2025-12-31,0.3056,0.2484,governance_instability_index,GOVERNANCE_snapshot_v43,0.9,monthly,"{'government_effectiveness': 0.648, 'institutional_trust': 0.641, 'political_polarization': 0.385, 'protest_pressure': 0.378, 'policy_blockage': 0.399, 'resilience_buffer': 0.674, 'normalization_scope': 'global', 'mapping': 'instability=(0.60*institutional_erosion+0.40*contention_pressure)*resilience_dampener'}"
governance_input,Governance,governance_instability_pressure,Japan,2026-01-01,2026-01-31,0.3056,0.2484,governance_instability_index,GOVERNANCE_snapshot_v43,0.9,monthly,"{'government_effectiveness': 0.648, 'institutional_trust': 0.641, 'political_polarization': 0.385, 'protest_pressure': 0.378, 'policy_blockage': 0.399, 'resilience_buffer': 0.674, 'normalization_scope': 'global', 'mapping': 'instability=(0.60*institutional_erosion+0.40*contention_pressure)*resilience_dampener'}"
governance_input,Governance,governance_instability_pressure,Japan,2026-02-01,2026-02-28,0.2747,0.2188,governance_instability_index,GOVERNANCE_snapshot_v43,0.9,monthly,"{'government_effectiveness': 0.682, 'institutional_trust': 0.673, 'political_polarization': 0.35, 'protest_pressure': 0.341, 'policy_blockage': 0.364, 'resilience_buffer': 0.704, 'normalization_scope': 'global', 'mapping': 'instability=(0.60*institutional_erosion+0.40*contention_pressure)*resilience_dampener'}"
governance_input,Governance,governance_instability_pressure,Japan,2026-03-01,2026-03-31,0.2445,0.1899,governance_instability_index,GOVERNANCE_snapshot_v43,0.9,monthly,"{'government_effectiveness': 0.715, 'institutional_trust': 0.705, 'political_polarization': 0.314, 'protest_pressure': 0.304, 'policy_blockage': 0.329, 'resilience_buffer': 0.734, 'normalization_scope': 'global', 'mapping': 'instability=(0.60*institutional_erosion+0.40*contention_pressure)*resilience_dampener'}"
governance_input,Governance,governance_instability_pressure,Japan,2026-04-01,2026-04-12,0.2445,0.1899,governance_instability_index,GOVERNANCE_snapshot_v43,0.9,monthly,"{'government_effectiveness': 0.715, 'institutional_trust': 0.705, 'political_polarization': 0.314, 'protest_pressure': 0.304, 'policy_blockage': 0.329, 'resilience_buffer': 0.734, 'normalization_scope': 'global', 'mapping': 'instability=(0.60*institutional_erosion+0.40*contention_pressure)*resilience_dampener'}"
governance_input,Governance,governance_instability_pressure,Nigeria,2025-05-01,2025-05-31,0.6587,0.5863,governance_instability_index,GOVERNANCE_snapshot_v43,0.9,monthly,"{'government_effectiveness': 0.296, 'institutional_trust': 0.307, 'political_polarization': 0.755, 'protest_pressure': 0.766, 'policy_blockage': 0.76, 'resilience_buffer': 0.358, 'normalization_scope': 'global', 'mapping': 'instability=(0.60*institutional_erosion+0.40*contention_pressure)*resilience_dampener'}"
governance_input,Governance,governance_instability_pressure,Nigeria,2025-06-01,2025-06-30,0.7371,0.6613,governance_instability_index,GOVERNANCE_snapshot_v43,0.9,monthly,"{'government_effectiveness': 0.225, 'institutional_trust': 0.239, 'political_polarization': 0.83, 'protest_pressure': 0.845, 'policy_blockage': 0.833, 'resilience_buffer': 0.294, 'normalization_scope': 'global', 'mapping': 'instability=(0.60*institutional_erosion+0.40*contention_pressure)*resilience_dampener'}"
governance_input,Governance,governance_instability_pressure,Nigeria,2025-07-01,2025-07-31,0.8382,0.7581,governance_instability_index,GOVERNANCE_snapshot_v43,0.9,monthly,"{'government_effectiveness': 0.136, 'institutional_trust': 0.155, 'political_polarization': 0.924, 'protest_pressure': 0.943, 'policy_blockage': 0.924, 'resilience_buffer': 0.214, 'normalization_scope': 'global', 'mapping': 'instability=(0.60*institutional_erosion+0.40*contention_pressure)*resilience_dampener'}"
governance_input,Governance,governance_instability_pressure,Nigeria,2025-08-01,2025-08-31,0.8045,0.7258,governance_instability_index,GOVERNANCE_snapshot_v43,0.9,monthly,"{'government_effectiveness': 0.165, 'institutional_trust': 0.183, 'political_polarization': 0.893, 'protest_pressure': 0.91, 'policy_blockage': 0.894, 'resilience_buffer': 0.24, 'normalization_scope': 'global', 'mapping': 'instability=(0.60*institutional_erosion+0.40*contention_pressure)*resilience_dampener'}"
governance_input,Governance,governance_instability_pressure,Nigeria,2025-09-01,2025-09-30,0.6628,0.5902,governance_instability_index,GOVERNANCE_snapshot_v43,0.9,monthly,"{'government_effectiveness': 0.292, 'institutional_trust': 0.303, 'political_polarization': 0.759, 'protest_pressure': 0.77, 'policy_blockage': 0.763, 'resilience_buffer': 0.355, 'normalization_scope': 'global', 'mapping': 'instability=(0.60*institutional_erosion+0.40*contention_pressure)*resilience_dampener'}"
governance_input,Governance,governance_instability_pressure,Nigeria,2025-10-01,2025-10-31,0.6228,0.5519,governance_instability_index,GOVERNANCE_snapshot_v43,0.9,monthly,"{'government_effectiveness': 0.329, 'institutional_trust': 0.339, 'political_polarization': 0.72, 'protest_pressure': 0.729, 'policy_blockage': 0.725, 'resilience_buffer': 0.388, 'normalization_scope': 'global', 'mapping': 'instability=(0.60*institutional_erosion+0.40*contention_pressure)*resilience_dampener'}"
governance_input,Governance,governance_instability_pressure,Nigeria,2025-11-01,2025-11-30,0.6597,0.5873,governance_instability_index,GOVERNANCE_snapshot_v43,0.9,monthly,"{'government_effectiveness': 0.295, 'institutional_trust': 0.306, 'political_polarization': 0.756, 'protest_pressure': 0.767, 'policy_blockage': 0.76, 'resilience_buffer': 0.357, 'normalization_scope': 'global', 'mapping': 'instability=(0.60*institutional_erosion+0.40*contention_pressure)*resilience_dampener'}"
governance_input,Governance,governance_instability_pressure,Nigeria,2025-12-01,2025-12-31,0.7422,0.6662,governance_instability_index,GOVERNANCE_snapshot_v43,0.9,monthly,"{'government_effectiveness': 0.22, 'institutional_trust': 0.235, 'political_polarization': 0.835, 'protest_pressure': 0.85, 'policy_blockage': 0.837, 'resilience_buffer': 0.29, 'normalization_scope': 'global', 'mapping': 'instability=(0.60*institutional_erosion+0.40*contention_pressure)*resilience_dampener'}"
governance_input,Governance,governance_instability_pressure,Nigeria,2026-01-01,2026-01-31,0.8382,0.7581,governance_instability_index,GOVERNANCE_snapshot_v43,0.9,monthly,"{'government_effectiveness': 0.136, 'institutional_trust': 0.155, 'political_polarization': 0.924, 'protest_pressure': 0.943, 'policy_blockage': 0.924, 'resilience_buffer': 0.214, 'normalization_scope': 'global', 'mapping': 'instability=(0.60*institutional_erosion+0.40*contention_pressure)*resilience_dampener'}"
governance_input,Governance,governance_instability_pressure,Nigeria,2026-02-01,2026-02-28,0.8382,0.7581,governance_instability_index,GOVERNANCE_snapshot_v43,0.9,monthly,"{'government_effectiveness': 0.136, 'institutional_trust': 0.155, 'political_polarization': 0.924, 'protest_pressure': 0.943, 'policy_blockage': 0.924, 'resilience_buffer': 0.214, 'normalization_scope': 'global', 'mapping': 'instability=(0.60*institutional_erosion+0.40*contention_pressure)*resilience_dampener'}"
governance_input,Governance,governance_instability_pressure,Nigeria,2026-03-01,2026-03-31,0.6758,0.6027,governance_instability_index,GOVERNANCE_snapshot_v43,0.9,monthly,"{'government_effectiveness': 0.28, 'institutional_trust': 0.292, 'political_polarization': 0.771, 'protest_pressure': 0.783, 'policy_blockage': 0.776, 'resilience_buffer': 0.344, 'normalization_scope': 'global', 'mapping': 'instability=(0.60*institutional_erosion+0.40*contention_pressure)*resilience_dampener'}"
governance_input,Governance,governance_instability_pressure,Nigeria,2026-04-01,2026-04-12,0.6243,0.5534,governance_instability_index,GOVERNANCE_snapshot_v43,0.9,monthly,"{'government_effectiveness': 0.328, 'institutional_trust': 0.337, 'political_polarization': 0.721, 'protest_pressure': 0.731, 'policy_blockage': 0.727, 'resilience_buffer': 0.387, 'normalization_scope': 'global', 'mapping': 'instability=(0.60*institutional_erosion+0.40*contention_pressure)*resilience_dampener'}"
governance_input,Governance,governance_instability_pressure,Poland,2025-05-01,2025-05-31,0.4144,0.3525,governance_instability_index,GOVERNANCE_snapshot_v43,0.9,monthly,"{'government_effectiveness': 0.533, 'institutional_trust': 0.532, 'political_polarization': 0.505, 'protest_pressure': 0.504, 'policy_blockage': 0.516, 'resilience_buffer': 0.571, 'normalization_scope': 'global', 'mapping': 'instability=(0.60*institutional_erosion+0.40*contention_pressure)*resilience_dampener'}"
governance_input,Governance,governance_instability_pressure,Poland,2025-06-01,2025-06-30,0.4483,0.3849,governance_instability_index,GOVERNANCE_snapshot_v43,0.9,monthly,"{'government_effectiveness': 0.499, 'institutional_trust': 0.499, 'political_polarization': 0.542, 'protest_pressure': 0.542, 'policy_blockage': 0.551, 'resilience_buffer': 0.54, 'normalization_scope': 'global', 'mapping': 'instability=(0.60*institutional_erosion+0.40*contention_pressure)*resilience_dampener'}"
governance_input,Governance,governance_instability_pressure,Poland,2025-07-01,2025-07-31,0.4589,0.3951,governance_instability_index,GOVERNANCE_snapshot_v43,0.9,monthly,"{'government_effectiveness': 0.488, 'institutional_trust': 0.489, 'political_polarization': 0.553, 'protest_pressure': 0.554, 'policy_blockage': 0.562, 'resilience_buffer': 0.531, 'normalization_scope': 'global', 'mapping': 'instability=(0.60*institutional_erosion+0.40*contention_pressure)*resilience_dampener'}"
governance_input,Governance,governance_instability_pressure,Poland,2025-08-01,2025-08-31,0.4639,0.3999,governance_instability_index,GOVERNANCE_snapshot_v43,0.9,monthly,"{'government_effectiveness': 0.483, 'institutional_trust': 0.485, 'political_polarization': 0.558, 'protest_pressure': 0.56, 'policy_blockage': 0.568, 'resilience_buffer': 0.526, 'normalization_scope': 'global', 'mapping': 'instability=(0.60*institutional_erosion+0.40*contention_pressure)*resilience_dampener'}"
governance_input,Governance,governance_instability_pressure,Poland,2025-09-01,2025-09-30,0.4475,0.3842,governance_instability_index,GOVERNANCE_snapshot_v43,0.9,monthly,"{'government_effectiveness': 0.5, 'institutional_trust': 0.5, 'political_polarization': 0.541, 'protest_pressure': 0.542, 'policy_blockage': 0.551, 'resilience_buffer': 0.541, 'normalization_scope': 'global', 'mapping': 'instability=(0.60*institutional_erosion+0.40*contention_pressure)*resilience_dampener'}"
governance_input,Governance,governance_instability_pressure,Poland,2025-10-01,2025-10-31,0.4087,0.347,governance_instability_index,GOVERNANCE_snapshot_v43,0.9,monthly,"{'government_effectiveness': 0.539, 'institutional_trust': 0.538, 'political_polarization': 0.499, 'protest_pressure': 0.498, 'policy_blockage': 0.51, 'resilience_buffer': 0.576, 'normalization_scope': 'global', 'mapping': 'instability=(0.60*institutional_erosion+0.40*contention_pressure)*resilience_dampener'}"
governance_input,Governance,governance_instability_pressure,Poland,2025-11-01,2025-11-30,0.4177,0.3557,governance_instability_index,GOVERNANCE_snapshot_v43,0.9,monthly,"{'government_effectiveness': 0.53, 'institutional_trust': 0.529, 'political_polarization': 0.509, 'protest_pressure': 0.508, 'policy_blockage': 0.52, 'resilience_buffer': 0.568, 'normalization_scope': 'global', 'mapping': 'instability=(0.60*institutional_erosion+0.40*contention_pressure)*resilience_dampener'}"
governance_input,Governance,governance_instability_pressure,Poland,2025-12-01,2025-12-31,0.4495,0.3861,governance_instability_index,GOVERNANCE_snapshot_v43,0.9,monthly,"{'government_effectiveness': 0.498, 'institutional_trust': 0.498, 'political_polarization': 0.543, 'protest_pressure': 0.544, 'policy_blockage': 0.553, 'resilience_buffer': 0.539, 'normalization_scope': 'global', 'mapping': 'instability=(0.60*institutional_erosion+0.40*contention_pressure)*resilience_dampener'}"
governance_input,Governance,governance_instability_pressure,Poland,2026-01-01,2026-01-31,0.4679,0.4037,governance_instability_index,GOVERNANCE_snapshot_v43,0.9,monthly,"{'government_effectiveness': 0.479, 'institutional_trust': 0.481, 'political_polarization': 0.562, 'protest_pressure': 0.564, 'policy_blockage': 0.572, 'resilience_buffer': 0.522, 'normalization_scope': 'global', 'mapping': 'instability=(0.60*institutional_erosion+0.40*contention_pressure)*resilience_dampener'}"
governance_input,Governance,governance_instability_pressure,Poland,2026-02-01,2026-02-28,0.481,0.4162,governance_instability_index,GOVERNANCE_snapshot_v43,0.9,monthly,"{'government_effectiveness': 0.466, 'institutional_trust': 0.468, 'political_polarization': 0.576, 'protest_pressure': 0.578, 'policy_blockage': 0.585, 'resilience_buffer': 0.511, 'normalization_scope': 'global', 'mapping': 'instability=(0.60*institutional_erosion+0.40*contention_pressure)*resilience_dampener'}"
governance_input,Governance,governance_instability_pressure,Poland,2026-03-01,2026-03-31,0.4473,0.384,governance_instability_index,GOVERNANCE_snapshot_v43,0.9,monthly,"{'government_effectiveness': 0.5, 'institutional_trust': 0.5, 'political_polarization': 0.541, 'protest_pressure': 0.541, 'policy_blockage': 0.55, 'resilience_buffer': 0.541, 'normalization_scope': 'global', 'mapping': 'instability=(0.60*institutional_erosion+0.40*contention_pressure)*resilience_dampener'}"
governance_input,Governance,governance_instability_pressure,Poland,2026-04-01,2026-04-12,0.4012,0.3399,governance_instability_index,GOVERNANCE_snapshot_v43,0.9,monthly,"{'government_effectiveness': 0.547, 'institutional_trust': 0.545, 'political_polarization': 0.491, 'protest_pressure': 0.49, 'policy_blockage': 0.502, 'resilience_buffer': 0.583, 'normalization_scope': 'global', 'mapping': 'instability=(0.60*institutional_erosion+0.40*contention_pressure)*resilience_dampener'}"
governance_input,Governance,governance_instability_pressure,Russia,2025-05-01,2025-05-31,0.6317,0.5605,governance_instability_index,GOVERNANCE_snapshot_v43,0.9,monthly,"{'government_effectiveness': 0.321, 'institutional_trust': 0.331, 'political_polarization': 0.729, 'protest_pressure': 0.738, 'policy_blockage': 0.734, 'resilience_buffer': 0.38, 'normalization_scope': 'global', 'mapping': 'instability=(0.60*institutional_erosion+0.40*contention_pressure)*resilience_dampener'}"
governance_input,Governance,governance_instability_pressure,Russia,2025-06-01,2025-06-30,0.6934,0.6195,governance_instability_index,GOVERNANCE_snapshot_v43,0.9,monthly,"{'government_effectiveness': 0.264, 'institutional_trust': 0.277, 'political_polarization': 0.788, 'protest_pressure': 0.801, 'policy_blockage': 0.792, 'resilience_buffer': 0.329, 'normalization_scope': 'global', 'mapping': 'instability=(0.60*institutional_erosion+0.40*contention_pressure)*resilience_dampener'}"
governance_input,Governance,governance_instability_pressure,Russia,2025-07-01,2025-07-31,0.7817,0.704,governance_instability_index,GOVERNANCE_snapshot_v43,0.9,monthly,"{'government_effectiveness': 0.185, 'institutional_trust': 0.202, 'political_polarization': 0.872, 'protest_pressure': 0.888, 'policy_blockage': 0.873, 'resilience_buffer': 0.258, 'normalization_scope': 'global', 'mapping': 'instability=(0.60*institutional_erosion+0.40*contention_pressure)*resilience_dampener'}"
governance_input,Governance,governance_instability_pressure,Russia,2025-08-01,2025-08-31,0.7769,0.6994,governance_instability_index,GOVERNANCE_snapshot_v43,0.9,monthly,"{'government_effectiveness': 0.189, 'institutional_trust': 0.206, 'political_polarization': 0.867, 'protest_pressure': 0.884, 'policy_blockage': 0.869, 'resilience_buffer': 0.262, 'normalization_scope': 'global', 'mapping': 'instability=(0.60*institutional_erosion+0.40*contention_pressure)*resilience_dampener'}"
governance_input,Governance,governance_instability_pressure,Russia,2025-09-01,2025-09-30,0.6493,0.5773,governance_instability_index,GOVERNANCE_snapshot_v43,0.9,monthly,"{'government_effectiveness': 0.305, 'institutional_trust': 0.315, 'political_polarization': 0.746, 'protest_pressure': 0.757, 'policy_blockage': 0.751, 'resilience_buffer': 0.366, 'normalization_scope': 'global', 'mapping': 'instability=(0.60*institutional_erosion+0.40*contention_pressure)*resilience_dampener'}"
governance_input,Governance,governance_instability_pressure,Russia,2025-10-01,2025-10-31,0.6005,0.5306,governance_instability_index,GOVERNANCE_snapshot_v43,0.9,monthly,"{'government_effectiveness': 0.35, 'institutional_trust': 0.359, 'political_polarization': 0.698, 'protest_pressure': 0.706, 'policy_blockage': 0.704, 'resilience_buffer': 0.407, 'normalization_scope': 'global', 'mapping': 'instability=(0.60*institutional_erosion+0.40*contention_pressure)*resilience_dampener'}"
governance_input,Governance,governance_instability_pressure,Russia,2025-11-01,2025-11-30,0.6307,0.5595,governance_instability_index,GOVERNANCE_snapshot_v43,0.9,monthly,"{'government_effectiveness': 0.322, 'institutional_trust': 0.332, 'political_polarization': 0.728, 'protest_pressure': 0.737, 'policy_blockage': 0.733, 'resilience_buffer': 0.381, 'normalization_scope': 'global', 'mapping': 'instability=(0.60*institutional_erosion+0.40*contention_pressure)*resilience_dampener'}"
governance_input,Governance,governance_instability_pressure,Russia,2025-12-01,2025-12-31,0.6771,0.6039,governance_instability_index,GOVERNANCE_snapshot_v43,0.9,monthly,"{'government_effectiveness': 0.279, 'institutional_trust': 0.291, 'political_polarization': 0.773, 'protest_pressure': 0.785, 'policy_blockage': 0.777, 'resilience_buffer': 0.343, 'normalization_scope': 'global', 'mapping': 'instability=(0.60*institutional_erosion+0.40*contention_pressure)*resilience_dampener'}"
governance_input,Governance,governance_instability_pressure,Russia,2026-01-01,2026-01-31,0.7389,0.6631,governance_instability_index,GOVERNANCE_snapshot_v43,0.9,monthly,"{'government_effectiveness': 0.223, 'institutional_trust': 0.238, 'political_polarization': 0.832, 'protest_pressure': 0.846, 'policy_blockage': 0.834, 'resilience_buffer': 0.292, 'normalization_scope': 'global', 'mapping': 'instability=(0.60*institutional_erosion+0.40*contention_pressure)*resilience_dampener'}"
governance_input,Governance,governance_instability_pressure,Russia,2026-02-01,2026-02-28,0.7753,0.6979,governance_instability_index,GOVERNANCE_snapshot_v43,0.9,monthly,"{'government_effectiveness': 0.191, 'institutional_trust': 0.207, 'political_polarization': 0.866, 'protest_pressure': 0.882, 'policy_blockage': 0.867, 'resilience_buffer': 0.263, 'normalization_scope': 'global', 'mapping': 'instability=(0.60*institutional_erosion+0.40*contention_pressure)*resilience_dampener'}"
governance_input,Governance,governance_instability_pressure,Russia,2026-03-01,2026-03-31,0.6804,0.6071,governance_instability_index,GOVERNANCE_snapshot_v43,0.9,monthly,"{'government_effectiveness': 0.276, 'institutional_trust': 0.288, 'political_polarization': 0.776, 'protest_pressure': 0.788, 'policy_blockage': 0.78, 'resilience_buffer': 0.34, 'normalization_scope': 'global', 'mapping': 'instability=(0.60*institutional_erosion+0.40*contention_pressure)*resilience_dampener'}"
governance_input,Governance,governance_instability_pressure,Russia,2026-04-01,2026-04-12,0.6097,0.5394,governance_instability_index,GOVERNANCE_snapshot_v43,0.9,monthly,"{'government_effectiveness': 0.342, 'institutional_trust': 0.35, 'political_polarization': 0.707, 'protest_pressure': 0.716, 'policy_blockage': 0.713, 'resilience_buffer': 0.399, 'normalization_scope': 'global', 'mapping': 'instability=(0.60*institutional_erosion+0.40*contention_pressure)*resilience_dampener'}"
governance_input,Governance,governance_instability_pressure,Taiwan,2025-05-01,2025-05-31,0.5156,0.4494,governance_instability_index,GOVERNANCE_snapshot_v43,0.9,monthly,"{'government_effectiveness': 0.432, 'institutional_trust': 0.436, 'political_polarization': 0.612, 'protest_pressure': 0.616, 'policy_blockage': 0.62, 'resilience_buffer': 0.48, 'normalization_scope': 'global', 'mapping': 'instability=(0.60*institutional_erosion+0.40*contention_pressure)*resilience_dampener'}"
governance_input,Governance,governance_instability_pressure,Taiwan,2025-06-01,2025-06-30,0.5525,0.4847,governance_instability_index,GOVERNANCE_snapshot_v43,0.9,monthly,"{'government_effectiveness': 0.396, 'institutional_trust': 0.402, 'political_polarization': 0.65, 'protest_pressure': 0.655, 'policy_blockage': 0.657, 'resilience_buffer': 0.448, 'normalization_scope': 'global', 'mapping': 'instability=(0.60*institutional_erosion+0.40*contention_pressure)*resilience_dampener'}"
governance_input,Governance,governance_instability_pressure,Taiwan,2025-07-01,2025-07-31,0.5742,0.5054,governance_instability_index,GOVERNANCE_snapshot_v43,0.9,monthly,"{'government_effectiveness': 0.375, 'institutional_trust': 0.382, 'political_polarization': 0.671, 'protest_pressure': 0.678, 'policy_blockage': 0.678, 'resilience_buffer': 0.429, 'normalization_scope': 'global', 'mapping': 'instability=(0.60*institutional_erosion+0.40*contention_pressure)*resilience_dampener'}"
governance_input,Governance,governance_instability_pressure,Taiwan,2025-08-01,2025-08-31,0.5977,0.5279,governance_instability_index,GOVERNANCE_snapshot_v43,0.9,monthly,"{'government_effectiveness': 0.353, 'institutional_trust': 0.361, 'political_polarization': 0.695, 'protest_pressure': 0.703, 'policy_blockage': 0.701, 'resilience_buffer': 0.409, 'normalization_scope': 'global', 'mapping': 'instability=(0.60*institutional_erosion+0.40*contention_pressure)*resilience_dampener'}"
governance_input,Governance,governance_instability_pressure,Taiwan,2025-09-01,2025-09-30,0.566,0.4976,governance_instability_index,GOVERNANCE_snapshot_v43,0.9,monthly,"{'government_effectiveness': 0.383, 'institutional_trust': 0.39, 'political_polarization': 0.663, 'protest_pressure': 0.67, 'policy_blockage': 0.67, 'resilience_buffer': 0.436, 'normalization_scope': 'global', 'mapping': 'instability=(0.60*institutional_erosion+0.40*contention_pressure)*resilience_dampener'}"
governance_input,Governance,governance_instability_pressure,Taiwan,2025-10-01,2025-10-31,0.5081,0.4422,governance_instability_index,GOVERNANCE_snapshot_v43,0.9,monthly,"{'government_effectiveness': 0.439, 'institutional_trust': 0.443, 'political_polarization': 0.604, 'protest_pressure': 0.608, 'policy_blockage': 0.612, 'resilience_buffer': 0.487, 'normalization_scope': 'global', 'mapping': 'instability=(0.60*institutional_erosion+0.40*contention_pressure)*resilience_dampener'}"
governance_input,Governance,governance_instability_pressure,Taiwan,2025-11-01,2025-11-30,0.5183,0.4519,governance_instability_index,GOVERNANCE_snapshot_v43,0.9,monthly,"{'government_effectiveness': 0.429, 'institutional_trust': 0.434, 'political_polarization': 0.615, 'protest_pressure': 0.619, 'policy_blockage': 0.623, 'resilience_buffer': 0.478, 'normalization_scope': 'global', 'mapping': 'instability=(0.60*institutional_erosion+0.40*contention_pressure)*resilience_dampener'}"
governance_input,Governance,governance_instability_pressure,Taiwan,2025-12-01,2025-12-31,0.5515,0.4837,governance_instability_index,GOVERNANCE_snapshot_v43,0.9,monthly,"{'government_effectiveness': 0.397, 'institutional_trust': 0.403, 'political_polarization': 0.649, 'protest_pressure': 0.654, 'policy_blockage': 0.656, 'resilience_buffer': 0.449, 'normalization_scope': 'global', 'mapping': 'instability=(0.60*institutional_erosion+0.40*contention_pressure)*resilience_dampener'}"
governance_input,Governance,governance_instability_pressure,Taiwan,2026-01-01,2026-01-31,0.566,0.4976,governance_instability_index,GOVERNANCE_snapshot_v43,0.9,monthly,"{'government_effectiveness': 0.383, 'institutional_trust': 0.39, 'political_polarization': 0.663, 'protest_pressure': 0.67, 'policy_blockage': 0.67, 'resilience_buffer': 0.436, 'normalization_scope': 'global', 'mapping': 'instability=(0.60*institutional_erosion+0.40*contention_pressure)*resilience_dampener'}"
governance_input,Governance,governance_instability_pressure,Taiwan,2026-02-01,2026-02-28,0.588,0.5186,governance_instability_index,GOVERNANCE_snapshot_v43,0.9,monthly,"{'government_effectiveness': 0.362, 'institutional_trust': 0.37, 'political_polarization': 0.685, 'protest_pressure': 0.693, 'policy_blockage': 0.692, 'resilience_buffer': 0.417, 'normalization_scope': 'global', 'mapping': 'instability=(0.60*institutional_erosion+0.40*contention_pressure)*resilience_dampener'}"
governance_input,Governance,governance_instability_pressure,Taiwan,2026-03-01,2026-03-31,0.583,0.5139,governance_instability_index,GOVERNANCE_snapshot_v43,0.9,monthly,"{'government_effectiveness': 0.367, 'institutional_trust': 0.374, 'political_polarization': 0.68, 'protest_pressure': 0.688, 'policy_blockage': 0.687, 'resilience_buffer': 0.422, 'normalization_scope': 'global', 'mapping': 'instability=(0.60*institutional_erosion+0.40*contention_pressure)*resilience_dampener'}"
governance_input,Governance,governance_instability_pressure,Taiwan,2026-04-01,2026-04-12,0.5246,0.458,governance_instability_index,GOVERNANCE_snapshot_v43,0.9,monthly,"{'government_effectiveness': 0.423, 'institutional_trust': 0.428, 'political_polarization': 0.621, 'protest_pressure': 0.626, 'policy_blockage': 0.629, 'resilience_buffer': 0.472, 'normalization_scope': 'global', 'mapping': 'instability=(0.60*institutional_erosion+0.40*contention_pressure)*resilience_dampener'}"
governance_input,Governance,governance_instability_pressure,Ukraine,2025-05-01,2025-05-31,0.6815,0.6081,governance_instability_index,GOVERNANCE_snapshot_v43,0.9,monthly,"{'government_effectiveness': 0.275, 'institutional_trust': 0.287, 'political_polarization': 0.777, 'protest_pressure': 0.789, 'policy_blockage': 0.781, 'resilience_buffer': 0.339, 'normalization_scope': 'global', 'mapping': 'instability=(0.60*institutional_erosion+0.40*contention_pressure)*resilience_dampener'}"
governance_input,Governance,governance_instability_pressure,Ukraine,2025-06-01,2025-06-30,0.7389,0.6631,governance_instability_index,GOVERNANCE_snapshot_v43,0.9,monthly,"{'government_effectiveness': 0.223, 'institutional_trust': 0.238, 'political_polarization': 0.832, 'protest_pressure': 0.846, 'policy_blockage': 0.834, 'resilience_buffer': 0.292, 'normalization_scope': 'global', 'mapping': 'instability=(0.60*institutional_erosion+0.40*contention_pressure)*resilience_dampener'}"
governance_input,Governance,governance_instability_pressure,Ukraine,2025-07-01,2025-07-31,0.8354,0.7554,governance_instability_index,GOVERNANCE_snapshot_v43,0.9,monthly,"{'government_effectiveness': 0.138, 'institutional_trust': 0.157, 'political_polarization': 0.921, 'protest_pressure': 0.94, 'policy_blockage': 0.921, 'resilience_buffer': 0.216, 'normalization_scope': 'global', 'mapping': 'instability=(0.60*institutional_erosion+0.40*contention_pressure)*resilience_dampener'}"
governance_input,Governance,governance_instability_pressure,Ukraine,2025-08-01,2025-08-31,0.8382,0.7581,governance_instability_index,GOVERNANCE_snapshot_v43,0.9,monthly,"{'government_effectiveness': 0.136, 'institutional_trust': 0.155, 'political_polarization': 0.924, 'protest_pressure': 0.943, 'policy_blockage': 0.924, 'resilience_buffer': 0.214, 'normalization_scope': 'global', 'mapping': 'instability=(0.60*institutional_erosion+0.40*contention_pressure)*resilience_dampener'}"
governance_input,Governance,governance_instability_pressure,Ukraine,2025-09-01,2025-09-30,0.7374,0.6616,governance_instability_index,GOVERNANCE_snapshot_v43,0.9,monthly,"{'government_effectiveness': 0.224, 'institutional_trust': 0.239, 'political_polarization': 0.83, 'protest_pressure': 0.845, 'policy_blockage': 0.833, 'resilience_buffer': 0.294, 'normalization_scope': 'global', 'mapping': 'instability=(0.60*institutional_erosion+0.40*contention_pressure)*resilience_dampener'}"
governance_input,Governance,governance_instability_pressure,Ukraine,2025-10-01,2025-10-31,0.6576,0.5853,governance_instability_index,GOVERNANCE_snapshot_v43,0.9,monthly,"{'government_effectiveness': 0.297, 'institutional_trust': 0.308, 'political_polarization': 0.754, 'protest_pressure': 0.765, 'policy_blockage': 0.759, 'resilience_buffer': 0.359, 'normalization_scope': 'global', 'mapping': 'instability=(0.60*institutional_erosion+0.40*contention_pressure)*resilience_dampener'}"
governance_input,Governance,governance_instability_pressure,Ukraine,2025-11-01,2025-11-30,0.6815,0.6081,governance_instability_index,GOVERNANCE_snapshot_v43,0.9,monthly,"{'government_effectiveness': 0.275, 'institutional_trust': 0.287, 'political_polarization': 0.777, 'protest_pressure': 0.789, 'policy_blockage': 0.781, 'resilience_buffer': 0.339, 'normalization_scope': 'global', 'mapping': 'instability=(0.60*institutional_erosion+0.40*contention_pressure)*resilience_dampener'}"
governance_input,Governance,governance_instability_pressure,Ukraine,2025-12-01,2025-12-31,0.7288,0.6534,governance_instability_index,GOVERNANCE_snapshot_v43,0.9,monthly,"{'government_effectiveness': 0.232, 'institutional_trust': 0.246, 'political_polarization': 0.822, 'protest_pressure': 0.836, 'policy_blockage': 0.825, 'resilience_buffer': 0.301, 'normalization_scope': 'global', 'mapping': 'instability=(0.60*institutional_erosion+0.40*contention_pressure)*resilience_dampener'}"
governance_input,Governance,governance_instability_pressure,Ukraine,2026-01-01,2026-01-31,0.7996,0.7212,governance_instability_index,GOVERNANCE_snapshot_v43,0.9,monthly,"{'government_effectiveness': 0.169, 'institutional_trust': 0.187, 'political_polarization': 0.888, 'protest_pressure': 0.906, 'policy_blockage': 0.889, 'resilience_buffer': 0.244, 'normalization_scope': 'global', 'mapping': 'instability=(0.60*institutional_erosion+0.40*contention_pressure)*resilience_dampener'}"
governance_input,Governance,governance_instability_pressure,Ukraine,2026-02-01,2026-02-28,0.8382,0.7581,governance_instability_index,GOVERNANCE_snapshot_v43,0.9,monthly,"{'government_effectiveness': 0.136, 'institutional_trust': 0.155, 'political_polarization': 0.924, 'protest_pressure': 0.943, 'policy_blockage': 0.924, 'resilience_buffer': 0.214, 'normalization_scope': 'global', 'mapping': 'instability=(0.60*institutional_erosion+0.40*contention_pressure)*resilience_dampener'}"
governance_input,Governance,governance_instability_pressure,Ukraine,2026-03-01,2026-03-31,0.7632,0.6863,governance_instability_index,GOVERNANCE_snapshot_v43,0.9,monthly,"{'government_effectiveness': 0.201, 'institutional_trust': 0.217, 'political_polarization': 0.854, 'protest_pressure': 0.87, 'policy_blockage': 0.856, 'resilience_buffer': 0.273, 'normalization_scope': 'global', 'mapping': 'instability=(0.60*institutional_erosion+0.40*contention_pressure)*resilience_dampener'}"
governance_input,Governance,governance_instability_pressure,Ukraine,2026-04-01,2026-04-12,0.6677,0.5949,governance_instability_index,GOVERNANCE_snapshot_v43,0.9,monthly,"{'government_effectiveness': 0.288, 'institutional_trust': 0.299, 'political_polarization': 0.764, 'protest_pressure': 0.775, 'policy_blockage': 0.768, 'resilience_buffer': 0.35, 'normalization_scope': 'global', 'mapping': 'instability=(0.60*institutional_erosion+0.40*contention_pressure)*resilience_dampener'}"
gdelt_event,Event,observed_conflict_disruption_pressure,China,2025-04-01,2025-04-30,0.651,0.5039,event_pressure_index,GDELT_event_monthly_2025-04,1.0,monthly,"{'event_count': 27, 'unique_event_types': 3, 'category_coverage': 1.0, 'average_raw_value': 54.1444, 'average_abs_tone': 4.9222, 'average_article_count': 102.2593, 'normalization_scope': 'global', 'mapping': '0.65*severity + 0.20*frequency + 0.15*type_coverage'}"
gdelt_event,Event,observed_conflict_disruption_pressure,China,2025-05-01,2025-05-31,0.6276,0.4539,event_pressure_index,GDELT_event_monthly_2025-05,1.0,monthly,"{'event_count': 93, 'unique_event_types': 3, 'category_coverage': 1.0, 'average_raw_value': 56.6226, 'average_abs_tone': 5.1925, 'average_article_count': 106.7301, 'normalization_scope': 'global', 'mapping': '0.65*severity + 0.20*frequency + 0.15*type_coverage'}"
gdelt_event,Event,observed_conflict_disruption_pressure,China,2025-06-01,2025-06-30,0.6064,0.4086,event_pressure_index,GDELT_event_monthly_2025-06,1.0,monthly,"{'event_count': 90, 'unique_event_types': 3, 'category_coverage': 1.0, 'average_raw_value': 51.3833, 'average_abs_tone': 4.6233, 'average_article_count': 98.9089, 'normalization_scope': 'global', 'mapping': '0.65*severity + 0.20*frequency + 0.15*type_coverage'}"
gdelt_event,Event,observed_conflict_disruption_pressure,China,2025-07-01,2025-07-31,0.6107,0.4178,event_pressure_index,GDELT_event_monthly_2025-07,1.0,monthly,"{'event_count': 93, 'unique_event_types': 3, 'category_coverage': 1.0, 'average_raw_value': 52.0527, 'average_abs_tone': 4.7366, 'average_article_count': 99.971, 'normalization_scope': 'global', 'mapping': '0.65*severity + 0.20*frequency + 0.15*type_coverage'}"
gdelt_event,Event,observed_conflict_disruption_pressure,China,2025-08-01,2025-08-31,0.6331,0.4656,event_pressure_index,GDELT_event_monthly_2025-08,1.0,monthly,"{'event_count': 93, 'unique_event_types': 3, 'category_coverage': 1.0, 'average_raw_value': 58.0677, 'average_abs_tone': 5.2656, 'average_article_count': 110.0022, 'normalization_scope': 'global', 'mapping': '0.65*severity + 0.20*frequency + 0.15*type_coverage'}"
gdelt_event,Event,observed_conflict_disruption_pressure,China,2025-09-01,2025-09-30,0.6366,0.4731,event_pressure_index,GDELT_event_monthly_2025-09,1.0,monthly,"{'event_count': 90, 'unique_event_types': 3, 'category_coverage': 1.0, 'average_raw_value': 59.1444, 'average_abs_tone': 5.3589, 'average_article_count': 111.87, 'normalization_scope': 'global', 'mapping': '0.65*severity + 0.20*frequency + 0.15*type_coverage'}"
gdelt_event,Event,observed_conflict_disruption_pressure,China,2025-10-01,2025-10-31,0.6369,0.4738,event_pressure_index,GDELT_event_monthly_2025-10,1.0,monthly,"{'event_count': 93, 'unique_event_types': 3, 'category_coverage': 1.0, 'average_raw_value': 59.0914, 'average_abs_tone': 5.3667, 'average_article_count': 112.6656, 'normalization_scope': 'global', 'mapping': '0.65*severity + 0.20*frequency + 0.15*type_coverage'}"
gdelt_event,Event,observed_conflict_disruption_pressure,China,2025-11-01,2025-11-30,0.6313,0.4618,event_pressure_index,GDELT_event_monthly_2025-11,1.0,monthly,"{'event_count': 90, 'unique_event_types': 3, 'category_coverage': 1.0, 'average_raw_value': 57.6789, 'average_abs_tone': 5.2467, 'average_article_count': 109.7833, 'normalization_scope': 'global', 'mapping': '0.65*severity + 0.20*frequency + 0.15*type_coverage'}"
gdelt_event,Event,observed_conflict_disruption_pressure,China,2025-12-01,2025-12-31,0.609,0.4142,event_pressure_index,GDELT_event_monthly_2025-12,1.0,monthly,"{'event_count': 93, 'unique_event_types': 3, 'category_coverage': 1.0, 'average_raw_value': 51.9269, 'average_abs_tone': 4.7054, 'average_article_count': 100.4387, 'normalization_scope': 'global', 'mapping': '0.65*severity + 0.20*frequency + 0.15*type_coverage'}"
gdelt_event,Event,observed_conflict_disruption_pressure,China,2026-01-01,2026-01-31,0.6231,0.4443,event_pressure_index,GDELT_event_monthly_2026-01,1.0,monthly,"{'event_count': 93, 'unique_event_types': 3, 'category_coverage': 1.0, 'average_raw_value': 55.2516, 'average_abs_tone': 4.9968, 'average_article_count': 105.8849, 'normalization_scope': 'global', 'mapping': '0.65*severity + 0.20*frequency + 0.15*type_coverage'}"
gdelt_event,Event,observed_conflict_disruption_pressure,China,2026-02-01,2026-02-28,0.6652,0.5342,event_pressure_index,GDELT_event_monthly_2026-02,1.0,monthly,"{'event_count': 84, 'unique_event_types': 3, 'category_coverage': 1.0, 'average_raw_value': 66.3012, 'average_abs_tone': 6.0893, 'average_article_count': 123.6345, 'normalization_scope': 'global', 'mapping': '0.65*severity + 0.20*frequency + 0.15*type_coverage'}"
gdelt_event,Event,observed_conflict_disruption_pressure,China,2026-03-01,2026-03-31,0.6308,0.4607,event_pressure_index,GDELT_event_monthly_2026-03,1.0,monthly,"{'event_count': 93, 'unique_event_types': 3, 'category_coverage': 1.0, 'average_raw_value': 57.9237, 'average_abs_tone': 5.2957, 'average_article_count': 109.5645, 'normalization_scope': 'global', 'mapping': '0.65*severity + 0.20*frequency + 0.15*type_coverage'}"
gdelt_event,Event,observed_conflict_disruption_pressure,China,2026-04-01,2026-04-30,0.5809,0.3542,event_pressure_index,GDELT_event_monthly_2026-04,1.0,monthly,"{'event_count': 36, 'unique_event_types': 3, 'category_coverage': 1.0, 'average_raw_value': 51.55, 'average_abs_tone': 4.6694, 'average_article_count': 98.55, 'normalization_scope': 'global', 'mapping': '0.65*severity + 0.20*frequency + 0.15*type_coverage'}"
gdelt_event,Event,observed_conflict_disruption_pressure,Germany,2025-04-01,2025-04-30,0.5609,0.3114,event_pressure_index,GDELT_event_monthly_2025-04,1.0,monthly,"{'event_count': 27, 'unique_event_types': 3, 'category_coverage': 1.0, 'average_raw_value': 33.4111, 'average_abs_tone': 2.9963, 'average_article_count': 70.537, 'normalization_scope': 'global', 'mapping': '0.65*severity + 0.20*frequency + 0.15*type_coverage'}"
gdelt_event,Event,observed_conflict_disruption_pressure,Germany,2025-05-01,2025-05-31,0.5432,0.2736,event_pressure_index,GDELT_event_monthly_2025-05,1.0,monthly,"{'event_count': 93, 'unique_event_types': 3, 'category_coverage': 1.0, 'average_raw_value': 34.8656, 'average_abs_tone': 3.1161, 'average_article_count': 73.3247, 'normalization_scope': 'global', 'mapping': '0.65*severity + 0.20*frequency + 0.15*type_coverage'}"
gdelt_event,Event,observed_conflict_disruption_pressure,Germany,2025-06-01,2025-06-30,0.5339,0.2538,event_pressure_index,GDELT_event_monthly_2025-06,1.0,monthly,"{'event_count': 90, 'unique_event_types': 3, 'category_coverage': 1.0, 'average_raw_value': 32.2822, 'average_abs_tone': 2.93, 'average_article_count': 69.1456, 'normalization_scope': 'global', 'mapping': '0.65*severity + 0.20*frequency + 0.15*type_coverage'}"
gdelt_event,Event,observed_conflict_disruption_pressure,Germany,2025-07-01,2025-07-31,0.5584,0.3061,event_pressure_index,GDELT_event_monthly_2025-07,1.0,monthly,"{'event_count': 93, 'unique_event_types': 3, 'category_coverage': 1.0, 'average_raw_value': 38.1312, 'average_abs_tone': 3.5247, 'average_article_count': 78.9538, 'normalization_scope': 'global', 'mapping': '0.65*severity + 0.20*frequency + 0.15*type_coverage'}"
gdelt_event,Event,observed_conflict_disruption_pressure,Germany,2025-08-01,2025-08-31,0.5652,0.3206,event_pressure_index,GDELT_event_monthly_2025-08,1.0,monthly,"{'event_count': 93, 'unique_event_types': 3, 'category_coverage': 1.0, 'average_raw_value': 40.4054, 'average_abs_tone': 3.6978, 'average_article_count': 82.5301, 'normalization_scope': 'global', 'mapping': '0.65*severity + 0.20*frequency + 0.15*type_coverage'}"
gdelt_event,Event,observed_conflict_disruption_pressure,Germany,2025-09-01,2025-09-30,0.5274,0.2399,event_pressure_index,GDELT_event_monthly_2025-09,1.0,monthly,"{'event_count': 90, 'unique_event_types': 3, 'category_coverage': 1.0, 'average_raw_value': 30.8322, 'average_abs_tone': 2.8067, 'average_article_count': 66.3333, 'normalization_scope': 'global', 'mapping': '0.65*severity + 0.20*frequency + 0.15*type_coverage'}"
gdelt_event,Event,observed_conflict_disruption_pressure,Germany,2025-10-01,2025-10-31,0.5285,0.2422,event_pressure_index,GDELT_event_monthly_2025-10,1.0,monthly,"{'event_count': 93, 'unique_event_types': 3, 'category_coverage': 1.0, 'average_raw_value': 30.6301, 'average_abs_tone': 2.8312, 'average_article_count': 65.5505, 'normalization_scope': 'global', 'mapping': '0.65*severity + 0.20*frequency + 0.15*type_coverage'}"
gdelt_event,Event,observed_conflict_disruption_pressure,Germany,2025-11-01,2025-11-30,0.5531,0.2948,event_pressure_index,GDELT_event_monthly_2025-11,1.0,monthly,"{'event_count': 90, 'unique_event_types': 3, 'category_coverage': 1.0, 'average_raw_value': 37.0533, 'average_abs_tone': 3.37, 'average_article_count': 75.9544, 'normalization_scope': 'global', 'mapping': '0.65*severity + 0.20*frequency + 0.15*type_coverage'}"
gdelt_event,Event,observed_conflict_disruption_pressure,Germany,2025-12-01,2025-12-31,0.5583,0.3059,event_pressure_index,GDELT_event_monthly_2025-12,1.0,monthly,"{'event_count': 93, 'unique_event_types': 3, 'category_coverage': 1.0, 'average_raw_value': 38.7774, 'average_abs_tone': 3.4398, 'average_article_count': 79.8312, 'normalization_scope': 'global', 'mapping': '0.65*severity + 0.20*frequency + 0.15*type_coverage'}"
gdelt_event,Event,observed_conflict_disruption_pressure,Germany,2026-01-01,2026-01-31,0.5547,0.2982,event_pressure_index,GDELT_event_monthly_2026-01,1.0,monthly,"{'event_count': 93, 'unique_event_types': 3, 'category_coverage': 1.0, 'average_raw_value': 37.6774, 'average_abs_tone': 3.4204, 'average_article_count': 77.3462, 'normalization_scope': 'global', 'mapping': '0.65*severity + 0.20*frequency + 0.15*type_coverage'}"
gdelt_event,Event,observed_conflict_disruption_pressure,Germany,2026-02-01,2026-02-28,0.549,0.286,event_pressure_index,GDELT_event_monthly_2026-02,1.0,monthly,"{'event_count': 84, 'unique_event_types': 3, 'category_coverage': 1.0, 'average_raw_value': 36.4964, 'average_abs_tone': 3.206, 'average_article_count': 75.0405, 'normalization_scope': 'global', 'mapping': '0.65*severity + 0.20*frequency + 0.15*type_coverage'}"
gdelt_event,Event,observed_conflict_disruption_pressure,Germany,2026-03-01,2026-03-31,0.5266,0.2382,event_pressure_index,GDELT_event_monthly_2026-03,1.0,monthly,"{'event_count': 93, 'unique_event_types': 3, 'category_coverage': 1.0, 'average_raw_value': 30.5989, 'average_abs_tone': 2.7785, 'average_article_count': 66.6473, 'normalization_scope': 'global', 'mapping': '0.65*severity + 0.20*frequency + 0.15*type_coverage'}"
gdelt_event,Event,observed_conflict_disruption_pressure,Germany,2026-04-01,2026-04-30,0.501,0.1835,event_pressure_index,GDELT_event_monthly_2026-04,1.0,monthly,"{'event_count': 36, 'unique_event_types': 3, 'category_coverage': 1.0, 'average_raw_value': 28.4639, 'average_abs_tone': 2.5944, 'average_article_count': 62.0611, 'normalization_scope': 'global', 'mapping': '0.65*severity + 0.20*frequency + 0.15*type_coverage'}"
gdelt_event,Event,observed_conflict_disruption_pressure,Iran,2025-04-01,2025-04-30,0.7809,0.7813,event_pressure_index,GDELT_event_monthly_2025-04,1.0,monthly,"{'event_count': 27, 'unique_event_types': 3, 'category_coverage': 1.0, 'average_raw_value': 84.9222, 'average_abs_tone': 7.6889, 'average_article_count': 151.9889, 'normalization_scope': 'global', 'mapping': '0.65*severity + 0.20*frequency + 0.15*type_coverage'}"
gdelt_event,Event,observed_conflict_disruption_pressure,Iran,2025-05-01,2025-05-31,0.7386,0.691,event_pressure_index,GDELT_event_monthly_2025-05,1.0,monthly,"{'event_count': 93, 'unique_event_types': 3, 'category_coverage': 1.0, 'average_raw_value': 86.5806, 'average_abs_tone': 7.8183, 'average_article_count': 154.7161, 'normalization_scope': 'global', 'mapping': '0.65*severity + 0.20*frequency + 0.15*type_coverage'}"
gdelt_event,Event,observed_conflict_disruption_pressure,Iran,2025-06-01,2025-06-30,0.7192,0.6495,event_pressure_index,GDELT_event_monthly_2025-06,1.0,monthly,"{'event_count': 90, 'unique_event_types': 3, 'category_coverage': 1.0, 'average_raw_value': 81.3289, 'average_abs_tone': 7.3989, 'average_article_count': 146.6478, 'normalization_scope': 'global', 'mapping': '0.65*severity + 0.20*frequency + 0.15*type_coverage'}"
gdelt_event,Event,observed_conflict_disruption_pressure,Iran,2025-07-01,2025-07-31,0.7315,0.6758,event_pressure_index,GDELT_event_monthly_2025-07,1.0,monthly,"{'event_count': 93, 'unique_event_types': 3, 'category_coverage': 1.0, 'average_raw_value': 84.2215, 'average_abs_tone': 7.6237, 'average_article_count': 151.6989, 'normalization_scope': 'global', 'mapping': '0.65*severity + 0.20*frequency + 0.15*type_coverage'}"
gdelt_event,Event,observed_conflict_disruption_pressure,Iran,2025-08-01,2025-08-31,0.7668,0.7512,event_pressure_index,GDELT_event_monthly_2025-08,1.0,monthly,"{'event_count': 93, 'unique_event_types': 3, 'category_coverage': 1.0, 'average_raw_value': 94.1892, 'average_abs_tone': 8.5118, 'average_article_count': 167.9419, 'normalization_scope': 'global', 'mapping': '0.65*severity + 0.20*frequency + 0.15*type_coverage'}"
gdelt_event,Event,observed_conflict_disruption_pressure,Iran,2025-09-01,2025-09-30,0.7666,0.7508,event_pressure_index,GDELT_event_monthly_2025-09,1.0,monthly,"{'event_count': 90, 'unique_event_types': 3, 'category_coverage': 1.0, 'average_raw_value': 94.16, 'average_abs_tone': 8.5378, 'average_article_count': 168.0522, 'normalization_scope': 'global', 'mapping': '0.65*severity + 0.20*frequency + 0.15*type_coverage'}"
gdelt_event,Event,observed_conflict_disruption_pressure,Iran,2025-10-01,2025-10-31,0.7392,0.6923,event_pressure_index,GDELT_event_monthly_2025-10,1.0,monthly,"{'event_count': 93, 'unique_event_types': 3, 'category_coverage': 1.0, 'average_raw_value': 86.4301, 'average_abs_tone': 7.9183, 'average_article_count': 155.1903, 'normalization_scope': 'global', 'mapping': '0.65*severity + 0.20*frequency + 0.15*type_coverage'}"
gdelt_event,Event,observed_conflict_disruption_pressure,Iran,2025-11-01,2025-11-30,0.7405,0.695,event_pressure_index,GDELT_event_monthly_2025-11,1.0,monthly,"{'event_count': 90, 'unique_event_types': 3, 'category_coverage': 1.0, 'average_raw_value': 86.9378, 'average_abs_tone': 7.8844, 'average_article_count': 157.1211, 'normalization_scope': 'global', 'mapping': '0.65*severity + 0.20*frequency + 0.15*type_coverage'}"
gdelt_event,Event,observed_conflict_disruption_pressure,Iran,2025-12-01,2025-12-31,0.7302,0.673,event_pressure_index,GDELT_event_monthly_2025-12,1.0,monthly,"{'event_count': 93, 'unique_event_types': 3, 'category_coverage': 1.0, 'average_raw_value': 83.8387, 'average_abs_tone': 7.743, 'average_article_count': 150.6699, 'normalization_scope': 'global', 'mapping': '0.65*severity + 0.20*frequency + 0.15*type_coverage'}"
gdelt_event,Event,observed_conflict_disruption_pressure,Iran,2026-01-01,2026-01-31,0.7615,0.7399,event_pressure_index,GDELT_event_monthly_2026-01,1.0,monthly,"{'event_count': 93, 'unique_event_types': 3, 'category_coverage': 1.0, 'average_raw_value': 92.6538, 'average_abs_tone': 8.3495, 'average_article_count': 165.0656, 'normalization_scope': 'global', 'mapping': '0.65*severity + 0.20*frequency + 0.15*type_coverage'}"
gdelt_event,Event,observed_conflict_disruption_pressure,Iran,2026-02-01,2026-02-28,0.7702,0.7585,event_pressure_index,GDELT_event_monthly_2026-02,1.0,monthly,"{'event_count': 84, 'unique_event_types': 3, 'category_coverage': 1.0, 'average_raw_value': 94.7107, 'average_abs_tone': 8.6774, 'average_article_count': 168.6048, 'normalization_scope': 'global', 'mapping': '0.65*severity + 0.20*frequency + 0.15*type_coverage'}"
gdelt_event,Event,observed_conflict_disruption_pressure,Iran,2026-03-01,2026-03-31,0.7416,0.6974,event_pressure_index,GDELT_event_monthly_2026-03,1.0,monthly,"{'event_count': 93, 'unique_event_types': 3, 'category_coverage': 1.0, 'average_raw_value': 87.8613, 'average_abs_tone': 7.9548, 'average_article_count': 158.1882, 'normalization_scope': 'global', 'mapping': '0.65*severity + 0.20*frequency + 0.15*type_coverage'}"
gdelt_event,Event,observed_conflict_disruption_pressure,Iran,2026-04-01,2026-04-30,0.6768,0.559,event_pressure_index,GDELT_event_monthly_2026-04,1.0,monthly,"{'event_count': 36, 'unique_event_types': 3, 'category_coverage': 1.0, 'average_raw_value': 80.4667, 'average_abs_tone': 7.2389, 'average_article_count': 144.6417, 'normalization_scope': 'global', 'mapping': '0.65*severity + 0.20*frequency + 0.15*type_coverage'}"
gdelt_event,Event,observed_conflict_disruption_pressure,Israel,2025-04-01,2025-04-30,0.6938,0.5953,event_pressure_index,GDELT_event_monthly_2025-04,1.0,monthly,"{'event_count': 27, 'unique_event_types': 3, 'category_coverage': 1.0, 'average_raw_value': 64.4222, 'average_abs_tone': 5.8444, 'average_article_count': 118.7333, 'normalization_scope': 'global', 'mapping': '0.65*severity + 0.20*frequency + 0.15*type_coverage'}"
gdelt_event,Event,observed_conflict_disruption_pressure,Israel,2025-05-01,2025-05-31,0.6669,0.5378,event_pressure_index,GDELT_event_monthly_2025-05,1.0,monthly,"{'event_count': 93, 'unique_event_types': 3, 'category_coverage': 1.0, 'average_raw_value': 67.2946, 'average_abs_tone': 6.043, 'average_article_count': 125.0495, 'normalization_scope': 'global', 'mapping': '0.65*severity + 0.20*frequency + 0.15*type_coverage'}"
gdelt_event,Event,observed_conflict_disruption_pressure,Israel,2025-06-01,2025-06-30,0.6475,0.4964,event_pressure_index,GDELT_event_monthly_2025-06,1.0,monthly,"{'event_count': 90, 'unique_event_types': 3, 'category_coverage': 1.0, 'average_raw_value': 62.3644, 'average_abs_tone': 5.5967, 'average_article_count': 116.9811, 'normalization_scope': 'global', 'mapping': '0.65*severity + 0.20*frequency + 0.15*type_coverage'}"
gdelt_event,Event,observed_conflict_disruption_pressure,Israel,2025-07-01,2025-07-31,0.6707,0.546,event_pressure_index,GDELT_event_monthly_2025-07,1.0,monthly,"{'event_count': 93, 'unique_event_types': 3, 'category_coverage': 1.0, 'average_raw_value': 67.728, 'average_abs_tone': 6.129, 'average_article_count': 125.1011, 'normalization_scope': 'global', 'mapping': '0.65*severity + 0.20*frequency + 0.15*type_coverage'}"
gdelt_event,Event,observed_conflict_disruption_pressure,Israel,2025-08-01,2025-08-31,0.7198,0.6508,event_pressure_index,GDELT_event_monthly_2025-08,1.0,monthly,"{'event_count': 93, 'unique_event_types': 3, 'category_coverage': 1.0, 'average_raw_value': 81.2312, 'average_abs_tone': 7.3968, 'average_article_count': 147.0763, 'normalization_scope': 'global', 'mapping': '0.65*severity + 0.20*frequency + 0.15*type_coverage'}"
gdelt_event,Event,observed_conflict_disruption_pressure,Israel,2025-09-01,2025-09-30,0.6751,0.5554,event_pressure_index,GDELT_event_monthly_2025-09,1.0,monthly,"{'event_count': 90, 'unique_event_types': 3, 'category_coverage': 1.0, 'average_raw_value': 70.0189, 'average_abs_tone': 6.3433, 'average_article_count': 128.0111, 'normalization_scope': 'global', 'mapping': '0.65*severity + 0.20*frequency + 0.15*type_coverage'}"
gdelt_event,Event,observed_conflict_disruption_pressure,Israel,2025-10-01,2025-10-31,0.6543,0.5109,event_pressure_index,GDELT_event_monthly_2025-10,1.0,monthly,"{'event_count': 93, 'unique_event_types': 3, 'category_coverage': 1.0, 'average_raw_value': 63.6462, 'average_abs_tone': 5.786, 'average_article_count': 118.7441, 'normalization_scope': 'global', 'mapping': '0.65*severity + 0.20*frequency + 0.15*type_coverage'}"
gdelt_event,Event,observed_conflict_disruption_pressure,Israel,2025-11-01,2025-11-30,0.6737,0.5524,event_pressure_index,GDELT_event_monthly_2025-11,1.0,monthly,"{'event_count': 90, 'unique_event_types': 3, 'category_coverage': 1.0, 'average_raw_value': 68.7556, 'average_abs_tone': 6.2789, 'average_article_count': 126.5744, 'normalization_scope': 'global', 'mapping': '0.65*severity + 0.20*frequency + 0.15*type_coverage'}"
gdelt_event,Event,observed_conflict_disruption_pressure,Israel,2025-12-01,2025-12-31,0.6887,0.5844,event_pressure_index,GDELT_event_monthly_2025-12,1.0,monthly,"{'event_count': 93, 'unique_event_types': 3, 'category_coverage': 1.0, 'average_raw_value': 72.714, 'average_abs_tone': 6.6161, 'average_article_count': 132.9376, 'normalization_scope': 'global', 'mapping': '0.65*severity + 0.20*frequency + 0.15*type_coverage'}"
gdelt_event,Event,observed_conflict_disruption_pressure,Israel,2026-01-01,2026-01-31,0.7066,0.6226,event_pressure_index,GDELT_event_monthly_2026-01,1.0,monthly,"{'event_count': 93, 'unique_event_types': 3, 'category_coverage': 1.0, 'average_raw_value': 77.8032, 'average_abs_tone': 7.0548, 'average_article_count': 141.7301, 'normalization_scope': 'global', 'mapping': '0.65*severity + 0.20*frequency + 0.15*type_coverage'}"
gdelt_event,Event,observed_conflict_disruption_pressure,Israel,2026-02-01,2026-02-28,0.6831,0.5724,event_pressure_index,GDELT_event_monthly_2026-02,1.0,monthly,"{'event_count': 84, 'unique_event_types': 3, 'category_coverage': 1.0, 'average_raw_value': 71.6679, 'average_abs_tone': 6.5107, 'average_article_count': 131.1595, 'normalization_scope': 'global', 'mapping': '0.65*severity + 0.20*frequency + 0.15*type_coverage'}"
gdelt_event,Event,observed_conflict_disruption_pressure,Israel,2026-03-01,2026-03-31,0.6495,0.5007,event_pressure_index,GDELT_event_monthly_2026-03,1.0,monthly,"{'event_count': 93, 'unique_event_types': 3, 'category_coverage': 1.0, 'average_raw_value': 62.6677, 'average_abs_tone': 5.743, 'average_article_count': 118.6935, 'normalization_scope': 'global', 'mapping': '0.65*severity + 0.20*frequency + 0.15*type_coverage'}"
gdelt_event,Event,observed_conflict_disruption_pressure,Israel,2026-04-01,2026-04-30,0.6121,0.4208,event_pressure_index,GDELT_event_monthly_2026-04,1.0,monthly,"{'event_count': 36, 'unique_event_types': 3, 'category_coverage': 1.0, 'average_raw_value': 60.7194, 'average_abs_tone': 5.5222, 'average_article_count': 114.8861, 'normalization_scope': 'global', 'mapping': '0.65*severity + 0.20*frequency + 0.15*type_coverage'}"
gdelt_event,Event,observed_conflict_disruption_pressure,Japan,2025-04-01,2025-04-30,0.5371,0.2606,event_pressure_index,GDELT_event_monthly_2025-04,1.0,monthly,"{'event_count': 27, 'unique_event_types': 3, 'category_coverage': 1.0, 'average_raw_value': 28.5481, 'average_abs_tone': 2.4296, 'average_article_count': 61.4667, 'normalization_scope': 'global', 'mapping': '0.65*severity + 0.20*frequency + 0.15*type_coverage'}"
gdelt_event,Event,observed_conflict_disruption_pressure,Japan,2025-05-01,2025-05-31,0.5258,0.2365,event_pressure_index,GDELT_event_monthly_2025-05,1.0,monthly,"{'event_count': 93, 'unique_event_types': 3, 'category_coverage': 1.0, 'average_raw_value': 30.3204, 'average_abs_tone': 2.7516, 'average_article_count': 64.1065, 'normalization_scope': 'global', 'mapping': '0.65*severity + 0.20*frequency + 0.15*type_coverage'}"
gdelt_event,Event,observed_conflict_disruption_pressure,Japan,2025-06-01,2025-06-30,0.5058,0.1938,event_pressure_index,GDELT_event_monthly_2025-06,1.0,monthly,"{'event_count': 90, 'unique_event_types': 3, 'category_coverage': 1.0, 'average_raw_value': 25.3044, 'average_abs_tone': 2.3389, 'average_article_count': 57.0822, 'normalization_scope': 'global', 'mapping': '0.65*severity + 0.20*frequency + 0.15*type_coverage'}"
gdelt_event,Event,observed_conflict_disruption_pressure,Japan,2025-07-01,2025-07-31,0.5084,0.1993,event_pressure_index,GDELT_event_monthly_2025-07,1.0,monthly,"{'event_count': 93, 'unique_event_types': 3, 'category_coverage': 1.0, 'average_raw_value': 25.6516, 'average_abs_tone': 2.3667, 'average_article_count': 57.2935, 'normalization_scope': 'global', 'mapping': '0.65*severity + 0.20*frequency + 0.15*type_coverage'}"
gdelt_event,Event,observed_conflict_disruption_pressure,Japan,2025-08-01,2025-08-31,0.5272,0.2395,event_pressure_index,GDELT_event_monthly_2025-08,1.0,monthly,"{'event_count': 93, 'unique_event_types': 3, 'category_coverage': 1.0, 'average_raw_value': 30.5763, 'average_abs_tone': 2.7828, 'average_article_count': 65.9452, 'normalization_scope': 'global', 'mapping': '0.65*severity + 0.20*frequency + 0.15*type_coverage'}"
gdelt_event,Event,observed_conflict_disruption_pressure,Japan,2025-09-01,2025-09-30,0.5161,0.2158,event_pressure_index,GDELT_event_monthly_2025-09,1.0,monthly,"{'event_count': 90, 'unique_event_types': 3, 'category_coverage': 1.0, 'average_raw_value': 27.9189, 'average_abs_tone': 2.4878, 'average_article_count': 61.4733, 'normalization_scope': 'global', 'mapping': '0.65*severity + 0.20*frequency + 0.15*type_coverage'}"
gdelt_event,Event,observed_conflict_disruption_pressure,Japan,2025-10-01,2025-10-31,0.5304,0.2463,event_pressure_index,GDELT_event_monthly_2025-10,1.0,monthly,"{'event_count': 93, 'unique_event_types': 3, 'category_coverage': 1.0, 'average_raw_value': 31.2613, 'average_abs_tone': 2.8419, 'average_article_count': 67.3484, 'normalization_scope': 'global', 'mapping': '0.65*severity + 0.20*frequency + 0.15*type_coverage'}"
gdelt_event,Event,observed_conflict_disruption_pressure,Japan,2025-11-01,2025-11-30,0.5336,0.2531,event_pressure_index,GDELT_event_monthly_2025-11,1.0,monthly,"{'event_count': 90, 'unique_event_types': 3, 'category_coverage': 1.0, 'average_raw_value': 32.3944, 'average_abs_tone': 2.9556, 'average_article_count': 67.57, 'normalization_scope': 'global', 'mapping': '0.65*severity + 0.20*frequency + 0.15*type_coverage'}"
gdelt_event,Event,observed_conflict_disruption_pressure,Japan,2025-12-01,2025-12-31,0.5074,0.1972,event_pressure_index,GDELT_event_monthly_2025-12,1.0,monthly,"{'event_count': 93, 'unique_event_types': 3, 'category_coverage': 1.0, 'average_raw_value': 25.829, 'average_abs_tone': 2.2978, 'average_article_count': 59.8441, 'normalization_scope': 'global', 'mapping': '0.65*severity + 0.20*frequency + 0.15*type_coverage'}"
gdelt_event,Event,observed_conflict_disruption_pressure,Japan,2026-01-01,2026-01-31,0.5088,0.2002,event_pressure_index,GDELT_event_monthly_2026-01,1.0,monthly,"{'event_count': 93, 'unique_event_types': 3, 'category_coverage': 1.0, 'average_raw_value': 25.7914, 'average_abs_tone': 2.3183, 'average_article_count': 57.9075, 'normalization_scope': 'global', 'mapping': '0.65*severity + 0.20*frequency + 0.15*type_coverage'}"
gdelt_event,Event,observed_conflict_disruption_pressure,Japan,2026-02-01,2026-02-28,0.5274,0.2399,event_pressure_index,GDELT_event_monthly_2026-02,1.0,monthly,"{'event_count': 84, 'unique_event_types': 3, 'category_coverage': 1.0, 'average_raw_value': 30.4976, 'average_abs_tone': 2.8012, 'average_article_count': 65.5631, 'normalization_scope': 'global', 'mapping': '0.65*severity + 0.20*frequency + 0.15*type_coverage'}"
gdelt_event,Event,observed_conflict_disruption_pressure,Japan,2026-03-01,2026-03-31,0.5077,0.1978,event_pressure_index,GDELT_event_monthly_2026-03,1.0,monthly,"{'event_count': 93, 'unique_event_types': 3, 'category_coverage': 1.0, 'average_raw_value': 25.8054, 'average_abs_tone': 2.3473, 'average_article_count': 59.4935, 'normalization_scope': 'global', 'mapping': '0.65*severity + 0.20*frequency + 0.15*type_coverage'}"
gdelt_event,Event,observed_conflict_disruption_pressure,Japan,2026-04-01,2026-04-30,0.4824,0.1438,event_pressure_index,GDELT_event_monthly_2026-04,1.0,monthly,"{'event_count': 36, 'unique_event_types': 3, 'category_coverage': 1.0, 'average_raw_value': 23.4278, 'average_abs_tone': 2.1139, 'average_article_count': 53.8917, 'normalization_scope': 'global', 'mapping': '0.65*severity + 0.20*frequency + 0.15*type_coverage'}"
gdelt_event,Event,observed_conflict_disruption_pressure,Nigeria,2025-04-01,2025-04-30,0.742,0.6982,event_pressure_index,GDELT_event_monthly_2025-04,1.0,monthly,"{'event_count': 27, 'unique_event_types': 3, 'category_coverage': 1.0, 'average_raw_value': 76.0741, 'average_abs_tone': 6.8259, 'average_article_count': 139.1704, 'normalization_scope': 'global', 'mapping': '0.65*severity + 0.20*frequency + 0.15*type_coverage'}"
gdelt_event,Event,observed_conflict_disruption_pressure,Nigeria,2025-05-01,2025-05-31,0.7061,0.6216,event_pressure_index,GDELT_event_monthly_2025-05,1.0,monthly,"{'event_count': 93, 'unique_event_types': 3, 'category_coverage': 1.0, 'average_raw_value': 77.6882, 'average_abs_tone': 7.072, 'average_article_count': 140.3172, 'normalization_scope': 'global', 'mapping': '0.65*severity + 0.20*frequency + 0.15*type_coverage'}"
gdelt_event,Event,observed_conflict_disruption_pressure,Nigeria,2025-06-01,2025-06-30,0.6875,0.5818,event_pressure_index,GDELT_event_monthly_2025-06,1.0,monthly,"{'event_count': 90, 'unique_event_types': 3, 'category_coverage': 1.0, 'average_raw_value': 72.8344, 'average_abs_tone': 6.5722, 'average_article_count': 134.4456, 'normalization_scope': 'global', 'mapping': '0.65*severity + 0.20*frequency + 0.15*type_coverage'}"
gdelt_event,Event,observed_conflict_disruption_pressure,Nigeria,2025-07-01,2025-07-31,0.6968,0.6017,event_pressure_index,GDELT_event_monthly_2025-07,1.0,monthly,"{'event_count': 93, 'unique_event_types': 3, 'category_coverage': 1.0, 'average_raw_value': 74.5473, 'average_abs_tone': 6.8247, 'average_article_count': 137.6667, 'normalization_scope': 'global', 'mapping': '0.65*severity + 0.20*frequency + 0.15*type_coverage'}"
gdelt_event,Event,observed_conflict_disruption_pressure,Nigeria,2025-08-01,2025-08-31,0.7485,0.7121,event_pressure_index,GDELT_event_monthly_2025-08,1.0,monthly,"{'event_count': 93, 'unique_event_types': 3, 'category_coverage': 1.0, 'average_raw_value': 88.4742, 'average_abs_tone': 8.0763, 'average_article_count': 158.7796, 'normalization_scope': 'global', 'mapping': '0.65*severity + 0.20*frequency + 0.15*type_coverage'}"
gdelt_event,Event,observed_conflict_disruption_pressure,Nigeria,2025-09-01,2025-09-30,0.7513,0.7181,event_pressure_index,GDELT_event_monthly_2025-09,1.0,monthly,"{'event_count': 90, 'unique_event_types': 3, 'category_coverage': 1.0, 'average_raw_value': 90.2589, 'average_abs_tone': 8.1644, 'average_article_count': 161.75, 'normalization_scope': 'global', 'mapping': '0.65*severity + 0.20*frequency + 0.15*type_coverage'}"
gdelt_event,Event,observed_conflict_disruption_pressure,Nigeria,2025-10-01,2025-10-31,0.7105,0.631,event_pressure_index,GDELT_event_monthly_2025-10,1.0,monthly,"{'event_count': 93, 'unique_event_types': 3, 'category_coverage': 1.0, 'average_raw_value': 78.757, 'average_abs_tone': 7.2022, 'average_article_count': 144.0237, 'normalization_scope': 'global', 'mapping': '0.65*severity + 0.20*frequency + 0.15*type_coverage'}"
gdelt_event,Event,observed_conflict_disruption_pressure,Nigeria,2025-11-01,2025-11-30,0.7078,0.6252,event_pressure_index,GDELT_event_monthly_2025-11,1.0,monthly,"{'event_count': 90, 'unique_event_types': 3, 'category_coverage': 1.0, 'average_raw_value': 78.1956, 'average_abs_tone': 7.0667, 'average_article_count': 141.9211, 'normalization_scope': 'global', 'mapping': '0.65*severity + 0.20*frequency + 0.15*type_coverage'}"
gdelt_event,Event,observed_conflict_disruption_pressure,Nigeria,2025-12-01,2025-12-31,0.7004,0.6094,event_pressure_index,GDELT_event_monthly_2025-12,1.0,monthly,"{'event_count': 93, 'unique_event_types': 3, 'category_coverage': 1.0, 'average_raw_value': 76.1591, 'average_abs_tone': 6.9118, 'average_article_count': 138.1376, 'normalization_scope': 'global', 'mapping': '0.65*severity + 0.20*frequency + 0.15*type_coverage'}"
gdelt_event,Event,observed_conflict_disruption_pressure,Nigeria,2026-01-01,2026-01-31,0.7505,0.7164,event_pressure_index,GDELT_event_monthly_2026-01,1.0,monthly,"{'event_count': 93, 'unique_event_types': 3, 'category_coverage': 1.0, 'average_raw_value': 89.2161, 'average_abs_tone': 8.0828, 'average_article_count': 159.4366, 'normalization_scope': 'global', 'mapping': '0.65*severity + 0.20*frequency + 0.15*type_coverage'}"
gdelt_event,Event,observed_conflict_disruption_pressure,Nigeria,2026-02-01,2026-02-28,0.7644,0.7461,event_pressure_index,GDELT_event_monthly_2026-02,1.0,monthly,"{'event_count': 84, 'unique_event_types': 3, 'category_coverage': 1.0, 'average_raw_value': 93.4667, 'average_abs_tone': 8.4976, 'average_article_count': 166.9262, 'normalization_scope': 'global', 'mapping': '0.65*severity + 0.20*frequency + 0.15*type_coverage'}"
gdelt_event,Event,observed_conflict_disruption_pressure,Nigeria,2026-03-01,2026-03-31,0.704,0.6171,event_pressure_index,GDELT_event_monthly_2026-03,1.0,monthly,"{'event_count': 93, 'unique_event_types': 3, 'category_coverage': 1.0, 'average_raw_value': 77.6581, 'average_abs_tone': 7.0484, 'average_article_count': 140.0452, 'normalization_scope': 'global', 'mapping': '0.65*severity + 0.20*frequency + 0.15*type_coverage'}"
gdelt_event,Event,observed_conflict_disruption_pressure,Nigeria,2026-04-01,2026-04-30,0.6469,0.4951,event_pressure_index,GDELT_event_monthly_2026-04,1.0,monthly,"{'event_count': 36, 'unique_event_types': 3, 'category_coverage': 1.0, 'average_raw_value': 71.3667, 'average_abs_tone': 6.3917, 'average_article_count': 131.7694, 'normalization_scope': 'global', 'mapping': '0.65*severity + 0.20*frequency + 0.15*type_coverage'}"
gdelt_event,Event,observed_conflict_disruption_pressure,Poland,2025-04-01,2025-04-30,0.6203,0.4383,event_pressure_index,GDELT_event_monthly_2025-04,1.0,monthly,"{'event_count': 27, 'unique_event_types': 3, 'category_coverage': 1.0, 'average_raw_value': 46.8074, 'average_abs_tone': 4.2704, 'average_article_count': 93.9037, 'normalization_scope': 'global', 'mapping': '0.65*severity + 0.20*frequency + 0.15*type_coverage'}"
gdelt_event,Event,observed_conflict_disruption_pressure,Poland,2025-05-01,2025-05-31,0.5977,0.39,event_pressure_index,GDELT_event_monthly_2025-05,1.0,monthly,"{'event_count': 93, 'unique_event_types': 3, 'category_coverage': 1.0, 'average_raw_value': 48.8409, 'average_abs_tone': 4.4473, 'average_article_count': 94.6129, 'normalization_scope': 'global', 'mapping': '0.65*severity + 0.20*frequency + 0.15*type_coverage'}"
gdelt_event,Event,observed_conflict_disruption_pressure,Poland,2025-06-01,2025-06-30,0.5773,0.3465,event_pressure_index,GDELT_event_monthly_2025-06,1.0,monthly,"{'event_count': 90, 'unique_event_types': 3, 'category_coverage': 1.0, 'average_raw_value': 43.5856, 'average_abs_tone': 3.9589, 'average_article_count': 86.9567, 'normalization_scope': 'global', 'mapping': '0.65*severity + 0.20*frequency + 0.15*type_coverage'}"
gdelt_event,Event,observed_conflict_disruption_pressure,Poland,2025-07-01,2025-07-31,0.581,0.3544,event_pressure_index,GDELT_event_monthly_2025-07,1.0,monthly,"{'event_count': 93, 'unique_event_types': 3, 'category_coverage': 1.0, 'average_raw_value': 44.3129, 'average_abs_tone': 4.0634, 'average_article_count': 87.1892, 'normalization_scope': 'global', 'mapping': '0.65*severity + 0.20*frequency + 0.15*type_coverage'}"
gdelt_event,Event,observed_conflict_disruption_pressure,Poland,2025-08-01,2025-08-31,0.6001,0.3952,event_pressure_index,GDELT_event_monthly_2025-08,1.0,monthly,"{'event_count': 93, 'unique_event_types': 3, 'category_coverage': 1.0, 'average_raw_value': 49.5624, 'average_abs_tone': 4.4634, 'average_article_count': 96.4258, 'normalization_scope': 'global', 'mapping': '0.65*severity + 0.20*frequency + 0.15*type_coverage'}"
gdelt_event,Event,observed_conflict_disruption_pressure,Poland,2025-09-01,2025-09-30,0.598,0.3907,event_pressure_index,GDELT_event_monthly_2025-09,1.0,monthly,"{'event_count': 90, 'unique_event_types': 3, 'category_coverage': 1.0, 'average_raw_value': 48.7644, 'average_abs_tone': 4.4678, 'average_article_count': 94.5589, 'normalization_scope': 'global', 'mapping': '0.65*severity + 0.20*frequency + 0.15*type_coverage'}"
gdelt_event,Event,observed_conflict_disruption_pressure,Poland,2025-10-01,2025-10-31,0.6103,0.417,event_pressure_index,GDELT_event_monthly_2025-10,1.0,monthly,"{'event_count': 93, 'unique_event_types': 3, 'category_coverage': 1.0, 'average_raw_value': 52.1, 'average_abs_tone': 4.7344, 'average_article_count': 100.3505, 'normalization_scope': 'global', 'mapping': '0.65*severity + 0.20*frequency + 0.15*type_coverage'}"
gdelt_event,Event,observed_conflict_disruption_pressure,Poland,2025-11-01,2025-11-30,0.6052,0.4061,event_pressure_index,GDELT_event_monthly_2025-11,1.0,monthly,"{'event_count': 90, 'unique_event_types': 3, 'category_coverage': 1.0, 'average_raw_value': 50.9711, 'average_abs_tone': 4.6089, 'average_article_count': 98.86, 'normalization_scope': 'global', 'mapping': '0.65*severity + 0.20*frequency + 0.15*type_coverage'}"
gdelt_event,Event,observed_conflict_disruption_pressure,Poland,2025-12-01,2025-12-31,0.5793,0.3507,event_pressure_index,GDELT_event_monthly_2025-12,1.0,monthly,"{'event_count': 93, 'unique_event_types': 3, 'category_coverage': 1.0, 'average_raw_value': 44.1398, 'average_abs_tone': 4.0194, 'average_article_count': 87.5591, 'normalization_scope': 'global', 'mapping': '0.65*severity + 0.20*frequency + 0.15*type_coverage'}"
gdelt_event,Event,observed_conflict_disruption_pressure,Poland,2026-01-01,2026-01-31,0.5903,0.3742,event_pressure_index,GDELT_event_monthly_2026-01,1.0,monthly,"{'event_count': 93, 'unique_event_types': 3, 'category_coverage': 1.0, 'average_raw_value': 46.4731, 'average_abs_tone': 4.2344, 'average_article_count': 91.1968, 'normalization_scope': 'global', 'mapping': '0.65*severity + 0.20*frequency + 0.15*type_coverage'}"
gdelt_event,Event,observed_conflict_disruption_pressure,Poland,2026-02-01,2026-02-28,0.6315,0.4622,event_pressure_index,GDELT_event_monthly_2026-02,1.0,monthly,"{'event_count': 84, 'unique_event_types': 3, 'category_coverage': 1.0, 'average_raw_value': 57.4333, 'average_abs_tone': 5.2595, 'average_article_count': 109.3583, 'normalization_scope': 'global', 'mapping': '0.65*severity + 0.20*frequency + 0.15*type_coverage'}"
gdelt_event,Event,observed_conflict_disruption_pressure,Poland,2026-03-01,2026-03-31,0.6021,0.3994,event_pressure_index,GDELT_event_monthly_2026-03,1.0,monthly,"{'event_count': 93, 'unique_event_types': 3, 'category_coverage': 1.0, 'average_raw_value': 50.5376, 'average_abs_tone': 4.5301, 'average_article_count': 98.871, 'normalization_scope': 'global', 'mapping': '0.65*severity + 0.20*frequency + 0.15*type_coverage'}"
gdelt_event,Event,observed_conflict_disruption_pressure,Poland,2026-04-01,2026-04-30,0.5536,0.2959,event_pressure_index,GDELT_event_monthly_2026-04,1.0,monthly,"{'event_count': 36, 'unique_event_types': 3, 'category_coverage': 1.0, 'average_raw_value': 43.4611, 'average_abs_tone': 4.0194, 'average_article_count': 86.1111, 'normalization_scope': 'global', 'mapping': '0.65*severity + 0.20*frequency + 0.15*type_coverage'}"
gdelt_event,Event,observed_conflict_disruption_pressure,Russia,2025-04-01,2025-04-30,0.7306,0.6739,event_pressure_index,GDELT_event_monthly_2025-04,1.0,monthly,"{'event_count': 27, 'unique_event_types': 3, 'category_coverage': 1.0, 'average_raw_value': 73.1556, 'average_abs_tone': 6.6, 'average_article_count': 132.5815, 'normalization_scope': 'global', 'mapping': '0.65*severity + 0.20*frequency + 0.15*type_coverage'}"
gdelt_event,Event,observed_conflict_disruption_pressure,Russia,2025-05-01,2025-05-31,0.6974,0.603,event_pressure_index,GDELT_event_monthly_2025-05,1.0,monthly,"{'event_count': 93, 'unique_event_types': 3, 'category_coverage': 1.0, 'average_raw_value': 75.2161, 'average_abs_tone': 6.8817, 'average_article_count': 137.0978, 'normalization_scope': 'global', 'mapping': '0.65*severity + 0.20*frequency + 0.15*type_coverage'}"
gdelt_event,Event,observed_conflict_disruption_pressure,Russia,2025-06-01,2025-06-30,0.6758,0.5568,event_pressure_index,GDELT_event_monthly_2025-06,1.0,monthly,"{'event_count': 90, 'unique_event_types': 3, 'category_coverage': 1.0, 'average_raw_value': 69.7533, 'average_abs_tone': 6.3322, 'average_article_count': 128.41, 'normalization_scope': 'global', 'mapping': '0.65*severity + 0.20*frequency + 0.15*type_coverage'}"
gdelt_event,Event,observed_conflict_disruption_pressure,Russia,2025-07-01,2025-07-31,0.6825,0.5712,event_pressure_index,GDELT_event_monthly_2025-07,1.0,monthly,"{'event_count': 93, 'unique_event_types': 3, 'category_coverage': 1.0, 'average_raw_value': 70.9473, 'average_abs_tone': 6.457, 'average_article_count': 130.4215, 'normalization_scope': 'global', 'mapping': '0.65*severity + 0.20*frequency + 0.15*type_coverage'}"
gdelt_event,Event,observed_conflict_disruption_pressure,Russia,2025-08-01,2025-08-31,0.7248,0.6615,event_pressure_index,GDELT_event_monthly_2025-08,1.0,monthly,"{'event_count': 93, 'unique_event_types': 3, 'category_coverage': 1.0, 'average_raw_value': 82.571, 'average_abs_tone': 7.4, 'average_article_count': 149.2774, 'normalization_scope': 'global', 'mapping': '0.65*severity + 0.20*frequency + 0.15*type_coverage'}"
gdelt_event,Event,observed_conflict_disruption_pressure,Russia,2025-09-01,2025-09-30,0.738,0.6897,event_pressure_index,GDELT_event_monthly_2025-09,1.0,monthly,"{'event_count': 90, 'unique_event_types': 3, 'category_coverage': 1.0, 'average_raw_value': 86.2356, 'average_abs_tone': 7.8833, 'average_article_count': 154.8311, 'normalization_scope': 'global', 'mapping': '0.65*severity + 0.20*frequency + 0.15*type_coverage'}"
gdelt_event,Event,observed_conflict_disruption_pressure,Russia,2025-10-01,2025-10-31,0.7037,0.6164,event_pressure_index,GDELT_event_monthly_2025-10,1.0,monthly,"{'event_count': 93, 'unique_event_types': 3, 'category_coverage': 1.0, 'average_raw_value': 77.0237, 'average_abs_tone': 7.0419, 'average_article_count': 140.3935, 'normalization_scope': 'global', 'mapping': '0.65*severity + 0.20*frequency + 0.15*type_coverage'}"
gdelt_event,Event,observed_conflict_disruption_pressure,Russia,2025-11-01,2025-11-30,0.6984,0.6051,event_pressure_index,GDELT_event_monthly_2025-11,1.0,monthly,"{'event_count': 90, 'unique_event_types': 3, 'category_coverage': 1.0, 'average_raw_value': 75.5511, 'average_abs_tone': 6.8756, 'average_article_count': 137.84, 'normalization_scope': 'global', 'mapping': '0.65*severity + 0.20*frequency + 0.15*type_coverage'}"
gdelt_event,Event,observed_conflict_disruption_pressure,Russia,2025-12-01,2025-12-31,0.6802,0.5662,event_pressure_index,GDELT_event_monthly_2025-12,1.0,monthly,"{'event_count': 93, 'unique_event_types': 3, 'category_coverage': 1.0, 'average_raw_value': 70.7591, 'average_abs_tone': 6.4559, 'average_article_count': 130.2097, 'normalization_scope': 'global', 'mapping': '0.65*severity + 0.20*frequency + 0.15*type_coverage'}"
gdelt_event,Event,observed_conflict_disruption_pressure,Russia,2026-01-01,2026-01-31,0.7079,0.6254,event_pressure_index,GDELT_event_monthly_2026-01,1.0,monthly,"{'event_count': 93, 'unique_event_types': 3, 'category_coverage': 1.0, 'average_raw_value': 77.5849, 'average_abs_tone': 7.043, 'average_article_count': 141.371, 'normalization_scope': 'global', 'mapping': '0.65*severity + 0.20*frequency + 0.15*type_coverage'}"
gdelt_event,Event,observed_conflict_disruption_pressure,Russia,2026-02-01,2026-02-28,0.7553,0.7266,event_pressure_index,GDELT_event_monthly_2026-02,1.0,monthly,"{'event_count': 84, 'unique_event_types': 3, 'category_coverage': 1.0, 'average_raw_value': 90.5143, 'average_abs_tone': 8.319, 'average_article_count': 161.9631, 'normalization_scope': 'global', 'mapping': '0.65*severity + 0.20*frequency + 0.15*type_coverage'}"
gdelt_event,Event,observed_conflict_disruption_pressure,Russia,2026-03-01,2026-03-31,0.7041,0.6173,event_pressure_index,GDELT_event_monthly_2026-03,1.0,monthly,"{'event_count': 93, 'unique_event_types': 3, 'category_coverage': 1.0, 'average_raw_value': 77.4301, 'average_abs_tone': 7.1065, 'average_article_count': 141.3054, 'normalization_scope': 'global', 'mapping': '0.65*severity + 0.20*frequency + 0.15*type_coverage'}"
gdelt_event,Event,observed_conflict_disruption_pressure,Russia,2026-04-01,2026-04-30,0.6422,0.4851,event_pressure_index,GDELT_event_monthly_2026-04,1.0,monthly,"{'event_count': 36, 'unique_event_types': 3, 'category_coverage': 1.0, 'average_raw_value': 69.7944, 'average_abs_tone': 6.3444, 'average_article_count': 127.3833, 'normalization_scope': 'global', 'mapping': '0.65*severity + 0.20*frequency + 0.15*type_coverage'}"
gdelt_event,Event,observed_conflict_disruption_pressure,Taiwan,2025-04-01,2025-04-30,0.677,0.5594,event_pressure_index,GDELT_event_monthly_2025-04,1.0,monthly,"{'event_count': 27, 'unique_event_types': 3, 'category_coverage': 1.0, 'average_raw_value': 59.8296, 'average_abs_tone': 5.5704, 'average_article_count': 112.8, 'normalization_scope': 'global', 'mapping': '0.65*severity + 0.20*frequency + 0.15*type_coverage'}"
gdelt_event,Event,observed_conflict_disruption_pressure,Taiwan,2025-05-01,2025-05-31,0.6453,0.4917,event_pressure_index,GDELT_event_monthly_2025-05,1.0,monthly,"{'event_count': 93, 'unique_event_types': 3, 'category_coverage': 1.0, 'average_raw_value': 61.5484, 'average_abs_tone': 5.5656, 'average_article_count': 116.2409, 'normalization_scope': 'global', 'mapping': '0.65*severity + 0.20*frequency + 0.15*type_coverage'}"
gdelt_event,Event,observed_conflict_disruption_pressure,Taiwan,2025-06-01,2025-06-30,0.6257,0.4498,event_pressure_index,GDELT_event_monthly_2025-06,1.0,monthly,"{'event_count': 90, 'unique_event_types': 3, 'category_coverage': 1.0, 'average_raw_value': 56.4456, 'average_abs_tone': 5.0878, 'average_article_count': 107.5833, 'normalization_scope': 'global', 'mapping': '0.65*severity + 0.20*frequency + 0.15*type_coverage'}"
gdelt_event,Event,observed_conflict_disruption_pressure,Taiwan,2025-07-01,2025-07-31,0.6288,0.4565,event_pressure_index,GDELT_event_monthly_2025-07,1.0,monthly,"{'event_count': 93, 'unique_event_types': 3, 'category_coverage': 1.0, 'average_raw_value': 56.7452, 'average_abs_tone': 5.1559, 'average_article_count': 107.8269, 'normalization_scope': 'global', 'mapping': '0.65*severity + 0.20*frequency + 0.15*type_coverage'}"
gdelt_event,Event,observed_conflict_disruption_pressure,Taiwan,2025-08-01,2025-08-31,0.6498,0.5013,event_pressure_index,GDELT_event_monthly_2025-08,1.0,monthly,"{'event_count': 93, 'unique_event_types': 3, 'category_coverage': 1.0, 'average_raw_value': 62.4978, 'average_abs_tone': 5.657, 'average_article_count': 117.1849, 'normalization_scope': 'global', 'mapping': '0.65*severity + 0.20*frequency + 0.15*type_coverage'}"
gdelt_event,Event,observed_conflict_disruption_pressure,Taiwan,2025-09-01,2025-09-30,0.6575,0.5178,event_pressure_index,GDELT_event_monthly_2025-09,1.0,monthly,"{'event_count': 90, 'unique_event_types': 3, 'category_coverage': 1.0, 'average_raw_value': 64.5144, 'average_abs_tone': 5.8789, 'average_article_count': 121.0956, 'normalization_scope': 'global', 'mapping': '0.65*severity + 0.20*frequency + 0.15*type_coverage'}"
gdelt_event,Event,observed_conflict_disruption_pressure,Taiwan,2025-10-01,2025-10-31,0.6644,0.5325,event_pressure_index,GDELT_event_monthly_2025-10,1.0,monthly,"{'event_count': 93, 'unique_event_types': 3, 'category_coverage': 1.0, 'average_raw_value': 66.2559, 'average_abs_tone': 6.0806, 'average_article_count': 123.6968, 'normalization_scope': 'global', 'mapping': '0.65*severity + 0.20*frequency + 0.15*type_coverage'}"
gdelt_event,Event,observed_conflict_disruption_pressure,Taiwan,2025-11-01,2025-11-30,0.6528,0.5077,event_pressure_index,GDELT_event_monthly_2025-11,1.0,monthly,"{'event_count': 90, 'unique_event_types': 3, 'category_coverage': 1.0, 'average_raw_value': 63.5211, 'average_abs_tone': 5.7433, 'average_article_count': 120.1033, 'normalization_scope': 'global', 'mapping': '0.65*severity + 0.20*frequency + 0.15*type_coverage'}"
gdelt_event,Event,observed_conflict_disruption_pressure,Taiwan,2025-12-01,2025-12-31,0.6276,0.4539,event_pressure_index,GDELT_event_monthly_2025-12,1.0,monthly,"{'event_count': 93, 'unique_event_types': 3, 'category_coverage': 1.0, 'average_raw_value': 56.8538, 'average_abs_tone': 5.2129, 'average_article_count': 107.9054, 'normalization_scope': 'global', 'mapping': '0.65*severity + 0.20*frequency + 0.15*type_coverage'}"
gdelt_event,Event,observed_conflict_disruption_pressure,Taiwan,2026-01-01,2026-01-31,0.6363,0.4725,event_pressure_index,GDELT_event_monthly_2026-01,1.0,monthly,"{'event_count': 93, 'unique_event_types': 3, 'category_coverage': 1.0, 'average_raw_value': 58.5441, 'average_abs_tone': 5.3699, 'average_article_count': 110.6667, 'normalization_scope': 'global', 'mapping': '0.65*severity + 0.20*frequency + 0.15*type_coverage'}"
gdelt_event,Event,observed_conflict_disruption_pressure,Taiwan,2026-02-01,2026-02-28,0.6813,0.5686,event_pressure_index,GDELT_event_monthly_2026-02,1.0,monthly,"{'event_count': 84, 'unique_event_types': 3, 'category_coverage': 1.0, 'average_raw_value': 70.7821, 'average_abs_tone': 6.3798, 'average_article_count': 131.6357, 'normalization_scope': 'global', 'mapping': '0.65*severity + 0.20*frequency + 0.15*type_coverage'}"
gdelt_event,Event,observed_conflict_disruption_pressure,Taiwan,2026-03-01,2026-03-31,0.6655,0.5348,event_pressure_index,GDELT_event_monthly_2026-03,1.0,monthly,"{'event_count': 93, 'unique_event_types': 3, 'category_coverage': 1.0, 'average_raw_value': 66.829, 'average_abs_tone': 6.1591, 'average_article_count': 124.8484, 'normalization_scope': 'global', 'mapping': '0.65*severity + 0.20*frequency + 0.15*type_coverage'}"
gdelt_event,Event,observed_conflict_disruption_pressure,Taiwan,2026-04-01,2026-04-30,0.6039,0.4033,event_pressure_index,GDELT_event_monthly_2026-04,1.0,monthly,"{'event_count': 36, 'unique_event_types': 3, 'category_coverage': 1.0, 'average_raw_value': 58.4528, 'average_abs_tone': 5.3028, 'average_article_count': 110.6833, 'normalization_scope': 'global', 'mapping': '0.65*severity + 0.20*frequency + 0.15*type_coverage'}"
gdelt_event,Event,observed_conflict_disruption_pressure,Ukraine,2025-04-01,2025-04-30,0.7536,0.723,event_pressure_index,GDELT_event_monthly_2025-04,1.0,monthly,"{'event_count': 27, 'unique_event_types': 3, 'category_coverage': 1.0, 'average_raw_value': 78.7481, 'average_abs_tone': 7.0926, 'average_article_count': 143.7481, 'normalization_scope': 'global', 'mapping': '0.65*severity + 0.20*frequency + 0.15*type_coverage'}"
gdelt_event,Event,observed_conflict_disruption_pressure,Ukraine,2025-05-01,2025-05-31,0.7185,0.648,event_pressure_index,GDELT_event_monthly_2025-05,1.0,monthly,"{'event_count': 93, 'unique_event_types': 3, 'category_coverage': 1.0, 'average_raw_value': 80.8806, 'average_abs_tone': 7.3753, 'average_article_count': 146.9054, 'normalization_scope': 'global', 'mapping': '0.65*severity + 0.20*frequency + 0.15*type_coverage'}"
gdelt_event,Event,observed_conflict_disruption_pressure,Ukraine,2025-06-01,2025-06-30,0.698,0.6043,event_pressure_index,GDELT_event_monthly_2025-06,1.0,monthly,"{'event_count': 90, 'unique_event_types': 3, 'category_coverage': 1.0, 'average_raw_value': 75.6567, 'average_abs_tone': 6.8689, 'average_article_count': 138.4522, 'normalization_scope': 'global', 'mapping': '0.65*severity + 0.20*frequency + 0.15*type_coverage'}"
gdelt_event,Event,observed_conflict_disruption_pressure,Ukraine,2025-07-01,2025-07-31,0.7034,0.6158,event_pressure_index,GDELT_event_monthly_2025-07,1.0,monthly,"{'event_count': 93, 'unique_event_types': 3, 'category_coverage': 1.0, 'average_raw_value': 76.672, 'average_abs_tone': 6.9645, 'average_article_count': 140.4204, 'normalization_scope': 'global', 'mapping': '0.65*severity + 0.20*frequency + 0.15*type_coverage'}"
gdelt_event,Event,observed_conflict_disruption_pressure,Ukraine,2025-08-01,2025-08-31,0.7462,0.7072,event_pressure_index,GDELT_event_monthly_2025-08,1.0,monthly,"{'event_count': 93, 'unique_event_types': 3, 'category_coverage': 1.0, 'average_raw_value': 87.9849, 'average_abs_tone': 8.0226, 'average_article_count': 157.8194, 'normalization_scope': 'global', 'mapping': '0.65*severity + 0.20*frequency + 0.15*type_coverage'}"
gdelt_event,Event,observed_conflict_disruption_pressure,Ukraine,2025-09-01,2025-09-30,0.7665,0.7506,event_pressure_index,GDELT_event_monthly_2025-09,1.0,monthly,"{'event_count': 90, 'unique_event_types': 3, 'category_coverage': 1.0, 'average_raw_value': 94.06, 'average_abs_tone': 8.5278, 'average_article_count': 167.8444, 'normalization_scope': 'global', 'mapping': '0.65*severity + 0.20*frequency + 0.15*type_coverage'}"
gdelt_event,Event,observed_conflict_disruption_pressure,Ukraine,2025-10-01,2025-10-31,0.7381,0.6899,event_pressure_index,GDELT_event_monthly_2025-10,1.0,monthly,"{'event_count': 93, 'unique_event_types': 3, 'category_coverage': 1.0, 'average_raw_value': 86.5753, 'average_abs_tone': 7.8269, 'average_article_count': 155.5892, 'normalization_scope': 'global', 'mapping': '0.65*severity + 0.20*frequency + 0.15*type_coverage'}"
gdelt_event,Event,observed_conflict_disruption_pressure,Ukraine,2025-11-01,2025-11-30,0.7212,0.6538,event_pressure_index,GDELT_event_monthly_2025-11,1.0,monthly,"{'event_count': 90, 'unique_event_types': 3, 'category_coverage': 1.0, 'average_raw_value': 81.7789, 'average_abs_tone': 7.4256, 'average_article_count': 147.1789, 'normalization_scope': 'global', 'mapping': '0.65*severity + 0.20*frequency + 0.15*type_coverage'}"
gdelt_event,Event,observed_conflict_disruption_pressure,Ukraine,2025-12-01,2025-12-31,0.7016,0.6119,event_pressure_index,GDELT_event_monthly_2025-12,1.0,monthly,"{'event_count': 93, 'unique_event_types': 3, 'category_coverage': 1.0, 'average_raw_value': 76.5753, 'average_abs_tone': 6.9774, 'average_article_count': 139.6183, 'normalization_scope': 'global', 'mapping': '0.65*severity + 0.20*frequency + 0.15*type_coverage'}"
gdelt_event,Event,observed_conflict_disruption_pressure,Ukraine,2026-01-01,2026-01-31,0.7332,0.6794,event_pressure_index,GDELT_event_monthly_2026-01,1.0,monthly,"{'event_count': 93, 'unique_event_types': 3, 'category_coverage': 1.0, 'average_raw_value': 84.2258, 'average_abs_tone': 7.6656, 'average_article_count': 152.0634, 'normalization_scope': 'global', 'mapping': '0.65*severity + 0.20*frequency + 0.15*type_coverage'}"
gdelt_event,Event,observed_conflict_disruption_pressure,Ukraine,2026-02-01,2026-02-28,0.7698,0.7576,event_pressure_index,GDELT_event_monthly_2026-02,1.0,monthly,"{'event_count': 84, 'unique_event_types': 3, 'category_coverage': 1.0, 'average_raw_value': 94.631, 'average_abs_tone': 8.6679, 'average_article_count': 168.356, 'normalization_scope': 'global', 'mapping': '0.65*severity + 0.20*frequency + 0.15*type_coverage'}"
gdelt_event,Event,observed_conflict_disruption_pressure,Ukraine,2026-03-01,2026-03-31,0.7338,0.6807,event_pressure_index,GDELT_event_monthly_2026-03,1.0,monthly,"{'event_count': 93, 'unique_event_types': 3, 'category_coverage': 1.0, 'average_raw_value': 85.5409, 'average_abs_tone': 7.8441, 'average_article_count': 153.2108, 'normalization_scope': 'global', 'mapping': '0.65*severity + 0.20*frequency + 0.15*type_coverage'}"
gdelt_event,Event,observed_conflict_disruption_pressure,Ukraine,2026-04-01,2026-04-30,0.6635,0.5306,event_pressure_index,GDELT_event_monthly_2026-04,1.0,monthly,"{'event_count': 36, 'unique_event_types': 3, 'category_coverage': 1.0, 'average_raw_value': 75.8889, 'average_abs_tone': 6.9417, 'average_article_count': 139.6944, 'normalization_scope': 'global', 'mapping': '0.65*severity + 0.20*frequency + 0.15*type_coverage'}"
